Date,Rented Bike Count,Hour,Temperature(°C),Humidity(%),Wind speed (m/s),Visibility (10m),Dew point temperature(°C),Solar Radiation (MJ/m2),Rainfall(mm),Snowfall (cm),Seasons,Holiday,Functioning Day,id
05/06/2018,742,1,20.0,67,0.7,1426,13.6,0.0,0.0,0.0,Summer,No Holiday,Yes,10019
30/10/2018,1442,19,8.0,52,2.1,2000,-1.2,0.0,0.0,0.0,Autumn,No Holiday,Yes,13982
05/10/2018,23,12,16.6,90,1.7,518,14.9,0.51,2.0,0.0,Autumn,No Holiday,Yes,12391
11/02/2018,93,2,-7.0,42,1.6,2000,-17.7,0.0,0.0,0.0,Winter,No Holiday,Yes,11580
28/04/2018,152,5,10.9,81,1.7,348,7.7,0.0,0.0,0.0,Spring,No Holiday,Yes,12042
25/06/2018,1184,15,32.7,31,1.7,1243,13.3,2.3,0.0,0.0,Summer,No Holiday,Yes,12448
13/10/2018,148,5,6.7,81,1.1,1467,3.6,0.0,0.0,0.0,Autumn,No Holiday,Yes,10931
23/01/2018,117,22,-13.9,45,4.0,2000,-23.2,0.0,0.0,0.9,Winter,No Holiday,Yes,15928
24/04/2018,2318,18,14.1,43,1.6,2000,1.6,0.36,0.0,0.0,Spring,No Holiday,Yes,15136
30/08/2018,771,7,24.3,96,1.4,1025,23.6,0.04,0.0,0.0,Summer,No Holiday,Yes,11065
05/12/2017,529,17,-1.6,35,0.0,2000,-15.1,0.0,0.0,0.0,Winter,No Holiday,Yes,13792
12/10/2018,1996,8,6.0,64,1.1,1920,-0.3,0.42,0.0,0.0,Autumn,No Holiday,Yes,16655
27/12/2017,231,14,-4.0,18,2.4,2000,-24.8,1.09,0.0,0.0,Winter,No Holiday,Yes,14423
25/02/2018,77,7,-1.0,47,0.9,1552,-10.9,0.0,0.0,0.0,Winter,No Holiday,Yes,13084
02/05/2018,413,1,19.6,75,2.1,392,15.0,0.0,0.0,0.0,Spring,No Holiday,Yes,11724
26/04/2018,180,5,10.2,73,0.8,1137,5.5,0.0,0.0,0.0,Spring,No Holiday,Yes,15470
26/08/2018,782,15,24.3,64,1.8,1931,17.0,0.59,0.0,0.0,Summer,No Holiday,Yes,14704
21/04/2018,1130,12,24.3,14,3.3,1701,-4.9,3.19,0.0,0.0,Spring,No Holiday,Yes,15463
03/11/2018,0,2,7.6,68,1.2,1170,2.0,0.0,0.0,0.0,Autumn,No Holiday,No,17439
23/02/2018,184,10,2.2,83,0.8,221,-0.3,0.92,0.0,3.7,Winter,No Holiday,Yes,12068
31/10/2018,402,6,3.6,75,0.8,2000,-0.4,0.0,0.0,0.0,Autumn,No Holiday,Yes,16496
07/03/2018,410,10,5.2,52,1.5,1808,-3.8,0.74,0.0,0.0,Spring,No Holiday,Yes,15618
10/06/2018,150,3,18.6,78,0.8,1997,14.6,0.0,0.0,0.0,Summer,No Holiday,Yes,12186
14/02/2018,108,6,1.1,66,0.9,1550,-4.5,0.0,0.0,0.0,Winter,No Holiday,Yes,11590
24/12/2017,266,0,5.6,78,0.6,196,2.0,0.0,0.0,0.0,Winter,Holiday,Yes,18106
24/10/2018,1464,21,12.1,67,1.0,1977,6.1,0.0,0.0,0.0,Autumn,No Holiday,Yes,13028
03/12/2017,22,7,3.1,91,1.2,129,1.7,0.0,0.0,0.0,Winter,No Holiday,Yes,18000
01/08/2018,1550,8,30.3,59,0.8,1920,21.3,1.02,0.0,0.0,Summer,No Holiday,Yes,11126
04/08/2018,1277,19,32.0,57,2.9,2000,22.4,0.48,0.0,0.0,Summer,No Holiday,Yes,17826
20/01/2018,334,14,5.9,61,3.2,623,-1.0,0.52,0.0,0.0,Winter,No Holiday,Yes,14847
18/05/2018,210,7,16.6,98,0.6,219,16.2,0.01,0.5,0.0,Spring,No Holiday,Yes,18454
09/02/2018,178,0,-4.6,38,0.1,1551,-16.7,0.0,0.0,0.0,Winter,No Holiday,Yes,17003
15/02/2018,240,13,2.2,18,3.4,1942,-19.7,2.3,0.0,0.0,Winter,Holiday,Yes,18372
14/04/2018,17,9,7.5,94,1.5,506,6.5,0.15,1.5,0.0,Spring,No Holiday,Yes,16933
04/03/2018,23,7,8.4,97,2.6,122,7.9,0.0,0.0,0.0,Spring,No Holiday,Yes,12240
08/10/2018,1238,12,19.2,31,0.5,1994,1.6,2.4,0.0,0.0,Autumn,No Holiday,Yes,17585
18/10/2018,1466,21,12.6,60,0.5,2000,5.0,0.0,0.0,0.0,Autumn,No Holiday,Yes,12700
12/02/2018,190,11,-6.1,25,2.8,1976,-22.9,1.28,0.0,0.0,Winter,No Holiday,Yes,12020
19/07/2018,2640,18,33.0,51,2.4,1566,21.5,1.23,0.0,0.0,Summer,No Holiday,Yes,10797
11/03/2018,419,22,5.3,31,2.3,1842,-10.5,0.0,0.0,0.0,Spring,No Holiday,Yes,14676
08/11/2018,19,19,12.8,97,0.9,245,12.3,0.0,0.0,0.0,Autumn,No Holiday,Yes,11749
13/09/2018,736,1,21.5,65,1.0,2000,14.6,0.0,0.0,0.0,Autumn,No Holiday,Yes,11504
16/02/2018,210,17,2.5,48,4.2,1979,-7.4,0.76,0.0,0.0,Winter,Holiday,Yes,10183
03/05/2018,1421,17,13.2,49,4.2,1999,2.7,0.69,0.0,0.0,Spring,No Holiday,Yes,15616
29/10/2018,1888,8,5.1,67,0.3,1981,-0.5,0.24,0.0,0.0,Autumn,No Holiday,Yes,13694
14/08/2018,209,4,28.1,71,0.4,2000,22.3,0.0,0.0,0.0,Summer,No Holiday,Yes,16425
01/06/2018,1219,9,23.1,52,1.7,1012,12.6,1.88,0.0,0.0,Summer,No Holiday,Yes,16677
28/11/2018,450,0,5.1,36,2.2,774,-8.7,0.0,0.0,0.0,Autumn,No Holiday,Yes,14319
22/09/2018,654,8,18.2,86,0.0,858,15.8,0.48,0.0,0.0,Autumn,No Holiday,Yes,15900
25/02/2018,402,18,5.2,30,2.8,1877,-11.0,0.36,0.0,0.0,Winter,No Holiday,Yes,15244
26/08/2018,381,7,20.7,85,0.5,1052,18.0,0.11,0.0,0.0,Summer,No Holiday,Yes,15588
09/11/2018,0,21,11.4,74,1.9,498,6.9,0.0,0.0,0.0,Autumn,No Holiday,No,17213
08/07/2018,267,6,17.8,58,1.1,2000,9.4,0.04,0.0,0.0,Summer,No Holiday,Yes,10465
28/08/2018,84,19,23.9,98,0.8,1792,23.5,0.0,7.0,0.0,Summer,No Holiday,Yes,17465
16/12/2017,217,0,-2.6,73,3.4,787,-6.7,0.0,0.0,0.0,Winter,No Holiday,Yes,16236
13/10/2018,1312,21,12.6,56,1.1,1053,4.0,0.0,0.0,0.0,Autumn,No Holiday,Yes,16279
13/05/2018,716,10,15.2,88,2.2,1090,13.2,0.55,0.0,0.0,Spring,No Holiday,Yes,17623
28/12/2017,390,16,0.3,57,2.3,1204,-7.2,0.19,0.0,0.0,Winter,No Holiday,Yes,12272
30/07/2018,1875,21,33.1,48,1.1,2000,20.6,0.0,0.0,0.0,Summer,No Holiday,Yes,14447
29/03/2018,254,2,12.9,83,1.6,369,10.0,0.0,0.0,0.0,Spring,No Holiday,Yes,15784
19/01/2018,211,0,0.3,45,1.8,1154,-10.2,0.0,0.0,0.0,Winter,No Holiday,Yes,11925
06/08/2018,1063,17,35.0,53,1.5,1618,23.9,1.78,0.0,0.0,Summer,No Holiday,Yes,11003
01/04/2018,983,21,16.9,81,1.9,472,13.6,0.0,0.0,0.0,Spring,No Holiday,Yes,12214
18/12/2017,29,4,-5.4,81,0.7,270,-8.1,0.0,0.0,0.7,Winter,No Holiday,Yes,16147
25/12/2017,115,2,-1.8,53,4.1,1825,-10.1,0.0,0.0,0.0,Winter,Holiday,Yes,11883
10/10/2018,1363,16,13.8,43,3.7,2000,1.4,0.74,0.0,0.0,Autumn,No Holiday,Yes,11058
04/02/2018,103,10,-11.2,43,3.5,1359,-21.3,1.04,0.0,0.0,Winter,No Holiday,Yes,17765
05/08/2018,818,16,33.6,57,3.5,1901,23.8,2.19,0.0,0.0,Summer,No Holiday,Yes,17963
26/01/2018,115,13,-13.3,28,2.7,1889,-27.9,1.26,0.0,0.5,Winter,No Holiday,Yes,13430
20/11/2018,141,5,0.7,49,0.4,1998,-8.8,0.0,0.0,0.0,Autumn,No Holiday,Yes,15990
26/07/2018,628,13,32.4,54,0.7,896,21.8,1.41,0.0,0.0,Summer,No Holiday,Yes,10571
18/04/2018,761,10,13.7,26,2.3,1476,-5.4,2.25,0.0,0.0,Spring,No Holiday,Yes,16524
25/12/2017,176,22,-1.3,53,1.7,2000,-9.6,0.0,0.0,0.0,Winter,Holiday,Yes,17800
06/09/2018,743,1,21.9,85,0.2,1410,19.2,0.0,0.0,0.0,Autumn,No Holiday,Yes,16574
30/04/2018,157,3,14.3,61,1.0,475,6.8,0.0,0.0,0.0,Spring,No Holiday,Yes,11423
09/07/2018,48,20,20.3,95,0.8,1372,19.4,0.02,1.0,0.0,Summer,No Holiday,Yes,15963
29/11/2018,668,14,6.0,27,0.6,1452,-11.6,0.34,0.0,0.0,Autumn,No Holiday,Yes,10207
21/04/2018,988,23,16.0,33,0.5,1996,-0.2,0.0,0.0,0.0,Spring,No Holiday,Yes,15091
08/12/2017,401,16,-1.1,24,3.4,2000,-19.1,0.56,0.0,0.0,Winter,No Holiday,Yes,17791
20/04/2018,305,2,11.7,63,0.5,904,4.8,0.0,0.0,0.0,Spring,No Holiday,Yes,13787
27/07/2018,619,11,32.7,56,1.9,1034,22.7,2.57,0.0,0.0,Summer,No Holiday,Yes,17645
24/12/2017,28,14,3.3,90,2.5,561,1.8,0.19,0.0,0.0,Winter,Holiday,Yes,12793
10/06/2018,483,0,20.2,66,1.5,2000,13.6,0.0,0.0,0.0,Summer,No Holiday,Yes,16066
24/05/2018,1059,14,23.2,36,4.9,1597,7.2,3.18,0.0,0.0,Spring,No Holiday,Yes,16001
02/09/2018,249,6,20.2,66,1.0,2000,13.6,0.0,0.0,0.0,Autumn,No Holiday,Yes,10258
15/02/2018,145,22,-1.9,30,0.8,2000,-17.2,0.0,0.0,0.0,Winter,Holiday,Yes,10301
03/01/2018,130,1,-5.0,42,1.2,1993,-15.9,0.0,0.0,0.0,Winter,No Holiday,Yes,18484
17/08/2018,2797,18,32.5,28,1.4,2000,11.6,1.06,0.0,0.0,Summer,No Holiday,Yes,13784
09/05/2018,1602,22,15.9,60,2.6,2000,8.1,0.0,0.0,0.0,Spring,No Holiday,Yes,14833
16/08/2018,1660,8,28.2,68,1.3,2000,21.7,0.41,0.0,0.0,Summer,No Holiday,Yes,15712
27/06/2018,110,4,19.2,97,1.0,217,18.7,0.0,0.5,0.0,Summer,No Holiday,Yes,14073
29/01/2018,239,17,-5.7,30,3.6,1978,-20.5,0.4,0.0,0.0,Winter,No Holiday,Yes,10573
07/03/2018,598,7,2.2,65,1.9,2000,-3.7,0.0,0.0,0.0,Spring,No Holiday,Yes,14201
02/04/2018,662,11,18.5,61,1.6,1301,10.8,0.95,0.0,0.0,Spring,No Holiday,Yes,16072
08/08/2018,1983,19,32.6,60,3.5,1982,23.8,0.37,0.0,0.0,Summer,No Holiday,Yes,18062
01/06/2018,963,0,20.1,63,1.1,1698,12.8,0.0,0.0,0.0,Summer,No Holiday,Yes,10367
26/04/2018,239,3,11.3,66,1.0,1506,5.1,0.0,0.0,0.0,Spring,No Holiday,Yes,14175
04/06/2018,970,10,25.1,40,2.7,1076,10.5,2.37,0.0,0.0,Summer,No Holiday,Yes,11353
22/11/2018,759,16,5.9,34,2.9,1985,-8.7,0.55,0.0,0.0,Autumn,No Holiday,Yes,12287
15/01/2018,122,1,3.0,62,0.9,835,-3.5,0.0,0.0,0.0,Winter,No Holiday,Yes,18303
02/08/2018,813,9,32.9,49,1.8,1843,20.7,1.53,0.0,0.0,Summer,No Holiday,Yes,11302
01/01/2018,65,6,-4.5,51,1.1,2000,-13.1,0.0,0.0,0.0,Winter,Holiday,Yes,16934
10/12/2017,226,17,3.6,65,4.3,1061,-2.3,0.03,0.0,0.4,Winter,No Holiday,Yes,12241
23/03/2018,243,6,2.3,80,0.7,546,-0.8,0.0,0.0,0.0,Spring,No Holiday,Yes,10882
17/05/2018,80,7,19.1,98,0.3,125,18.7,0.0,0.0,0.0,Spring,No Holiday,Yes,13043
06/01/2018,186,8,-6.5,62,1.1,1503,-12.5,0.0,0.0,0.0,Winter,No Holiday,Yes,11253
28/10/2018,544,11,9.4,86,1.2,1220,7.1,0.75,0.0,0.0,Autumn,No Holiday,Yes,12154
23/08/2018,944,16,31.7,56,1.9,2000,21.8,0.92,0.0,0.0,Summer,No Holiday,Yes,12545
28/12/2017,86,3,-6.0,32,2.5,2000,-20.0,0.0,0.0,0.0,Winter,No Holiday,Yes,15464
21/07/2018,292,5,25.0,78,0.3,1474,20.8,0.0,0.0,0.0,Summer,No Holiday,Yes,15974
16/01/2018,212,0,1.8,67,1.2,387,-3.6,0.0,0.0,0.0,Winter,No Holiday,Yes,11530
29/08/2018,160,17,24.6,93,0.9,1451,23.3,0.0,1.5,0.0,Summer,No Holiday,Yes,16194
19/04/2018,125,4,8.3,53,1.1,1007,-0.7,0.0,0.0,0.0,Spring,No Holiday,Yes,17962
02/08/2018,549,10,34.4,46,2.0,1880,21.1,1.94,0.0,0.0,Summer,No Holiday,Yes,14867
12/11/2018,158,5,4.0,71,0.0,2000,-0.7,0.0,0.0,0.0,Autumn,No Holiday,Yes,12347
07/08/2018,1059,7,27.0,69,0.8,2000,20.8,0.23,0.0,0.0,Summer,No Holiday,Yes,12604
08/04/2018,847,13,7.4,27,1.8,2000,-10.4,0.86,0.0,0.0,Spring,No Holiday,Yes,11468
05/07/2018,827,10,25.6,75,1.1,1028,20.8,1.22,0.0,0.0,Summer,No Holiday,Yes,14030
30/12/2017,345,16,4.1,63,0.7,263,-2.3,0.13,0.0,0.0,Winter,No Holiday,Yes,10832
25/12/2017,244,13,-1.5,33,3.8,2000,-15.7,1.18,0.0,0.0,Winter,Holiday,Yes,12769
30/08/2018,1685,20,24.9,70,1.2,1377,19.0,0.0,0.0,0.0,Summer,No Holiday,Yes,11061
03/06/2018,437,3,18.0,64,1.3,1560,11.0,0.0,0.0,0.0,Summer,No Holiday,Yes,18134
11/01/2018,177,20,-11.6,49,1.8,1953,-20.1,0.0,0.0,0.0,Winter,No Holiday,Yes,10310
10/03/2018,416,10,3.5,65,2.4,539,-2.4,0.87,0.0,0.0,Spring,No Holiday,Yes,15398
18/07/2018,762,14,32.7,49,1.5,765,20.5,2.62,0.0,0.0,Summer,No Holiday,Yes,12765
13/01/2018,43,7,-6.5,68,0.6,571,-11.4,0.0,0.0,0.0,Winter,No Holiday,Yes,16818
04/12/2017,248,23,-5.8,44,2.4,2000,-16.1,0.0,0.0,0.0,Winter,No Holiday,Yes,10679
08/08/2018,1822,20,31.0,66,2.9,1857,23.8,0.02,0.0,0.0,Summer,No Holiday,Yes,14949
25/04/2018,1900,8,8.8,37,0.9,1939,-5.1,0.89,0.0,0.0,Spring,No Holiday,Yes,14755
21/03/2018,223,1,1.5,40,2.8,2000,-10.6,0.0,0.0,0.0,Spring,No Holiday,Yes,11903
12/09/2018,1824,22,22.6,60,1.0,2000,14.4,0.0,0.0,0.0,Autumn,No Holiday,Yes,11800
27/02/2018,62,4,0.9,46,0.8,1140,-9.4,0.0,0.0,0.0,Winter,No Holiday,Yes,13983
12/06/2018,470,0,18.0,94,0.7,1906,17.0,0.0,1.0,0.0,Summer,No Holiday,Yes,14664
02/11/2018,166,4,5.2,74,1.3,1386,0.9,0.0,0.0,0.0,Autumn,No Holiday,Yes,14438
10/02/2018,118,23,-6.7,35,2.1,2000,-19.6,0.0,0.0,0.0,Winter,No Holiday,Yes,17045
21/03/2018,226,23,1.5,86,1.2,1495,-0.5,0.0,0.0,0.0,Spring,No Holiday,Yes,17253
11/04/2018,0,15,17.0,28,3.5,1804,-1.6,2.9,0.0,0.0,Spring,No Holiday,No,12196
03/12/2017,598,16,7.6,77,1.6,399,3.8,0.2,0.0,0.0,Winter,No Holiday,Yes,17179
13/07/2018,1924,21,27.2,80,2.3,1870,23.4,0.0,0.0,0.0,Summer,No Holiday,Yes,14636
05/01/2018,327,7,-5.3,53,1.1,1300,-13.4,0.0,0.0,0.0,Winter,No Holiday,Yes,10751
18/11/2018,191,7,2.1,56,0.7,1477,-5.7,0.0,0.0,0.0,Autumn,No Holiday,Yes,18092
06/09/2018,1032,14,27.9,47,3.2,1869,15.5,1.65,0.0,0.0,Autumn,No Holiday,Yes,10269
22/11/2018,1671,8,-1.2,33,0.5,2000,-15.4,0.04,0.0,0.0,Autumn,No Holiday,Yes,13946
30/09/2018,0,7,15.1,81,0.8,1939,11.8,0.03,0.0,0.0,Autumn,No Holiday,No,15155
01/05/2018,782,0,18.3,78,0.8,349,14.3,0.0,0.0,0.0,Spring,Holiday,Yes,15090
14/04/2018,62,3,12.1,41,1.0,2000,-0.7,0.0,0.2,0.0,Spring,No Holiday,Yes,11236
02/01/2018,364,20,-1.9,26,2.2,2000,-18.9,0.0,0.0,0.0,Winter,No Holiday,Yes,17434
24/12/2017,38,15,2.9,90,2.0,380,1.4,0.08,3.5,0.0,Winter,Holiday,Yes,11997
25/02/2018,232,20,1.3,49,2.8,1683,-8.2,0.0,0.0,0.0,Winter,No Holiday,Yes,15445
02/03/2018,274,10,-1.8,30,2.1,1608,-17.1,1.59,0.0,0.0,Spring,No Holiday,Yes,14475
17/10/2018,2202,8,9.2,68,0.2,952,3.5,0.28,0.0,0.0,Autumn,No Holiday,Yes,13306
23/08/2018,720,7,28.3,55,1.1,2000,18.3,0.03,0.0,0.0,Summer,No Holiday,Yes,14288
15/11/2018,172,5,5.3,78,1.4,952,1.7,0.0,0.0,0.0,Autumn,No Holiday,Yes,12350
09/10/2018,0,7,10.9,70,0.7,2000,5.6,0.0,0.0,0.0,Autumn,Holiday,No,10607
18/03/2018,226,2,5.5,56,1.2,1067,-2.5,0.0,0.0,0.0,Spring,No Holiday,Yes,11665
14/04/2018,633,21,9.1,76,3.5,1113,5.0,0.0,0.0,0.0,Spring,No Holiday,Yes,10586
14/07/2018,537,7,24.9,81,0.3,1289,21.4,0.24,0.0,0.0,Summer,No Holiday,Yes,14171
15/02/2018,112,2,-1.2,35,2.2,2000,-14.7,0.0,0.0,0.0,Winter,Holiday,Yes,18216
02/10/2018,0,6,10.6,81,0.0,1798,7.4,0.0,0.0,0.0,Autumn,No Holiday,No,10044
26/08/2018,1025,16,23.5,56,2.3,2000,14.2,0.5,0.1,0.0,Summer,No Holiday,Yes,14650
03/04/2018,1030,22,16.0,85,2.0,409,13.4,0.0,0.0,0.0,Spring,No Holiday,Yes,16141
05/07/2018,1078,0,24.2,77,1.8,1365,19.9,0.0,0.0,0.0,Summer,No Holiday,Yes,11557
29/04/2018,1382,21,16.1,44,1.2,913,3.8,0.0,0.0,0.0,Spring,No Holiday,Yes,13913
22/02/2018,465,17,4.6,52,3.9,1059,-4.4,0.5,0.0,0.0,Winter,No Holiday,Yes,16135
24/03/2018,589,11,9.0,56,2.0,399,0.6,1.11,0.0,0.0,Spring,No Holiday,Yes,15895
22/11/2018,717,12,5.9,23,2.8,1985,-13.7,1.88,0.0,0.0,Autumn,No Holiday,Yes,15774
27/06/2018,862,10,21.4,85,1.1,596,18.7,1.34,0.0,0.0,Summer,No Holiday,Yes,11731
26/04/2018,1531,20,14.4,50,2.7,1216,4.0,0.01,0.0,0.0,Spring,No Holiday,Yes,15034
05/03/2018,232,10,4.4,80,1.8,2000,1.2,0.56,0.0,0.0,Spring,No Holiday,Yes,16926
09/09/2018,941,23,21.2,56,2.5,2000,12.0,0.0,0.0,0.0,Autumn,No Holiday,Yes,10956
04/06/2018,244,3,19.6,51,1.0,1923,9.1,0.0,0.0,0.0,Summer,No Holiday,Yes,14931
07/11/2018,740,9,11.2,86,1.0,372,8.9,0.09,0.5,0.0,Autumn,No Holiday,Yes,17109
29/07/2018,511,2,27.7,73,0.4,1832,22.4,0.0,0.0,0.0,Summer,No Holiday,Yes,17061
29/04/2018,425,2,10.9,56,1.2,1460,2.4,0.0,0.0,0.0,Spring,No Holiday,Yes,13362
08/04/2018,332,8,2.9,53,1.5,1892,-5.7,0.68,0.0,0.0,Spring,No Holiday,Yes,14809
19/01/2018,61,5,-1.4,47,1.4,1301,-11.2,0.0,0.0,0.0,Winter,No Holiday,Yes,11576
28/01/2018,38,4,-7.6,37,1.6,1966,-19.8,0.0,0.0,0.0,Winter,No Holiday,Yes,10395
25/03/2018,267,1,6.4,82,1.2,186,3.5,0.0,0.0,0.0,Spring,No Holiday,Yes,16696
28/03/2018,723,13,17.5,54,3.1,1065,8.0,1.63,0.0,0.0,Spring,No Holiday,Yes,18253
08/08/2018,1628,22,29.5,73,0.9,1936,24.1,0.0,0.0,0.0,Summer,No Holiday,Yes,16580
05/03/2018,22,0,7.6,88,2.5,1974,5.7,0.0,9.0,0.0,Spring,No Holiday,Yes,11873
22/06/2018,602,2,19.8,80,1.5,370,16.2,0.0,0.0,0.0,Summer,No Holiday,Yes,17685
14/09/2018,1503,16,26.3,57,1.6,2000,17.0,0.72,0.0,0.0,Autumn,No Holiday,Yes,12567
19/11/2018,167,5,4.1,70,1.0,1100,-0.8,0.0,0.0,0.0,Autumn,No Holiday,Yes,12183
20/12/2017,108,2,-7.8,68,0.9,1642,-12.6,0.0,0.0,2.0,Winter,No Holiday,Yes,15408
15/06/2018,72,4,18.0,93,1.6,627,16.8,0.0,10.5,0.0,Summer,No Holiday,Yes,12319
11/01/2018,33,4,-11.5,57,2.3,1899,-18.3,0.0,0.0,0.0,Winter,No Holiday,Yes,15794
16/08/2018,1446,23,25.0,44,2.2,2000,11.8,0.0,0.0,0.0,Summer,No Holiday,Yes,12890
18/02/2018,213,20,0.6,33,1.9,2000,-13.8,0.0,0.0,0.0,Winter,No Holiday,Yes,10517
18/05/2018,400,8,16.4,98,0.3,514,16.0,0.11,0.0,0.0,Spring,No Holiday,Yes,10081
03/05/2018,469,6,7.9,86,2.0,1070,5.6,0.01,0.0,0.0,Spring,No Holiday,Yes,14707
09/01/2018,265,14,-1.8,45,3.7,1922,-12.1,1.06,0.0,0.2,Winter,No Holiday,Yes,12017
20/11/2018,369,6,0.7,50,1.0,2000,-8.5,0.0,0.0,0.0,Autumn,No Holiday,Yes,13437
09/03/2018,1231,18,7.0,55,2.0,705,-1.4,0.35,0.0,0.0,Spring,No Holiday,Yes,12112
13/04/2018,525,0,11.4,22,1.5,2000,-9.6,0.0,0.0,0.0,Spring,No Holiday,Yes,17682
24/03/2018,806,12,10.6,52,3.1,390,1.1,2.27,0.0,0.0,Spring,No Holiday,Yes,11335
30/01/2018,238,14,-1.1,46,2.1,1437,-11.2,0.72,0.0,0.0,Winter,No Holiday,Yes,12649
15/11/2018,1686,8,5.3,75,1.0,808,1.2,0.1,0.0,0.0,Autumn,No Holiday,Yes,12580
21/05/2018,2065,21,17.7,63,0.5,1324,10.5,0.0,0.0,0.0,Spring,No Holiday,Yes,11560
18/05/2018,2261,18,17.5,79,1.5,2000,13.8,0.57,0.0,0.0,Spring,No Holiday,Yes,18006
11/12/2017,125,0,-2.5,39,3.4,2000,-14.5,0.0,0.0,0.0,Winter,No Holiday,Yes,11119
29/05/2018,285,3,20.0,58,1.8,1279,11.4,0.0,0.0,0.0,Spring,No Holiday,Yes,12704
01/06/2018,1093,13,29.4,33,2.2,1535,11.4,3.3,0.0,0.0,Summer,No Holiday,Yes,12739
04/01/2018,221,23,-4.0,48,1.5,1536,-13.4,0.0,0.0,0.0,Winter,No Holiday,Yes,16785
01/08/2018,250,4,28.5,69,0.3,2000,22.2,0.0,0.0,0.0,Summer,No Holiday,Yes,13318
27/08/2018,1615,19,24.7,83,0.4,2000,21.6,0.1,0.0,0.0,Summer,No Holiday,Yes,14585
11/04/2018,0,1,13.6,81,3.6,886,10.3,0.0,0.0,0.0,Spring,No Holiday,No,10851
07/02/2018,320,17,-2.3,20,2.2,1994,-22.2,0.77,0.0,0.0,Winter,No Holiday,Yes,15598
20/07/2018,1426,23,28.2,70,1.3,1811,22.2,0.0,0.0,0.0,Summer,No Holiday,Yes,17088
31/07/2018,1091,7,27.9,60,1.1,1983,19.4,0.28,0.0,0.0,Summer,No Holiday,Yes,16488
30/09/2018,0,10,20.7,62,1.3,1679,13.1,1.41,0.0,0.0,Autumn,No Holiday,No,16044
27/02/2018,455,9,2.5,51,1.0,866,-6.6,0.07,0.0,0.0,Winter,No Holiday,Yes,11349
23/05/2018,1125,9,16.0,60,1.9,1992,8.2,1.98,0.0,0.0,Spring,No Holiday,Yes,10173
14/06/2018,453,2,20.8,73,0.8,829,15.7,0.0,0.0,0.0,Summer,No Holiday,Yes,11357
16/06/2018,1166,10,21.8,46,0.9,1927,9.6,2.46,0.0,0.0,Summer,No Holiday,Yes,13820
03/03/2018,55,5,0.8,39,1.0,1463,-11.6,0.0,0.0,0.0,Spring,No Holiday,Yes,14983
10/03/2018,421,22,5.0,75,2.2,1084,0.9,0.0,0.0,0.0,Spring,No Holiday,Yes,13822
27/02/2018,353,12,5.4,37,0.7,815,-8.1,0.43,0.0,0.0,Winter,No Holiday,Yes,17382
08/01/2018,46,4,1.0,43,0.8,1253,-10.2,0.0,0.0,0.0,Winter,No Holiday,Yes,14651
06/04/2018,56,0,7.2,95,0.9,861,6.4,0.0,0.5,0.0,Spring,No Holiday,Yes,15175
02/11/2018,1906,8,4.7,72,1.0,1306,0.0,0.12,0.0,0.0,Autumn,No Holiday,Yes,11446
05/12/2017,244,23,-2.5,59,0.0,1210,-9.4,0.0,0.0,0.0,Winter,No Holiday,Yes,13327
25/06/2018,338,5,21.5,84,0.3,569,18.6,0.0,0.0,0.0,Summer,No Holiday,Yes,15098
16/05/2018,502,1,24.1,67,0.5,686,17.5,0.0,0.0,0.0,Spring,No Holiday,Yes,11348
06/08/2018,569,11,31.3,70,1.0,1227,25.1,1.89,0.0,0.0,Summer,No Holiday,Yes,11611
22/07/2018,565,14,37.4,34,2.3,1860,18.8,3.05,0.0,0.0,Summer,No Holiday,Yes,15013
24/05/2018,1390,7,12.5,61,1.3,1818,5.1,0.42,0.0,0.0,Spring,No Holiday,Yes,17263
02/02/2018,382,17,2.0,25,2.3,1998,-16.0,0.34,0.0,0.0,Winter,No Holiday,Yes,15078
06/07/2018,1216,12,25.7,57,1.9,2000,16.5,2.32,0.0,0.0,Summer,No Holiday,Yes,16219
25/07/2018,1767,22,28.8,76,2.8,1231,24.1,0.0,0.0,0.0,Summer,No Holiday,Yes,13293
05/05/2018,759,9,16.1,50,2.6,1628,5.6,1.52,0.0,0.0,Spring,No Holiday,Yes,15915
13/02/2018,291,22,2.6,57,3.1,2000,-5.0,0.0,0.0,0.0,Winter,No Holiday,Yes,13046
07/08/2018,1232,17,35.6,44,2.4,1860,21.4,1.69,0.0,0.0,Summer,No Holiday,Yes,10848
21/08/2018,788,14,28.5,58,2.6,1965,19.4,1.93,0.0,0.0,Summer,No Holiday,Yes,17863
30/08/2018,716,11,26.2,82,2.6,834,22.8,0.59,0.0,0.0,Summer,No Holiday,Yes,15659
23/09/2018,1591,17,24.1,41,2.4,2000,10.0,1.17,0.0,0.0,Autumn,Holiday,Yes,12646
15/09/2018,934,9,22.7,72,1.2,2000,17.3,0.59,0.0,0.0,Autumn,No Holiday,Yes,12299
07/03/2018,620,15,10.2,34,2.3,1919,-4.9,1.19,0.0,0.0,Spring,No Holiday,Yes,12590
18/09/2018,0,12,24.7,43,1.8,1809,11.2,1.75,0.0,0.0,Autumn,No Holiday,No,14798
21/06/2018,1276,15,28.3,40,3.2,1619,13.4,2.96,0.0,0.0,Summer,No Holiday,Yes,17693
06/05/2018,10,11,15.5,97,0.8,459,15.0,0.4,3.5,0.0,Spring,No Holiday,Yes,17375
14/02/2018,216,21,1.7,27,3.1,1734,-15.3,0.0,0.0,0.0,Winter,No Holiday,Yes,11111
23/04/2018,2,4,9.5,95,2.4,410,8.7,0.0,3.5,0.0,Spring,No Holiday,Yes,14148
25/06/2018,424,2,22.3,80,0.8,709,18.6,0.0,0.0,0.0,Summer,No Holiday,Yes,13574
25/06/2018,2372,21,27.9,55,0.5,1083,18.0,0.0,0.0,0.0,Summer,No Holiday,Yes,14859
18/05/2018,1263,21,15.3,73,2.3,2000,10.4,0.0,0.0,0.0,Spring,No Holiday,Yes,18649
30/10/2018,2074,18,8.4,52,2.6,2000,-0.9,0.03,0.0,0.0,Autumn,No Holiday,Yes,18066
21/04/2018,2032,17,23.2,12,3.6,2000,-7.8,1.69,0.0,0.0,Spring,No Holiday,Yes,13250
12/06/2018,206,3,17.5,87,0.5,1995,15.3,0.0,0.0,0.0,Summer,No Holiday,Yes,16406
13/02/2018,410,17,3.5,46,3.1,1992,-7.0,0.39,0.0,0.0,Winter,No Holiday,Yes,16318
23/10/2018,837,14,15.1,71,0.9,973,9.8,1.62,0.0,0.0,Autumn,No Holiday,Yes,10769
20/04/2018,553,0,12.4,56,0.5,1028,3.8,0.0,0.0,0.0,Spring,No Holiday,Yes,11379
28/10/2018,134,7,6.9,88,0.9,1991,5.0,0.0,0.0,0.0,Autumn,No Holiday,Yes,13769
05/12/2017,435,16,-0.5,30,0.0,2000,-16.0,0.0,0.0,0.0,Winter,No Holiday,Yes,10381
26/06/2018,353,3,25.4,50,1.1,870,14.2,0.0,0.0,0.0,Summer,No Holiday,Yes,16034
26/08/2018,1070,12,28.9,42,2.0,1975,14.6,2.5,0.0,0.0,Summer,No Holiday,Yes,18727
05/11/2018,829,23,10.9,82,0.1,346,7.9,0.0,0.0,0.0,Autumn,No Holiday,Yes,14393
23/09/2018,1492,18,22.3,53,2.7,2000,12.2,0.44,0.0,0.0,Autumn,Holiday,Yes,15118
25/09/2018,262,7,10.8,72,0.9,2000,5.9,0.03,0.0,0.0,Autumn,Holiday,Yes,18314
15/10/2018,1271,7,11.5,81,0.8,960,8.3,0.0,0.0,0.0,Autumn,No Holiday,Yes,18363
10/03/2018,829,17,7.7,46,2.8,1635,-3.2,1.05,0.0,0.0,Spring,No Holiday,Yes,16720
20/12/2017,240,15,-0.2,45,1.0,1852,-10.7,0.41,0.0,1.6,Winter,No Holiday,Yes,17657
06/01/2018,221,9,-5.8,49,1.4,1728,-14.8,0.16,0.0,0.0,Winter,No Holiday,Yes,12807
05/01/2018,362,12,-0.3,45,2.2,1066,-10.8,1.01,0.0,0.0,Winter,No Holiday,Yes,17694
06/02/2018,147,14,-7.0,26,4.4,1986,-23.3,2.24,0.0,0.0,Winter,No Holiday,Yes,10590
06/10/2018,1731,21,18.5,78,0.1,2000,14.5,0.0,0.0,0.0,Autumn,No Holiday,Yes,11661
17/05/2018,18,21,20.5,97,1.1,726,20.0,0.0,4.0,0.0,Spring,No Holiday,Yes,11609
14/12/2017,62,5,-10.8,48,0.8,1648,-19.6,0.0,0.0,0.0,Winter,No Holiday,Yes,18561
21/06/2018,539,2,20.2,82,0.9,575,17.0,0.0,0.0,0.0,Summer,No Holiday,Yes,17012
23/10/2018,2415,18,14.5,71,2.1,1235,9.2,0.06,0.0,0.0,Autumn,No Holiday,Yes,11535
10/12/2017,58,11,0.9,92,0.9,137,-0.2,0.03,0.0,3.9,Winter,No Holiday,Yes,17150
27/02/2018,411,16,6.9,54,1.1,692,-1.7,0.32,0.0,0.0,Winter,No Holiday,Yes,16311
30/09/2018,0,18,18.3,34,3.3,2000,2.1,0.36,0.0,0.0,Autumn,No Holiday,No,11390
08/09/2018,2167,17,27.2,35,1.7,2000,10.3,1.32,0.0,0.0,Autumn,No Holiday,Yes,13147
01/06/2018,776,1,19.5,65,0.4,1662,12.7,0.0,0.0,0.0,Summer,No Holiday,Yes,14453
07/12/2017,471,16,3.2,38,2.9,1817,-9.7,0.51,0.0,0.0,Winter,No Holiday,Yes,13317
17/03/2018,366,1,3.0,52,0.7,2000,-5.9,0.0,0.0,0.0,Spring,No Holiday,Yes,18474
20/06/2018,1158,14,27.5,47,2.7,990,15.1,3.24,0.0,0.0,Summer,No Holiday,Yes,15077
11/07/2018,157,3,24.5,97,0.8,263,23.9,0.0,0.5,0.0,Summer,No Holiday,Yes,16055
23/05/2018,1332,15,23.0,29,2.9,1876,3.9,3.11,0.0,0.0,Spring,No Holiday,Yes,18121
28/05/2018,247,5,16.6,0,0.9,1361,9.7,0.0,0.0,0.0,Spring,No Holiday,Yes,12800
06/12/2017,58,4,-3.4,75,0.0,1982,-7.2,0.0,0.0,0.4,Winter,No Holiday,Yes,18742
30/11/2018,456,1,1.3,63,2.0,1379,-4.9,0.0,0.0,0.0,Autumn,No Holiday,Yes,14702
23/11/2018,470,0,-0.3,41,3.1,2000,-11.9,0.0,0.0,0.0,Autumn,No Holiday,Yes,13903
29/09/2018,2065,15,26.5,33,1.4,2000,8.9,2.25,0.0,0.0,Autumn,No Holiday,Yes,14095
22/12/2017,544,8,-0.4,69,0.5,904,-5.4,0.0,0.0,0.7,Winter,Holiday,Yes,16559
01/11/2018,806,23,7.8,63,0.4,1547,1.1,0.0,0.0,0.0,Autumn,No Holiday,Yes,12965
07/09/2018,624,6,20.2,70,1.6,1690,14.5,0.0,0.0,0.0,Autumn,No Holiday,Yes,15311
12/10/2018,1440,20,11.8,53,1.5,2000,2.5,0.0,0.0,0.0,Autumn,No Holiday,Yes,14540
29/08/2018,19,20,23.4,98,0.6,70,23.0,0.0,21.0,0.0,Summer,No Holiday,Yes,18689
12/07/2018,959,13,27.7,76,2.6,1258,23.0,1.0,0.0,0.0,Summer,No Holiday,Yes,11396
08/04/2018,93,20,2.7,90,1.5,639,1.2,0.0,0.0,0.0,Spring,No Holiday,Yes,14852
24/01/2018,89,1,-15.0,31,2.5,2000,-28.3,0.0,0.0,0.9,Winter,No Holiday,Yes,13978
08/10/2018,1303,13,20.2,28,1.3,2000,1.0,2.25,0.0,0.0,Autumn,No Holiday,Yes,15507
29/04/2018,1712,19,18.1,38,2.8,932,3.5,0.16,0.0,0.0,Spring,No Holiday,Yes,18483
04/10/2018,0,6,13.2,73,1.1,1900,8.4,0.0,0.0,0.0,Autumn,No Holiday,No,11461
24/04/2018,34,4,9.5,94,1.2,2000,8.5,0.0,0.5,0.0,Spring,No Holiday,Yes,15987
13/03/2018,571,11,12.6,49,1.4,988,2.1,0.84,0.0,0.0,Spring,No Holiday,Yes,13021
02/09/2018,1838,20,26.9,56,1.6,2000,17.3,0.0,0.0,0.0,Autumn,No Holiday,Yes,10523
16/10/2018,1568,20,14.8,68,2.0,1502,8.9,0.0,0.0,0.0,Autumn,No Holiday,Yes,10695
11/02/2018,81,8,-9.4,29,1.9,1967,-24.1,0.03,0.0,0.0,Winter,No Holiday,Yes,10037
26/02/2018,122,1,-1.2,63,0.9,1846,-7.3,0.0,0.0,0.0,Winter,No Holiday,Yes,16840
09/10/2018,0,13,19.2,39,1.0,2000,4.8,1.66,0.0,0.0,Autumn,Holiday,No,14853
30/05/2018,167,4,18.3,84,0.9,409,15.5,0.0,0.0,0.0,Spring,No Holiday,Yes,16357
30/03/2018,965,14,21.0,28,2.8,1191,1.7,2.75,0.0,0.0,Spring,No Holiday,Yes,18193
16/08/2018,652,13,35.1,39,2.0,2000,19.0,3.45,0.0,0.0,Summer,No Holiday,Yes,13956
01/02/2018,341,17,0.3,26,2.4,1977,-17.0,0.45,0.0,0.0,Winter,No Holiday,Yes,11840
17/07/2018,497,2,25.3,78,1.0,2000,21.1,0.0,0.0,0.0,Summer,No Holiday,Yes,12184
29/05/2018,2154,18,23.1,68,2.9,1506,16.8,0.42,0.0,0.0,Spring,No Holiday,Yes,16923
17/11/2018,969,14,9.7,34,1.9,1786,-5.4,0.8,0.0,0.0,Autumn,No Holiday,Yes,12491
01/08/2018,1046,23,32.3,67,1.0,1592,25.3,0.0,0.0,0.0,Summer,No Holiday,Yes,16326
05/04/2018,31,16,8.1,96,1.5,281,7.4,0.21,1.0,0.0,Spring,No Holiday,Yes,15572
23/11/2018,635,11,4.3,25,2.0,1958,-14.0,1.56,0.0,0.0,Autumn,No Holiday,Yes,16876
13/01/2018,212,13,-2.5,62,1.4,1087,-8.7,0.66,0.0,0.0,Winter,No Holiday,Yes,13550
24/08/2018,1202,22,23.5,79,2.9,1860,19.6,0.0,0.0,0.0,Summer,No Holiday,Yes,14639
12/03/2018,603,14,14.9,34,2.8,403,-0.8,2.22,0.0,0.0,Spring,No Holiday,Yes,15958
10/01/2018,207,13,-5.1,43,4.7,1901,-15.7,1.18,0.0,0.4,Winter,No Holiday,Yes,17663
19/06/2018,2328,17,25.1,51,2.4,1714,14.2,1.15,0.0,0.0,Summer,No Holiday,Yes,10539
15/06/2018,1170,9,20.1,65,1.4,2000,13.3,0.93,0.0,0.0,Summer,No Holiday,Yes,17199
28/05/2018,1139,12,26.3,44,1.8,2000,13.0,3.24,0.0,0.0,Spring,No Holiday,Yes,13410
14/01/2018,196,22,2.8,60,0.6,829,-4.2,0.0,0.0,0.0,Winter,No Holiday,Yes,11009
25/09/2018,408,1,13.8,60,0.8,2000,6.1,0.0,0.0,0.0,Autumn,Holiday,Yes,11038
10/10/2018,914,11,12.7,50,3.3,1999,2.5,1.61,0.0,0.0,Autumn,No Holiday,Yes,14671
21/02/2018,299,22,-2.2,55,1.4,2000,-10.0,0.0,0.0,0.0,Winter,No Holiday,Yes,11429
01/05/2018,1759,16,22.6,63,3.1,551,15.1,0.88,0.0,0.0,Spring,Holiday,Yes,15679
24/06/2018,849,0,22.0,81,1.6,374,18.5,0.0,0.0,0.0,Summer,No Holiday,Yes,10663
28/07/2018,863,17,28.2,83,1.3,1099,25.0,0.11,0.0,0.0,Summer,No Holiday,Yes,18047
29/11/2018,107,4,2.1,33,0.5,1981,-12.5,0.0,0.0,0.0,Autumn,No Holiday,Yes,13235
05/10/2018,4,23,16.3,91,1.8,1811,14.8,0.0,0.5,0.0,Autumn,No Holiday,Yes,15850
09/08/2018,644,15,31.2,67,2.7,1368,24.3,1.39,0.0,0.0,Summer,No Holiday,Yes,14756
14/07/2018,1624,18,31.1,55,2.2,1897,20.9,1.05,0.0,0.0,Summer,No Holiday,Yes,13542
20/03/2018,488,11,8.4,34,3.6,1966,-6.5,2.36,0.0,0.0,Spring,No Holiday,Yes,10003
21/03/2018,209,6,1.4,42,1.7,2000,-10.1,0.0,0.0,0.0,Spring,No Holiday,Yes,15985
06/04/2018,776,17,6.3,50,4.4,707,-3.3,0.64,0.0,0.0,Spring,No Holiday,Yes,14516
13/05/2018,2410,17,19.4,63,2.6,1099,12.1,1.61,0.0,0.0,Spring,No Holiday,Yes,10878
13/11/2018,990,9,6.0,59,1.0,719,-1.4,0.6,0.0,0.0,Autumn,No Holiday,Yes,15719
28/02/2018,419,9,6.2,55,2.4,478,-2.1,0.13,0.0,0.0,Winter,No Holiday,Yes,13613
29/01/2018,26,4,-9.9,45,2.5,1967,-19.6,0.0,0.0,0.0,Winter,No Holiday,Yes,15055
22/06/2018,1529,7,18.8,66,1.1,814,12.3,0.46,0.0,0.0,Summer,No Holiday,Yes,11725
19/08/2018,844,1,25.0,57,0.9,2000,15.8,0.0,0.0,0.0,Summer,No Holiday,Yes,17001
07/04/2018,123,2,1.8,81,2.9,325,-1.1,0.0,0.0,0.0,Spring,No Holiday,Yes,17218
15/03/2018,203,2,16.5,68,1.3,1724,10.5,0.0,0.0,0.0,Spring,No Holiday,Yes,16977
28/04/2018,1882,18,18.9,30,2.6,1995,0.9,1.05,0.0,0.0,Spring,No Holiday,Yes,10096
12/01/2018,196,9,-14.9,40,1.2,1999,-25.5,0.16,0.0,0.0,Winter,No Holiday,Yes,12368
02/03/2018,156,0,-4.3,53,2.6,1334,-12.4,0.0,0.0,0.0,Spring,No Holiday,Yes,15110
11/05/2018,816,10,16.4,64,2.4,423,9.5,2.05,0.0,0.0,Spring,No Holiday,Yes,16990
02/07/2018,44,19,24.1,93,2.1,1118,22.8,0.23,1.5,0.0,Summer,No Holiday,Yes,16176
11/04/2018,0,6,9.0,86,2.0,442,6.7,0.0,0.0,0.0,Spring,No Holiday,No,15263
09/05/2018,3130,18,20.6,41,2.3,2000,6.8,1.1,0.0,0.0,Spring,No Holiday,Yes,12481
18/09/2018,0,1,19.3,71,0.4,1912,13.9,0.0,0.0,0.0,Autumn,No Holiday,No,18155
14/02/2018,606,8,2.1,65,1.1,1559,-3.8,0.01,0.0,0.0,Winter,No Holiday,Yes,12687
28/09/2018,0,12,19.0,52,1.2,2000,8.9,0.98,0.0,0.0,Autumn,No Holiday,No,13821
25/01/2018,141,20,-13.5,33,2.4,2000,-26.3,0.0,0.0,0.5,Winter,No Holiday,Yes,18522
25/08/2018,1070,12,27.9,55,2.9,1922,18.0,1.49,0.0,0.0,Summer,No Holiday,Yes,13756
05/11/2018,1975,8,7.2,80,0.8,515,3.9,0.13,0.0,0.0,Autumn,No Holiday,Yes,16138
09/04/2018,921,14,13.9,26,2.5,1537,-5.3,2.99,0.0,0.0,Spring,No Holiday,Yes,13919
23/07/2018,792,0,30.6,50,2.3,1631,18.9,0.0,0.0,0.0,Summer,No Holiday,Yes,16455
03/05/2018,163,5,7.0,85,0.8,2000,4.6,0.0,0.0,0.0,Spring,No Holiday,Yes,17892
15/11/2018,2034,18,12.1,46,1.4,799,0.8,0.01,0.0,0.0,Autumn,No Holiday,Yes,15672
15/05/2018,1058,12,26.3,36,1.1,1133,10.0,2.88,0.0,0.0,Spring,No Holiday,Yes,11474
24/09/2018,1280,19,18.6,54,2.7,2000,9.0,0.01,0.0,0.0,Autumn,Holiday,Yes,15107
26/01/2018,93,1,-15.3,34,1.7,2000,-27.6,0.0,0.0,0.5,Winter,No Holiday,Yes,13752
26/05/2018,1330,23,20.7,63,0.8,1130,13.3,0.0,0.0,0.0,Spring,No Holiday,Yes,14378
30/09/2018,0,12,20.8,47,3.1,1665,9.0,2.0,0.0,0.0,Autumn,No Holiday,No,15269
18/05/2018,454,10,16.3,97,1.0,693,15.8,0.37,0.0,0.0,Spring,No Holiday,Yes,15957
23/02/2018,391,8,-0.2,97,0.4,197,-0.6,0.05,0.0,3.7,Winter,No Holiday,Yes,18010
10/09/2018,188,4,19.4,61,1.6,2000,11.6,0.0,0.0,0.0,Autumn,No Holiday,Yes,18032
25/07/2018,783,13,32.3,56,3.0,1504,22.3,1.74,0.0,0.0,Summer,No Holiday,Yes,13725
18/02/2018,263,12,2.2,17,1.0,1979,-20.4,1.75,0.0,0.0,Winter,No Holiday,Yes,14009
29/05/2018,2234,8,20.5,66,1.7,1062,13.9,0.34,0.0,0.0,Spring,No Holiday,Yes,15956
17/04/2018,731,10,14.7,31,1.1,1240,-2.2,2.04,0.0,0.0,Spring,No Holiday,Yes,14543
24/11/2018,392,21,2.6,85,1.1,674,0.3,0.0,0.0,3.2,Autumn,No Holiday,Yes,11161
30/09/2018,0,11,20.2,63,2.8,1195,12.9,1.25,0.0,0.0,Autumn,No Holiday,No,18517
10/01/2018,84,6,-7.7,74,1.1,2000,-11.5,0.0,0.0,0.8,Winter,No Holiday,Yes,14546
27/08/2018,47,6,20.6,98,0.7,626,20.2,0.0,1.0,0.0,Summer,No Holiday,Yes,13957
27/04/2018,170,5,9.9,69,1.1,808,4.4,0.0,0.0,0.0,Spring,No Holiday,Yes,15920
13/08/2018,2036,19,32.1,60,2.3,1987,23.3,0.25,0.0,0.0,Summer,No Holiday,Yes,16111
03/02/2018,33,6,-7.8,57,4.8,1867,-14.8,0.0,0.4,0.3,Winter,No Holiday,Yes,18447
29/11/2018,818,20,4.1,54,1.3,1434,-4.3,0.0,0.0,0.0,Autumn,No Holiday,Yes,14313
13/08/2018,594,6,26.7,89,0.6,615,24.7,0.0,0.0,0.0,Summer,No Holiday,Yes,17331
17/10/2018,210,5,9.2,77,0.0,1278,5.3,0.0,0.0,0.0,Autumn,No Holiday,Yes,17097
30/12/2017,237,11,2.0,69,1.0,257,-3.1,0.32,0.0,0.0,Winter,No Holiday,Yes,11263
14/12/2017,335,16,-2.4,28,0.9,1878,-18.4,0.35,0.0,0.0,Winter,No Holiday,Yes,13723
19/01/2018,468,17,4.1,34,3.1,1810,-10.3,0.28,0.0,0.0,Winter,No Holiday,Yes,12804
21/11/2018,159,1,6.9,86,0.7,533,4.7,0.0,0.0,0.0,Autumn,No Holiday,Yes,17148
22/03/2018,1495,18,7.9,46,3.1,1057,-3.0,0.58,0.0,0.0,Spring,No Holiday,Yes,18611
01/05/2018,614,7,18.0,82,0.7,264,14.8,0.11,0.0,0.0,Spring,Holiday,Yes,16973
06/09/2018,963,0,22.5,83,0.5,1593,19.4,0.0,0.0,0.0,Autumn,No Holiday,Yes,11433
01/07/2018,25,7,22.1,89,0.5,1617,20.1,0.08,0.5,0.0,Summer,No Holiday,Yes,17163
26/01/2018,142,7,-17.5,38,3.4,2000,-28.4,0.0,0.0,0.5,Winter,No Holiday,Yes,13719
04/04/2018,14,4,14.1,97,1.7,306,13.6,0.0,3.0,0.0,Spring,No Holiday,Yes,15878
09/08/2018,292,5,27.8,82,1.0,1599,24.4,0.0,0.0,0.0,Summer,No Holiday,Yes,12425
20/01/2018,101,7,0.2,60,0.3,1145,-6.6,0.0,0.0,0.0,Winter,No Holiday,Yes,11754
23/03/2018,901,16,12.2,24,2.8,1655,-7.8,1.98,0.0,0.0,Spring,No Holiday,Yes,15012
24/10/2018,164,5,8.5,87,1.2,1046,6.4,0.0,0.0,0.0,Autumn,No Holiday,Yes,13511
20/07/2018,1896,8,26.6,70,1.3,1062,20.6,1.01,0.0,0.0,Summer,No Holiday,Yes,18724
28/07/2018,314,14,34.4,65,1.8,960,26.8,1.75,0.2,0.0,Summer,No Holiday,Yes,10737
20/01/2018,325,12,5.3,55,2.6,904,-3.0,0.85,0.0,0.0,Winter,No Holiday,Yes,12161
06/06/2018,1087,10,24.3,53,2.9,949,14.1,2.37,0.0,0.0,Summer,Holiday,Yes,18349
10/10/2018,1041,14,14.0,43,2.8,2000,1.5,1.13,0.0,0.0,Autumn,No Holiday,Yes,11182
12/04/2018,1641,19,15.9,14,2.8,2000,-11.6,0.25,0.0,0.0,Spring,No Holiday,Yes,15064
29/06/2018,1168,12,26.1,67,2.2,758,19.4,2.15,0.0,0.0,Summer,No Holiday,Yes,10015
25/11/2018,777,14,9.2,52,1.3,765,-0.1,1.01,0.0,1.3,Autumn,No Holiday,Yes,11875
08/09/2018,1554,14,26.8,31,2.8,2000,8.2,2.96,0.0,0.0,Autumn,No Holiday,Yes,13558
07/03/2018,147,22,7.2,60,1.4,1928,0.0,0.0,0.0,0.0,Spring,No Holiday,Yes,15552
04/07/2018,3080,18,30.0,60,2.5,1933,21.3,0.99,0.0,0.0,Summer,No Holiday,Yes,12936
08/10/2018,1788,21,15.1,48,2.6,2000,4.1,0.0,0.0,0.0,Autumn,No Holiday,Yes,15000
18/12/2017,151,0,-5.9,50,0.6,2000,-14.6,0.0,0.0,0.0,Winter,No Holiday,Yes,12466
14/07/2018,266,5,24.8,86,1.6,1170,22.2,0.0,0.0,0.0,Summer,No Holiday,Yes,17495
27/10/2018,1183,14,10.8,37,4.4,2000,-3.3,1.29,0.0,0.0,Autumn,No Holiday,Yes,13575
21/07/2018,1588,22,29.4,55,1.4,2000,19.4,0.0,0.0,0.0,Summer,No Holiday,Yes,11037
02/02/2018,178,23,-2.6,69,2.0,1434,-7.5,0.0,0.0,0.0,Winter,No Holiday,Yes,15954
13/10/2018,1995,17,18.7,33,1.1,1164,2.0,0.7,0.0,0.0,Autumn,No Holiday,Yes,13827
23/01/2018,181,15,-9.7,32,3.6,2000,-23.3,1.04,0.0,1.0,Winter,No Holiday,Yes,10268
12/01/2018,35,5,-14.6,45,1.1,2000,-23.9,0.0,0.0,0.0,Winter,No Holiday,Yes,16770
25/08/2018,306,4,23.2,79,1.8,1941,19.3,0.0,0.0,0.0,Summer,No Holiday,Yes,17770
08/05/2018,155,4,15.4,63,1.6,2000,8.3,0.0,0.0,0.0,Spring,No Holiday,Yes,10137
05/07/2018,1836,8,23.6,93,0.9,308,22.3,0.21,0.0,0.0,Summer,No Holiday,Yes,13476
02/06/2018,989,1,20.2,57,0.4,1428,11.4,0.0,0.0,0.0,Summer,No Holiday,Yes,14174
23/11/2018,767,20,2.7,27,1.2,2000,-14.4,0.0,0.0,0.0,Autumn,No Holiday,Yes,18598
30/05/2018,1158,23,16.4,80,1.5,642,12.9,0.0,0.0,0.0,Spring,No Holiday,Yes,17067
10/05/2018,0,12,19.8,49,2.3,1320,8.7,3.17,0.0,0.0,Spring,No Holiday,No,17313
23/10/2018,1604,17,15.7,63,3.2,1118,8.6,0.39,0.0,0.0,Autumn,No Holiday,Yes,13289
06/07/2018,839,1,23.1,66,1.6,2000,16.3,0.0,0.0,0.0,Summer,No Holiday,Yes,17979
20/03/2018,460,22,2.0,37,2.7,2000,-11.1,0.0,0.0,0.0,Spring,No Holiday,Yes,18485
19/03/2018,592,8,7.3,84,2.2,813,4.7,0.05,0.0,0.0,Spring,No Holiday,Yes,10942
27/07/2018,218,4,27.3,85,1.6,671,24.5,0.0,0.0,0.0,Summer,No Holiday,Yes,14347
22/07/2018,499,11,33.8,45,1.9,1928,20.2,2.74,0.0,0.0,Summer,No Holiday,Yes,12490
29/04/2018,138,5,9.7,63,1.1,1304,2.9,0.0,0.0,0.0,Spring,No Holiday,Yes,16423
14/10/2018,185,4,7.9,76,1.3,771,3.9,0.0,0.0,0.0,Autumn,No Holiday,Yes,10668
23/02/2018,304,13,6.7,64,2.0,241,0.3,1.94,0.0,0.6,Winter,No Holiday,Yes,12239
30/07/2018,623,11,33.2,46,1.4,1968,20.0,2.16,0.0,0.0,Summer,No Holiday,Yes,16040
25/10/2018,1275,15,20.6,32,1.4,1651,3.3,1.4,0.0,0.0,Autumn,No Holiday,Yes,16329
14/08/2018,254,5,27.9,71,0.3,2000,22.1,0.0,0.0,0.0,Summer,No Holiday,Yes,17146
06/05/2018,211,13,16.4,94,0.9,1947,15.4,0.78,0.0,0.0,Spring,No Holiday,Yes,14948
04/03/2018,468,15,11.7,81,1.2,616,8.5,0.53,0.0,0.0,Spring,No Holiday,Yes,17870
15/06/2018,2984,19,24.3,48,1.5,2000,12.5,0.59,0.0,0.0,Summer,No Holiday,Yes,18600
12/07/2018,976,14,27.8,76,3.1,1517,23.1,1.0,0.0,0.0,Summer,No Holiday,Yes,12326
09/10/2018,0,16,19.0,39,1.4,2000,4.7,0.89,0.0,0.0,Autumn,Holiday,No,11086
27/08/2018,103,7,20.8,98,0.5,299,20.4,0.02,2.0,0.0,Summer,No Holiday,Yes,15959
28/02/2018,266,0,5.1,52,1.1,614,-3.9,0.0,0.0,0.0,Winter,No Holiday,Yes,16657
05/06/2018,2322,8,21.5,58,1.1,1021,12.8,1.21,0.0,0.0,Summer,No Holiday,Yes,12684
25/07/2018,939,0,28.9,66,2.2,2000,21.9,0.0,0.0,0.0,Summer,No Holiday,Yes,17159
18/01/2018,328,16,3.6,42,2.4,883,-8.1,0.29,0.0,0.0,Winter,No Holiday,Yes,11483
08/07/2018,2348,20,25.7,53,1.3,2000,15.3,0.03,0.0,0.0,Summer,No Holiday,Yes,16993
04/06/2018,3380,18,24.4,48,1.9,1998,12.6,0.56,0.0,0.0,Summer,No Holiday,Yes,10746
05/05/2018,1024,11,20.2,41,3.1,1789,6.5,2.56,0.0,0.0,Spring,No Holiday,Yes,18603
07/02/2018,92,6,-13.2,50,0.5,1873,-21.4,0.0,0.0,0.0,Winter,No Holiday,Yes,16782
18/08/2018,2127,19,28.5,45,1.6,2000,15.4,0.23,0.0,0.0,Summer,No Holiday,Yes,18003
16/09/2018,520,18,21.5,89,3.0,350,19.6,0.18,0.0,0.0,Autumn,No Holiday,Yes,11775
11/05/2018,1644,21,16.4,52,1.5,1273,6.5,0.0,0.0,0.0,Spring,No Holiday,Yes,16043
05/01/2018,329,16,1.0,34,2.9,2000,-13.1,0.61,0.0,0.0,Winter,No Holiday,Yes,17616
07/08/2018,961,9,29.3,66,1.1,2000,22.2,1.07,0.0,0.0,Summer,No Holiday,Yes,17659
12/12/2017,184,10,-10.5,45,3.3,1855,-20.1,0.6,0.0,0.0,Winter,No Holiday,Yes,14715
09/05/2018,187,3,10.5,59,1.0,2000,2.8,0.0,0.0,0.0,Spring,No Holiday,Yes,11288
28/12/2017,50,4,-5.8,32,1.6,2000,-19.8,0.0,0.0,0.0,Winter,No Holiday,Yes,15223
25/11/2018,379,23,3.8,83,1.1,390,1.1,0.0,0.0,0.4,Autumn,No Holiday,Yes,12002
19/01/2018,283,11,2.2,20,0.6,1794,-18.5,0.83,0.0,0.0,Winter,No Holiday,Yes,18223
19/10/2018,1331,22,12.3,65,1.7,2000,5.8,0.0,0.0,0.0,Autumn,No Holiday,Yes,17333
30/06/2018,481,19,24.3,95,0.5,958,23.4,0.11,4.0,0.0,Summer,No Holiday,Yes,12575
10/10/2018,1255,22,9.2,55,0.9,2000,0.6,0.0,0.0,0.0,Autumn,No Holiday,Yes,14204
23/07/2018,1889,8,30.0,56,0.9,2000,20.2,0.54,0.0,0.0,Summer,No Holiday,Yes,15246
16/05/2018,166,3,22.6,89,0.7,327,20.6,0.0,0.8,0.0,Spring,No Holiday,Yes,13164
18/08/2018,1681,22,26.3,48,0.8,2000,14.4,0.0,0.0,0.0,Summer,No Holiday,Yes,11403
08/08/2018,489,2,28.3,84,2.1,1099,25.3,0.0,0.0,0.0,Summer,No Holiday,Yes,11589
14/01/2018,208,19,3.9,54,1.1,1102,-4.5,0.0,0.0,0.0,Winter,No Holiday,Yes,16688
16/01/2018,276,14,6.5,43,0.8,468,-5.2,0.52,0.0,0.0,Winter,No Holiday,Yes,18466
25/08/2018,721,8,24.1,78,2.0,1133,20.0,0.34,0.0,0.0,Summer,No Holiday,Yes,17271
11/02/2018,34,4,-7.5,42,2.4,1998,-18.2,0.0,0.0,0.0,Winter,No Holiday,Yes,13312
09/02/2018,159,1,-4.8,44,1.1,1432,-15.2,0.0,0.0,0.0,Winter,No Holiday,Yes,15287
21/07/2018,785,15,36.5,35,3.0,1355,18.5,2.71,0.0,0.0,Summer,No Holiday,Yes,12862
24/06/2018,258,6,20.2,87,2.0,255,17.9,0.01,0.0,0.0,Summer,No Holiday,Yes,16180
15/01/2018,311,12,6.2,64,1.9,549,-0.1,0.79,0.0,0.0,Winter,No Holiday,Yes,18284
14/08/2018,467,2,28.6,70,1.5,2000,22.5,0.0,0.0,0.0,Summer,No Holiday,Yes,12036
09/08/2018,619,6,27.7,84,1.4,1436,24.7,0.0,0.0,0.0,Summer,No Holiday,Yes,17744
02/09/2018,721,9,23.4,52,1.3,1997,12.9,1.53,0.0,0.0,Autumn,No Holiday,Yes,18560
26/04/2018,1084,13,20.6,30,2.4,1048,2.3,2.67,0.0,0.0,Spring,No Holiday,Yes,13755
08/08/2018,1783,21,29.7,71,3.2,1934,23.8,0.0,0.0,0.0,Summer,No Holiday,Yes,10129
18/01/2018,537,8,1.1,86,1.2,197,-0.9,0.0,0.0,0.0,Winter,No Holiday,Yes,17926
06/03/2018,188,1,0.8,67,0.8,2000,-4.6,0.0,0.0,0.0,Spring,No Holiday,Yes,14778
08/12/2017,347,22,-3.4,39,1.2,2000,-15.4,0.0,0.0,0.0,Winter,No Holiday,Yes,11801
14/09/2018,2826,18,25.7,57,1.5,2000,16.5,0.24,0.0,0.0,Autumn,No Holiday,Yes,11000
21/03/2018,241,16,2.4,79,1.9,1995,-0.8,0.37,0.0,0.0,Spring,No Holiday,Yes,14296
11/08/2018,647,8,28.0,60,1.0,2000,19.5,0.91,0.0,0.0,Summer,No Holiday,Yes,15943
19/08/2018,592,8,24.4,58,0.8,2000,15.5,0.45,0.0,0.0,Summer,No Holiday,Yes,10072
18/03/2018,67,5,5.6,55,1.2,1008,-2.7,0.0,0.0,0.0,Spring,No Holiday,Yes,17020
13/02/2018,70,3,-6.2,61,1.3,1992,-12.5,0.0,0.0,0.0,Winter,No Holiday,Yes,12643
09/01/2018,364,19,-4.5,57,0.6,2000,-11.7,0.0,0.0,0.0,Winter,No Holiday,Yes,10067
01/05/2018,1067,8,18.8,76,0.6,301,14.4,0.36,0.0,0.0,Spring,Holiday,Yes,10971
05/05/2018,1258,12,21.9,35,3.4,1586,5.7,2.74,0.0,0.0,Spring,No Holiday,Yes,16606
12/01/2018,273,19,-8.2,32,1.1,2000,-22.0,0.0,0.0,0.0,Winter,No Holiday,Yes,13907
24/10/2018,1904,17,17.0,47,2.2,1989,5.5,0.59,0.0,0.0,Autumn,No Holiday,Yes,12540
18/04/2018,1346,20,13.0,41,2.3,1164,0.0,0.0,0.0,0.0,Spring,No Holiday,Yes,10760
05/04/2018,77,22,7.2,96,1.0,700,6.5,0.0,0.0,0.0,Spring,No Holiday,Yes,12327
28/03/2018,258,6,9.6,84,0.7,301,7.0,0.0,0.0,0.0,Spring,No Holiday,Yes,18288
19/03/2018,711,20,8.3,47,3.1,2000,-2.3,0.0,0.0,0.0,Spring,No Holiday,Yes,16158
25/02/2018,52,4,-1.1,43,0.7,1558,-12.1,0.0,0.0,0.0,Winter,No Holiday,Yes,14005
04/07/2018,941,11,30.0,60,2.3,1861,21.3,2.61,0.0,0.0,Summer,No Holiday,Yes,11861
01/04/2018,1349,15,18.2,63,2.2,687,11.0,0.72,0.0,0.0,Spring,No Holiday,Yes,18582
27/06/2018,1084,7,19.3,98,1.0,188,18.9,0.06,0.0,0.0,Summer,No Holiday,Yes,13223
15/07/2018,1143,0,26.0,82,1.9,1674,22.6,0.0,0.0,0.0,Summer,No Holiday,Yes,14981
13/04/2018,1270,16,18.3,16,1.0,2000,-7.9,0.7,0.0,0.0,Spring,No Holiday,Yes,11398
21/12/2017,166,0,-1.3,90,2.0,259,-2.7,0.0,0.0,2.2,Winter,No Holiday,Yes,12405
08/02/2018,507,8,-9.7,65,0.8,1508,-15.0,0.02,0.0,0.0,Winter,No Holiday,Yes,18546
01/07/2018,16,20,21.9,97,1.1,534,21.3,0.0,6.0,0.0,Summer,No Holiday,Yes,16136
13/08/2018,230,5,26.8,90,0.6,591,25.0,0.0,0.0,0.0,Summer,No Holiday,Yes,16735
31/12/2017,65,2,0.4,95,1.7,110,-0.3,0.0,0.0,1.2,Winter,Holiday,Yes,10538
25/07/2018,657,6,28.1,75,1.8,1092,23.2,0.01,0.0,0.0,Summer,No Holiday,Yes,13781
19/11/2018,991,7,3.4,73,1.1,1012,-0.9,0.0,0.0,0.0,Autumn,No Holiday,Yes,10393
24/06/2018,2290,19,27.8,41,2.7,1990,13.3,0.45,0.0,0.0,Summer,No Holiday,Yes,13160
12/02/2018,262,9,-8.4,28,2.2,1947,-23.7,0.49,0.0,0.0,Winter,No Holiday,Yes,16427
05/07/2018,929,13,28.1,67,1.1,1772,21.3,1.43,0.0,0.0,Summer,No Holiday,Yes,13094
15/12/2017,658,8,-6.6,64,1.1,791,-12.2,0.0,0.0,0.0,Winter,No Holiday,Yes,11969
10/05/2018,0,4,12.0,79,0.6,1351,8.4,0.0,0.0,0.0,Spring,No Holiday,No,18394
24/08/2018,238,0,25.7,83,2.0,2000,22.5,0.0,0.5,0.0,Summer,No Holiday,Yes,15658
07/06/2018,1342,9,20.5,73,1.6,364,15.4,1.23,0.0,0.0,Summer,No Holiday,Yes,12177
12/11/2018,1193,16,12.9,38,2.6,1476,-1.1,0.94,0.0,0.0,Autumn,No Holiday,Yes,10431
11/03/2018,1028,17,11.1,25,2.0,1765,-8.2,1.19,0.0,0.0,Spring,No Holiday,Yes,14736
31/08/2018,297,3,23.3,81,1.7,1068,19.8,0.0,0.0,0.0,Summer,No Holiday,Yes,13591
21/06/2018,1473,16,28.5,42,3.1,1622,14.3,2.62,0.0,0.0,Summer,No Holiday,Yes,11369
30/03/2018,1935,18,17.4,57,3.1,657,8.7,0.52,0.0,0.0,Spring,No Holiday,Yes,18357
22/01/2018,18,16,2.0,87,1.9,140,0.0,0.03,0.0,0.0,Winter,No Holiday,Yes,16885
21/02/2018,366,15,4.2,15,2.7,1995,-20.2,2.21,0.0,0.0,Winter,No Holiday,Yes,13402
03/10/2018,1594,21,17.6,59,1.6,2000,9.4,0.0,0.0,0.0,Autumn,Holiday,Yes,14130
30/08/2018,99,1,24.9,92,2.2,1125,23.5,0.0,0.5,0.0,Summer,No Holiday,Yes,17814
22/01/2018,171,0,-0.2,30,0.4,2000,-15.7,0.0,0.0,0.0,Winter,No Holiday,Yes,16132
09/06/2018,381,6,19.0,84,0.5,440,16.2,0.05,0.0,0.0,Summer,No Holiday,Yes,10964
02/05/2018,245,2,19.0,80,1.6,346,15.4,0.0,0.0,0.0,Spring,No Holiday,Yes,12623
07/07/2018,567,7,19.6,57,1.6,2000,10.8,0.42,0.0,0.0,Summer,No Holiday,Yes,15104
24/11/2018,79,6,3.7,25,2.3,2000,-14.5,0.0,0.0,0.0,Autumn,No Holiday,Yes,17526
04/12/2017,568,19,-2.9,32,3.2,2000,-17.3,0.0,0.0,0.0,Winter,No Holiday,Yes,16217
16/05/2018,59,12,22.9,87,4.0,1497,20.6,0.22,0.0,0.0,Spring,No Holiday,Yes,15216
11/10/2018,1614,19,11.1,43,2.0,2000,-1.0,0.0,0.0,0.0,Autumn,No Holiday,Yes,14185
07/01/2018,265,13,1.4,34,0.8,1394,-12.7,0.5,0.0,0.0,Winter,No Holiday,Yes,15704
23/05/2018,1563,16,23.0,33,4.2,1880,5.8,2.57,0.0,0.0,Spring,No Holiday,Yes,18386
17/08/2018,717,10,27.0,36,2.2,1977,10.6,2.34,0.0,0.0,Summer,No Holiday,Yes,16877
02/02/2018,280,9,-6.5,54,1.2,1541,-14.2,0.22,0.0,0.0,Winter,No Holiday,Yes,13338
09/07/2018,40,23,20.4,96,0.6,1137,19.7,0.0,1.0,0.0,Summer,No Holiday,Yes,17032
19/07/2018,985,9,27.6,62,1.5,1043,19.6,1.76,0.0,0.0,Summer,No Holiday,Yes,17644
29/07/2018,1406,22,30.4,45,1.6,2000,17.1,0.0,0.0,0.0,Summer,No Holiday,Yes,15020
02/09/2018,1395,14,29.1,43,1.4,2000,15.2,2.39,0.0,0.0,Autumn,No Holiday,Yes,12288
06/02/2018,251,19,-8.4,37,4.0,2000,-20.5,0.0,0.0,0.0,Winter,No Holiday,Yes,10394
08/08/2018,322,3,28.3,84,0.5,1006,25.3,0.0,0.0,0.0,Summer,No Holiday,Yes,10921
04/09/2018,186,4,20.4,97,2.7,704,19.9,0.0,0.0,0.0,Autumn,No Holiday,Yes,11010
28/02/2018,23,23,1.8,96,1.2,745,1.2,0.0,0.0,0.0,Winter,No Holiday,Yes,13020
20/07/2018,741,14,33.4,52,2.7,685,22.1,2.67,0.0,0.0,Summer,No Holiday,Yes,18289
25/03/2018,372,0,6.4,84,1.4,171,3.8,0.0,0.0,0.0,Spring,No Holiday,Yes,12694
10/07/2018,2017,8,21.7,89,0.5,2000,19.8,0.31,0.0,0.0,Summer,No Holiday,Yes,15557
23/11/2018,752,15,6.4,16,2.0,2000,-17.6,1.01,0.0,0.0,Autumn,No Holiday,Yes,15528
10/11/2018,137,5,9.4,87,0.8,279,7.3,0.0,0.0,0.0,Autumn,No Holiday,Yes,13271
30/01/2018,173,15,-1.6,55,2.5,1891,-9.4,0.64,0.0,0.0,Winter,No Holiday,Yes,16028
14/01/2018,302,17,4.5,51,1.1,1244,-4.7,0.17,0.0,0.0,Winter,No Holiday,Yes,10585
14/11/2018,1464,19,11.5,52,2.4,1319,1.9,0.0,0.0,0.0,Autumn,No Holiday,Yes,15256
16/07/2018,678,10,29.8,54,1.8,1737,19.4,2.34,0.0,0.0,Summer,No Holiday,Yes,14598
13/03/2018,1085,17,16.9,62,3.1,1562,9.5,0.95,0.0,0.0,Spring,No Holiday,Yes,14203
29/12/2017,289,7,0.9,67,0.6,658,-4.5,0.0,0.0,0.0,Winter,No Holiday,Yes,14880
14/11/2018,517,1,6.5,60,0.5,1788,-0.7,0.0,0.0,0.0,Autumn,No Holiday,Yes,13751
18/03/2018,71,21,8.8,72,0.9,501,4.0,0.0,0.0,0.0,Spring,No Holiday,Yes,13441
25/06/2018,585,1,22.5,80,1.1,619,18.8,0.0,0.0,0.0,Summer,No Holiday,Yes,12141
23/12/2017,63,6,5.1,81,1.3,375,2.1,0.0,0.0,0.0,Winter,No Holiday,Yes,12398
08/06/2018,1283,9,21.2,62,1.7,1384,13.6,1.45,0.0,0.0,Summer,No Holiday,Yes,16030
18/09/2018,0,23,21.2,69,1.3,1999,15.2,0.0,0.0,0.0,Autumn,No Holiday,No,11701
24/12/2017,145,21,0.4,69,3.5,477,-4.6,0.0,0.0,0.0,Winter,Holiday,Yes,15627
01/05/2018,1696,19,21.2,68,1.5,610,15.0,0.16,0.0,0.0,Spring,Holiday,Yes,13055
25/11/2018,138,4,2.4,89,0.7,321,0.7,0.0,0.0,2.6,Autumn,No Holiday,Yes,18652
04/05/2018,2661,18,17.1,35,3.4,1961,1.4,1.11,0.0,0.0,Spring,No Holiday,Yes,10836
07/09/2018,1959,20,21.6,43,1.4,2000,8.4,0.0,0.0,0.0,Autumn,No Holiday,Yes,18147
16/09/2018,258,3,22.6,89,0.6,578,20.6,0.0,0.2,0.0,Autumn,No Holiday,Yes,16932
28/10/2018,74,8,6.8,89,1.4,1856,5.1,0.05,0.0,0.0,Autumn,No Holiday,Yes,13819
17/07/2018,1356,7,24.4,75,1.0,841,19.6,0.35,0.0,0.0,Summer,No Holiday,Yes,15812
03/03/2018,159,7,0.1,43,1.4,1502,-11.0,0.0,0.0,0.0,Spring,No Holiday,Yes,17974
29/04/2018,263,3,10.6,60,1.0,1163,3.1,0.0,0.0,0.0,Spring,No Holiday,Yes,13334
19/02/2018,59,2,-1.4,41,1.1,1582,-12.9,0.0,0.0,0.0,Winter,No Holiday,Yes,16368
15/10/2018,152,4,11.0,82,0.1,951,8.0,0.0,0.0,0.0,Autumn,No Holiday,Yes,18642
24/09/2018,141,6,14.3,66,0.5,2000,8.0,0.0,0.0,0.0,Autumn,Holiday,Yes,17248
22/08/2018,1990,8,25.7,66,0.9,1976,18.8,0.64,0.0,0.0,Summer,No Holiday,Yes,13098
12/02/2018,228,15,-2.1,30,3.9,1933,-17.3,2.22,0.0,0.0,Winter,No Holiday,Yes,15877
20/08/2018,2162,19,30.8,55,1.9,1170,20.7,0.06,0.0,0.0,Summer,No Holiday,Yes,14568
28/11/2018,1536,18,6.3,25,2.0,1653,-12.3,0.0,0.0,0.0,Autumn,No Holiday,Yes,18093
14/04/2018,640,20,9.4,76,2.6,1376,5.3,0.0,0.0,0.0,Spring,No Holiday,Yes,16592
18/06/2018,779,6,20.0,78,0.4,752,16.0,0.05,0.0,0.0,Summer,No Holiday,Yes,12517
26/08/2018,290,4,21.2,86,0.5,1724,18.7,0.0,0.0,0.0,Summer,No Holiday,Yes,14734
19/12/2017,174,11,-3.5,35,2.2,1742,-16.7,0.87,0.0,2.5,Winter,No Holiday,Yes,17028
13/08/2018,231,1,28.2,88,0.2,929,26.0,0.0,1.0,0.0,Summer,No Holiday,Yes,14624
12/01/2018,140,11,-11.2,31,2.4,1944,-25.0,0.94,0.0,0.0,Winter,No Holiday,Yes,10857
31/05/2018,1401,7,14.9,71,0.9,651,9.6,0.47,0.0,0.0,Spring,No Holiday,Yes,12942
22/07/2018,286,6,25.3,73,0.6,1979,20.1,0.02,0.0,0.0,Summer,No Holiday,Yes,18077
19/01/2018,381,15,5.4,25,2.4,1686,-13.1,0.9,0.0,0.0,Winter,No Holiday,Yes,13414
20/06/2018,803,1,19.6,73,1.4,958,14.6,0.0,0.0,0.0,Summer,No Holiday,Yes,14687
06/12/2017,142,6,-3.7,76,0.0,1864,-7.3,0.0,0.0,0.4,Winter,No Holiday,Yes,17184
23/07/2018,1994,21,30.8,60,1.8,2000,22.1,0.0,0.0,0.0,Summer,No Holiday,Yes,11547
23/04/2018,41,1,10.6,87,2.3,1523,8.5,0.0,0.1,0.0,Spring,No Holiday,Yes,11108
28/04/2018,1597,14,21.3,25,3.8,1884,0.4,3.22,0.0,0.0,Spring,No Holiday,Yes,10743
23/08/2018,189,21,27.8,72,2.0,2000,22.2,0.0,0.1,0.0,Summer,No Holiday,Yes,16229
29/12/2017,395,19,2.7,68,1.2,348,-2.6,0.0,0.0,0.0,Winter,No Holiday,Yes,11594
29/06/2018,2602,19,27.1,64,1.1,829,19.6,0.28,0.0,0.0,Summer,No Holiday,Yes,17664
28/11/2018,1540,8,2.1,29,1.1,1337,-14.1,0.02,0.0,0.0,Autumn,No Holiday,Yes,14119
31/08/2018,1329,23,23.8,81,0.6,1893,20.3,0.0,0.0,0.0,Summer,No Holiday,Yes,16032
19/07/2018,798,13,32.6,47,2.7,1641,19.8,3.36,0.0,0.0,Summer,No Holiday,Yes,16687
16/10/2018,202,5,10.2,70,1.5,1519,4.9,0.0,0.0,0.0,Autumn,No Holiday,Yes,12828
28/07/2018,428,7,28.4,82,0.7,748,25.0,0.16,0.0,0.0,Summer,No Holiday,Yes,13677
16/11/2018,1346,17,11.0,70,2.9,617,5.7,0.12,0.0,0.0,Autumn,No Holiday,Yes,17551
10/04/2018,703,10,15.2,31,1.6,1757,-1.8,1.84,0.0,0.0,Spring,No Holiday,Yes,10527
24/12/2017,4,10,4.8,96,0.6,87,4.2,0.04,0.0,0.0,Winter,Holiday,Yes,12085
30/12/2017,162,8,-0.4,78,0.5,249,-3.7,0.0,0.0,0.0,Winter,No Holiday,Yes,18645
10/04/2018,123,5,7.1,53,0.8,1392,-1.8,0.0,0.0,0.0,Spring,No Holiday,Yes,11942
07/11/2018,1115,17,14.9,73,0.9,854,10.0,0.04,0.0,0.0,Autumn,No Holiday,Yes,11125
11/03/2018,776,18,9.4,22,2.9,1995,-11.2,0.55,0.0,0.0,Spring,No Holiday,Yes,11552
13/05/2018,1714,20,15.6,81,2.3,827,12.3,0.02,0.0,0.0,Spring,No Holiday,Yes,18030
01/08/2018,315,5,28.3,68,0.3,2000,21.8,0.0,0.0,0.0,Summer,No Holiday,Yes,16480
13/10/2018,853,9,10.0,56,1.0,1761,1.6,1.03,0.0,0.0,Autumn,No Holiday,Yes,11759
29/07/2018,1108,23,29.9,45,1.4,2000,16.6,0.0,0.0,0.0,Summer,No Holiday,Yes,11521
19/05/2018,676,1,11.4,74,1.3,2000,6.9,0.0,0.0,0.0,Spring,No Holiday,Yes,18612
22/05/2018,590,2,15.7,74,1.0,1313,11.0,0.0,0.0,0.0,Spring,Holiday,Yes,11400
16/05/2018,243,11,22.7,93,4.8,832,21.5,0.17,0.0,0.0,Spring,No Holiday,Yes,17758
06/10/2018,0,5,16.7,93,2.8,360,15.5,0.0,4.5,0.0,Autumn,No Holiday,No,10892
21/12/2017,255,14,4.3,47,2.3,953,-6.0,0.96,0.0,1.6,Winter,No Holiday,Yes,15239
08/06/2018,2337,21,21.2,77,1.7,638,16.9,0.0,0.0,0.0,Summer,No Holiday,Yes,13481
13/10/2018,1695,18,16.5,38,1.6,1246,2.1,0.14,0.0,0.0,Autumn,No Holiday,Yes,13996
24/06/2018,545,1,21.5,83,1.3,345,18.4,0.0,0.0,0.0,Summer,No Holiday,Yes,15178
05/09/2018,249,5,19.7,82,0.5,2000,16.5,0.0,0.0,0.0,Autumn,No Holiday,Yes,12837
01/07/2018,20,8,22.1,93,0.5,805,20.9,0.14,1.0,0.0,Summer,No Holiday,Yes,10811
18/08/2018,1191,0,24.5,48,1.2,2000,12.7,0.0,0.0,0.0,Summer,No Holiday,Yes,12336
05/01/2018,354,9,-4.7,49,1.2,1550,-13.8,0.12,0.0,0.0,Winter,No Holiday,Yes,10728
14/07/2018,1278,23,26.6,80,2.0,1527,22.8,0.0,0.0,0.0,Summer,No Holiday,Yes,14569
26/03/2018,93,2,5.4,95,1.5,89,4.6,0.0,0.0,0.0,Spring,No Holiday,Yes,11274
14/02/2018,461,15,8.7,48,4.1,767,-1.7,1.68,0.0,0.0,Winter,No Holiday,Yes,18521
22/02/2018,373,7,-3.7,64,0.7,1891,-9.5,0.0,0.0,0.0,Winter,No Holiday,Yes,11156
10/05/2018,0,2,13.1,73,1.9,1895,8.3,0.0,0.0,0.0,Spring,No Holiday,No,12875
20/05/2018,190,6,11.6,46,0.8,2000,0.3,0.05,0.0,0.0,Spring,No Holiday,Yes,11420
26/10/2018,753,0,12.5,57,0.9,1877,4.1,0.0,0.0,0.0,Autumn,No Holiday,Yes,11679
10/09/2018,1223,23,20.8,51,1.7,2000,10.2,0.0,0.0,0.0,Autumn,No Holiday,Yes,17462
07/08/2018,662,13,33.0,55,1.0,1967,22.7,1.49,0.0,0.0,Summer,No Holiday,Yes,11351
02/11/2018,369,2,6.1,68,0.5,1519,0.6,0.0,0.0,0.0,Autumn,No Holiday,Yes,15842
03/01/2018,335,21,-4.3,47,2.8,1997,-13.9,0.0,0.0,0.0,Winter,No Holiday,Yes,13968
24/10/2018,1492,16,18.2,42,1.3,1976,5.0,1.22,0.0,0.0,Autumn,No Holiday,Yes,10577
08/08/2018,687,15,34.5,47,3.2,1958,21.5,2.32,0.0,0.0,Summer,No Holiday,Yes,13628
15/06/2018,1118,11,22.9,57,1.4,1918,13.9,2.24,0.0,0.0,Summer,No Holiday,Yes,10414
14/03/2018,643,11,17.5,55,2.1,1892,8.3,1.35,0.0,0.0,Spring,No Holiday,Yes,18068
22/07/2018,270,4,25.9,71,0.3,2000,20.2,0.0,0.0,0.0,Summer,No Holiday,Yes,16090
29/09/2018,982,1,16.2,71,0.9,2000,10.9,0.0,0.0,0.0,Autumn,No Holiday,Yes,11264
20/10/2018,219,6,7.5,79,0.6,1025,4.0,0.0,0.0,0.0,Autumn,No Holiday,Yes,13658
13/10/2018,1652,13,18.3,33,1.9,1324,1.7,2.53,0.0,0.0,Autumn,No Holiday,Yes,11984
31/01/2018,69,0,-1.7,83,0.8,1113,-4.2,0.0,0.0,3.5,Winter,No Holiday,Yes,12377
25/01/2018,113,22,-14.6,35,2.5,2000,-26.7,0.0,0.0,0.5,Winter,No Holiday,Yes,18071
14/02/2018,316,19,3.9,37,1.4,1417,-9.4,0.0,0.0,0.0,Winter,No Holiday,Yes,12956
17/03/2018,414,0,3.7,48,1.6,2000,-6.3,0.0,0.0,0.0,Spring,No Holiday,Yes,10208
31/08/2018,1789,22,24.1,80,0.9,1852,20.4,0.0,0.0,0.0,Summer,No Holiday,Yes,10899
28/06/2018,1158,12,27.0,68,2.0,1863,20.5,1.3,0.0,0.0,Summer,No Holiday,Yes,18200
20/09/2018,180,12,19.0,91,1.7,965,17.4,0.67,0.5,0.0,Autumn,No Holiday,Yes,15176
23/02/2018,312,14,7.8,57,2.1,277,-0.2,1.39,0.0,0.0,Winter,No Holiday,Yes,14495
14/08/2018,1587,22,30.9,63,0.7,2000,23.0,0.0,0.0,0.0,Summer,No Holiday,Yes,18272
13/06/2018,2664,17,25.6,57,3.3,919,16.4,0.87,0.0,0.0,Summer,No Holiday,Yes,17106
28/08/2018,122,15,25.2,96,0.6,1754,24.5,0.51,0.5,0.0,Summer,No Holiday,Yes,15790
10/06/2018,2182,15,24.8,49,1.2,2000,13.3,1.34,0.0,0.0,Summer,No Holiday,Yes,11230
20/09/2018,696,15,19.4,79,1.4,2000,15.6,0.33,0.0,0.0,Autumn,No Holiday,Yes,11533
09/02/2018,308,9,-2.4,36,1.2,1276,-15.4,0.2,0.0,0.0,Winter,No Holiday,Yes,13418
31/10/2018,996,9,5.1,56,1.8,1825,-2.9,0.89,0.0,0.0,Autumn,No Holiday,Yes,17210
18/05/2018,77,6,17.4,98,0.3,234,17.0,0.0,0.0,0.0,Spring,No Holiday,Yes,18464
26/06/2018,45,5,23.7,64,0.9,876,16.4,0.0,0.1,0.0,Summer,No Holiday,Yes,16200
23/04/2018,21,2,10.2,90,2.2,490,8.6,0.0,0.9,0.0,Spring,No Holiday,Yes,18617
18/10/2018,579,1,9.0,66,0.7,2000,2.9,0.0,0.0,0.0,Autumn,No Holiday,Yes,15582
27/08/2018,580,15,24.4,87,1.5,1153,22.0,1.44,0.0,0.0,Summer,No Holiday,Yes,15846
18/05/2018,1751,19,17.0,76,1.5,2000,12.7,0.29,0.0,0.0,Spring,No Holiday,Yes,17144
22/05/2018,1798,12,22.9,51,1.1,1591,12.2,1.8,0.0,0.0,Spring,Holiday,Yes,16063
23/10/2018,456,6,9.9,75,1.0,560,5.6,0.0,0.0,0.0,Autumn,No Holiday,Yes,10774
21/06/2018,394,3,20.0,83,1.7,607,17.0,0.0,0.0,0.0,Summer,No Holiday,Yes,16830
04/09/2018,822,10,23.1,73,3.1,2000,17.9,2.24,0.0,0.0,Autumn,No Holiday,Yes,18188
18/08/2018,754,8,23.2,47,1.0,2000,11.2,0.93,0.0,0.0,Summer,No Holiday,Yes,17359
14/02/2018,349,13,7.2,65,3.8,773,1.0,0.61,0.0,0.0,Winter,No Holiday,Yes,16046
02/05/2018,400,16,15.4,95,4.7,378,14.5,0.11,0.5,0.0,Spring,No Holiday,Yes,17102
24/09/2018,1099,14,21.3,30,4.3,2000,3.0,2.78,0.0,0.0,Autumn,Holiday,Yes,12099
01/02/2018,233,13,0.3,28,3.1,1988,-16.1,1.3,0.0,1.0,Winter,No Holiday,Yes,10102
27/11/2018,825,20,8.3,39,1.6,560,-4.8,0.0,0.0,0.0,Autumn,No Holiday,Yes,15940
22/06/2018,1020,11,28.1,35,1.3,1608,11.1,3.02,0.0,0.0,Summer,No Holiday,Yes,16313
01/11/2018,968,13,13.6,32,1.8,1814,-2.8,2.22,0.0,0.0,Autumn,No Holiday,Yes,13800
19/03/2018,370,7,6.5,88,1.4,515,4.6,0.0,0.0,0.0,Spring,No Holiday,Yes,14303
24/02/2018,509,16,5.9,21,3.0,1864,-14.8,1.34,0.0,0.0,Winter,No Holiday,Yes,13806
10/11/2018,1226,18,13.2,57,2.2,618,4.8,0.01,0.0,0.0,Autumn,No Holiday,Yes,15684
18/01/2018,279,7,1.5,86,1.1,189,-0.5,0.0,0.0,0.0,Winter,No Holiday,Yes,18328
24/12/2017,79,4,5.2,82,0.7,189,2.3,0.0,0.0,0.0,Winter,Holiday,Yes,14145
14/06/2018,1807,21,22.2,72,1.0,1786,16.9,0.0,0.0,0.0,Summer,No Holiday,Yes,12178
02/10/2018,0,20,16.8,62,2.0,2000,9.4,0.0,0.0,0.0,Autumn,No Holiday,No,16011
12/06/2018,1427,15,26.2,42,2.7,1977,12.2,1.59,0.0,0.0,Summer,No Holiday,Yes,11317
10/09/2018,1463,7,18.9,63,1.8,2000,11.6,0.09,0.0,0.0,Autumn,No Holiday,Yes,18243
06/06/2018,1268,0,21.2,60,0.9,1789,13.1,0.0,0.0,0.0,Summer,Holiday,Yes,16162
18/07/2018,381,3,24.7,84,0.7,694,21.8,0.0,0.0,0.0,Summer,No Holiday,Yes,14270
03/07/2018,2135,8,24.3,83,0.5,1986,21.2,0.53,0.0,0.0,Summer,No Holiday,Yes,10136
07/01/2018,368,15,2.7,31,0.9,1603,-12.7,0.43,0.0,0.0,Winter,No Holiday,Yes,13750
25/12/2017,221,12,-1.6,33,2.5,1874,-15.8,1.18,0.0,0.0,Winter,Holiday,Yes,13570
04/11/2018,296,3,7.6,66,0.9,1432,1.6,0.0,0.0,0.0,Autumn,No Holiday,Yes,14373
04/12/2017,937,8,-0.8,69,3.5,954,-5.7,0.01,0.0,0.0,Winter,No Holiday,Yes,15467
02/12/2017,89,4,-3.8,79,2.0,1167,-6.9,0.0,0.0,0.0,Winter,No Holiday,Yes,17211
10/03/2018,573,19,5.3,67,2.6,1314,-0.3,0.02,0.0,0.0,Spring,No Holiday,Yes,10984
28/03/2018,907,22,13.6,73,2.0,644,8.8,0.0,0.0,0.0,Spring,No Holiday,Yes,10651
26/01/2018,305,18,-12.7,33,2.5,1835,-25.6,0.05,0.0,0.3,Winter,No Holiday,Yes,17615
03/10/2018,2112,16,24.0,34,2.7,2000,7.1,1.62,0.0,0.0,Autumn,Holiday,Yes,13050
18/09/2018,0,18,24.8,48,1.4,2000,13.0,0.51,0.0,0.0,Autumn,No Holiday,No,18513
01/03/2018,423,17,0.4,37,5.2,1366,-12.6,1.23,0.0,0.0,Spring,Holiday,Yes,13745
06/05/2018,13,10,15.4,97,0.6,374,14.9,0.38,1.5,0.0,Spring,No Holiday,Yes,16221
23/12/2017,282,22,5.3,79,0.6,200,1.9,0.0,0.0,0.0,Winter,No Holiday,Yes,17347
26/01/2018,149,9,-17.5,37,3.8,1941,-28.7,0.21,0.0,0.5,Winter,No Holiday,Yes,12928
23/11/2018,1101,17,5.4,19,0.5,2000,-16.4,0.27,0.0,0.0,Autumn,No Holiday,Yes,14684
04/11/2018,259,7,5.8,79,1.0,862,2.4,0.0,0.0,0.0,Autumn,No Holiday,Yes,17886
06/04/2018,598,11,8.3,69,4.1,1217,2.9,1.81,0.0,0.0,Spring,No Holiday,Yes,14320
13/04/2018,1108,15,18.6,15,0.9,1991,-8.5,0.81,0.0,0.0,Spring,No Holiday,Yes,17189
09/01/2018,332,17,-2.9,66,3.6,743,-8.3,0.23,0.0,0.0,Winter,No Holiday,Yes,13594
10/10/2018,1097,9,12.0,72,3.3,1650,7.0,0.68,0.0,0.0,Autumn,No Holiday,Yes,10389
06/04/2018,545,15,6.8,50,4.1,660,-2.9,0.56,0.0,0.0,Spring,No Holiday,Yes,13001
24/09/2018,1227,20,17.6,57,1.4,2000,8.9,0.0,0.0,0.0,Autumn,Holiday,Yes,18373
08/12/2017,261,10,-5.3,44,2.8,1516,-15.6,0.63,0.0,0.0,Winter,No Holiday,Yes,13350
20/05/2018,943,23,15.8,30,1.1,2000,-1.7,0.0,0.0,0.0,Spring,No Holiday,Yes,11443
27/09/2018,1636,16,23.6,31,1.1,2000,5.4,1.37,0.0,0.0,Autumn,No Holiday,Yes,16583
16/09/2018,852,19,21.2,87,2.7,479,18.9,0.01,0.0,0.0,Autumn,No Holiday,Yes,18294
09/02/2018,263,22,2.5,66,1.1,759,-3.2,0.0,0.0,0.0,Winter,No Holiday,Yes,14679
22/07/2018,1030,23,31.2,52,1.5,1670,20.1,0.0,0.0,0.0,Summer,No Holiday,Yes,14528
06/12/2017,193,23,1.3,92,0.6,209,0.1,0.0,0.0,1.0,Winter,No Holiday,Yes,18746
03/05/2018,911,16,12.8,53,3.3,2000,3.4,0.76,0.0,0.0,Spring,No Holiday,Yes,16776
29/08/2018,862,7,25.0,85,3.0,2000,22.2,0.02,0.0,0.0,Summer,No Holiday,Yes,17879
20/11/2018,119,4,1.3,48,0.5,2000,-8.5,0.0,0.0,0.0,Autumn,No Holiday,Yes,12994
14/12/2017,278,12,-4.9,34,1.3,1768,-18.3,0.6,0.0,0.0,Winter,No Holiday,Yes,10660
25/05/2018,286,3,15.4,71,0.5,780,10.1,0.0,0.0,0.0,Spring,No Holiday,Yes,12338
12/06/2018,2873,19,23.1,58,2.4,1997,14.3,0.59,0.0,0.0,Summer,No Holiday,Yes,15186
26/05/2018,1441,13,27.8,31,2.0,1326,9.1,3.29,0.0,0.0,Spring,No Holiday,Yes,10141
17/05/2018,152,8,19.7,98,0.5,1958,19.3,0.12,13.5,0.0,Spring,No Holiday,Yes,15215
01/11/2018,2254,18,11.8,43,1.3,1995,-0.3,0.03,0.0,0.0,Autumn,No Holiday,Yes,17517
24/08/2018,208,1,25.7,80,2.0,2000,21.9,0.0,0.2,0.0,Summer,No Holiday,Yes,13812
27/05/2018,2019,15,23.9,37,2.6,1889,8.3,1.82,0.0,0.0,Spring,No Holiday,Yes,14710
07/01/2018,128,2,-4.4,53,0.3,1594,-12.5,0.0,0.0,0.0,Winter,No Holiday,Yes,17488
05/04/2018,207,8,6.7,94,2.7,1127,5.7,0.05,2.0,0.0,Spring,No Holiday,Yes,17071
12/03/2018,163,1,2.9,51,0.8,1119,-6.2,0.0,0.0,0.0,Spring,No Holiday,Yes,11633
05/08/2018,1247,18,31.8,63,4.0,1849,23.8,0.81,0.0,0.0,Summer,No Holiday,Yes,11081
21/04/2018,702,10,20.6,24,2.0,950,-0.7,2.29,0.0,0.0,Spring,No Holiday,Yes,16760
30/01/2018,33,4,-11.1,50,1.2,1986,-19.4,0.0,0.0,0.0,Winter,No Holiday,Yes,12824
18/12/2017,76,13,-0.9,84,1.2,333,-3.2,0.09,0.0,5.0,Winter,No Holiday,Yes,13369
17/08/2018,719,6,21.8,51,2.0,2000,11.2,0.0,0.0,0.0,Summer,No Holiday,Yes,16704
14/04/2018,203,15,8.6,88,3.2,1211,6.7,0.17,0.0,0.0,Spring,No Holiday,Yes,16467
17/06/2018,1709,14,26.8,44,1.6,760,13.5,2.01,0.0,0.0,Summer,No Holiday,Yes,16037
19/12/2017,93,2,-2.7,72,0.9,990,-7.0,0.0,0.0,2.6,Winter,No Holiday,Yes,11706
12/12/2017,275,9,-11.8,46,2.9,1956,-21.1,0.1,0.0,0.0,Winter,No Holiday,Yes,13887
08/12/2017,99,3,-4.8,52,1.6,1978,-13.1,0.0,0.0,0.0,Winter,No Holiday,Yes,11977
01/02/2018,235,22,-3.9,52,1.2,1871,-12.3,0.0,0.0,0.0,Winter,No Holiday,Yes,12047
25/04/2018,117,4,6.4,66,0.5,2000,0.4,0.0,0.0,0.0,Spring,No Holiday,Yes,14497
05/08/2018,712,15,33.7,55,3.7,1843,23.3,2.67,0.0,0.0,Summer,No Holiday,Yes,11677
15/05/2018,832,10,22.7,37,0.9,879,7.2,2.18,0.0,0.0,Spring,No Holiday,Yes,10107
10/02/2018,124,21,-5.6,28,4.1,2000,-21.2,0.0,0.0,0.0,Winter,No Holiday,Yes,10418
16/06/2018,2475,19,27.2,48,1.4,1994,15.2,0.57,0.0,0.0,Summer,No Holiday,Yes,18728
19/11/2018,651,10,7.5,53,0.8,909,-1.4,1.0,0.0,0.0,Autumn,No Holiday,Yes,14254
13/05/2018,178,1,15.1,97,1.7,173,14.6,0.0,0.2,0.0,Spring,No Holiday,Yes,16086
07/02/2018,448,18,-4.0,27,2.5,2000,-20.2,0.16,0.0,0.0,Winter,No Holiday,Yes,11025
05/01/2018,67,3,-5.5,56,1.1,1453,-12.9,0.0,0.0,0.0,Winter,No Holiday,Yes,14344
16/09/2018,989,12,23.7,64,1.9,1474,16.4,0.79,0.0,0.0,Autumn,No Holiday,Yes,15673
08/11/2018,14,16,11.7,96,1.4,587,11.0,0.02,0.0,0.0,Autumn,No Holiday,Yes,15824
28/07/2018,992,0,29.4,78,2.1,1072,25.1,0.0,0.0,0.0,Summer,No Holiday,Yes,17402
07/12/2017,321,10,1.1,83,0.7,311,-1.4,0.41,0.0,0.7,Winter,No Holiday,Yes,18014
09/10/2018,0,12,18.3,40,0.6,1995,4.4,1.82,0.0,0.0,Autumn,Holiday,No,11628
03/02/2018,195,11,-7.7,41,4.6,1984,-18.7,1.65,0.0,0.2,Winter,No Holiday,Yes,18462
01/09/2018,1440,20,26.9,49,2.1,2000,15.2,0.0,0.0,0.0,Autumn,No Holiday,Yes,15724
18/05/2018,1182,16,17.0,82,1.9,2000,13.8,0.84,0.0,0.0,Spring,No Holiday,Yes,12455
14/01/2018,250,18,4.1,53,1.3,1132,-4.6,0.0,0.0,0.0,Winter,No Holiday,Yes,16308
28/10/2018,625,22,6.7,76,0.6,2000,2.7,0.0,0.0,0.0,Autumn,No Holiday,Yes,13744
22/06/2018,1203,15,31.9,23,1.8,1977,8.1,2.57,0.0,0.0,Summer,No Holiday,Yes,12499
23/07/2018,652,6,29.2,58,1.7,2000,20.0,0.01,0.0,0.0,Summer,No Holiday,Yes,16894
19/08/2018,1100,0,25.3,53,2.4,2000,15.0,0.0,0.0,0.0,Summer,No Holiday,Yes,12058
25/12/2017,32,5,-3.7,51,2.6,2000,-12.3,0.0,0.0,0.0,Winter,Holiday,Yes,10327
12/03/2018,588,13,13.6,34,1.8,458,-1.9,2.23,0.0,0.0,Spring,No Holiday,Yes,10139
18/01/2018,188,10,1.4,81,2.1,255,-1.5,0.21,0.0,0.0,Winter,No Holiday,Yes,14311
27/03/2018,864,20,13.9,72,2.4,385,8.9,0.0,0.0,0.0,Spring,No Holiday,Yes,15044
04/10/2018,0,16,25.1,41,1.0,2000,10.9,1.22,0.0,0.0,Autumn,No Holiday,No,11482
21/08/2018,2169,20,27.7,69,1.6,1992,21.4,0.01,0.0,0.0,Summer,No Holiday,Yes,12465
11/12/2017,277,16,-6.0,40,4.0,2000,-17.4,0.55,0.0,0.0,Winter,No Holiday,Yes,11532
08/07/2018,2272,19,26.3,51,1.7,2000,15.3,0.18,0.0,0.0,Summer,No Holiday,Yes,16751
16/09/2018,571,23,21.3,80,2.6,1203,17.7,0.0,0.0,0.0,Autumn,No Holiday,Yes,14682
19/12/2017,224,21,-5.0,57,1.9,2000,-12.2,0.0,0.0,2.0,Winter,No Holiday,Yes,13880
25/11/2018,616,19,6.3,73,1.1,524,1.8,0.0,0.0,0.4,Autumn,No Holiday,Yes,14229
17/11/2018,288,3,2.5,77,2.3,992,-1.1,0.0,0.0,0.0,Autumn,No Holiday,Yes,11901
06/08/2018,258,5,28.3,83,1.7,969,25.1,0.0,0.0,0.0,Summer,No Holiday,Yes,12097
05/03/2018,465,13,8.3,51,2.0,2000,-1.2,1.42,0.0,0.0,Spring,No Holiday,Yes,12304
07/03/2018,441,11,8.0,43,1.7,1909,-3.8,1.74,0.0,0.0,Spring,No Holiday,Yes,17470
20/07/2018,1251,7,25.2,75,0.6,1056,20.4,0.34,0.0,0.0,Summer,No Holiday,Yes,12480
15/01/2018,303,9,3.9,86,1.7,399,1.7,0.11,0.2,0.0,Winter,No Holiday,Yes,10392
02/07/2018,61,20,23.5,97,0.1,1814,22.9,0.04,24.0,0.0,Summer,No Holiday,Yes,13309
08/05/2018,194,3,15.6,63,1.7,2000,8.5,0.0,0.0,0.0,Spring,No Holiday,Yes,18073
13/06/2018,591,3,18.5,73,1.0,1951,13.5,0.0,0.0,0.0,Summer,No Holiday,Yes,17612
03/02/2018,205,16,-4.2,31,3.5,1974,-18.8,1.42,0.0,0.0,Winter,No Holiday,Yes,17578
28/03/2018,588,11,15.6,60,3.7,817,7.8,1.44,0.0,0.0,Spring,No Holiday,Yes,11049
24/06/2018,1213,15,31.8,31,3.4,1400,12.5,2.85,0.0,0.0,Summer,No Holiday,Yes,10286
21/08/2018,690,1,28.0,61,3.9,1890,19.7,0.0,0.0,0.0,Summer,No Holiday,Yes,13786
27/05/2018,423,3,18.5,62,0.8,1073,11.0,0.0,0.0,0.0,Spring,No Holiday,Yes,13657
01/10/2018,2122,19,16.2,62,2.2,2000,8.9,0.0,0.0,0.0,Autumn,No Holiday,Yes,17709
19/01/2018,93,3,-0.6,43,1.7,1316,-11.6,0.0,0.0,0.0,Winter,No Holiday,Yes,10902
13/01/2018,215,14,-1.8,62,0.7,936,-8.1,0.55,0.0,0.0,Winter,No Holiday,Yes,13655
28/05/2018,2656,19,24.4,44,2.8,1979,11.3,0.45,0.0,0.0,Spring,No Holiday,Yes,13411
28/04/2018,1435,20,15.1,34,2.2,1981,-0.6,0.01,0.0,0.0,Spring,No Holiday,Yes,16047
01/06/2018,2505,19,26.8,35,1.9,2000,10.0,0.54,0.0,0.0,Summer,No Holiday,Yes,13674
15/02/2018,127,10,-1.6,26,1.9,1980,-18.6,1.29,0.0,0.0,Winter,Holiday,Yes,16971
02/08/2018,1066,17,37.4,44,2.3,1829,23.0,1.49,0.0,0.0,Summer,No Holiday,Yes,14001
21/04/2018,1730,15,25.0,13,4.1,2000,-5.3,2.98,0.0,0.0,Spring,No Holiday,Yes,15149
06/05/2018,11,5,15.4,96,0.3,208,14.7,0.0,2.0,0.0,Spring,No Holiday,Yes,17901
22/05/2018,50,17,18.6,84,1.8,499,15.8,0.28,1.0,0.0,Spring,Holiday,Yes,17726
24/10/2018,1556,20,13.1,63,0.4,2000,6.2,0.0,0.0,0.0,Autumn,No Holiday,Yes,18410
23/02/2018,62,2,0.7,97,1.4,197,0.2,0.0,0.0,4.1,Winter,No Holiday,Yes,11587
11/05/2018,1161,12,20.0,47,1.4,685,8.3,3.08,0.0,0.0,Spring,No Holiday,Yes,15504
06/10/2018,1162,23,16.9,84,0.9,2000,14.1,0.0,0.0,0.0,Autumn,No Holiday,Yes,14631
14/06/2018,532,10,19.7,94,1.1,497,18.7,0.61,1.0,0.0,Summer,No Holiday,Yes,15788
01/02/2018,344,19,-1.8,32,1.5,2000,-16.3,0.0,0.0,0.0,Winter,No Holiday,Yes,17567
14/11/2018,164,4,5.6,70,0.6,1311,0.5,0.0,0.0,0.0,Autumn,No Holiday,Yes,14237
31/12/2017,103,9,-1.9,82,1.6,410,-4.5,0.15,0.0,1.2,Winter,Holiday,Yes,14441
22/09/2018,1604,20,20.4,52,1.2,2000,10.2,0.0,0.0,0.0,Autumn,No Holiday,Yes,11233
13/04/2018,1178,22,16.3,25,2.0,2000,-3.7,0.0,0.0,0.0,Spring,No Holiday,Yes,11355
18/06/2018,1263,9,24.7,59,1.1,616,16.1,1.8,0.0,0.0,Summer,No Holiday,Yes,12026
26/04/2018,745,10,16.7,47,2.2,1147,5.3,2.26,0.0,0.0,Spring,No Holiday,Yes,13980
17/08/2018,1069,9,25.5,40,2.6,1990,10.8,1.7,0.0,0.0,Summer,No Holiday,Yes,14805
04/07/2018,2215,8,26.4,64,0.5,1909,19.0,1.33,0.0,0.0,Summer,No Holiday,Yes,10705
01/09/2018,1371,14,29.7,42,1.4,2000,15.4,2.37,0.0,0.0,Autumn,No Holiday,Yes,10506
25/09/2018,132,6,11.2,70,0.9,2000,5.9,0.0,0.0,0.0,Autumn,Holiday,Yes,14100
17/03/2018,1440,16,13.7,28,2.1,1499,-4.5,1.88,0.0,0.0,Spring,No Holiday,Yes,16153
30/08/2018,982,15,27.2,69,3.5,963,21.0,0.95,0.0,0.0,Summer,No Holiday,Yes,10560
11/08/2018,733,14,34.5,43,2.6,2000,20.0,2.37,0.0,0.0,Summer,No Holiday,Yes,18400
17/10/2018,1088,12,16.2,29,2.5,1935,-1.8,2.45,0.0,0.0,Autumn,No Holiday,Yes,15996
14/05/2018,241,2,12.1,94,1.6,191,11.1,0.0,0.0,0.0,Spring,No Holiday,Yes,16266
19/08/2018,2029,20,28.5,58,1.4,2000,19.4,0.0,0.0,0.0,Summer,No Holiday,Yes,12792
24/08/2018,400,7,24.2,88,2.3,2000,22.0,0.05,0.0,0.0,Summer,No Holiday,Yes,16298
17/12/2017,39,6,-9.9,42,2.3,2000,-20.4,0.0,0.0,0.0,Winter,No Holiday,Yes,13876
07/07/2018,760,2,20.7,58,1.5,2000,12.1,0.0,0.0,0.0,Summer,No Holiday,Yes,17995
11/05/2018,565,1,12.4,84,1.8,287,9.7,0.0,0.0,0.0,Spring,No Holiday,Yes,13974
29/09/2018,1501,22,19.3,55,0.5,2000,10.0,0.0,0.0,0.0,Autumn,No Holiday,Yes,11424
21/05/2018,1785,8,15.3,30,1.3,2000,-2.2,1.3,0.0,0.0,Spring,No Holiday,Yes,10010
23/03/2018,95,5,2.2,79,0.8,553,-1.0,0.0,0.0,0.0,Spring,No Holiday,Yes,11509
17/04/2018,503,0,9.6,31,0.8,2000,-6.7,0.0,0.0,0.0,Spring,No Holiday,Yes,14493
30/11/2018,1047,17,6.0,29,2.1,1877,-10.7,0.23,0.0,0.0,Autumn,No Holiday,Yes,12209
12/09/2018,1087,14,26.9,45,1.6,2000,13.9,2.27,0.0,0.0,Autumn,No Holiday,Yes,15624
11/12/2017,45,3,-4.7,38,2.4,2000,-16.8,0.0,0.0,0.0,Winter,No Holiday,Yes,16370
09/04/2018,239,6,0.1,97,0.6,77,-0.3,0.0,0.0,0.0,Spring,No Holiday,Yes,10334
12/02/2018,140,23,-4.4,58,2.4,2000,-11.4,0.0,0.0,0.0,Winter,No Holiday,Yes,15139
08/07/2018,410,7,18.2,54,1.2,2000,8.7,0.42,0.0,0.0,Summer,No Holiday,Yes,16668
02/07/2018,27,10,21.4,97,0.6,563,20.8,0.27,1.0,0.0,Summer,No Holiday,Yes,14026
23/10/2018,1685,19,14.0,70,1.6,1265,8.6,0.0,0.0,0.0,Autumn,No Holiday,Yes,11458
14/10/2018,847,10,13.3,47,0.5,818,2.2,1.67,0.0,0.0,Autumn,No Holiday,Yes,17123
20/12/2017,213,7,-8.1,67,0.9,1737,-13.1,0.0,0.0,2.0,Winter,No Holiday,Yes,18128
05/04/2018,37,15,8.1,96,1.9,410,7.4,0.26,0.5,0.0,Spring,No Holiday,Yes,14183
27/04/2018,1877,17,21.8,41,3.0,662,7.9,1.44,0.0,0.0,Spring,No Holiday,Yes,17915
21/04/2018,324,7,12.5,68,1.1,457,6.7,0.22,0.0,0.0,Spring,No Holiday,Yes,10121
04/09/2018,1993,17,27.6,47,3.3,2000,15.2,1.49,0.0,0.0,Autumn,No Holiday,Yes,11730
22/04/2018,247,9,16.9,45,0.9,1958,4.8,0.27,0.0,0.0,Spring,No Holiday,Yes,13064
17/01/2018,380,17,7.2,57,3.3,342,-0.7,0.19,0.0,0.0,Winter,No Holiday,Yes,13712
03/01/2018,67,5,-6.4,47,2.4,1981,-15.8,0.0,0.0,0.0,Winter,No Holiday,Yes,12332
14/07/2018,1062,1,25.4,85,1.4,1663,22.6,0.0,0.0,0.0,Summer,No Holiday,Yes,16694
25/04/2018,1180,15,22.8,21,2.1,1542,-0.6,2.75,0.0,0.0,Spring,No Holiday,Yes,11029
14/01/2018,213,21,3.1,58,0.4,936,-4.3,0.0,0.0,0.0,Winter,No Holiday,Yes,15279
05/11/2018,790,10,11.8,59,0.9,616,4.0,1.23,0.0,0.0,Autumn,No Holiday,Yes,17040
23/12/2017,239,9,5.2,84,0.7,226,2.7,0.03,0.0,0.0,Winter,No Holiday,Yes,12354
01/12/2017,555,17,0.8,58,1.6,2000,-6.5,0.08,0.0,0.0,Winter,No Holiday,Yes,11098
01/06/2018,1991,22,22.7,44,1.5,2000,9.8,0.0,0.0,0.0,Summer,No Holiday,Yes,10638
04/02/2018,70,8,-12.8,56,2.4,1507,-19.7,0.02,0.0,0.0,Winter,No Holiday,Yes,11641
02/01/2018,273,22,-3.4,33,2.4,2000,-17.4,0.0,0.0,0.0,Winter,No Holiday,Yes,17202
23/08/2018,837,15,32.0,53,2.1,1992,21.2,1.57,0.0,0.0,Summer,No Holiday,Yes,14202
17/01/2018,204,0,3.5,62,0.4,382,-3.1,0.0,0.0,0.0,Winter,No Holiday,Yes,17881
28/10/2018,645,19,8.4,85,1.2,2000,6.0,0.0,0.0,0.0,Autumn,No Holiday,Yes,16164
11/08/2018,759,12,33.2,50,2.3,2000,21.3,2.84,0.0,0.0,Summer,No Holiday,Yes,12555
08/02/2018,126,1,-8.5,60,1.2,1908,-14.8,0.0,0.0,0.0,Winter,No Holiday,Yes,16462
07/08/2018,657,11,31.4,59,0.8,2000,22.4,1.3,0.0,0.0,Summer,No Holiday,Yes,11735
24/02/2018,454,14,6.9,19,1.9,1843,-15.1,2.36,0.0,0.0,Winter,No Holiday,Yes,10434
10/09/2018,1095,12,26.7,40,1.4,2000,11.9,2.92,0.0,0.0,Autumn,No Holiday,Yes,15052
27/06/2018,3172,18,25.0,69,1.5,1125,18.9,0.52,0.0,0.0,Summer,No Holiday,Yes,16269
03/08/2018,575,14,37.4,40,2.8,1519,21.5,2.03,0.0,0.0,Summer,No Holiday,Yes,10657
15/11/2018,971,15,16.1,30,1.0,1125,-1.5,1.06,0.0,0.0,Autumn,No Holiday,Yes,15080
12/02/2018,21,3,-8.5,35,2.7,2000,-21.2,0.0,0.0,0.0,Winter,No Holiday,Yes,16023
24/10/2018,811,10,13.0,63,0.9,854,6.1,1.5,0.0,0.0,Autumn,No Holiday,Yes,13920
20/04/2018,1543,17,25.6,30,2.3,671,6.7,1.47,0.0,0.0,Spring,No Holiday,Yes,14502
12/06/2018,2505,21,20.6,70,1.8,1986,14.9,0.0,0.0,0.0,Summer,No Holiday,Yes,14240
23/01/2018,178,20,-12.5,52,3.0,2000,-20.3,0.0,0.0,0.9,Winter,No Holiday,Yes,17110
29/07/2018,1638,21,31.1,47,1.3,2000,18.4,0.0,0.0,0.0,Summer,No Holiday,Yes,11964
16/07/2018,719,12,32.4,49,2.0,1844,20.3,3.09,0.0,0.0,Summer,No Holiday,Yes,11237
16/08/2018,668,12,34.5,44,2.2,2000,20.4,3.19,0.0,0.0,Summer,No Holiday,Yes,16797
07/05/2018,2392,17,25.5,31,2.3,1974,7.1,1.5,0.0,0.0,Spring,No Holiday,Yes,16636
25/06/2018,1620,7,22.1,74,0.3,830,17.2,0.37,0.0,0.0,Summer,No Holiday,Yes,12105
28/02/2018,28,13,7.6,57,2.3,554,-0.3,0.33,0.0,0.0,Winter,No Holiday,Yes,12451
18/02/2018,22,5,-4.0,28,0.5,2000,-19.8,0.0,0.0,0.0,Winter,No Holiday,Yes,16050
09/02/2018,193,23,2.0,70,0.7,689,-2.9,0.0,0.0,0.0,Winter,No Holiday,Yes,12472
07/11/2018,526,7,10.8,91,1.3,216,9.3,0.0,0.0,0.0,Autumn,No Holiday,Yes,16499
03/09/2018,524,1,24.5,68,0.5,2000,18.1,0.0,0.0,0.0,Autumn,No Holiday,Yes,13589
12/12/2017,95,2,-11.5,50,0.7,2000,-19.8,0.0,0.0,0.0,Winter,No Holiday,Yes,10724
11/12/2017,222,22,-10.2,50,3.0,2000,-18.6,0.0,0.0,0.0,Winter,No Holiday,Yes,13798
14/05/2018,946,11,18.5,65,1.4,463,11.7,2.07,0.0,0.0,Spring,No Holiday,Yes,14817
29/04/2018,183,4,10.3,63,0.7,1277,3.5,0.0,0.0,0.0,Spring,No Holiday,Yes,10619
03/11/2018,0,17,16.7,45,2.2,772,4.6,0.43,0.0,0.0,Autumn,No Holiday,No,12158
01/09/2018,812,8,22.3,64,1.7,2000,15.1,0.75,0.0,0.0,Autumn,No Holiday,Yes,11080
26/10/2018,18,13,12.6,87,2.3,539,10.4,0.13,1.5,0.0,Autumn,No Holiday,Yes,12840
23/05/2018,59,4,15.0,97,1.4,1827,14.5,0.0,0.0,0.0,Spring,No Holiday,Yes,17753
01/01/2018,230,1,-3.3,41,0.7,2000,-14.7,0.0,0.0,0.0,Winter,Holiday,Yes,11004
20/08/2018,352,2,26.3,65,0.3,2000,19.1,0.0,0.0,0.0,Summer,No Holiday,Yes,16172
28/01/2018,125,0,-7.5,36,2.3,1972,-20.0,0.0,0.0,0.0,Winter,No Holiday,Yes,15022
31/12/2017,179,21,-1.6,35,1.0,2000,-15.1,0.0,0.0,0.0,Winter,Holiday,Yes,12150
05/06/2018,974,11,26.8,37,1.6,1639,10.8,2.91,0.0,0.0,Summer,No Holiday,Yes,16444
09/01/2018,52,5,-5.1,48,3.2,1821,-14.4,0.0,0.0,0.9,Winter,No Holiday,Yes,12497
12/04/2018,990,14,18.8,27,4.9,1888,-0.6,3.13,0.0,0.0,Spring,No Holiday,Yes,16615
17/09/2018,1487,7,18.5,88,1.4,695,16.4,0.08,0.0,0.0,Autumn,No Holiday,Yes,18549
28/08/2018,411,11,25.9,79,1.7,1900,21.9,0.9,0.0,0.0,Summer,No Holiday,Yes,13048
14/01/2018,118,9,-3.4,77,1.6,432,-6.8,0.12,0.0,0.0,Winter,No Holiday,Yes,15620
22/11/2018,716,15,6.9,31,2.9,1982,-9.1,1.21,0.0,0.0,Autumn,No Holiday,Yes,14790
14/10/2018,556,8,7.5,72,1.1,697,2.7,0.34,0.0,0.0,Autumn,No Holiday,Yes,15537
17/05/2018,352,14,23.4,81,0.6,1921,19.9,0.5,0.0,0.0,Spring,No Holiday,Yes,14146
09/05/2018,1324,15,21.2,35,2.9,1733,5.1,2.88,0.0,0.0,Spring,No Holiday,Yes,10084
23/05/2018,43,3,14.9,96,2.2,636,14.2,0.0,0.5,0.0,Spring,No Holiday,Yes,12525
30/04/2018,246,2,14.1,62,1.2,502,6.9,0.0,0.0,0.0,Spring,No Holiday,Yes,10844
10/08/2018,903,0,27.1,84,0.2,1161,24.1,0.0,0.0,0.0,Summer,No Holiday,Yes,16708
15/09/2018,169,5,21.1,82,0.8,2000,17.8,0.0,0.0,0.0,Autumn,No Holiday,Yes,18167
31/08/2018,828,7,22.9,83,0.6,1127,19.8,0.01,0.0,0.0,Summer,No Holiday,Yes,14875
26/10/2018,29,12,12.4,90,1.1,297,10.7,0.19,1.0,0.0,Autumn,No Holiday,Yes,11252
23/11/2018,729,22,2.0,30,1.3,1995,-13.8,0.0,0.0,0.0,Autumn,No Holiday,Yes,10700
13/12/2017,202,10,-9.5,39,2.1,1875,-20.9,0.6,0.0,0.0,Winter,No Holiday,Yes,15695
20/05/2018,1636,21,17.8,26,1.3,2000,-1.9,0.0,0.0,0.0,Spring,No Holiday,Yes,17810
20/05/2018,1313,12,18.8,31,1.2,2000,1.2,0.92,0.0,0.0,Spring,No Holiday,Yes,12659
23/02/2018,421,19,6.9,73,3.7,369,2.3,0.0,0.0,0.0,Winter,No Holiday,Yes,10594
12/05/2018,22,14,13.0,97,0.8,211,12.5,0.15,2.0,0.0,Spring,No Holiday,Yes,11658
14/11/2018,327,2,6.2,59,0.6,1584,-1.2,0.0,0.0,0.0,Autumn,No Holiday,Yes,14133
19/09/2018,0,0,21.0,66,0.4,2000,14.3,0.0,0.0,0.0,Autumn,No Holiday,No,12794
15/06/2018,1726,16,26.5,45,1.6,2000,13.5,1.91,0.0,0.0,Summer,No Holiday,Yes,12139
06/03/2018,361,23,3.5,44,0.9,1905,-7.6,0.0,0.0,0.0,Spring,No Holiday,Yes,14463
16/02/2018,196,14,4.2,18,3.3,1976,-18.0,2.25,0.0,0.0,Winter,Holiday,Yes,10146
27/06/2018,2487,19,24.9,70,1.8,1131,19.0,0.24,0.0,0.0,Summer,No Holiday,Yes,13065
26/03/2018,581,7,6.0,96,0.6,94,5.4,0.0,0.0,0.0,Spring,No Holiday,Yes,10232
30/04/2018,2558,18,23.0,54,2.9,679,13.1,0.81,0.0,0.0,Spring,No Holiday,Yes,10911
03/07/2018,224,5,22.6,97,0.0,1383,22.0,0.0,0.0,0.0,Summer,No Holiday,Yes,10891
10/04/2018,376,1,9.0,44,1.0,1314,-2.6,0.0,0.0,0.0,Spring,No Holiday,Yes,12778
11/12/2017,67,2,-4.2,35,3.4,2000,-17.4,0.0,0.0,0.0,Winter,No Holiday,Yes,17877
16/01/2018,321,22,4.0,57,0.3,430,-3.7,0.0,0.0,0.0,Winter,No Holiday,Yes,18740
26/03/2018,819,16,17.7,33,3.4,897,1.2,1.96,0.0,0.0,Spring,No Holiday,Yes,11223
30/07/2018,1224,17,35.4,44,0.8,2000,21.2,1.1,0.0,0.0,Summer,No Holiday,Yes,17557
07/02/2018,188,12,-6.0,24,2.6,1964,-23.3,1.97,0.0,0.0,Winter,No Holiday,Yes,10880
07/05/2018,600,8,14.8,80,0.3,1921,11.3,0.31,0.0,0.0,Spring,No Holiday,Yes,14261
29/11/2018,661,12,5.6,27,0.3,1522,-11.9,0.34,0.0,0.0,Autumn,No Holiday,Yes,17865
11/04/2018,0,16,16.9,23,4.4,1938,-4.4,2.39,0.0,0.0,Spring,No Holiday,No,16085
08/05/2018,1726,20,15.8,47,1.8,2000,4.4,0.01,0.0,0.0,Spring,No Holiday,Yes,14132
16/02/2018,47,2,-4.1,38,1.2,1996,-16.3,0.0,0.0,0.0,Winter,Holiday,Yes,18159
07/10/2018,1519,20,15.5,37,1.9,2000,0.8,0.0,0.0,0.0,Autumn,No Holiday,Yes,11116
25/02/2018,396,12,5.5,25,3.1,1652,-13.0,2.28,0.0,0.0,Winter,No Holiday,Yes,18669
30/11/2018,768,15,7.0,20,3.3,1994,-14.4,1.21,0.0,0.0,Autumn,No Holiday,Yes,16801
18/04/2018,975,13,17.7,16,2.8,1824,-8.4,3.27,0.0,0.0,Spring,No Holiday,Yes,14300
03/10/2018,685,2,13.2,77,1.2,1972,9.2,0.0,0.0,0.0,Autumn,Holiday,Yes,10622
28/04/2018,1351,21,13.9,37,1.1,1751,-0.5,0.0,0.0,0.0,Spring,No Holiday,Yes,15762
20/06/2018,1629,7,20.0,77,1.7,595,15.8,0.29,0.0,0.0,Summer,No Holiday,Yes,11537
22/07/2018,360,7,25.8,67,0.9,1773,19.1,0.34,0.0,0.0,Summer,No Holiday,Yes,17985
02/10/2018,0,8,11.2,69,0.9,1714,5.7,0.49,0.0,0.0,Autumn,No Holiday,No,12960
13/07/2018,600,2,24.9,86,1.3,1469,22.3,0.0,0.0,0.0,Summer,No Holiday,Yes,15781
04/02/2018,107,21,-8.9,35,3.2,2000,-21.6,0.0,0.0,0.0,Winter,No Holiday,Yes,14051
14/04/2018,12,6,8.7,80,1.1,1518,5.4,0.0,1.0,0.0,Spring,No Holiday,Yes,15169
18/03/2018,152,7,5.5,58,1.0,937,-2.1,0.0,0.0,0.0,Spring,No Holiday,Yes,13149
24/07/2018,1297,17,34.9,51,2.2,1235,23.2,0.98,0.0,0.0,Summer,No Holiday,Yes,13547
30/09/2018,0,0,18.1,60,0.2,2000,10.2,0.0,0.0,0.0,Autumn,No Holiday,No,13617
26/01/2018,89,23,-14.4,38,2.7,1738,-25.6,0.0,0.0,0.3,Winter,No Holiday,Yes,18161
18/11/2018,776,12,9.2,47,2.5,1910,-1.5,1.37,0.0,0.0,Autumn,No Holiday,Yes,11968
20/02/2018,335,14,5.0,20,3.7,1866,-16.1,2.12,0.0,0.0,Winter,No Holiday,Yes,12995
16/05/2018,304,17,21.9,97,3.2,207,21.3,0.14,0.5,0.0,Spring,No Holiday,Yes,11159
31/03/2018,655,23,12.4,63,1.3,1201,5.5,0.0,0.0,0.0,Spring,No Holiday,Yes,10399
23/12/2017,325,12,7.0,72,1.9,246,2.2,0.64,0.0,0.0,Winter,No Holiday,Yes,10556
15/04/2018,254,2,6.7,80,2.8,1342,3.4,0.0,0.0,0.0,Spring,No Holiday,Yes,16065
04/04/2018,113,1,14.8,96,1.7,209,14.1,0.0,0.0,0.0,Spring,No Holiday,Yes,11878
22/12/2017,99,3,-0.6,76,0.5,789,-4.3,0.0,0.0,0.7,Winter,Holiday,Yes,12072
28/07/2018,671,9,30.6,74,1.4,716,25.4,0.95,0.0,0.0,Summer,No Holiday,Yes,16497
16/02/2018,126,19,0.6,59,2.3,1939,-6.5,0.0,0.0,0.0,Winter,Holiday,Yes,13964
17/09/2018,3277,18,25.3,56,2.8,1992,15.8,0.54,0.0,0.0,Autumn,No Holiday,Yes,15756
12/05/2018,37,6,14.4,71,1.3,560,9.2,0.0,0.4,0.0,Spring,No Holiday,Yes,18060
13/04/2018,741,10,15.7,18,1.6,1980,-8.6,1.66,0.0,0.0,Spring,No Holiday,Yes,11700
05/11/2018,993,14,17.5,38,1.2,1090,3.0,1.74,0.0,0.0,Autumn,No Holiday,Yes,13715
13/12/2017,68,5,-11.5,58,1.1,1923,-18.1,0.0,0.0,0.0,Winter,No Holiday,Yes,17243
10/10/2018,144,1,16.6,57,1.5,2000,8.0,0.0,0.0,0.0,Autumn,No Holiday,Yes,14846
08/07/2018,460,3,18.8,56,1.2,2000,9.8,0.0,0.0,0.0,Summer,No Holiday,Yes,16938
26/08/2018,1276,21,22.5,65,1.1,2000,15.5,0.0,0.0,0.0,Summer,No Holiday,Yes,12348
05/10/2018,223,5,17.6,57,1.1,2000,8.9,0.0,0.0,0.0,Autumn,No Holiday,Yes,13275
17/01/2018,72,5,2.9,66,0.8,325,-2.8,0.0,0.0,0.0,Winter,No Holiday,Yes,17972
31/05/2018,2070,21,21.9,60,2.5,1551,13.7,0.0,0.0,0.0,Spring,No Holiday,Yes,18238
30/06/2018,862,9,24.2,81,0.9,295,20.7,0.53,0.0,0.0,Summer,No Holiday,Yes,10876
02/01/2018,320,16,1.3,23,2.9,2000,-17.6,0.51,0.0,0.0,Winter,No Holiday,Yes,12549
24/08/2018,286,10,26.0,77,2.2,2000,21.6,0.61,0.0,0.0,Summer,No Holiday,Yes,17384
03/06/2018,2173,21,24.2,32,2.1,2000,6.4,0.0,0.0,0.0,Summer,No Holiday,Yes,15361
10/01/2018,39,5,-7.3,75,1.6,2000,-10.9,0.0,0.0,0.8,Winter,No Holiday,Yes,10616
05/06/2018,1111,12,28.2,35,1.2,1411,11.2,3.23,0.0,0.0,Summer,No Holiday,Yes,17894
24/10/2018,573,1,10.2,84,1.2,1036,7.6,0.0,0.0,0.0,Autumn,No Holiday,Yes,12958
10/05/2018,0,3,12.9,74,1.7,1698,8.3,0.0,0.0,0.0,Spring,No Holiday,No,16541
19/08/2018,943,13,32.4,33,2.7,1893,14.0,3.1,0.0,0.0,Summer,No Holiday,Yes,14965
10/05/2018,0,8,13.5,63,2.2,1211,6.5,1.01,0.0,0.0,Spring,No Holiday,No,14895
03/02/2018,168,9,-9.4,47,3.3,1995,-18.6,0.42,0.0,0.3,Winter,No Holiday,Yes,14519
26/05/2018,1909,20,22.3,50,2.7,1512,11.3,0.05,0.0,0.0,Spring,No Holiday,Yes,13004
03/10/2018,1248,11,20.3,46,1.6,1409,8.2,2.29,0.0,0.0,Autumn,Holiday,Yes,17512
21/06/2018,2556,20,25.1,55,2.3,1779,15.4,0.08,0.0,0.0,Summer,No Holiday,Yes,12262
12/08/2018,554,2,29.0,60,1.4,2000,20.4,0.0,0.0,0.0,Summer,No Holiday,Yes,18532
25/01/2018,130,13,-11.4,27,3.9,2000,-26.7,1.26,0.0,0.6,Winter,No Holiday,Yes,16234
06/06/2018,1400,12,27.3,51,2.8,703,16.2,3.16,0.0,0.0,Summer,Holiday,Yes,14791
31/08/2018,1931,21,24.5,78,1.2,2000,20.4,0.0,0.0,0.0,Summer,No Holiday,Yes,17194
14/09/2018,1201,9,22.3,69,1.3,2000,16.3,0.61,0.0,0.0,Autumn,No Holiday,Yes,11293
11/02/2018,39,6,-8.4,33,1.4,1963,-21.8,0.0,0.0,0.0,Winter,No Holiday,Yes,18109
25/03/2018,626,12,12.7,45,1.3,321,1.0,2.63,0.0,0.0,Spring,No Holiday,Yes,18437
03/10/2018,1040,0,14.5,74,0.4,2000,9.9,0.0,0.0,0.0,Autumn,Holiday,Yes,16377
14/03/2018,587,23,16.1,69,1.8,1666,10.4,0.0,0.0,0.0,Spring,No Holiday,Yes,18756
15/10/2018,1183,15,20.4,43,1.7,690,7.3,1.43,0.0,0.0,Autumn,No Holiday,Yes,15953
19/04/2018,919,12,17.8,21,2.7,1335,-4.8,2.79,0.0,0.0,Spring,No Holiday,Yes,18095
26/07/2018,718,1,27.6,79,1.0,1261,23.6,0.0,0.0,0.0,Summer,No Holiday,Yes,17986
26/06/2018,156,18,24.1,95,4.4,261,23.2,0.03,1.0,0.0,Summer,No Holiday,Yes,16509
01/08/2018,875,0,30.5,68,1.9,2000,23.9,0.0,0.0,0.0,Summer,No Holiday,Yes,13923
24/09/2018,1237,18,20.3,35,2.4,2000,4.3,0.46,0.0,0.0,Autumn,Holiday,Yes,18271
04/10/2018,0,21,20.5,57,2.0,2000,11.6,0.0,0.0,0.0,Autumn,No Holiday,No,11898
26/04/2018,1146,22,12.7,61,2.2,1949,5.3,0.0,0.0,0.0,Spring,No Holiday,Yes,18733
05/02/2018,156,11,-8.5,27,4.7,1894,-24.2,1.73,0.0,0.0,Winter,No Holiday,Yes,17925
13/09/2018,915,10,22.7,61,0.9,2000,14.7,0.82,0.0,0.0,Autumn,No Holiday,Yes,14894
09/03/2018,88,5,2.5,76,0.7,544,-1.3,0.0,0.0,0.0,Spring,No Holiday,Yes,14116
09/09/2018,2033,19,24.1,56,2.5,2000,14.7,0.04,0.0,0.0,Autumn,No Holiday,Yes,14955
14/11/2018,1532,17,13.6,46,1.8,1374,2.1,0.31,0.0,0.0,Autumn,No Holiday,Yes,13398
03/05/2018,323,1,7.9,86,2.1,2000,5.6,0.0,0.0,0.0,Spring,No Holiday,Yes,17479
01/04/2018,96,5,12.3,65,0.5,1085,5.8,0.0,0.0,0.0,Spring,No Holiday,Yes,18711
07/12/2017,507,19,-0.4,47,2.5,1269,-10.3,0.0,0.0,0.0,Winter,No Holiday,Yes,15386
16/08/2018,638,14,35.3,40,2.0,2000,19.6,3.17,0.0,0.0,Summer,No Holiday,Yes,13814
11/02/2018,112,0,-6.9,36,2.1,2000,-19.5,0.0,0.0,0.0,Winter,No Holiday,Yes,18149
24/01/2018,50,2,-15.2,32,3.1,2000,-28.2,0.0,0.0,0.9,Winter,No Holiday,Yes,14935
27/04/2018,1499,20,16.9,41,3.1,1060,3.5,0.0,0.0,0.0,Spring,No Holiday,Yes,14929
21/06/2018,794,1,20.1,82,1.2,582,16.9,0.0,0.0,0.0,Summer,No Holiday,Yes,16010
30/12/2017,337,15,4.3,61,0.7,274,-2.5,0.23,0.0,0.0,Winter,No Holiday,Yes,15345
30/06/2018,1317,16,27.9,69,0.5,880,21.6,0.61,0.0,0.0,Summer,No Holiday,Yes,13671
22/07/2018,1478,19,34.5,47,2.8,1762,21.5,0.42,0.0,0.0,Summer,No Holiday,Yes,16230
20/05/2018,1013,11,18.7,30,1.9,2000,0.7,1.66,0.0,0.0,Spring,No Holiday,Yes,11756
23/02/2018,243,23,5.5,80,2.7,258,2.3,0.0,0.0,0.0,Winter,No Holiday,Yes,18599
12/01/2018,99,1,-13.7,47,3.0,2000,-22.6,0.0,0.0,0.0,Winter,No Holiday,Yes,18676
14/12/2017,410,19,-4.2,40,0.9,1216,-15.8,0.0,0.0,0.0,Winter,No Holiday,Yes,17075
09/03/2018,570,9,3.5,60,1.3,1969,-3.5,0.71,0.0,0.0,Spring,No Holiday,Yes,16177
05/06/2018,1120,14,28.9,34,2.7,1328,11.4,2.06,0.0,0.0,Summer,No Holiday,Yes,14355
04/08/2018,700,16,34.5,49,4.0,1925,22.2,2.35,0.0,0.0,Summer,No Holiday,Yes,10322
11/02/2018,91,23,-7.0,49,3.4,1984,-15.9,0.0,0.0,0.0,Winter,No Holiday,Yes,13142
21/05/2018,1483,14,23.4,36,2.8,1947,7.4,3.11,0.0,0.0,Spring,No Holiday,Yes,15826
21/02/2018,50,4,-3.8,32,1.1,2000,-18.1,0.0,0.0,0.0,Winter,No Holiday,Yes,13355
04/12/2017,375,16,-0.2,23,4.7,2000,-18.8,0.55,0.0,0.0,Winter,No Holiday,Yes,14409
19/11/2018,1030,20,6.0,50,1.5,931,-3.6,0.0,0.0,0.0,Autumn,No Holiday,Yes,12092
01/03/2018,311,12,0.5,46,4.7,1172,-9.8,2.49,0.0,0.0,Spring,Holiday,Yes,18127
13/06/2018,1269,10,23.0,57,2.2,1145,14.0,1.1,0.0,0.0,Summer,No Holiday,Yes,15116
23/06/2018,622,7,21.3,44,0.5,1911,8.5,0.2,0.0,0.0,Summer,No Holiday,Yes,14900
11/09/2018,2018,21,22.2,50,1.3,2000,11.2,0.0,0.0,0.0,Autumn,No Holiday,Yes,14920
22/02/2018,331,14,4.8,50,4.3,1168,-4.7,1.01,0.0,0.0,Winter,No Holiday,Yes,13899
11/02/2018,147,19,-5.2,66,3.1,2000,-10.5,0.0,0.0,0.0,Winter,No Holiday,Yes,13400
03/07/2018,1365,23,26.4,78,0.3,2000,22.2,0.0,0.0,0.0,Summer,No Holiday,Yes,11900
29/03/2018,957,16,20.7,38,2.2,741,5.8,1.63,0.0,0.0,Spring,No Holiday,Yes,16051
08/11/2018,21,21,14.0,96,4.1,292,13.3,0.0,18.0,0.0,Autumn,No Holiday,Yes,10643
23/07/2018,985,9,31.0,55,1.5,1945,20.8,1.14,0.0,0.0,Summer,No Holiday,Yes,10752
30/01/2018,100,18,-2.3,91,0.4,202,-3.5,0.0,1.4,2.0,Winter,No Holiday,Yes,13202
29/03/2018,1046,21,14.4,66,1.7,677,8.1,0.0,0.0,0.0,Spring,No Holiday,Yes,13710
12/09/2018,656,6,17.0,63,1.3,2000,9.8,0.0,0.0,0.0,Autumn,No Holiday,Yes,10710
11/06/2018,1647,21,19.0,82,1.0,2000,15.8,0.0,0.0,0.0,Summer,No Holiday,Yes,18342
10/07/2018,136,3,20.6,98,0.8,1986,20.2,0.0,0.5,0.0,Summer,No Holiday,Yes,16519
22/10/2018,1104,9,11.9,50,1.1,1529,1.7,0.75,0.0,0.0,Autumn,No Holiday,Yes,13439
10/10/2018,1006,12,13.7,43,3.4,1980,1.3,1.65,0.0,0.0,Autumn,No Holiday,Yes,11585
30/03/2018,860,13,20.3,27,1.4,1464,0.6,2.87,0.0,0.0,Spring,No Holiday,Yes,18443
22/12/2017,477,17,5.4,61,1.3,691,-1.5,0.08,0.0,0.0,Winter,Holiday,Yes,10970
09/12/2017,222,8,-5.4,56,0.7,1940,-12.8,0.01,0.0,0.0,Winter,No Holiday,Yes,12538
30/04/2018,1791,8,15.8,73,0.5,357,10.9,0.39,0.0,0.0,Spring,No Holiday,Yes,10886
25/12/2017,179,11,-2.8,35,2.9,1984,-16.1,0.87,0.0,0.0,Winter,Holiday,Yes,14036
03/05/2018,516,13,13.4,56,3.7,1693,4.7,0.82,0.1,0.0,Spring,No Holiday,Yes,11039
03/11/2018,0,18,14.2,51,1.5,990,4.1,0.02,0.0,0.0,Autumn,No Holiday,No,16373
28/10/2018,699,0,6.7,55,1.5,2000,-1.7,0.0,0.0,0.0,Autumn,No Holiday,Yes,10762
14/09/2018,1199,14,26.3,58,1.5,1986,17.3,1.37,0.0,0.0,Autumn,No Holiday,Yes,18536
26/06/2018,56,16,23.3,96,3.4,441,22.6,0.08,1.0,0.0,Summer,No Holiday,Yes,11158
04/02/2018,181,16,-5.4,29,3.6,1979,-20.6,1.4,0.0,0.0,Winter,No Holiday,Yes,14818
25/11/2018,250,8,1.4,96,1.0,212,0.8,0.04,0.0,2.5,Autumn,No Holiday,Yes,15738
10/06/2018,1752,13,24.2,48,1.2,1968,12.4,2.19,0.0,0.0,Summer,No Holiday,Yes,16814
28/08/2018,10,20,23.3,97,3.3,183,22.7,0.0,15.5,0.0,Summer,No Holiday,Yes,18356
20/12/2017,204,11,-4.2,51,1.1,1772,-12.8,0.4,0.0,1.9,Winter,No Holiday,Yes,11598
27/11/2018,672,12,9.3,61,1.5,390,2.1,0.85,0.0,0.0,Autumn,No Holiday,Yes,16506
04/05/2018,864,10,16.1,37,2.9,1629,1.3,2.4,0.0,0.0,Spring,No Holiday,Yes,12102
18/04/2018,1918,18,16.6,33,3.4,1182,0.2,0.86,0.0,0.0,Spring,No Holiday,Yes,13600
26/08/2018,1674,20,22.4,64,0.8,2000,15.2,0.0,0.0,0.0,Summer,No Holiday,Yes,17789
21/02/2018,276,11,0.2,22,2.2,1907,-19.0,1.57,0.0,0.0,Winter,No Holiday,Yes,17352
16/06/2018,2383,17,28.4,43,2.0,1806,14.6,1.93,0.0,0.0,Summer,No Holiday,Yes,12157
13/12/2017,263,20,-7.6,35,0.8,2000,-20.4,0.0,0.0,0.0,Winter,No Holiday,Yes,12265
21/03/2018,339,11,4.8,35,2.1,2000,-9.4,1.38,0.0,0.0,Spring,No Holiday,Yes,12859
14/08/2018,1705,20,31.8,59,0.9,2000,22.7,0.0,0.0,0.0,Summer,No Holiday,Yes,10415
05/01/2018,47,4,-5.1,55,1.7,1266,-12.7,0.0,0.0,0.0,Winter,No Holiday,Yes,16265
02/06/2018,1969,22,21.4,48,1.6,2000,9.9,0.0,0.0,0.0,Summer,No Holiday,Yes,10849
10/04/2018,1805,18,19.7,52,7.2,2000,9.5,0.2,0.0,0.0,Spring,No Holiday,Yes,14584
25/01/2018,32,3,-16.0,40,1.9,2000,-26.5,0.0,0.0,0.7,Winter,No Holiday,Yes,10983
03/02/2018,92,22,-9.7,45,3.0,2000,-19.4,0.0,0.0,0.0,Winter,No Holiday,Yes,15553
09/04/2018,1069,22,9.6,41,0.5,1428,-3.0,0.0,0.0,0.0,Spring,No Holiday,Yes,10416
30/09/2018,0,15,21.3,32,3.8,2000,3.9,2.31,0.0,0.0,Autumn,No Holiday,No,11610
26/11/2018,935,16,13.2,44,1.6,710,1.1,0.76,0.0,0.0,Autumn,No Holiday,Yes,18274
04/07/2018,2091,22,25.1,73,2.5,1808,19.9,0.0,0.0,0.0,Summer,No Holiday,Yes,17938
14/04/2018,70,13,8.8,93,1.7,597,7.7,0.38,0.0,0.0,Spring,No Holiday,Yes,14811
24/01/2018,132,21,-14.7,40,3.2,1933,-25.3,0.0,0.0,0.7,Winter,No Holiday,Yes,13954
20/06/2018,1030,0,19.7,71,2.0,1330,14.2,0.0,0.0,0.0,Summer,No Holiday,Yes,15836
02/03/2018,631,17,4.3,21,2.5,1961,-16.1,1.13,0.0,0.0,Spring,No Holiday,Yes,14602
29/06/2018,308,6,21.9,97,0.2,190,21.3,0.0,4.5,0.0,Summer,No Holiday,Yes,16873
26/06/2018,37,6,22.5,83,0.8,537,19.4,0.0,0.4,0.0,Summer,No Holiday,Yes,12126
01/12/2017,360,11,-0.5,21,1.3,1936,-20.2,0.94,0.0,0.0,Winter,No Holiday,Yes,12341
29/01/2018,197,20,-7.4,41,3.8,2000,-18.4,0.0,0.0,0.0,Winter,No Holiday,Yes,16869
25/04/2018,906,23,14.0,45,0.6,1901,2.2,0.0,0.0,0.0,Spring,No Holiday,Yes,10344
04/01/2018,150,1,-6.9,56,2.3,1994,-14.2,0.0,0.0,0.0,Winter,No Holiday,Yes,11764
10/04/2018,839,11,18.5,27,1.3,1610,-0.8,2.59,0.0,0.0,Spring,No Holiday,Yes,11528
30/11/2018,584,23,1.9,43,1.3,1909,-9.3,0.0,0.0,0.0,Autumn,No Holiday,Yes,11636
17/01/2018,75,3,3.0,67,0.8,297,-2.5,0.0,0.0,0.0,Winter,No Holiday,Yes,17868
08/04/2018,137,16,6.1,65,1.5,1465,0.0,0.21,0.0,0.0,Spring,No Holiday,Yes,16928
18/11/2018,1026,16,9.4,39,1.8,1704,-3.8,0.56,0.0,0.0,Autumn,No Holiday,Yes,15025
20/12/2017,153,23,-1.1,87,1.4,349,-2.9,0.0,0.0,2.2,Winter,No Holiday,Yes,15120
17/08/2018,2130,20,28.4,40,1.7,1887,13.4,0.0,0.0,0.0,Summer,No Holiday,Yes,15357
29/10/2018,1069,16,11.3,41,3.6,2000,-1.4,0.94,0.0,0.0,Autumn,No Holiday,Yes,15583
09/09/2018,1185,0,19.6,53,1.5,2000,9.7,0.0,0.0,0.0,Autumn,No Holiday,Yes,17021
14/12/2017,621,8,-10.4,54,1.1,1432,-17.9,0.01,0.0,0.0,Winter,No Holiday,Yes,14477
06/06/2018,1624,22,20.8,78,1.8,763,16.8,0.0,0.0,0.0,Summer,Holiday,Yes,12298
02/09/2018,1853,16,29.3,44,1.4,1997,15.7,1.32,0.0,0.0,Autumn,No Holiday,Yes,17319
03/12/2017,545,17,6.7,82,1.5,358,3.8,0.05,0.0,0.0,Winter,No Holiday,Yes,13454
13/12/2017,392,17,-5.6,29,1.7,2000,-20.8,0.18,0.0,0.0,Winter,No Holiday,Yes,15283
17/03/2018,60,5,1.0,62,0.9,2000,-5.4,0.0,0.0,0.0,Spring,No Holiday,Yes,16915
24/02/2018,298,11,2.2,50,2.4,608,-7.1,1.1,0.0,0.0,Winter,No Holiday,Yes,11042
20/11/2018,1317,19,8.7,34,2.2,1857,-6.3,0.0,0.0,0.0,Autumn,No Holiday,Yes,14033
08/09/2018,1943,16,27.7,32,1.4,2000,9.4,2.05,0.0,0.0,Autumn,No Holiday,Yes,15399
07/01/2018,270,18,1.8,34,1.2,1518,-12.4,0.0,0.0,0.0,Winter,No Holiday,Yes,11614
01/03/2018,460,16,1.4,33,4.8,1480,-13.1,1.98,0.0,0.0,Spring,Holiday,Yes,11286
20/12/2017,225,16,-0.5,48,1.1,1722,-10.1,0.12,0.0,1.6,Winter,No Holiday,Yes,10578
28/07/2018,592,11,32.8,62,0.6,881,24.5,1.3,0.0,0.0,Summer,No Holiday,Yes,17074
25/04/2018,2807,18,21.2,32,3.8,1927,3.8,0.94,0.0,0.0,Spring,No Holiday,Yes,11002
05/07/2018,933,14,28.3,67,3.0,1242,21.5,1.73,0.0,0.0,Summer,No Holiday,Yes,16476
25/08/2018,1357,23,22.9,78,1.4,2000,18.8,0.0,0.0,0.0,Summer,No Holiday,Yes,17662
16/09/2018,1014,11,23.4,61,2.1,1964,15.4,0.91,0.0,0.0,Autumn,No Holiday,Yes,14781
10/07/2018,1603,17,26.5,76,1.0,1400,21.9,0.36,0.0,0.0,Summer,No Holiday,Yes,10879
26/06/2018,203,19,24.2,94,4.7,242,23.1,0.03,1.5,0.0,Summer,No Holiday,Yes,10075
06/12/2017,440,9,-3.3,70,0.0,1324,-7.9,0.25,0.0,0.2,Winter,No Holiday,Yes,10311
15/05/2018,764,0,18.1,77,0.5,287,13.9,0.0,0.0,0.0,Spring,No Holiday,Yes,17661
18/02/2018,183,11,0.0,20,0.8,1975,-20.3,1.05,0.0,0.0,Winter,No Holiday,Yes,17304
23/07/2018,611,11,32.7,48,2.2,1908,20.2,2.53,0.0,0.0,Summer,No Holiday,Yes,15966
08/05/2018,1283,22,13.2,54,2.2,2000,4.0,0.0,0.0,0.0,Spring,No Holiday,Yes,10168
25/11/2018,675,13,8.8,53,1.5,778,-0.2,1.43,0.0,1.8,Autumn,No Holiday,Yes,18507
20/01/2018,89,4,-0.7,65,0.6,1226,-6.4,0.0,0.0,0.0,Winter,No Holiday,Yes,12000
22/08/2018,1025,0,25.1,79,0.5,1891,21.1,0.0,0.0,0.0,Summer,No Holiday,Yes,14652
30/03/2018,678,23,12.1,77,1.4,540,8.1,0.0,0.0,0.0,Spring,No Holiday,Yes,16961
26/06/2018,552,23,21.6,89,4.3,698,19.7,0.0,0.0,0.0,Summer,No Holiday,Yes,14079
26/11/2018,795,9,3.1,77,0.9,457,-0.5,0.4,0.0,0.2,Autumn,No Holiday,Yes,11247
07/08/2018,634,6,26.8,70,0.7,2000,20.8,0.0,0.0,0.0,Summer,No Holiday,Yes,17978
10/11/2018,628,9,10.1,77,0.0,350,6.2,0.45,0.0,0.0,Autumn,No Holiday,Yes,17393
13/04/2018,973,13,19.0,15,1.4,2000,-8.2,2.02,0.0,0.0,Spring,No Holiday,Yes,11902
18/05/2018,1551,17,17.2,81,1.2,2000,13.9,0.57,0.0,0.0,Spring,No Holiday,Yes,15947
19/01/2018,151,6,-1.8,49,1.4,1359,-11.1,0.0,0.0,0.0,Winter,No Holiday,Yes,13155
16/03/2018,85,5,5.2,60,2.0,2000,-1.9,0.0,0.0,0.0,Spring,No Holiday,Yes,11540
20/05/2018,899,10,17.0,37,1.4,2000,2.1,0.94,0.0,0.0,Spring,No Holiday,Yes,17988
17/12/2017,204,18,-4.7,37,1.8,2000,-17.2,0.01,0.0,0.0,Winter,No Holiday,Yes,14892
05/04/2018,75,19,7.6,96,1.5,1309,6.9,0.0,1.5,0.0,Spring,No Holiday,Yes,14208
20/01/2018,406,15,6.3,55,3.0,355,-2.0,0.68,0.0,0.0,Winter,No Holiday,Yes,16314
05/09/2018,983,0,21.1,64,1.5,2000,14.0,0.0,0.0,0.0,Autumn,No Holiday,Yes,12631
02/04/2018,818,13,21.9,48,2.5,1113,10.3,2.14,0.0,0.0,Spring,No Holiday,Yes,11064
10/10/2018,1220,7,12.3,84,3.2,1220,9.6,0.0,0.0,0.0,Autumn,No Holiday,Yes,11892
27/05/2018,174,5,17.6,0,0.8,1304,9.7,0.0,0.0,0.0,Spring,No Holiday,Yes,10923
23/08/2018,740,14,30.5,59,2.0,2000,21.5,0.84,0.1,0.0,Summer,No Holiday,Yes,14537
15/02/2018,123,1,-1.1,38,2.8,1999,-13.6,0.0,0.0,0.0,Winter,Holiday,Yes,16092
30/10/2018,782,11,7.5,36,1.4,1993,-6.6,1.98,0.0,0.0,Autumn,No Holiday,Yes,18165
27/04/2018,258,3,10.7,63,1.1,989,3.9,0.0,0.0,0.0,Spring,No Holiday,Yes,16282
17/06/2018,1563,13,25.7,52,1.1,639,15.0,1.81,0.0,0.0,Summer,No Holiday,Yes,11248
21/09/2018,1720,19,20.3,81,1.0,2000,16.9,0.02,0.0,0.0,Autumn,No Holiday,Yes,17383
17/02/2018,39,6,-6.2,32,2.5,2000,-20.2,0.0,0.0,0.0,Winter,Holiday,Yes,13610
19/04/2018,1313,20,15.5,38,1.7,745,1.2,0.0,0.0,0.0,Spring,No Holiday,Yes,18110
29/05/2018,721,1,20.3,55,1.1,1756,0.0,0.0,0.0,0.0,Spring,No Holiday,Yes,18307
06/02/2018,128,10,-11.3,35,4.2,1848,-23.7,1.15,0.0,0.0,Winter,No Holiday,Yes,10336
08/10/2018,390,1,11.7,52,1.1,2000,2.1,0.0,0.0,0.0,Autumn,No Holiday,Yes,15491
06/06/2018,2104,17,27.4,48,2.7,1084,15.4,1.8,0.0,0.0,Summer,Holiday,Yes,12345
07/12/2017,102,3,1.9,91,1.4,218,0.5,0.0,0.0,0.9,Winter,No Holiday,Yes,16886
10/02/2018,169,2,1.9,71,1.5,584,-2.8,0.0,0.0,0.0,Winter,No Holiday,Yes,17950
06/03/2018,214,6,-1.0,77,0.4,1578,-4.5,0.0,0.0,0.0,Spring,No Holiday,Yes,14541
07/02/2018,218,20,-5.8,44,2.1,1994,-16.1,0.0,0.0,0.0,Winter,No Holiday,Yes,17891
15/05/2018,1080,13,27.8,34,1.5,1306,10.4,3.14,0.0,0.0,Spring,No Holiday,Yes,12124
21/05/2018,262,2,13.9,0,0.9,2000,-2.1,0.0,0.0,0.0,Spring,No Holiday,Yes,14699
20/11/2018,1818,8,0.3,53,0.9,1971,-8.1,0.05,0.0,0.0,Autumn,No Holiday,Yes,17763
30/04/2018,185,5,14.8,63,0.7,492,7.8,0.0,0.0,0.0,Spring,No Holiday,Yes,14163
17/05/2018,467,12,21.7,96,0.8,1773,21.0,0.81,1.5,0.0,Spring,No Holiday,Yes,13171
07/05/2018,1665,13,23.7,44,1.7,1897,10.7,2.35,0.0,0.0,Spring,No Holiday,Yes,11678
03/09/2018,434,10,23.3,89,0.7,1716,21.3,0.2,0.5,0.0,Autumn,No Holiday,Yes,17762
24/02/2018,187,23,-0.6,39,1.3,1731,-12.8,0.0,0.0,0.0,Winter,No Holiday,Yes,12894
17/09/2018,1445,16,27.6,37,2.8,1935,11.5,1.9,0.0,0.0,Autumn,No Holiday,Yes,13696
30/06/2018,919,23,22.9,92,0.6,989,21.5,0.0,0.0,0.0,Summer,No Holiday,Yes,11221
04/01/2018,284,13,-2.0,32,1.0,1864,-16.5,0.91,0.0,0.0,Winter,No Holiday,Yes,10120
23/03/2018,690,12,9.3,37,2.3,940,-4.6,2.72,0.0,0.0,Spring,No Holiday,Yes,10289
04/11/2018,1145,12,16.3,33,2.9,1530,0.0,2.13,0.0,0.0,Autumn,No Holiday,Yes,18215
02/08/2018,547,11,35.3,45,1.7,1829,21.5,2.27,0.0,0.0,Summer,No Holiday,Yes,18343
10/11/2018,372,3,10.3,81,0.7,361,7.1,0.0,0.0,0.0,Autumn,No Holiday,Yes,10483
01/08/2018,501,2,29.5,69,0.8,2000,23.2,0.0,0.0,0.0,Summer,No Holiday,Yes,13853
09/01/2018,265,13,-2.6,45,4.0,1663,-12.9,1.11,0.0,0.3,Winter,No Holiday,Yes,11843
02/01/2018,295,15,1.5,22,3.0,1998,-17.9,0.76,0.0,0.0,Winter,No Holiday,Yes,18661
10/12/2017,20,7,-0.4,92,1.1,121,-1.5,0.0,0.0,4.0,Winter,No Holiday,Yes,17421
12/04/2018,1029,13,18.1,18,5.1,1939,-6.6,3.2,0.0,0.0,Spring,No Holiday,Yes,14022
16/11/2018,699,10,9.4,55,0.1,570,0.7,0.49,0.0,0.0,Autumn,No Holiday,Yes,10194
17/05/2018,28,9,19.7,98,0.5,659,19.3,0.05,10.0,0.0,Spring,No Holiday,Yes,14394
08/03/2018,49,0,5.2,83,1.5,733,2.5,0.0,0.5,0.0,Spring,No Holiday,Yes,17364
23/12/2017,312,2,5.6,76,1.6,641,1.6,0.0,0.0,0.0,Winter,No Holiday,Yes,16613
12/12/2017,260,20,-8.4,42,1.0,2000,-19.0,0.0,0.0,0.0,Winter,No Holiday,Yes,11685
03/10/2018,2200,15,24.1,34,2.0,1996,7.2,2.14,0.0,0.0,Autumn,Holiday,Yes,18710
03/03/2018,93,4,0.6,43,0.9,1599,-10.5,0.0,0.0,0.0,Spring,No Holiday,Yes,17798
01/01/2018,62,4,-4.2,53,1.1,1994,-12.3,0.0,0.0,0.0,Winter,Holiday,Yes,18176
24/04/2018,1462,17,15.1,52,1.9,2000,5.3,0.64,0.0,0.0,Spring,No Holiday,Yes,17701
03/08/2018,1421,22,30.6,64,1.2,1705,23.0,0.0,0.0,0.0,Summer,No Holiday,Yes,13177
09/08/2018,1088,7,27.9,81,1.8,1497,24.3,0.12,0.0,0.0,Summer,No Holiday,Yes,13713
09/07/2018,68,16,20.2,91,1.2,1637,18.6,0.42,1.0,0.0,Summer,No Holiday,Yes,13117
09/09/2018,165,5,16.3,66,0.5,2000,9.9,0.0,0.0,0.0,Autumn,No Holiday,Yes,13514
31/08/2018,217,5,23.1,84,0.5,1022,20.2,0.0,0.0,0.0,Summer,No Holiday,Yes,13852
28/01/2018,189,12,-3.5,26,2.5,1756,-20.2,1.07,0.0,0.0,Winter,No Holiday,Yes,14911
08/07/2018,1208,0,20.7,51,1.7,2000,10.1,0.0,0.0,0.0,Summer,No Holiday,Yes,11687
16/05/2018,225,23,22.0,97,0.9,158,21.4,0.0,0.0,0.0,Spring,No Holiday,Yes,17051
28/08/2018,1841,8,23.4,83,0.8,1998,20.3,0.32,0.0,0.0,Summer,No Holiday,Yes,10152
12/12/2017,256,22,-9.0,45,1.3,1999,-18.7,0.0,0.0,0.0,Winter,No Holiday,Yes,11281
31/03/2018,537,0,11.7,77,1.3,588,7.7,0.0,0.0,0.0,Spring,No Holiday,Yes,18184
19/08/2018,260,6,23.1,64,0.6,2000,15.9,0.0,0.0,0.0,Summer,No Holiday,Yes,18222
27/04/2018,1812,19,18.7,53,2.7,753,8.9,0.24,0.0,0.0,Spring,No Holiday,Yes,14088
04/07/2018,372,3,24.9,83,0.2,1857,21.8,0.0,0.0,0.0,Summer,No Holiday,Yes,12022
27/12/2017,66,5,-9.4,36,1.9,2000,-21.7,0.0,0.0,0.0,Winter,No Holiday,Yes,17621
29/03/2018,583,11,16.1,63,1.2,555,9.0,1.08,0.0,0.0,Spring,No Holiday,Yes,15222
02/05/2018,170,3,18.5,82,0.8,342,15.3,0.0,0.0,0.0,Spring,No Holiday,Yes,11672
08/11/2018,40,18,12.9,97,0.0,406,12.4,0.0,9.0,0.0,Autumn,No Holiday,Yes,12836
21/09/2018,98,11,18.9,91,1.8,1938,17.3,0.64,0.5,0.0,Autumn,No Holiday,Yes,15590
05/08/2018,978,17,32.8,61,4.0,1878,24.2,1.46,0.0,0.0,Summer,No Holiday,Yes,12524
12/09/2018,1066,13,26.8,45,1.8,1984,13.8,2.6,0.0,0.0,Autumn,No Holiday,Yes,15698
15/02/2018,74,3,-1.4,34,2.1,2000,-15.2,0.0,0.0,0.0,Winter,Holiday,Yes,13172
21/10/2018,315,7,7.2,76,0.5,1113,3.2,0.0,0.0,0.0,Autumn,No Holiday,Yes,12817
01/09/2018,338,4,21.2,88,0.9,1183,19.1,0.0,0.0,0.0,Autumn,No Holiday,Yes,15630
28/03/2018,629,12,16.5,57,3.8,881,7.9,1.55,0.0,0.0,Spring,No Holiday,Yes,11786
06/08/2018,1371,22,30.1,72,0.4,1806,24.4,0.0,0.0,0.0,Summer,No Holiday,Yes,16447
01/12/2017,484,16,1.2,54,4.2,793,-7.0,0.24,0.0,0.0,Winter,No Holiday,Yes,16838
11/09/2018,1102,13,25.7,40,2.2,1997,11.0,2.98,0.0,0.0,Autumn,No Holiday,Yes,17266
06/12/2017,190,20,1.2,94,0.6,228,0.3,0.0,0.0,1.0,Winter,No Holiday,Yes,12070
23/03/2018,1108,17,11.2,27,3.5,1585,-7.1,1.19,0.0,0.0,Spring,No Holiday,Yes,12059
29/08/2018,24,19,23.5,97,0.3,323,22.9,0.0,6.5,0.0,Summer,No Holiday,Yes,14901
30/07/2018,2347,18,36.5,38,0.9,2000,19.8,1.17,0.0,0.0,Summer,No Holiday,Yes,12344
19/07/2018,2122,21,28.8,69,2.4,1619,22.5,0.0,0.0,0.0,Summer,No Holiday,Yes,18191
27/03/2018,560,11,15.8,40,1.9,647,2.2,1.95,0.0,0.0,Spring,No Holiday,Yes,17121
26/06/2018,24,13,20.5,97,1.2,338,20.0,0.11,14.5,0.0,Summer,No Holiday,Yes,12396
16/05/2018,81,10,22.8,95,1.7,176,21.9,0.05,1.0,0.0,Spring,No Holiday,Yes,11655
12/09/2018,1165,12,26.3,44,1.2,1966,13.0,2.91,0.0,0.0,Autumn,No Holiday,Yes,16819
08/03/2018,19,2,4.2,88,0.9,553,2.3,0.0,0.0,0.0,Spring,No Holiday,Yes,12849
14/11/2018,1269,20,10.5,52,1.4,1153,1.0,0.0,0.0,0.0,Autumn,No Holiday,Yes,15813
04/10/2018,0,15,25.3,39,1.6,2000,10.3,1.88,0.0,0.0,Autumn,No Holiday,No,12257
20/07/2018,428,3,25.4,84,0.9,1174,22.4,0.0,0.0,0.0,Summer,No Holiday,Yes,15578
19/02/2018,42,3,-1.4,41,1.6,1870,-12.9,0.0,0.0,0.0,Winter,No Holiday,Yes,11196
09/07/2018,99,13,20.3,87,1.0,771,18.0,0.31,0.5,0.0,Summer,No Holiday,Yes,10288
06/04/2018,447,21,4.0,67,3.0,794,-1.5,0.0,0.0,0.0,Spring,No Holiday,Yes,16661
16/03/2018,102,3,6.1,67,2.6,2000,0.4,0.0,0.0,0.0,Spring,No Holiday,Yes,12234
17/02/2018,155,11,-2.8,19,2.6,1957,-23.2,1.91,0.0,0.0,Winter,Holiday,Yes,13489
14/10/2018,1767,14,18.9,31,2.6,1936,1.3,2.37,0.0,0.0,Autumn,No Holiday,Yes,18132
03/07/2018,2598,19,30.4,62,0.9,2000,22.2,0.65,0.1,0.0,Summer,No Holiday,Yes,12763
21/12/2017,169,10,-3.0,71,0.7,608,-7.5,0.67,0.0,2.1,Winter,No Holiday,Yes,11741
13/08/2018,677,11,31.7,58,1.1,1584,22.4,1.27,0.0,0.0,Summer,No Holiday,Yes,18735
09/01/2018,262,16,-2.4,56,3.3,1541,-9.9,0.35,0.0,0.0,Winter,No Holiday,Yes,14459
02/08/2018,550,13,36.7,44,1.4,1765,22.4,1.9,0.0,0.0,Summer,No Holiday,Yes,17024
23/03/2018,849,15,12.1,30,3.0,1120,-4.9,2.41,0.0,0.0,Spring,No Holiday,Yes,14832
17/02/2018,98,9,-6.5,26,2.4,1874,-22.8,0.64,0.0,0.0,Winter,Holiday,Yes,18423
01/08/2018,1033,17,39.0,41,2.6,1881,23.3,1.83,0.0,0.0,Summer,No Holiday,Yes,12372
12/01/2018,30,4,-14.3,45,2.0,2000,-23.6,0.0,0.0,0.0,Winter,No Holiday,Yes,12504
18/11/2018,905,13,9.9,37,2.1,1900,-4.1,1.32,0.0,0.0,Autumn,No Holiday,Yes,14071
07/04/2018,122,3,1.5,82,3.5,372,-1.2,0.0,0.1,0.0,Spring,No Holiday,Yes,11771
13/02/2018,106,2,-6.0,58,2.0,2000,-12.9,0.0,0.0,0.0,Winter,No Holiday,Yes,18686
04/10/2018,0,7,13.2,75,0.8,1780,8.8,0.01,0.0,0.0,Autumn,No Holiday,No,18563
03/02/2018,91,23,-10.0,48,2.6,2000,-18.9,0.0,0.0,0.0,Winter,No Holiday,Yes,12404
15/05/2018,562,6,15.4,84,0.8,235,12.7,0.03,0.0,0.0,Spring,No Holiday,Yes,10220
31/05/2018,1134,12,23.7,44,1.3,1624,10.7,3.2,0.0,0.0,Spring,No Holiday,Yes,16709
06/09/2018,247,5,21.7,87,0.6,846,19.4,0.0,0.0,0.0,Autumn,No Holiday,Yes,16463
04/12/2017,509,9,-1.5,47,4.2,1888,-11.3,0.22,0.0,0.0,Winter,No Holiday,Yes,18064
23/06/2018,375,4,21.6,47,0.4,1985,9.7,0.0,0.0,0.0,Summer,No Holiday,Yes,15596
07/11/2018,194,6,11.0,91,1.0,124,9.5,0.0,1.0,0.0,Autumn,No Holiday,Yes,17539
07/03/2018,194,1,2.8,46,2.0,1709,-7.6,0.0,0.0,0.0,Spring,No Holiday,Yes,14573
31/01/2018,216,16,-0.1,29,1.6,2000,-16.0,0.5,0.0,1.8,Winter,No Holiday,Yes,14530
26/12/2017,350,17,-3.6,20,3.7,2000,-23.3,0.23,0.0,0.0,Winter,No Holiday,Yes,15008
31/01/2018,124,7,-3.5,83,1.6,953,-5.9,0.0,0.0,3.5,Winter,No Holiday,Yes,10821
16/04/2018,1355,21,11.1,39,1.5,1734,-2.3,0.0,0.0,0.0,Spring,No Holiday,Yes,18635
06/10/2018,1236,15,21.0,67,4.1,2000,14.6,2.05,0.0,0.0,Autumn,No Holiday,Yes,16624
16/06/2018,1525,12,24.8,43,1.2,1943,11.3,3.27,0.0,0.0,Summer,No Holiday,Yes,18364
13/03/2018,88,4,6.2,59,0.8,493,-1.2,0.0,0.0,0.0,Spring,No Holiday,Yes,11911
02/04/2018,993,15,23.7,43,2.8,1347,10.3,2.28,0.0,0.0,Spring,No Holiday,Yes,12031
06/05/2018,16,7,15.1,97,0.5,311,14.6,0.03,2.5,0.0,Spring,No Holiday,Yes,15242
20/06/2018,340,3,19.4,79,0.8,563,15.6,0.0,0.0,0.0,Summer,No Holiday,Yes,16071
12/05/2018,17,15,13.3,97,0.8,194,12.8,0.12,3.0,0.0,Spring,No Holiday,Yes,12946
13/11/2018,1208,20,9.5,44,1.8,1991,-2.1,0.0,0.0,0.0,Autumn,No Holiday,Yes,17706
24/12/2017,3,9,4.6,94,0.9,90,3.7,0.0,6.4,0.0,Winter,Holiday,Yes,14408
28/06/2018,931,23,21.7,96,0.3,293,21.0,0.0,0.0,0.0,Summer,No Holiday,Yes,16975
02/08/2018,850,0,31.9,67,1.5,1550,25.0,0.0,0.0,0.0,Summer,No Holiday,Yes,13623
13/01/2018,249,16,-1.2,63,0.9,876,-7.3,0.19,0.0,0.0,Winter,No Holiday,Yes,13417
30/07/2018,1947,20,33.9,46,1.4,2000,20.6,0.03,0.0,0.0,Summer,No Holiday,Yes,11703
29/05/2018,1041,21,19.9,93,1.4,416,18.7,0.0,0.0,0.0,Spring,No Holiday,Yes,15487
01/07/2018,11,11,21.2,97,1.2,105,20.6,0.15,18.5,0.0,Summer,No Holiday,Yes,17884
26/10/2018,54,11,12.4,87,1.0,317,10.2,0.24,1.0,0.0,Autumn,No Holiday,Yes,12661
25/01/2018,170,17,-10.9,32,4.0,2000,-24.4,0.28,0.0,0.5,Winter,No Holiday,Yes,12098
19/08/2018,425,3,24.0,59,0.6,2000,15.4,0.0,0.0,0.0,Summer,No Holiday,Yes,11484
23/05/2018,1012,11,18.9,42,3.8,2000,5.6,3.13,0.0,0.0,Spring,No Holiday,Yes,18384
03/11/2018,0,10,11.0,49,0.7,957,0.6,1.4,0.0,0.0,Autumn,No Holiday,No,14513
06/03/2018,475,11,6.3,41,1.3,1519,-6.0,2.12,0.0,0.0,Spring,No Holiday,Yes,11924
11/03/2018,1294,15,11.9,26,2.8,1338,-7.0,2.34,0.0,0.0,Spring,No Holiday,Yes,12730
23/02/2018,55,1,0.6,96,2.1,118,0.0,0.0,0.0,4.0,Winter,No Holiday,Yes,16556
05/09/2018,1219,23,23.0,83,1.8,1469,19.9,0.0,0.0,0.0,Autumn,No Holiday,Yes,16825
27/06/2018,152,3,19.4,97,2.9,282,18.9,0.0,0.0,0.0,Summer,No Holiday,Yes,12621
24/11/2018,349,20,2.6,86,1.7,676,0.4,0.0,0.0,3.3,Autumn,No Holiday,Yes,11289
15/07/2018,613,8,26.2,75,0.9,1560,21.4,0.77,0.0,0.0,Summer,No Holiday,Yes,16332
11/11/2018,117,6,6.6,84,1.2,373,4.0,0.0,0.0,0.0,Autumn,No Holiday,Yes,14864
02/04/2018,111,3,15.6,81,1.2,628,12.3,0.0,0.0,0.0,Spring,No Holiday,Yes,13619
27/04/2018,663,0,11.8,59,2.4,1535,4.0,0.0,0.0,0.0,Spring,No Holiday,Yes,15406
08/11/2018,12,20,13.9,97,2.5,594,13.4,0.0,0.0,0.0,Autumn,No Holiday,Yes,14492
24/11/2018,507,1,2.4,30,1.3,2000,-13.4,0.0,0.0,0.0,Autumn,No Holiday,Yes,17653
27/10/2018,1176,17,9.5,34,5.7,2000,-5.6,0.45,0.0,0.0,Autumn,No Holiday,Yes,12771
21/07/2018,1202,18,35.0,42,2.9,1953,20.1,1.26,0.0,0.0,Summer,No Holiday,Yes,11834
05/01/2018,202,0,-4.7,52,1.8,1611,-13.0,0.0,0.0,0.0,Winter,No Holiday,Yes,13668
22/09/2018,1532,14,25.2,28,4.4,2000,5.3,2.76,0.0,0.0,Autumn,No Holiday,Yes,15725
12/11/2018,889,13,13.3,36,2.1,1283,-1.4,1.99,0.0,0.0,Autumn,No Holiday,Yes,11157
04/07/2018,831,10,28.5,65,1.5,1519,21.2,1.74,0.0,0.0,Summer,No Holiday,Yes,14312
10/12/2017,35,8,-0.2,90,1.2,378,-1.6,0.0,0.0,4.1,Winter,No Holiday,Yes,16896
28/05/2018,440,1,16.7,60,0.8,1806,8.8,0.0,0.0,0.0,Spring,No Holiday,Yes,10390
17/01/2018,501,18,5.2,62,2.9,503,-1.5,0.01,0.0,0.0,Winter,No Holiday,Yes,13783
04/07/2018,1191,9,27.4,68,0.5,1941,20.9,1.31,0.0,0.0,Summer,No Holiday,Yes,16490
20/06/2018,1184,13,26.2,51,3.2,1078,15.2,3.36,0.0,0.0,Summer,No Holiday,Yes,17975
21/04/2018,1986,18,22.2,11,3.0,2000,-9.7,0.98,0.0,0.0,Spring,No Holiday,Yes,17968
10/09/2018,934,11,25.3,44,1.2,1948,12.1,2.59,0.0,0.0,Autumn,No Holiday,Yes,14768
10/07/2018,1665,18,26.2,82,0.4,1408,22.8,0.21,0.0,0.0,Summer,No Holiday,Yes,17575
10/09/2018,226,5,19.1,62,1.6,2000,11.6,0.0,0.0,0.0,Autumn,No Holiday,Yes,18751
18/11/2018,371,8,2.6,53,0.7,1548,-6.0,0.03,0.0,0.0,Autumn,No Holiday,Yes,15561
18/02/2018,52,7,-4.6,31,1.2,2000,-19.2,0.0,0.0,0.0,Winter,No Holiday,Yes,11660
03/07/2018,1783,17,32.4,50,2.2,2000,20.6,1.92,0.0,0.0,Summer,No Holiday,Yes,12034
11/06/2018,1220,16,22.0,60,1.8,2000,13.8,0.14,0.0,0.0,Summer,No Holiday,Yes,13467
17/10/2018,1083,14,18.3,24,1.7,1983,-2.6,2.4,0.0,0.0,Autumn,No Holiday,Yes,12883
03/11/2018,0,6,5.5,78,0.6,983,1.9,0.0,0.0,0.0,Autumn,No Holiday,No,12281
23/04/2018,41,16,9.6,96,1.7,1409,8.9,0.23,1.0,0.0,Spring,No Holiday,Yes,15563
30/04/2018,1094,12,22.2,50,2.0,564,11.2,2.65,0.0,0.0,Spring,No Holiday,Yes,12471
21/07/2018,1423,19,33.4,51,2.6,2000,21.8,0.59,0.0,0.0,Summer,No Holiday,Yes,18708
06/07/2018,2223,20,23.8,55,2.3,2000,14.2,0.05,0.0,0.0,Summer,No Holiday,Yes,17731
17/10/2018,381,2,10.8,77,0.3,1268,6.9,0.0,0.0,0.0,Autumn,No Holiday,Yes,18219
20/07/2018,791,11,31.6,54,1.3,990,21.1,2.84,0.0,0.0,Summer,No Holiday,Yes,10818
21/08/2018,608,7,23.4,94,2.4,1773,22.3,0.02,2.0,0.0,Summer,No Holiday,Yes,16341
10/09/2018,3298,18,25.9,42,1.1,2000,11.9,0.48,0.0,0.0,Autumn,No Holiday,Yes,16857
06/11/2018,0,19,13.3,72,1.1,234,8.3,0.0,0.0,0.0,Autumn,No Holiday,No,14807
01/01/2018,125,19,-0.1,39,1.3,1911,-12.4,0.0,0.0,0.0,Winter,Holiday,Yes,13502
11/11/2018,832,15,10.2,58,2.0,573,2.2,0.29,0.0,0.0,Autumn,No Holiday,Yes,14943
28/05/2018,185,3,17.1,56,0.4,1583,8.2,0.0,0.0,0.0,Spring,No Holiday,Yes,15392
28/08/2018,60,16,25.0,97,0.7,1181,24.4,0.17,2.5,0.0,Summer,No Holiday,Yes,14906
28/09/2018,0,17,21.7,52,1.1,2000,11.4,0.79,0.0,0.0,Autumn,No Holiday,No,13492
22/04/2018,136,5,14.8,38,0.6,2000,0.5,0.0,0.0,0.0,Spring,No Holiday,Yes,18036
05/01/2018,635,18,-1.8,44,2.2,1709,-12.4,0.01,0.0,0.0,Winter,No Holiday,Yes,13552
13/09/2018,1097,14,27.2,49,1.5,1945,15.5,2.54,0.0,0.0,Autumn,No Holiday,Yes,14386
12/08/2018,568,9,29.7,55,1.6,2000,19.6,1.44,0.0,0.0,Summer,No Holiday,Yes,14205
26/12/2017,296,7,-2.9,73,1.9,1911,-7.0,0.0,0.0,0.0,Winter,No Holiday,Yes,15486
16/04/2018,1452,16,18.5,24,3.0,1773,-2.4,2.27,0.0,0.0,Spring,No Holiday,Yes,14058
17/08/2018,572,2,22.8,50,1.4,2000,11.8,0.0,0.0,0.0,Summer,No Holiday,Yes,17332
07/02/2018,237,9,-12.0,50,1.3,1523,-20.3,0.43,0.0,0.0,Winter,No Holiday,Yes,17960
11/05/2018,1177,13,20.8,45,2.8,688,8.4,3.17,0.0,0.0,Spring,No Holiday,Yes,13018
24/02/2018,412,13,5.3,29,2.1,1007,-11.3,2.08,0.0,0.0,Winter,No Holiday,Yes,18407
11/12/2017,247,12,-5.2,33,4.6,1973,-19.0,1.26,0.0,0.0,Winter,No Holiday,Yes,16962
08/04/2018,141,3,2.0,50,2.0,2000,-7.3,0.0,0.0,0.0,Spring,No Holiday,Yes,11216
27/09/2018,1364,7,13.2,60,0.5,2000,5.5,0.02,0.0,0.0,Autumn,No Holiday,Yes,13754
04/10/2018,0,19,22.3,50,1.4,2000,11.3,0.0,0.0,0.0,Autumn,No Holiday,No,18261
20/11/2018,478,0,3.8,42,1.7,1458,-7.9,0.0,0.0,0.0,Autumn,No Holiday,Yes,17519
21/02/2018,385,7,-4.1,35,3.5,1980,-17.3,0.0,0.0,0.0,Winter,No Holiday,Yes,15281
10/03/2018,470,21,5.0,73,2.2,1173,0.5,0.0,0.0,0.0,Spring,No Holiday,Yes,16641
28/07/2018,340,4,28.3,83,1.7,814,25.1,0.0,0.0,0.0,Summer,No Holiday,Yes,11517
23/03/2018,638,22,5.3,63,1.8,591,-1.1,0.0,0.0,0.0,Spring,No Holiday,Yes,16321
03/03/2018,605,12,10.7,16,1.7,1657,-14.1,2.56,0.0,0.0,Spring,No Holiday,Yes,14977
08/12/2017,131,2,-4.3,53,1.0,1918,-12.4,0.0,0.0,0.0,Winter,No Holiday,Yes,14198
01/03/2018,92,3,1.6,97,2.3,469,1.1,0.0,0.1,0.0,Spring,Holiday,Yes,17173
12/10/2018,1292,21,11.0,60,1.1,1995,3.5,0.0,0.0,0.0,Autumn,No Holiday,Yes,17262
25/06/2018,1293,9,25.4,61,1.0,1079,17.3,1.28,0.0,0.0,Summer,No Holiday,Yes,12273
24/03/2018,113,6,4.2,50,0.6,633,-5.3,0.0,0.0,0.0,Spring,No Holiday,Yes,17068
14/05/2018,1106,9,15.1,74,0.6,437,10.4,0.76,0.0,0.0,Spring,No Holiday,Yes,15166
28/12/2017,326,9,-4.3,38,0.7,1877,-16.5,0.04,0.0,0.0,Winter,No Holiday,Yes,17135
09/10/2018,0,9,12.8,57,1.2,1838,4.4,0.55,0.0,0.0,Autumn,Holiday,No,11795
18/03/2018,460,10,7.2,53,1.6,709,-1.7,0.45,0.0,0.0,Spring,No Holiday,Yes,10907
12/06/2018,740,6,16.7,85,1.0,2000,14.1,0.03,0.0,0.0,Summer,No Holiday,Yes,17474
17/01/2018,286,20,3.5,72,1.7,361,-1.0,0.0,0.0,0.0,Winter,No Holiday,Yes,16817
04/09/2018,1233,23,21.7,60,0.5,2000,13.5,0.0,0.0,0.0,Autumn,No Holiday,Yes,17235
19/08/2018,611,2,24.5,59,0.3,2000,15.9,0.0,0.0,0.0,Summer,No Holiday,Yes,10436
30/01/2018,220,11,-4.5,29,1.3,1912,-19.8,0.79,0.0,0.0,Winter,No Holiday,Yes,15488
23/09/2018,439,8,17.0,69,1.2,2000,11.2,0.3,0.0,0.0,Autumn,Holiday,Yes,11762
20/03/2018,478,14,7.3,38,3.4,1997,-6.1,1.6,0.0,0.0,Spring,No Holiday,Yes,11686
26/08/2018,600,2,22.1,84,0.6,2000,19.2,0.0,0.0,0.0,Summer,No Holiday,Yes,13201
28/09/2018,0,3,15.3,59,1.6,2000,7.3,0.0,0.0,0.0,Autumn,No Holiday,No,16008
01/05/2018,1493,13,23.0,63,3.1,494,15.5,1.92,0.0,0.0,Spring,Holiday,Yes,12200
23/12/2017,258,20,5.9,75,1.5,222,1.7,0.0,0.0,0.0,Winter,No Holiday,Yes,10676
30/04/2018,362,1,14.4,60,1.7,580,6.7,0.0,0.0,0.0,Spring,No Holiday,Yes,18512
02/01/2018,186,23,-3.8,35,2.3,2000,-17.0,0.0,0.0,0.0,Winter,No Holiday,Yes,10721
15/04/2018,102,6,5.6,85,1.2,769,3.2,0.0,0.0,0.0,Spring,No Holiday,Yes,10187
21/03/2018,374,10,3.6,37,1.3,2000,-9.7,0.83,0.0,0.0,Spring,No Holiday,Yes,14329
04/11/2018,378,2,8.2,62,0.2,1415,1.3,0.0,0.0,0.0,Autumn,No Holiday,Yes,17221
28/05/2018,1247,23,20.9,53,1.6,1712,10.9,0.0,0.0,0.0,Spring,No Holiday,Yes,11198
03/03/2018,1197,17,15.0,22,2.5,1946,-6.5,0.96,0.0,0.0,Spring,No Holiday,Yes,18039
28/11/2018,804,22,3.2,34,1.3,1787,-11.1,0.0,0.0,0.0,Autumn,No Holiday,Yes,12620
01/07/2018,30,13,21.2,97,1.1,760,20.6,0.2,3.5,0.0,Summer,No Holiday,Yes,15593
28/11/2018,675,14,10.3,14,1.1,1880,-16.1,1.7,0.0,0.0,Autumn,No Holiday,Yes,12632
18/12/2017,165,20,3.3,65,3.2,1172,-2.6,0.0,0.0,2.7,Winter,No Holiday,Yes,13520
25/11/2018,142,7,1.3,96,0.9,198,0.7,0.0,0.0,2.5,Autumn,No Holiday,Yes,16707
20/01/2018,356,13,6.3,55,3.0,792,-2.0,0.85,0.0,0.0,Winter,No Holiday,Yes,10324
19/04/2018,1489,19,17.4,34,2.2,779,1.3,0.16,0.0,0.0,Spring,No Holiday,Yes,13294
15/04/2018,582,10,10.3,62,2.1,914,3.3,1.76,0.0,0.0,Spring,No Holiday,Yes,11047
13/06/2018,2088,14,26.6,50,2.4,1119,15.3,2.95,0.0,0.0,Summer,No Holiday,Yes,10349
30/04/2018,1044,23,17.9,79,0.4,323,14.1,0.0,0.0,0.0,Spring,No Holiday,Yes,10864
08/07/2018,1693,15,27.6,37,1.9,2000,11.5,2.58,0.0,0.0,Summer,No Holiday,Yes,16853
24/05/2018,161,4,11.7,64,1.6,1578,5.1,0.0,0.0,0.0,Spring,No Holiday,Yes,16522
08/07/2018,253,5,18.1,57,1.4,2000,9.4,0.0,0.0,0.0,Summer,No Holiday,Yes,16557
14/01/2018,210,20,3.5,55,1.0,1100,-4.7,0.0,0.0,0.0,Winter,No Holiday,Yes,10090
23/10/2018,652,13,13.5,82,0.8,962,10.4,1.33,0.0,0.0,Autumn,No Holiday,Yes,10140
29/01/2018,438,18,-6.6,34,2.5,2000,-19.8,0.06,0.0,0.0,Winter,No Holiday,Yes,17857
11/07/2018,1298,23,26.9,79,0.1,1541,22.9,0.0,0.0,0.0,Summer,No Holiday,Yes,13267
17/01/2018,227,23,2.7,74,0.8,291,-1.4,0.0,0.0,0.0,Winter,No Holiday,Yes,11215
30/03/2018,1460,17,19.4,45,2.9,778,7.1,1.13,0.0,0.0,Spring,No Holiday,Yes,11684
11/07/2018,240,0,24.6,96,0.7,308,23.9,0.0,0.5,0.0,Summer,No Holiday,Yes,11705
21/09/2018,1551,20,20.0,82,0.4,2000,16.8,0.0,0.0,0.0,Autumn,No Holiday,Yes,15484
27/06/2018,1238,9,20.0,96,1.6,287,19.3,0.39,0.0,0.0,Summer,No Holiday,Yes,16188
11/03/2018,666,12,9.2,40,2.6,592,-3.7,2.47,0.0,0.0,Spring,No Holiday,Yes,10159
25/05/2018,1250,7,14.4,66,1.1,704,8.1,0.42,0.0,0.0,Spring,No Holiday,Yes,13774
13/04/2018,257,2,9.7,23,1.4,2000,-10.4,0.0,0.0,0.0,Spring,No Holiday,Yes,18046
15/09/2018,1212,11,25.2,64,1.2,1938,17.8,1.31,0.0,0.0,Autumn,No Holiday,Yes,12395
30/03/2018,739,11,17.8,26,2.6,1822,-1.9,2.37,0.0,0.0,Spring,No Holiday,Yes,16007
30/10/2018,1357,17,9.9,40,2.6,2000,-3.0,0.47,0.0,0.0,Autumn,No Holiday,Yes,12040
19/11/2018,277,1,5.9,60,0.5,1332,-1.2,0.0,0.0,0.0,Autumn,No Holiday,Yes,18263
30/11/2018,1384,18,4.7,34,1.9,1661,-9.8,0.0,0.0,0.0,Autumn,No Holiday,Yes,14374
27/11/2018,740,22,6.6,33,2.1,722,-8.5,0.0,0.0,0.0,Autumn,No Holiday,Yes,15541
19/09/2018,0,4,19.5,70,0.5,2000,13.8,0.0,0.0,0.0,Autumn,No Holiday,No,14976
14/05/2018,1648,22,19.6,71,0.6,325,14.1,0.0,0.0,0.0,Spring,No Holiday,Yes,16083
07/02/2018,51,3,-12.5,49,1.5,1885,-21.0,0.0,0.0,0.0,Winter,No Holiday,Yes,11563
31/08/2018,982,12,27.8,47,2.9,1905,15.4,2.99,0.0,0.0,Summer,No Holiday,Yes,11168
12/09/2018,691,1,19.6,56,1.2,2000,10.5,0.0,0.0,0.0,Autumn,No Holiday,Yes,16714
06/07/2018,3196,18,25.9,52,2.1,2000,15.2,0.57,0.0,0.0,Summer,No Holiday,Yes,16779
21/08/2018,898,0,28.3,59,3.7,1945,19.5,0.0,0.0,0.0,Summer,No Holiday,Yes,15172
08/03/2018,586,20,3.3,74,2.6,494,-0.8,0.0,0.0,0.0,Spring,No Holiday,Yes,15992
14/10/2018,1593,13,18.1,32,1.5,1684,1.1,2.21,0.0,0.0,Autumn,No Holiday,Yes,14769
19/07/2018,1870,22,28.0,76,1.5,1542,23.3,0.0,0.0,0.0,Summer,No Holiday,Yes,14414
12/05/2018,50,23,15.8,98,1.6,235,15.4,0.0,1.0,0.0,Spring,No Holiday,Yes,11170
17/05/2018,141,10,20.1,98,1.2,885,19.7,0.13,2.0,0.0,Spring,No Holiday,Yes,13370
26/03/2018,422,11,12.6,60,2.4,281,5.0,2.23,0.0,0.0,Spring,No Holiday,Yes,18160
28/10/2018,55,6,6.9,86,1.7,1988,4.7,0.0,1.5,0.0,Autumn,No Holiday,Yes,12630
18/11/2018,335,2,2.9,49,2.0,1989,-6.7,0.0,0.0,0.0,Autumn,No Holiday,Yes,17760
24/02/2018,233,20,1.1,32,1.4,1785,-13.8,0.0,0.0,0.0,Winter,No Holiday,Yes,15531
31/05/2018,188,4,14.8,85,0.7,478,12.2,0.0,0.0,0.0,Spring,No Holiday,Yes,14567
28/10/2018,512,23,6.0,74,1.1,2000,1.7,0.0,0.0,0.0,Autumn,No Holiday,Yes,10051
02/02/2018,225,21,-2.0,61,1.7,1655,-8.5,0.0,0.0,0.0,Winter,No Holiday,Yes,10196
23/06/2018,2288,19,25.7,59,2.8,1083,17.0,0.38,0.0,0.0,Summer,No Holiday,Yes,14844
11/12/2017,361,17,-7.1,44,4.2,2000,-17.3,0.18,0.0,0.0,Winter,No Holiday,Yes,14111
02/03/2018,343,9,-4.6,34,1.2,1583,-18.1,0.87,0.0,0.0,Spring,No Holiday,Yes,18035
05/12/2017,82,5,-7.4,33,2.6,2000,-20.9,0.0,0.0,0.0,Winter,No Holiday,Yes,13553
07/06/2018,191,4,18.1,88,1.8,458,16.0,0.0,0.0,0.0,Summer,No Holiday,Yes,16223
15/08/2018,563,9,32.0,53,1.6,2000,21.2,1.56,0.0,0.0,Summer,Holiday,Yes,16185
29/09/2018,208,5,15.0,77,0.5,2000,10.9,0.0,0.0,0.0,Autumn,No Holiday,Yes,11412
23/04/2018,12,10,8.6,95,2.5,578,7.8,0.2,4.0,0.0,Spring,No Holiday,Yes,14325
11/01/2018,100,1,-10.6,55,2.9,1987,-17.9,0.0,0.0,0.0,Winter,No Holiday,Yes,11496
04/01/2018,603,18,-2.6,38,1.4,1604,-14.9,0.0,0.0,0.0,Winter,No Holiday,Yes,13107
25/02/2018,173,9,-0.3,48,1.1,1394,-10.0,0.43,0.0,0.0,Winter,No Holiday,Yes,15221
20/02/2018,384,9,-1.4,56,1.4,709,-9.0,0.54,0.0,0.0,Winter,No Holiday,Yes,12991
24/08/2018,1300,21,23.5,79,3.6,2000,19.6,0.0,0.0,0.0,Summer,No Holiday,Yes,17727
05/07/2018,828,7,23.5,90,0.5,445,21.7,0.05,0.5,0.0,Summer,No Holiday,Yes,15510
07/05/2018,1336,22,18.6,69,1.7,1047,12.7,0.0,0.0,0.0,Spring,No Holiday,Yes,16382
01/12/2017,100,5,-6.4,37,1.5,2000,-18.7,0.0,0.0,0.0,Winter,No Holiday,Yes,12308
15/01/2018,58,3,4.4,70,1.7,928,-0.6,0.0,0.0,0.0,Winter,No Holiday,Yes,18486
04/03/2018,15,5,8.8,96,1.2,196,8.1,0.0,0.0,0.0,Spring,No Holiday,Yes,13705
12/01/2018,189,7,-15.1,45,0.9,2000,-24.4,0.0,0.0,0.0,Winter,No Holiday,Yes,14380
17/04/2018,822,11,16.9,27,1.5,1354,-2.2,2.66,0.0,0.0,Spring,No Holiday,Yes,13182
07/05/2018,737,9,15.9,72,0.5,1835,10.8,0.67,0.0,0.0,Spring,No Holiday,Yes,16254
24/05/2018,530,6,11.4,67,1.0,1600,5.4,0.04,0.0,0.0,Spring,No Holiday,Yes,11437
07/03/2018,232,6,2.4,65,1.8,1989,-3.5,0.0,0.0,0.0,Spring,No Holiday,Yes,14640
02/06/2018,342,6,17.7,68,1.3,842,11.7,0.05,0.0,0.0,Summer,No Holiday,Yes,11936
09/10/2018,0,0,12.6,54,0.2,2000,3.5,0.0,0.0,0.0,Autumn,Holiday,No,17717
07/05/2018,1912,20,20.9,61,2.7,1523,13.0,0.01,0.0,0.0,Spring,No Holiday,Yes,14662
28/10/2018,916,13,12.1,75,1.2,1775,7.7,0.99,0.0,0.0,Autumn,No Holiday,Yes,16747
07/12/2017,795,18,0.7,46,2.7,1558,-9.6,0.0,0.0,0.0,Winter,No Holiday,Yes,16038
24/12/2017,251,1,5.6,78,0.5,197,2.0,0.0,0.0,0.0,Winter,Holiday,Yes,10749
27/09/2018,151,4,14.4,58,1.1,2000,6.2,0.0,0.0,0.0,Autumn,No Holiday,Yes,10524
26/11/2018,955,21,6.7,71,0.9,461,1.8,0.0,0.0,0.0,Autumn,No Holiday,Yes,11224
05/12/2017,62,3,-6.9,39,2.0,2000,-18.5,0.0,0.0,0.0,Winter,No Holiday,Yes,13193
05/01/2018,665,8,-5.3,51,1.0,1319,-13.8,0.0,0.0,0.0,Winter,No Holiday,Yes,12238
23/09/2018,764,11,20.1,57,3.0,1929,11.3,1.29,0.0,0.0,Autumn,Holiday,Yes,17536
28/12/2017,554,8,-4.7,30,0.6,2000,-19.6,0.0,0.0,0.0,Winter,No Holiday,Yes,18502
13/06/2018,416,6,18.7,75,0.9,1923,14.1,0.06,0.0,0.0,Summer,No Holiday,Yes,14068
21/03/2018,614,9,2.5,40,1.9,2000,-9.7,0.41,0.0,0.0,Spring,No Holiday,Yes,18144
06/08/2018,969,23,29.4,79,1.2,777,25.3,0.0,2.0,0.0,Summer,No Holiday,Yes,18339
06/10/2018,1761,19,19.7,72,0.6,2000,14.5,0.0,0.0,0.0,Autumn,No Holiday,Yes,14440
05/06/2018,448,2,19.7,66,0.5,1591,13.1,0.0,0.0,0.0,Summer,No Holiday,Yes,17721
08/06/2018,1256,12,23.1,56,1.6,1222,13.8,1.71,0.0,0.0,Summer,No Holiday,Yes,11330
24/02/2018,467,15,6.7,24,2.7,1536,-12.4,1.95,0.0,0.0,Winter,No Holiday,Yes,10929
21/01/2018,61,7,-3.2,54,1.2,1113,-11.2,0.0,0.0,0.0,Winter,No Holiday,Yes,11626
25/08/2018,708,2,22.9,82,2.1,1829,19.6,0.0,0.0,0.0,Summer,No Holiday,Yes,14064
21/03/2018,615,18,2.0,77,1.3,2000,-1.6,0.07,0.0,0.0,Spring,No Holiday,Yes,10758
09/12/2017,127,7,-5.5,56,0.8,1950,-12.9,0.0,0.0,0.0,Winter,No Holiday,Yes,13062
16/09/2018,1014,0,22.8,82,1.5,935,19.5,0.0,0.0,0.0,Autumn,No Holiday,Yes,17172
21/01/2018,115,8,-3.6,53,0.5,1227,-11.8,0.0,0.0,0.0,Winter,No Holiday,Yes,14641
01/10/2018,2101,8,13.7,54,2.4,1960,4.5,0.39,0.0,0.0,Autumn,No Holiday,Yes,14959
05/11/2018,1289,21,12.2,79,1.8,351,8.6,0.0,0.0,0.0,Autumn,No Holiday,Yes,18239
25/07/2018,212,4,28.5,74,2.6,1549,23.4,0.0,0.0,0.0,Summer,No Holiday,Yes,15893
25/03/2018,60,5,5.0,83,0.7,200,2.3,0.0,0.0,0.0,Spring,No Holiday,Yes,15501
01/01/2018,310,16,3.0,28,2.5,1864,-13.7,0.51,0.0,0.0,Winter,Holiday,Yes,12601
18/09/2018,0,13,25.6,40,2.5,1704,10.9,2.18,0.0,0.0,Autumn,No Holiday,No,13518
25/06/2018,2779,19,29.8,45,1.5,956,16.5,0.32,0.0,0.0,Summer,No Holiday,Yes,11138
08/11/2018,25,11,10.9,95,2.4,519,10.1,0.12,0.0,0.0,Autumn,No Holiday,Yes,17642
29/06/2018,133,5,22.1,97,0.5,152,21.5,0.0,1.5,0.0,Summer,No Holiday,Yes,11191
28/10/2018,531,1,6.9,55,1.8,2000,-1.5,0.0,0.0,0.0,Autumn,No Holiday,Yes,15856
02/05/2018,123,20,11.1,91,4.0,716,9.6,0.0,0.5,0.0,Spring,No Holiday,Yes,14941
20/09/2018,87,10,18.4,91,1.2,394,16.8,0.25,0.5,0.0,Autumn,No Holiday,Yes,14230
05/08/2018,1286,22,29.1,77,3.0,1559,24.6,0.0,0.0,0.0,Summer,No Holiday,Yes,15141
10/05/2018,0,20,13.6,82,2.1,520,10.5,0.02,0.0,0.0,Spring,No Holiday,No,17559
24/06/2018,2153,21,24.5,71,1.7,1295,18.8,0.0,0.0,0.0,Summer,No Holiday,Yes,11767
18/03/2018,70,22,8.1,76,0.8,492,4.1,0.0,0.0,0.0,Spring,No Holiday,Yes,17743
07/10/2018,2167,15,20.4,36,2.8,2000,4.8,1.56,0.0,0.0,Autumn,No Holiday,Yes,14674
29/12/2017,269,1,0.3,63,0.7,760,-5.9,0.0,0.0,0.0,Winter,No Holiday,Yes,13383
25/06/2018,2046,22,27.4,55,0.3,1001,17.5,0.0,0.0,0.0,Summer,No Holiday,Yes,14486
25/04/2018,1382,22,15.2,35,1.2,1999,-0.1,0.0,0.0,0.0,Spring,No Holiday,Yes,13571
19/09/2018,0,20,22.6,67,0.3,1737,16.1,0.0,0.0,0.0,Autumn,No Holiday,No,13384
19/09/2018,0,19,23.5,58,0.4,1836,14.7,0.0,0.0,0.0,Autumn,No Holiday,No,10798
26/05/2018,1010,10,23.2,41,1.1,1440,9.2,2.45,0.0,0.0,Spring,No Holiday,Yes,13166
08/09/2018,692,2,18.5,57,2.3,2000,9.8,0.0,0.0,0.0,Autumn,No Holiday,Yes,17302
22/05/2018,163,15,21.1,72,2.7,663,15.8,0.31,0.1,0.0,Spring,Holiday,Yes,15421
29/11/2018,1577,18,0.0,46,0.9,1566,-4.8,0.0,0.0,0.0,Autumn,No Holiday,Yes,13536
22/08/2018,842,15,36.8,36,1.0,2000,19.2,2.46,0.0,0.0,Summer,No Holiday,Yes,11479
05/05/2018,579,8,14.4,51,2.3,1907,4.3,0.92,0.0,0.0,Spring,No Holiday,Yes,13793
09/01/2018,80,23,-4.9,80,0.7,690,-7.8,0.0,0.0,0.2,Winter,No Holiday,Yes,18543
20/08/2018,766,11,31.2,45,1.9,1810,17.8,2.72,0.0,0.0,Summer,No Holiday,Yes,17505
13/09/2018,2365,19,25.4,61,0.6,2000,17.3,0.03,0.0,0.0,Autumn,No Holiday,Yes,13365
31/07/2018,284,5,28.3,60,1.6,2000,19.7,0.0,0.0,0.0,Summer,No Holiday,Yes,14772
26/03/2018,65,4,5.5,96,2.0,53,4.9,0.0,0.0,0.0,Spring,No Holiday,Yes,15591
27/07/2018,934,9,29.9,69,1.5,769,23.5,1.12,0.0,0.0,Summer,No Holiday,Yes,17989
07/05/2018,994,23,17.5,69,1.5,978,11.7,0.0,0.0,0.0,Spring,No Holiday,Yes,13442
04/03/2018,26,20,11.3,80,1.2,1978,7.9,0.0,0.0,0.0,Spring,No Holiday,Yes,17801
03/05/2018,1388,21,11.9,48,1.9,1918,1.2,0.0,0.0,0.0,Spring,No Holiday,Yes,17772
14/02/2018,129,2,1.2,64,0.9,1680,-4.8,0.0,0.0,0.0,Winter,No Holiday,Yes,10022
17/04/2018,1356,19,14.5,31,3.1,1558,-2.4,0.25,0.0,0.0,Spring,No Holiday,Yes,11896
02/10/2018,0,15,21.8,38,2.6,1913,6.8,2.22,0.0,0.0,Autumn,No Holiday,No,13354
16/06/2018,2435,21,23.7,64,1.7,1707,16.4,0.0,0.0,0.0,Summer,No Holiday,Yes,13170
05/05/2018,190,5,12.2,52,2.3,1961,2.6,0.0,0.0,0.0,Spring,No Holiday,Yes,12683
24/06/2018,763,10,25.0,60,1.5,570,16.6,2.33,0.0,0.0,Summer,No Holiday,Yes,16079
18/04/2018,1003,22,11.3,42,1.6,1189,-1.1,0.0,0.0,0.0,Spring,No Holiday,Yes,16073
05/02/2018,123,10,-9.6,32,3.7,2000,-23.2,1.14,0.0,0.0,Winter,No Holiday,Yes,15050
02/02/2018,138,0,-4.9,56,1.1,1982,-12.3,0.0,0.0,0.0,Winter,No Holiday,Yes,16386
15/08/2018,1008,23,28.5,69,1.1,2000,22.2,0.0,0.0,0.0,Summer,Holiday,Yes,13522
30/08/2018,589,10,26.1,81,1.5,860,22.5,1.05,0.0,0.0,Summer,No Holiday,Yes,15543
23/10/2018,1257,22,12.3,73,0.9,1392,7.5,0.0,0.0,0.0,Autumn,No Holiday,Yes,12981
19/12/2017,151,10,-4.6,41,2.8,1815,-15.8,0.57,0.0,2.5,Winter,No Holiday,Yes,15894
09/09/2018,255,6,15.8,69,0.9,2000,10.1,0.0,0.0,0.0,Autumn,No Holiday,Yes,10985
19/03/2018,9,4,6.3,90,1.0,240,4.7,0.0,0.0,0.0,Spring,No Holiday,Yes,17469
26/09/2018,230,6,16.3,62,2.1,2000,8.9,0.0,0.0,0.0,Autumn,No Holiday,Yes,10337
18/09/2018,0,22,21.8,65,0.3,2000,14.9,0.0,0.0,0.0,Autumn,No Holiday,No,15759
29/07/2018,921,0,28.4,70,0.9,1945,22.3,0.0,0.0,0.0,Summer,No Holiday,Yes,10320
24/02/2018,363,12,4.0,37,1.4,763,-9.4,1.75,0.0,0.0,Winter,No Holiday,Yes,11441
26/07/2018,1175,7,27.7,75,1.2,1103,22.8,0.1,0.0,0.0,Summer,No Holiday,Yes,16739
12/05/2018,29,19,15.5,97,0.7,403,15.0,0.0,2.0,0.0,Spring,No Holiday,Yes,13325
09/12/2017,273,10,-2.2,42,1.3,1646,-13.4,0.61,0.0,0.0,Winter,No Holiday,Yes,13881
11/05/2018,1863,17,18.9,45,2.6,1084,6.6,0.8,0.0,0.0,Spring,No Holiday,Yes,10233
12/01/2018,105,0,-13.6,49,1.6,2000,-22.0,0.0,0.0,0.0,Winter,No Holiday,Yes,17875
04/05/2018,1501,16,18.6,30,5.1,1891,0.6,2.49,0.0,0.0,Spring,No Holiday,Yes,13175
25/03/2018,960,15,16.7,38,3.1,265,2.2,2.27,0.0,0.0,Spring,No Holiday,Yes,15323
02/03/2018,108,1,-4.6,52,2.1,1372,-12.9,0.0,0.0,0.0,Spring,No Holiday,Yes,15811
23/11/2018,279,2,-1.0,43,3.1,2000,-12.0,0.0,0.0,0.0,Autumn,No Holiday,Yes,16764
07/06/2018,1442,16,29.3,41,2.0,905,14.6,1.95,0.0,0.0,Summer,No Holiday,Yes,15830
09/02/2018,117,6,-4.0,41,0.8,1242,-15.3,0.0,0.0,0.0,Winter,No Holiday,Yes,16450
14/04/2018,586,22,8.8,77,3.2,1258,4.9,0.0,0.0,0.0,Spring,No Holiday,Yes,12482
07/06/2018,1071,13,26.7,47,2.4,806,14.4,3.26,0.0,0.0,Summer,No Holiday,Yes,17431
31/12/2017,215,18,0.7,31,2.3,2000,-14.5,0.01,0.0,0.0,Winter,Holiday,Yes,18415
13/07/2018,665,6,24.8,84,1.1,1426,21.9,0.0,0.0,0.0,Summer,No Holiday,Yes,11999
02/05/2018,206,11,18.0,85,1.1,411,15.4,0.45,0.0,0.0,Spring,No Holiday,Yes,14220
06/11/2018,0,7,8.3,84,0.9,422,5.7,0.0,0.0,0.0,Autumn,No Holiday,No,18745
21/02/2018,460,19,-0.1,39,2.8,2000,-12.4,0.0,0.0,0.0,Winter,No Holiday,Yes,17695
20/12/2017,243,14,-0.5,44,1.0,1793,-11.2,0.71,0.0,1.7,Winter,No Holiday,Yes,10407
18/10/2018,1878,19,14.9,49,2.1,2000,4.2,0.0,0.0,0.0,Autumn,No Holiday,Yes,12716
13/08/2018,724,12,33.4,54,2.6,1648,22.8,2.09,0.0,0.0,Summer,No Holiday,Yes,12380
06/01/2018,204,10,-3.5,39,2.0,1946,-15.4,0.54,0.0,0.0,Winter,No Holiday,Yes,12217
22/03/2018,1174,8,1.1,79,1.7,1480,-2.1,0.36,0.0,0.0,Spring,No Holiday,Yes,16651
19/03/2018,605,17,8.5,59,2.7,1927,0.9,0.16,0.0,0.0,Spring,No Holiday,Yes,14750
15/09/2018,1474,17,24.4,75,0.6,2000,19.6,0.17,0.0,0.0,Autumn,No Holiday,Yes,11392
07/01/2018,192,0,-3.8,48,0.7,1574,-13.2,0.0,0.0,0.0,Winter,No Holiday,Yes,15325
10/01/2018,139,23,-10.2,53,3.3,1997,-17.9,0.0,0.0,0.0,Winter,No Holiday,Yes,15035
28/12/2017,257,7,-5.0,31,0.5,2000,-19.5,0.0,0.0,0.0,Winter,No Holiday,Yes,10815
26/10/2018,434,2,12.8,59,0.9,1804,4.9,0.0,0.0,0.0,Autumn,No Holiday,Yes,16069
29/09/2018,301,4,15.4,74,0.9,2000,10.7,0.0,0.0,0.0,Autumn,No Holiday,Yes,13198
17/05/2018,186,15,22.8,95,1.6,294,21.9,0.11,0.5,0.0,Spring,No Holiday,Yes,16091
10/04/2018,981,7,7.2,50,1.1,1454,-2.5,0.1,0.0,0.0,Spring,No Holiday,Yes,14727
04/10/2018,0,1,14.7,69,0.6,2000,9.0,0.0,0.0,0.0,Autumn,No Holiday,No,17809
04/11/2018,141,6,6.2,73,0.3,1018,1.7,0.0,0.0,0.0,Autumn,No Holiday,Yes,12669
01/08/2018,540,10,34.3,45,1.0,1919,20.6,2.31,0.0,0.0,Summer,No Holiday,Yes,11758
24/05/2018,265,3,12.1,64,0.8,1538,5.4,0.0,0.0,0.0,Spring,No Holiday,Yes,12674
08/03/2018,405,13,6.7,65,3.2,1651,0.5,1.76,0.0,0.0,Spring,No Holiday,Yes,17647
12/12/2017,54,3,-11.6,50,2.2,1995,-19.9,0.0,0.0,0.0,Winter,No Holiday,Yes,11292
11/08/2018,266,4,27.4,69,1.0,2000,21.2,0.0,0.0,0.0,Summer,No Holiday,Yes,12933
09/09/2018,2099,16,27.1,35,0.9,2000,10.3,1.27,0.0,0.0,Autumn,No Holiday,Yes,17363
08/10/2018,215,5,9.8,63,0.5,2000,3.0,0.0,0.0,0.0,Autumn,No Holiday,Yes,10351
08/05/2018,555,6,14.8,64,1.5,2000,8.0,0.02,0.0,0.0,Spring,No Holiday,Yes,11167
29/03/2018,170,3,12.7,80,0.4,384,9.3,0.0,0.0,0.0,Spring,No Holiday,Yes,16676
05/01/2018,308,11,-0.7,45,1.5,1429,-11.1,0.76,0.0,0.0,Winter,No Holiday,Yes,18395
15/10/2018,837,10,14.1,66,0.6,827,7.8,0.58,0.0,0.0,Autumn,No Holiday,Yes,17244
02/10/2018,0,9,13.9,66,1.6,1427,7.6,1.11,0.0,0.0,Autumn,No Holiday,No,10827
28/12/2017,332,21,-0.2,62,0.6,986,-6.6,0.0,0.0,0.0,Winter,No Holiday,Yes,12847
05/02/2018,225,17,-6.4,28,4.5,2000,-21.9,0.81,0.0,0.0,Winter,No Holiday,Yes,14837
04/09/2018,1289,7,20.1,97,1.9,443,19.6,0.03,0.0,0.0,Autumn,No Holiday,Yes,15454
06/12/2017,802,8,-4.2,78,0.0,1518,-7.4,0.01,0.0,0.2,Winter,No Holiday,Yes,18126
02/02/2018,102,2,-5.7,59,0.3,1951,-12.4,0.0,0.0,0.0,Winter,No Holiday,Yes,13041
05/08/2018,509,2,27.5,83,2.7,1118,24.3,0.0,0.0,0.0,Summer,No Holiday,Yes,16353
29/11/2018,800,7,0.8,41,0.6,1298,-10.9,0.0,0.0,0.0,Autumn,No Holiday,Yes,17257
26/05/2018,1448,14,28.3,30,2.3,1025,9.0,3.14,0.0,0.0,Spring,No Holiday,Yes,12086
08/08/2018,629,12,34.1,46,1.6,1885,20.8,2.72,0.0,0.0,Summer,No Holiday,Yes,12402
01/02/2018,95,6,-8.1,59,0.7,1915,-14.7,0.0,0.0,1.6,Winter,No Holiday,Yes,18101
06/12/2017,205,19,1.2,92,0.7,180,0.0,0.0,0.0,1.0,Winter,No Holiday,Yes,11213
16/02/2018,93,11,1.0,25,1.4,1782,-16.8,1.7,0.0,0.0,Winter,Holiday,Yes,17224
19/12/2017,122,1,-2.0,72,0.8,979,-6.3,0.0,0.0,2.6,Winter,No Holiday,Yes,13865
04/08/2018,405,7,29.4,62,1.9,1758,21.3,0.24,0.0,0.0,Summer,No Holiday,Yes,14089
02/04/2018,86,4,15.7,79,1.2,628,12.0,0.0,0.0,0.0,Spring,No Holiday,Yes,18326
27/05/2018,1089,0,20.1,65,1.6,1097,13.3,0.0,0.0,0.0,Spring,No Holiday,Yes,14836
10/12/2017,13,5,0.3,74,1.0,178,-3.7,0.0,0.0,0.7,Winter,No Holiday,Yes,15520
20/12/2017,71,3,-8.1,70,1.3,1557,-12.6,0.0,0.0,2.0,Winter,No Holiday,Yes,15054
26/11/2018,1156,17,11.4,48,0.4,706,0.7,0.24,0.0,0.0,Autumn,No Holiday,Yes,13927
12/12/2017,104,6,-11.8,47,2.5,1973,-20.8,0.0,0.0,0.0,Winter,No Holiday,Yes,14388
15/11/2018,1300,9,6.8,64,1.0,949,0.4,0.5,0.0,0.0,Autumn,No Holiday,Yes,14666
15/03/2018,329,15,11.6,97,3.4,117,11.1,0.26,0.0,0.0,Spring,No Holiday,Yes,13002
21/02/2018,373,9,-3.8,28,1.7,1904,-19.6,0.63,0.0,0.0,Winter,No Holiday,Yes,10600
20/11/2018,378,23,9.3,43,3.5,1807,-2.6,0.0,0.0,0.0,Autumn,No Holiday,Yes,11702
12/01/2018,210,20,-7.9,31,1.4,2000,-22.1,0.0,0.0,0.0,Winter,No Holiday,Yes,13345
24/07/2018,1213,7,27.8,63,1.2,1781,20.1,0.32,0.0,0.0,Summer,No Holiday,Yes,12710
02/10/2018,0,21,16.2,65,1.5,2000,9.6,0.0,0.0,0.0,Autumn,No Holiday,No,15203
01/08/2018,1367,22,32.6,64,2.4,1703,24.8,0.0,0.0,0.0,Summer,No Holiday,Yes,15683
31/12/2017,227,23,-2.6,40,0.6,2000,-14.3,0.0,0.0,0.0,Winter,Holiday,Yes,11821
21/07/2018,477,3,26.1,74,0.1,1683,21.0,0.0,0.0,0.0,Summer,No Holiday,Yes,10787
23/05/2018,1588,22,14.8,59,1.0,1740,6.8,0.0,0.0,0.0,Spring,No Holiday,Yes,15315
06/03/2018,1246,18,8.7,28,3.2,2000,-8.8,0.49,0.0,0.0,Spring,No Holiday,Yes,10110
22/03/2018,648,13,9.9,29,3.2,1641,-7.3,2.91,0.0,0.0,Spring,No Holiday,Yes,12464
21/11/2018,550,15,5.7,53,2.0,2000,-3.1,0.22,0.0,0.0,Autumn,No Holiday,Yes,16925
03/04/2018,961,15,19.9,58,2.5,1348,11.3,0.51,0.0,0.0,Spring,No Holiday,Yes,10306
04/09/2018,2259,20,23.7,49,3.3,2000,12.3,0.0,0.0,0.0,Autumn,No Holiday,Yes,15669
05/02/2018,388,18,-7.6,29,3.5,2000,-22.6,0.16,0.0,0.0,Winter,No Holiday,Yes,13871
01/06/2018,2066,21,23.5,44,1.6,2000,10.5,0.0,0.0,0.0,Summer,No Holiday,Yes,18690
13/08/2018,901,16,33.5,52,2.2,1804,22.2,0.91,0.0,0.0,Summer,No Holiday,Yes,13877
25/12/2017,132,1,-1.2,57,4.3,1429,-8.6,0.0,0.0,0.0,Winter,Holiday,Yes,11602
28/09/2018,0,20,18.0,67,0.7,2000,11.7,0.0,0.0,0.0,Autumn,No Holiday,No,13718
30/06/2018,1107,22,23.4,88,0.9,1153,21.2,0.0,0.0,0.0,Summer,No Holiday,Yes,14884
30/05/2018,1571,16,24.7,47,3.0,1594,12.6,2.44,0.0,0.0,Spring,No Holiday,Yes,11404
07/05/2018,1167,11,20.2,45,1.1,1894,7.8,2.33,0.0,0.0,Spring,No Holiday,Yes,17676
07/09/2018,896,10,22.6,58,1.8,1962,13.9,2.02,0.0,0.0,Autumn,No Holiday,Yes,13535
17/08/2018,1112,16,33.7,26,1.5,2000,11.5,2.39,0.0,0.0,Summer,No Holiday,Yes,16145
01/04/2018,221,3,11.9,71,0.7,853,6.7,0.0,0.0,0.0,Spring,No Holiday,Yes,13910
07/09/2018,3154,18,24.4,34,2.4,2000,7.5,0.84,0.0,0.0,Autumn,No Holiday,Yes,16742
24/10/2018,1161,15,18.0,40,3.0,1808,4.1,1.71,0.0,0.0,Autumn,No Holiday,Yes,13222
31/10/2018,907,12,10.0,39,2.0,2000,-3.3,2.2,0.0,0.0,Autumn,No Holiday,Yes,15375
31/10/2018,1088,22,6.8,58,2.2,1936,-0.9,0.0,0.0,0.0,Autumn,No Holiday,Yes,18670
11/03/2018,80,4,4.2,81,1.3,333,1.2,0.0,0.0,0.0,Spring,No Holiday,Yes,12130
21/08/2018,848,12,25.7,74,3.4,1951,20.7,1.16,0.0,0.0,Summer,No Holiday,Yes,16648
14/10/2018,304,7,6.9,81,0.8,665,3.8,0.01,0.0,0.0,Autumn,No Holiday,Yes,10445
14/03/2018,983,22,16.2,71,2.0,1780,10.9,0.0,0.0,0.0,Spring,No Holiday,Yes,18116
30/07/2018,866,9,30.5,53,1.6,2000,19.8,1.74,0.0,0.0,Summer,No Holiday,Yes,11180
30/03/2018,747,7,10.5,70,1.1,483,5.2,0.04,0.0,0.0,Spring,No Holiday,Yes,15786
26/03/2018,244,0,7.1,84,2.3,185,4.5,0.0,0.0,0.0,Spring,No Holiday,Yes,14580
15/04/2018,110,4,6.0,84,1.7,951,3.4,0.0,0.0,0.0,Spring,No Holiday,Yes,10659
17/05/2018,102,16,22.9,95,0.4,385,22.0,0.31,0.0,0.0,Spring,No Holiday,Yes,12320
03/01/2018,67,3,-6.1,45,1.3,1999,-16.1,0.0,0.0,0.0,Winter,No Holiday,Yes,12470
24/02/2018,197,2,3.7,82,1.6,229,0.9,0.0,0.0,0.0,Winter,No Holiday,Yes,17521
31/10/2018,818,11,8.7,41,2.6,1907,-3.8,1.96,0.0,0.0,Autumn,No Holiday,Yes,12887
20/05/2018,986,0,15.8,41,1.2,2000,2.5,0.0,0.0,0.0,Spring,No Holiday,Yes,10544
22/06/2018,1116,12,29.8,28,1.3,1777,9.3,3.21,0.0,0.0,Summer,No Holiday,Yes,10599
30/03/2018,772,9,13.7,46,1.3,972,2.2,1.08,0.0,0.0,Spring,No Holiday,Yes,12029
08/09/2018,1878,21,22.1,49,1.7,2000,10.8,0.0,0.0,0.0,Autumn,No Holiday,Yes,16123
07/09/2018,259,3,21.1,75,1.8,1551,16.4,0.0,0.0,0.0,Autumn,No Holiday,Yes,13672
09/07/2018,59,15,20.3,90,0.9,1356,18.5,0.34,0.0,0.0,Summer,No Holiday,Yes,14575
25/03/2018,466,11,10.7,56,2.0,261,2.2,2.27,0.0,0.0,Spring,No Holiday,Yes,15905
27/06/2018,162,5,19.1,97,1.2,402,18.6,0.0,0.0,0.0,Summer,No Holiday,Yes,11268
20/10/2018,921,9,10.4,60,1.3,1326,2.9,0.99,0.0,0.0,Autumn,No Holiday,Yes,17181
03/09/2018,137,15,25.7,81,0.7,1825,22.1,0.43,0.0,0.0,Autumn,No Holiday,Yes,13926
17/06/2018,2235,16,26.6,51,2.2,809,15.6,1.27,0.0,0.0,Summer,No Holiday,Yes,10103
04/08/2018,690,15,34.7,48,3.6,1973,22.0,2.47,0.0,0.0,Summer,No Holiday,Yes,10494
14/09/2018,482,2,21.3,75,1.1,2000,16.6,0.0,0.0,0.0,Autumn,No Holiday,Yes,18725
15/05/2018,1958,20,26.3,53,1.0,908,15.9,0.0,0.0,0.0,Spring,No Holiday,Yes,17767
09/11/2018,0,6,11.0,70,3.1,900,5.7,0.0,0.0,0.0,Autumn,No Holiday,No,12083
15/03/2018,343,23,9.3,90,4.1,609,7.7,0.0,0.0,0.0,Spring,No Holiday,Yes,12978
23/06/2018,1589,15,28.4,43,3.1,1337,14.6,2.65,0.0,0.0,Summer,No Holiday,Yes,10877
14/06/2018,1557,20,22.6,74,1.2,1594,17.7,0.01,0.0,0.0,Summer,No Holiday,Yes,18304
21/05/2018,1612,15,23.3,38,1.5,1963,8.1,2.13,0.0,0.0,Spring,No Holiday,Yes,11378
30/08/2018,1330,8,24.6,96,1.0,883,23.9,0.19,0.0,0.0,Summer,No Holiday,Yes,18409
06/10/2018,2,10,17.0,97,1.5,676,16.5,0.15,6.0,0.0,Autumn,No Holiday,Yes,14059
12/08/2018,196,5,27.7,65,1.4,2000,20.5,0.0,0.0,0.0,Summer,No Holiday,Yes,11876
17/07/2018,1940,22,27.2,70,1.9,1110,21.2,0.0,0.0,0.0,Summer,No Holiday,Yes,14356
02/05/2018,813,17,13.9,94,2.6,303,12.9,0.21,0.0,0.0,Spring,No Holiday,Yes,16232
10/06/2018,1985,14,24.1,51,1.1,2000,13.3,1.58,0.0,0.0,Summer,No Holiday,Yes,11917
12/01/2018,184,21,-7.4,33,1.4,2000,-20.9,0.0,0.0,0.0,Winter,No Holiday,Yes,15899
14/02/2018,484,17,6.6,34,2.8,1300,-8.1,0.42,0.0,0.0,Winter,No Holiday,Yes,13569
17/04/2018,1013,9,12.0,39,0.6,1386,-1.5,1.44,0.0,0.0,Spring,No Holiday,Yes,18247
08/11/2018,56,9,10.6,94,2.1,739,9.6,0.06,2.0,0.0,Autumn,No Holiday,Yes,13089
23/09/2018,1287,20,20.2,48,3.3,2000,8.8,0.0,0.0,0.0,Autumn,Holiday,Yes,17131
17/02/2018,56,2,-3.8,30,3.9,2000,-18.8,0.0,0.0,0.0,Winter,Holiday,Yes,13650
05/09/2018,1798,22,23.6,82,1.8,1673,20.3,0.0,0.0,0.0,Autumn,No Holiday,Yes,13080
02/05/2018,518,18,13.6,89,2.3,638,11.8,0.09,0.0,0.0,Spring,No Holiday,Yes,10313
11/10/2018,341,2,7.1,64,0.9,2000,0.7,0.0,0.0,0.0,Autumn,No Holiday,Yes,10812
12/04/2018,2359,18,17.9,16,3.7,2000,-8.3,0.92,0.0,0.0,Spring,No Holiday,Yes,14927
03/11/2018,0,16,18.7,25,2.1,1605,-1.7,1.07,0.0,0.0,Autumn,No Holiday,No,11234
31/05/2018,1900,22,21.1,59,2.1,1874,12.7,0.0,0.0,0.0,Spring,No Holiday,Yes,16500
21/06/2018,3418,18,27.8,43,3.0,1933,14.0,1.35,0.0,0.0,Summer,No Holiday,Yes,13244
02/03/2018,71,2,-5.3,52,1.2,1434,-13.6,0.0,0.0,0.0,Spring,No Holiday,Yes,14725
28/01/2018,72,2,-7.8,51,1.9,1627,-16.1,0.0,0.0,0.0,Winter,No Holiday,Yes,16781
18/08/2018,1196,15,31.7,30,1.9,1943,11.9,2.23,0.0,0.0,Summer,No Holiday,Yes,11185
30/10/2018,394,6,0.8,69,1.4,2000,-4.2,0.0,0.0,0.0,Autumn,No Holiday,Yes,14075
08/11/2018,14,22,12.4,96,2.7,545,11.7,0.0,0.0,0.0,Autumn,No Holiday,Yes,16104
11/02/2018,40,7,-9.2,34,2.0,1945,-22.2,0.0,0.0,0.0,Winter,No Holiday,Yes,12692
04/01/2018,66,5,-7.6,49,1.3,2000,-16.4,0.0,0.0,0.0,Winter,No Holiday,Yes,16077
25/05/2018,1905,20,20.4,45,2.0,1457,8.0,0.06,0.0,0.0,Spring,No Holiday,Yes,17415
05/05/2018,508,2,12.1,53,1.1,1948,2.7,0.0,0.0,0.0,Spring,No Holiday,Yes,14775
26/09/2018,1152,11,20.5,42,2.1,1981,7.1,1.59,0.0,0.0,Autumn,No Holiday,Yes,13238
16/03/2018,772,14,11.0,36,1.8,1973,-3.5,2.91,0.0,0.0,Spring,No Holiday,Yes,17600
09/01/2018,320,9,-6.0,61,2.5,1547,-12.3,0.13,0.0,0.6,Winter,No Holiday,Yes,17183
18/08/2018,1979,18,30.1,37,2.1,2000,13.8,0.88,0.0,0.0,Summer,No Holiday,Yes,16210
04/06/2018,2508,20,23.4,43,1.1,2000,10.0,0.01,0.0,0.0,Summer,No Holiday,Yes,11708
07/11/2018,608,11,12.4,82,0.6,507,9.4,0.34,0.0,0.0,Autumn,No Holiday,Yes,16076
15/07/2018,712,11,28.7,64,1.3,1332,21.2,1.53,0.0,0.0,Summer,No Holiday,Yes,15201
05/12/2017,42,4,-7.2,34,3.0,2000,-20.4,0.0,0.0,0.0,Winter,No Holiday,Yes,10472
11/08/2018,826,16,35.6,39,2.7,2000,19.5,1.81,0.0,0.0,Summer,No Holiday,Yes,10172
22/09/2018,1502,21,19.4,55,0.8,2000,10.1,0.0,0.0,0.0,Autumn,No Holiday,Yes,13802
06/10/2018,1459,22,17.7,78,0.3,2000,13.8,0.0,0.0,0.0,Autumn,No Holiday,Yes,17558
24/04/2018,925,12,15.2,57,1.9,2000,6.7,1.33,0.0,0.0,Spring,No Holiday,Yes,16191
30/10/2018,182,3,1.7,59,0.5,2000,-5.4,0.0,0.0,0.0,Autumn,No Holiday,Yes,16122
14/03/2018,1049,16,21.7,41,3.2,2000,7.8,1.91,0.0,0.0,Spring,No Holiday,Yes,14806
08/08/2018,183,4,28.0,85,1.0,1079,25.2,0.0,0.0,0.0,Summer,No Holiday,Yes,12922
06/12/2017,204,18,1.7,90,1.0,66,0.2,0.0,0.3,0.3,Winter,No Holiday,Yes,13429
10/09/2018,1249,15,27.6,38,1.4,2000,11.9,2.09,0.0,0.0,Autumn,No Holiday,Yes,13148
05/12/2017,172,6,-7.4,34,3.2,2000,-20.6,0.0,0.0,0.0,Winter,No Holiday,Yes,11241
25/07/2018,781,15,34.0,50,3.0,1705,22.1,1.72,0.0,0.0,Summer,No Holiday,Yes,16892
18/03/2018,751,12,9.8,46,1.2,710,-1.2,1.13,0.0,0.0,Spring,No Holiday,Yes,18231
08/10/2018,2005,8,9.9,66,1.2,2000,3.8,0.35,0.0,0.0,Autumn,No Holiday,Yes,10212
23/01/2018,248,19,-12.0,47,3.2,2000,-21.0,0.0,0.0,0.9,Winter,No Holiday,Yes,13132
03/05/2018,2310,18,13.4,49,2.4,1982,2.8,0.6,0.0,0.0,Spring,No Holiday,Yes,17633
09/02/2018,199,10,-1.3,34,0.5,1192,-15.1,0.32,0.0,0.0,Winter,No Holiday,Yes,16600
29/04/2018,554,1,11.2,57,1.6,1533,2.9,0.0,0.0,0.0,Spring,No Holiday,Yes,13874
02/04/2018,803,23,16.8,70,0.9,1426,11.2,0.0,0.0,0.0,Spring,No Holiday,Yes,14759
18/10/2018,2499,18,15.7,45,2.5,2000,3.7,0.06,0.0,0.0,Autumn,No Holiday,Yes,18719
23/08/2018,267,23,26.1,84,1.9,1801,23.1,0.0,0.5,0.0,Summer,No Holiday,Yes,14827
14/02/2018,213,1,1.3,67,1.2,1738,-4.1,0.0,0.0,0.0,Winter,No Holiday,Yes,17448
19/05/2018,2479,16,24.5,34,1.5,2000,7.5,2.54,0.0,0.0,Spring,No Holiday,Yes,12279
09/03/2018,309,23,2.5,72,1.5,1071,-2.0,0.0,0.0,0.0,Spring,No Holiday,Yes,17626
02/03/2018,49,3,-5.7,50,1.7,1559,-14.4,0.0,0.0,0.0,Spring,No Holiday,Yes,13100
02/12/2017,146,7,-4.4,81,2.5,1276,-7.1,0.0,0.0,0.0,Winter,No Holiday,Yes,17590
22/06/2018,2251,21,24.2,32,1.5,2000,6.4,0.0,0.0,0.0,Summer,No Holiday,Yes,13494
10/01/2018,165,22,-9.7,51,2.8,2000,-17.9,0.0,0.0,0.0,Winter,No Holiday,Yes,18726
16/02/2018,165,18,1.4,56,3.2,1932,-6.4,0.22,0.0,0.0,Winter,Holiday,Yes,15300
27/03/2018,163,2,8.3,70,0.8,394,3.1,0.0,0.0,0.0,Spring,No Holiday,Yes,12842
31/10/2018,2094,18,9.4,48,2.0,2000,-1.0,0.03,0.0,0.0,Autumn,No Holiday,Yes,16679
28/08/2018,126,14,24.9,97,0.5,766,24.3,0.36,4.0,0.0,Summer,No Holiday,Yes,10912
31/08/2018,2836,18,28.4,57,2.4,2000,19.0,0.84,0.0,0.0,Summer,No Holiday,Yes,13618
10/02/2018,296,13,2.8,31,4.0,967,-12.6,1.42,0.0,0.0,Winter,No Holiday,Yes,17004
12/11/2018,1699,8,3.3,69,0.0,2000,-1.8,0.06,0.0,0.0,Autumn,No Holiday,Yes,18634
09/03/2018,105,3,2.7,75,0.7,417,-1.2,0.0,0.0,0.0,Spring,No Holiday,Yes,17852
03/11/2018,0,15,18.5,25,1.6,1724,-1.9,1.63,0.0,0.0,Autumn,No Holiday,No,16850
24/08/2018,403,17,24.1,89,1.9,2000,22.1,0.58,0.0,0.0,Summer,No Holiday,Yes,16538
01/09/2018,981,11,27.6,47,1.2,2000,15.2,2.63,0.0,0.0,Autumn,No Holiday,Yes,10467
10/02/2018,235,11,2.6,62,2.9,294,-3.9,1.12,0.0,0.0,Winter,No Holiday,Yes,10128
10/07/2018,1035,12,24.1,80,0.8,2000,20.4,0.72,0.0,0.0,Summer,No Holiday,Yes,18370
15/03/2018,506,22,9.8,90,3.7,493,8.2,0.0,0.0,0.0,Spring,No Holiday,Yes,15691
13/02/2018,300,14,3.7,39,3.8,1908,-9.0,2.19,0.0,0.0,Winter,No Holiday,Yes,13221
20/06/2018,336,5,19.1,83,2.0,457,16.1,0.0,0.0,0.0,Summer,No Holiday,Yes,14780
23/04/2018,8,3,9.9,93,2.3,990,8.8,0.0,0.5,0.0,Spring,No Holiday,Yes,13885
02/06/2018,2338,20,23.4,38,2.3,2000,8.2,0.06,0.0,0.0,Summer,No Holiday,Yes,12823
07/07/2018,1009,9,22.6,51,1.7,2000,11.9,1.87,0.0,0.0,Summer,No Holiday,Yes,13332
10/08/2018,1702,20,32.2,52,2.3,2000,21.0,0.02,0.0,0.0,Summer,No Holiday,Yes,18163
04/03/2018,429,13,10.8,84,1.2,400,8.1,0.44,0.0,0.0,Spring,No Holiday,Yes,14717
19/08/2018,1928,18,32.3,41,1.9,2000,17.3,0.62,0.0,0.0,Summer,No Holiday,Yes,12365
31/05/2018,3119,18,26.4,42,3.1,1995,12.4,0.79,0.0,0.0,Spring,No Holiday,Yes,14265
04/04/2018,665,7,10.3,90,1.2,2000,8.7,0.01,0.0,0.0,Spring,No Holiday,Yes,12829
20/05/2018,1559,13,19.9,33,1.4,2000,3.1,1.28,0.0,0.0,Spring,No Holiday,Yes,15599
11/05/2018,850,9,14.3,72,0.7,342,9.3,0.84,0.0,0.0,Spring,No Holiday,Yes,18451
07/02/2018,221,15,-2.1,20,2.3,1961,-22.1,1.87,0.0,0.0,Winter,No Holiday,Yes,18072
04/08/2018,872,1,29.9,61,1.1,1745,21.5,0.0,0.0,0.0,Summer,No Holiday,Yes,15972
24/06/2018,235,5,20.3,87,1.0,251,18.0,0.0,0.0,0.0,Summer,No Holiday,Yes,15037
10/12/2017,119,12,2.3,88,0.3,245,0.5,0.28,0.0,3.1,Winter,No Holiday,Yes,10398
01/09/2018,1110,21,26.0,52,1.4,2000,15.3,0.0,0.0,0.0,Autumn,No Holiday,Yes,13496
04/09/2018,2212,21,22.9,55,3.0,2000,13.3,0.0,0.0,0.0,Autumn,No Holiday,Yes,10889
18/04/2018,164,3,7.9,45,0.7,1770,-3.3,0.0,0.0,0.0,Spring,No Holiday,Yes,15524
08/06/2018,255,4,18.5,82,2.0,1072,15.3,0.0,0.0,0.0,Summer,No Holiday,Yes,18547
03/05/2018,794,11,14.7,45,3.0,1799,2.8,1.68,0.0,0.0,Spring,No Holiday,Yes,13572
18/07/2018,1980,22,27.2,73,1.5,1005,21.9,0.0,0.0,0.0,Summer,No Holiday,Yes,10111
25/04/2018,306,2,7.7,60,0.3,1993,0.4,0.0,0.0,0.0,Spring,No Holiday,Yes,14856
21/10/2018,1417,12,18.4,28,1.9,1690,-0.4,2.33,0.0,0.0,Autumn,No Holiday,Yes,11596
01/12/2017,449,12,1.7,23,1.4,2000,-17.2,1.11,0.0,0.0,Winter,No Holiday,Yes,16906
19/09/2018,0,2,20.0,70,0.2,2000,14.3,0.0,0.0,0.0,Autumn,No Holiday,No,14259
24/01/2018,192,9,-15.8,27,3.4,2000,-30.5,0.2,0.0,0.9,Winter,No Holiday,Yes,17941
06/06/2018,792,2,20.1,65,1.0,1435,13.3,0.0,0.0,0.0,Summer,Holiday,Yes,17768
14/07/2018,545,3,25.2,83,1.1,1835,22.0,0.0,0.0,0.0,Summer,No Holiday,Yes,16288
29/04/2018,787,10,17.5,35,1.8,1570,1.8,2.26,0.0,0.0,Spring,No Holiday,Yes,15328
08/04/2018,224,1,2.4,46,1.7,2000,-8.0,0.0,0.0,0.0,Spring,No Holiday,Yes,10396
14/09/2018,1155,13,26.4,57,1.2,2000,17.1,1.8,0.0,0.0,Autumn,No Holiday,Yes,11513
19/04/2018,254,7,7.7,48,0.4,1110,-2.6,0.19,0.0,0.0,Spring,No Holiday,Yes,17584
13/10/2018,374,3,7.6,78,0.7,1614,4.0,0.0,0.0,0.0,Autumn,No Holiday,Yes,10897
02/01/2018,58,5,-3.1,67,0.6,1384,-8.3,0.0,0.0,0.0,Winter,No Holiday,Yes,17079
17/07/2018,222,4,24.4,80,1.0,1112,20.7,0.0,0.0,0.0,Summer,No Holiday,Yes,15716
27/03/2018,1521,18,16.8,60,3.1,580,8.9,0.46,0.0,0.0,Spring,No Holiday,Yes,14752
08/10/2018,943,10,15.0,44,0.5,1839,2.8,1.48,0.0,0.0,Autumn,No Holiday,Yes,13218
05/08/2018,600,13,33.0,56,3.5,1857,23.0,2.68,0.0,0.0,Summer,No Holiday,Yes,17649
26/01/2018,147,16,-10.8,28,2.7,1778,-25.8,0.77,0.0,0.4,Winter,No Holiday,Yes,16577
01/07/2018,51,15,21.8,97,0.7,324,21.2,0.14,5.5,0.0,Summer,No Holiday,Yes,16000
08/07/2018,1053,11,23.8,47,2.1,2000,11.8,2.59,0.0,0.0,Summer,No Holiday,Yes,17711
13/02/2018,211,23,2.4,59,3.2,2000,-4.8,0.0,0.0,0.0,Winter,No Holiday,Yes,16521
14/12/2017,301,15,-2.5,29,1.1,1667,-18.1,0.48,0.0,0.0,Winter,No Holiday,Yes,14151
05/09/2018,1195,9,23.4,59,3.0,1974,14.9,1.46,0.0,0.0,Autumn,No Holiday,Yes,14070
23/09/2018,106,5,16.3,67,0.8,2000,10.1,0.0,0.0,0.0,Autumn,Holiday,Yes,12714
15/11/2018,1448,19,11.2,46,1.4,869,0.0,0.0,0.0,0.0,Autumn,No Holiday,Yes,15465
24/09/2018,1273,15,21.8,32,3.3,2000,4.3,2.42,0.0,0.0,Autumn,Holiday,Yes,12468
12/03/2018,931,17,13.7,38,2.6,436,-0.3,1.0,0.0,0.0,Spring,No Holiday,Yes,13086
19/08/2018,1821,21,27.9,61,0.7,2000,19.6,0.0,0.0,0.0,Summer,No Holiday,Yes,13711
11/09/2018,2171,17,25.4,44,1.2,2000,12.2,0.84,0.0,0.0,Autumn,No Holiday,Yes,15708
19/09/2018,0,13,26.5,39,1.7,1560,11.4,2.15,0.0,0.0,Autumn,No Holiday,No,12708
07/01/2018,214,22,1.1,40,0.5,1305,-11.0,0.0,0.0,0.0,Winter,No Holiday,Yes,15705
10/04/2018,967,13,21.9,34,5.1,1861,5.3,2.77,0.0,0.0,Spring,No Holiday,Yes,13119
24/08/2018,173,6,24.9,88,1.1,2000,22.7,0.0,0.5,0.0,Summer,No Holiday,Yes,14968
06/01/2018,354,17,1.1,31,1.7,1989,-14.1,0.26,0.0,0.0,Winter,No Holiday,Yes,14446
03/02/2018,116,8,-9.5,56,3.5,1979,-16.6,0.01,0.0,0.3,Winter,No Holiday,Yes,15159
19/06/2018,2809,19,23.3,59,2.6,1214,14.8,0.28,0.0,0.0,Summer,No Holiday,Yes,17617
17/03/2018,157,3,1.8,59,0.7,2000,-5.3,0.0,0.0,0.0,Spring,No Holiday,Yes,13491
12/12/2017,201,11,-9.4,42,3.1,1815,-19.9,0.93,0.0,0.0,Winter,No Holiday,Yes,10372
04/04/2018,378,9,10.4,81,1.4,2000,7.2,0.36,0.0,0.0,Spring,No Holiday,Yes,15299
05/11/2018,161,3,8.3,81,1.1,642,5.2,0.0,0.0,0.0,Autumn,No Holiday,Yes,16508
18/06/2018,202,3,20.5,77,0.5,865,16.3,0.0,0.0,0.0,Summer,No Holiday,Yes,18627
17/05/2018,592,13,23.4,83,1.7,1944,20.3,1.5,0.0,0.0,Spring,No Holiday,Yes,17734
10/06/2018,174,4,18.3,72,1.7,2000,13.1,0.0,0.0,0.0,Summer,No Holiday,Yes,17646
02/11/2018,153,5,4.8,75,0.7,1471,0.7,0.0,0.0,0.0,Autumn,No Holiday,Yes,18015
15/11/2018,721,23,8.1,57,0.7,752,0.0,0.0,0.0,0.0,Autumn,No Holiday,Yes,11195
31/05/2018,2281,8,16.9,65,1.6,896,10.2,1.21,0.0,0.0,Spring,No Holiday,Yes,15190
05/11/2018,1318,16,16.8,46,1.8,1041,5.0,0.72,0.0,0.0,Autumn,No Holiday,Yes,11374
20/09/2018,1272,19,18.9,78,2.2,2000,14.9,0.0,0.0,0.0,Autumn,No Holiday,Yes,12679
28/06/2018,1209,15,26.4,76,3.7,1370,21.8,1.01,0.0,0.0,Summer,No Holiday,Yes,13918
28/10/2018,948,15,12.2,67,3.3,2000,6.2,0.86,0.0,0.0,Autumn,No Holiday,Yes,10788
16/11/2018,151,5,6.9,66,0.5,698,0.9,0.0,0.0,0.0,Autumn,No Holiday,Yes,14978
22/04/2018,429,8,16.3,40,0.8,1982,2.6,0.25,0.0,0.0,Spring,No Holiday,Yes,10702
23/08/2018,584,13,31.0,53,1.9,2000,20.2,0.79,0.0,0.0,Summer,No Holiday,Yes,12313
31/03/2018,1381,14,20.1,30,3.0,1554,1.9,2.57,0.0,0.0,Spring,No Holiday,Yes,15324
15/02/2018,112,8,-3.0,38,1.0,2000,-15.4,0.0,0.0,0.0,Winter,Holiday,Yes,15370
07/06/2018,2161,21,21.5,69,2.6,942,15.5,0.0,0.0,0.0,Summer,No Holiday,Yes,12355
04/01/2018,197,10,-6.4,43,1.0,1872,-16.9,0.43,0.0,0.0,Winter,No Holiday,Yes,10820
20/01/2018,228,0,-0.6,60,0.6,1433,-7.4,0.0,0.0,0.0,Winter,No Holiday,Yes,16946
15/11/2018,883,13,15.1,37,1.9,990,0.4,1.74,0.0,0.0,Autumn,No Holiday,Yes,15548
24/11/2018,24,9,0.3,97,3.0,34,-0.1,0.0,9.1,7.1,Autumn,No Holiday,Yes,10092
25/06/2018,1437,23,27.2,55,0.7,920,17.3,0.0,0.0,0.0,Summer,No Holiday,Yes,12961
29/07/2018,895,17,36.3,36,1.5,2000,18.8,1.87,0.0,0.0,Summer,No Holiday,Yes,11836
03/10/2018,173,5,11.8,82,1.1,1878,8.8,0.0,0.0,0.0,Autumn,Holiday,Yes,16783
05/06/2018,1250,15,29.0,38,3.4,749,13.2,2.12,0.0,0.0,Summer,No Holiday,Yes,15581
21/01/2018,32,5,-2.6,49,1.1,1065,-11.8,0.0,0.0,0.0,Winter,No Holiday,Yes,10217
04/10/2018,0,5,13.2,73,0.9,1857,8.4,0.0,0.0,0.0,Autumn,No Holiday,No,14870
19/11/2018,793,14,10.6,34,2.8,920,-4.6,1.07,0.0,0.0,Autumn,No Holiday,Yes,14360
21/05/2018,1373,12,21.8,31,2.1,2000,3.9,3.39,0.0,0.0,Spring,No Holiday,Yes,13349
09/04/2018,682,9,2.6,96,1.1,316,2.0,0.87,0.0,0.0,Spring,No Holiday,Yes,15238
25/05/2018,1082,12,24.4,24,2.9,1811,2.5,3.28,0.0,0.0,Spring,No Holiday,Yes,14956
28/12/2017,311,14,0.8,55,1.8,1132,-7.2,0.59,0.0,0.0,Winter,No Holiday,Yes,16855
18/09/2018,0,17,25.5,38,2.9,1997,10.1,0.92,0.0,0.0,Autumn,No Holiday,No,11082
07/04/2018,458,20,4.2,44,4.1,2000,-6.9,0.0,0.0,0.0,Spring,No Holiday,Yes,11932
16/11/2018,1303,19,8.7,78,2.5,460,5.0,0.0,0.0,0.0,Autumn,No Holiday,Yes,10471
12/07/2018,1279,7,25.9,87,1.7,834,23.5,0.26,0.0,0.0,Summer,No Holiday,Yes,17582
09/08/2018,1075,23,27.3,81,0.0,1287,23.7,0.0,0.0,0.0,Summer,No Holiday,Yes,17190
27/03/2018,278,1,8.7,70,0.9,398,3.5,0.0,0.0,0.0,Spring,No Holiday,Yes,15126
18/07/2018,701,11,30.2,53,2.2,1143,19.5,2.77,0.0,0.0,Summer,No Holiday,Yes,14339
27/09/2018,1120,9,17.7,48,1.5,2000,6.5,1.3,0.0,0.0,Autumn,No Holiday,Yes,14159
02/04/2018,125,5,15.3,82,1.4,508,12.2,0.0,0.0,0.0,Spring,No Holiday,Yes,11760
25/04/2018,206,3,7.1,60,0.3,2000,-0.1,0.0,0.0,0.0,Spring,No Holiday,Yes,17630
24/07/2018,1834,20,31.1,63,2.0,1542,23.2,0.06,0.0,0.0,Summer,No Holiday,Yes,10052
25/06/2018,1073,13,31.2,36,2.0,1022,14.3,2.91,0.0,0.0,Summer,No Holiday,Yes,11858
03/12/2017,76,4,3.5,73,1.0,1060,-0.8,0.0,0.0,0.0,Winter,No Holiday,Yes,15308
10/12/2017,169,3,0.3,53,0.5,1748,-8.1,0.0,0.0,0.0,Winter,No Holiday,Yes,14054
02/07/2018,153,11,21.7,97,0.5,591,21.1,0.25,8.0,0.0,Summer,No Holiday,Yes,17730
12/12/2017,127,1,-11.2,51,1.1,2000,-19.3,0.0,0.0,0.0,Winter,No Holiday,Yes,17174
23/05/2018,1080,23,14.6,54,1.5,1596,5.3,0.0,0.0,0.0,Spring,No Holiday,Yes,15982
01/08/2018,531,15,39.3,37,2.3,1892,21.9,2.82,0.0,0.0,Summer,No Holiday,Yes,10990
15/04/2018,343,18,11.9,58,2.2,1645,3.8,0.61,0.0,0.0,Spring,No Holiday,Yes,15199
29/01/2018,166,11,-8.1,24,3.6,1761,-25.1,0.91,0.0,0.0,Winter,No Holiday,Yes,17913
01/03/2018,190,22,-3.6,52,3.7,1277,-12.0,0.0,0.0,0.0,Spring,Holiday,Yes,16941
21/12/2017,212,23,-1.5,79,0.6,821,-4.6,0.0,0.0,0.8,Winter,No Holiday,Yes,12562
08/11/2018,46,14,11.3,96,2.7,302,10.6,0.11,0.0,0.0,Autumn,No Holiday,Yes,17538
10/09/2018,1125,9,22.3,52,1.9,2000,11.9,1.43,0.0,0.0,Autumn,No Holiday,Yes,11043
11/09/2018,662,1,19.5,52,1.3,2000,9.3,0.0,0.0,0.0,Autumn,No Holiday,Yes,10285
13/12/2017,271,21,-8.3,39,1.0,2000,-19.8,0.0,0.0,0.0,Winter,No Holiday,Yes,13861
03/04/2018,1677,8,17.3,71,0.5,1481,11.9,0.17,0.0,0.0,Spring,No Holiday,Yes,18548
11/09/2018,3222,18,24.7,45,0.7,2000,11.9,0.3,0.0,0.0,Autumn,No Holiday,Yes,18705
28/01/2018,105,22,-7.9,40,2.5,1997,-19.1,0.0,0.0,0.0,Winter,No Holiday,Yes,14370
04/03/2018,90,3,8.5,96,0.4,238,7.8,0.0,0.1,0.0,Spring,No Holiday,Yes,11164
11/09/2018,922,10,21.9,43,1.1,2000,8.7,1.89,0.0,0.0,Autumn,No Holiday,Yes,14691
18/01/2018,261,11,1.8,75,1.8,301,-2.1,0.35,0.0,0.0,Winter,No Holiday,Yes,15409
14/09/2018,1259,21,24.7,61,1.6,2000,16.6,0.0,0.0,0.0,Autumn,No Holiday,Yes,14726
13/12/2017,168,0,-9.5,48,1.3,1996,-18.4,0.0,0.0,0.0,Winter,No Holiday,Yes,16204
02/09/2018,1075,12,27.5,43,1.4,1959,13.7,2.75,0.0,0.0,Autumn,No Holiday,Yes,12477
28/05/2018,770,0,17.3,55,0.7,1741,8.1,0.0,0.0,0.0,Spring,No Holiday,Yes,12039
30/12/2017,356,14,4.3,60,1.2,272,-2.7,0.4,0.0,0.0,Winter,No Holiday,Yes,12699
09/06/2018,2297,16,28.7,40,2.5,1474,13.7,1.0,0.0,0.0,Summer,No Holiday,Yes,15365
16/06/2018,1056,1,18.4,59,1.3,2000,10.2,0.0,0.0,0.0,Summer,No Holiday,Yes,11891
05/06/2018,1344,9,23.5,51,1.4,1169,12.7,1.82,0.0,0.0,Summer,No Holiday,Yes,14043
09/11/2018,0,5,10.9,68,3.1,1034,5.2,0.0,0.0,0.0,Autumn,No Holiday,No,18341
11/06/2018,1075,14,23.9,47,1.0,2000,11.8,0.97,0.0,0.0,Summer,No Holiday,Yes,17967
04/09/2018,219,5,20.2,97,1.2,528,19.7,0.0,0.0,0.0,Autumn,No Holiday,Yes,14332
08/12/2017,752,18,-3.1,33,1.2,2000,-17.1,0.0,0.0,0.0,Winter,No Holiday,Yes,10682
28/03/2018,1353,8,10.3,77,0.7,341,6.4,0.37,0.0,0.0,Spring,No Holiday,Yes,17356
21/08/2018,681,11,24.7,85,2.3,1438,22.0,0.27,0.0,0.0,Summer,No Holiday,Yes,18258
03/04/2018,1033,7,16.8,73,1.0,1366,11.9,0.01,0.0,0.0,Spring,No Holiday,Yes,13322
08/04/2018,58,17,4.3,80,2.6,1357,1.1,0.23,0.1,0.0,Spring,No Holiday,Yes,18732
28/02/2018,165,6,5.2,60,1.9,430,-1.9,0.0,0.0,0.0,Winter,No Holiday,Yes,12910
19/07/2018,591,2,24.8,80,1.5,888,21.1,0.0,0.0,0.0,Summer,No Holiday,Yes,17674
07/07/2018,2352,19,26.1,51,1.4,2000,15.1,0.32,0.0,0.0,Summer,No Holiday,Yes,16702
27/07/2018,909,0,28.6,80,0.6,990,24.8,0.0,0.0,0.0,Summer,No Holiday,Yes,13375
14/03/2018,1478,19,17.9,54,2.9,2000,8.4,0.04,0.0,0.0,Spring,No Holiday,Yes,17292
16/10/2018,568,1,12.4,65,1.1,1099,5.9,0.0,0.0,0.0,Autumn,No Holiday,Yes,18203
08/06/2018,2140,22,20.5,78,0.9,550,16.5,0.0,0.0,0.0,Summer,No Holiday,Yes,17370
24/07/2018,926,9,31.7,59,1.0,1706,22.6,1.69,0.0,0.0,Summer,No Holiday,Yes,13499
05/08/2018,639,14,33.3,55,4.7,1921,23.0,3.05,0.0,0.0,Summer,No Holiday,Yes,10455
27/05/2018,1374,22,18.6,50,1.0,1830,7.9,0.0,0.0,0.0,Spring,No Holiday,Yes,15296
07/11/2018,136,2,12.0,81,1.3,295,8.8,0.0,0.0,0.0,Autumn,No Holiday,Yes,17604
09/10/2018,0,5,10.8,64,0.8,2000,4.2,0.0,0.0,0.0,Autumn,Holiday,No,12317
16/01/2018,207,1,1.2,64,0.7,455,-4.8,0.0,0.0,0.0,Winter,No Holiday,Yes,15291
06/04/2018,9,4,6.8,97,2.2,453,6.3,0.0,2.0,0.0,Spring,No Holiday,Yes,17206
13/05/2018,139,6,13.5,98,0.4,251,13.1,0.01,0.0,0.0,Spring,No Holiday,Yes,12557
02/07/2018,72,21,23.4,98,0.4,1038,23.0,0.0,1.0,0.0,Summer,No Holiday,Yes,14120
29/01/2018,182,21,-7.7,42,2.9,1905,-18.4,0.0,0.0,0.0,Winter,No Holiday,Yes,15921
05/05/2018,716,1,12.1,54,1.3,1820,3.0,0.0,0.0,0.0,Spring,No Holiday,Yes,13706
18/12/2017,116,14,0.5,76,0.9,364,-3.2,0.17,0.0,4.2,Winter,No Holiday,Yes,13067
31/03/2018,1578,16,18.0,32,3.0,1836,1.0,1.03,0.0,0.0,Spring,No Holiday,Yes,14974
20/06/2018,2741,19,25.6,61,2.7,1236,17.5,0.6,0.0,0.0,Summer,No Holiday,Yes,17503
23/12/2017,120,4,5.3,79,0.9,506,1.9,0.0,0.0,0.0,Winter,No Holiday,Yes,16125
30/05/2018,570,1,18.8,84,0.5,488,16.0,0.0,0.0,0.0,Spring,No Holiday,Yes,11178
30/03/2018,880,22,12.7,76,1.5,521,8.5,0.0,0.0,0.0,Spring,No Holiday,Yes,12835
01/11/2018,1899,8,2.8,74,0.9,1366,-1.3,0.13,0.0,0.0,Autumn,No Holiday,Yes,13096
07/04/2018,368,23,3.1,39,3.1,2000,-9.5,0.0,0.0,0.0,Spring,No Holiday,Yes,15980
02/05/2018,131,19,12.6,93,3.9,831,11.4,0.0,0.0,0.0,Spring,No Holiday,Yes,17921
25/07/2018,696,10,30.7,61,2.8,1521,22.3,1.5,0.0,0.0,Summer,No Holiday,Yes,16629
17/07/2018,713,6,24.0,81,0.9,1271,20.5,0.02,0.0,0.0,Summer,No Holiday,Yes,18228
06/08/2018,646,15,33.6,58,3.6,1448,24.1,1.98,0.0,0.0,Summer,No Holiday,Yes,13963
01/10/2018,1106,9,14.9,50,3.4,1989,4.5,1.08,0.0,0.0,Autumn,No Holiday,Yes,12969
23/12/2017,337,1,5.7,75,1.7,706,1.6,0.0,0.0,0.0,Winter,No Holiday,Yes,12259
29/12/2017,426,15,5.7,53,2.7,408,-3.1,0.65,0.0,0.0,Winter,No Holiday,Yes,18317
15/09/2018,234,4,21.2,83,0.6,2000,18.1,0.0,0.1,0.0,Autumn,No Holiday,Yes,11131
04/06/2018,596,1,20.7,47,0.9,1987,8.9,0.0,0.0,0.0,Summer,No Holiday,Yes,17944
13/03/2018,890,16,17.6,53,3.7,1735,7.8,1.4,0.0,0.0,Spring,No Holiday,Yes,17401
10/12/2017,31,9,0.2,90,1.0,305,-1.2,0.0,1.6,4.3,Winter,No Holiday,Yes,13394
01/08/2018,521,11,35.8,41,1.6,1795,20.4,2.77,0.0,0.0,Summer,No Holiday,Yes,14271
25/10/2018,1168,9,10.3,64,1.0,1544,3.7,0.91,0.0,0.0,Autumn,No Holiday,Yes,16323
14/11/2018,1019,9,7.1,61,0.5,1493,0.0,0.57,0.0,0.0,Autumn,No Holiday,Yes,10868
30/01/2018,73,22,-1.7,85,1.2,1006,-3.8,0.0,0.0,3.5,Winter,No Holiday,Yes,12970
09/06/2018,1462,12,28.2,42,1.4,1563,14.0,2.84,0.0,0.0,Summer,No Holiday,Yes,12541
27/11/2018,1577,8,4.2,78,1.2,362,0.6,0.02,0.0,0.0,Autumn,No Holiday,Yes,15219
09/07/2018,575,9,21.1,72,1.0,1982,15.8,0.52,0.0,0.0,Summer,No Holiday,Yes,12573
26/03/2018,662,22,10.7,58,1.4,600,2.7,0.0,0.0,0.0,Spring,No Holiday,Yes,13367
20/10/2018,246,4,8.9,75,0.4,1877,4.7,0.0,0.0,0.0,Autumn,No Holiday,Yes,13153
30/08/2018,865,13,28.2,66,2.2,1006,21.2,1.81,0.0,0.0,Summer,No Holiday,Yes,10178
14/04/2018,664,0,14.8,27,2.1,2000,-4.0,0.0,0.0,0.0,Spring,No Holiday,Yes,12436
22/02/2018,71,3,-2.8,57,0.5,1995,-10.1,0.0,0.0,0.0,Winter,No Holiday,Yes,13118
17/11/2018,974,16,8.3,35,2.1,1987,-6.2,0.37,0.0,0.0,Autumn,No Holiday,Yes,15452
16/11/2018,520,1,7.8,59,0.6,768,0.2,0.0,0.0,0.0,Autumn,No Holiday,Yes,12642
26/10/2018,1386,17,14.3,77,2.9,1966,10.3,0.5,0.0,0.0,Autumn,No Holiday,Yes,10850
12/05/2018,29,20,15.7,97,0.3,343,15.2,0.0,1.0,0.0,Spring,No Holiday,Yes,14299
19/06/2018,2096,22,20.8,71,2.1,800,15.3,0.0,0.0,0.0,Summer,No Holiday,Yes,18629
12/05/2018,11,12,12.3,97,0.8,238,11.8,0.14,2.0,0.0,Spring,No Holiday,Yes,12574
06/03/2018,80,5,-0.9,78,0.6,1687,-4.2,0.0,0.0,0.0,Spring,No Holiday,Yes,12423
07/08/2018,1664,22,29.8,75,1.4,1609,24.8,0.0,0.0,0.0,Summer,No Holiday,Yes,18254
12/07/2018,1163,15,28.0,76,2.3,1437,23.3,1.0,0.0,0.0,Summer,No Holiday,Yes,13967
05/09/2018,1131,15,28.1,43,5.1,1929,14.3,2.65,0.0,0.0,Autumn,No Holiday,Yes,15275
18/02/2018,103,1,-4.4,33,1.4,2000,-18.2,0.0,0.0,0.0,Winter,No Holiday,Yes,14092
05/09/2018,748,1,20.9,66,1.1,2000,14.3,0.0,0.0,0.0,Autumn,No Holiday,Yes,15898
16/06/2018,277,5,16.6,65,1.2,2000,9.9,0.0,0.0,0.0,Summer,No Holiday,Yes,10384
28/02/2018,19,19,2.5,95,1.9,838,1.7,0.0,0.0,0.0,Winter,No Holiday,Yes,12337
12/11/2018,1189,21,8.5,50,0.5,1707,-1.3,0.0,0.0,0.0,Autumn,No Holiday,Yes,12614
13/11/2018,1163,21,8.5,42,1.1,2000,-3.7,0.0,0.0,0.0,Autumn,No Holiday,Yes,10736
04/07/2018,1856,17,31.2,56,3.4,1943,21.3,1.82,0.0,0.0,Summer,No Holiday,Yes,12951
23/09/2018,1366,15,25.0,28,2.2,2000,5.2,2.39,0.0,0.0,Autumn,Holiday,Yes,13477
23/04/2018,17,14,9.4,96,2.6,304,8.7,0.39,4.0,0.0,Spring,No Holiday,Yes,15889
10/07/2018,908,20,25.3,89,0.3,745,23.3,0.0,0.0,0.0,Summer,No Holiday,Yes,15526
04/08/2018,1387,20,30.2,66,2.8,2000,23.1,0.02,0.0,0.0,Summer,No Holiday,Yes,17378
21/02/2018,63,5,-4.0,35,1.8,2000,-17.2,0.0,0.0,0.0,Winter,No Holiday,Yes,13642
28/08/2018,31,13,24.6,97,0.5,765,24.0,0.1,9.5,0.0,Summer,No Holiday,Yes,14253
28/02/2018,174,2,5.2,54,1.3,516,-3.3,0.0,0.0,0.0,Winter,No Holiday,Yes,13356
07/09/2018,1577,16,25.2,39,2.8,1987,10.2,1.65,0.0,0.0,Autumn,No Holiday,Yes,16622
12/11/2018,1292,20,9.0,48,1.9,1879,-1.4,0.0,0.0,0.0,Autumn,No Holiday,Yes,11176
22/08/2018,1807,21,33.1,46,2.7,2000,19.9,0.0,0.0,0.0,Summer,No Holiday,Yes,16060
26/01/2018,196,17,-11.5,31,3.3,1745,-25.2,0.41,0.0,0.3,Winter,No Holiday,Yes,10020
23/06/2018,1932,22,23.0,74,2.4,473,18.1,0.0,0.0,0.0,Summer,No Holiday,Yes,13022
26/09/2018,2349,17,23.6,38,1.4,2000,8.4,1.04,0.0,0.0,Autumn,No Holiday,Yes,10417
28/09/2018,0,10,17.4,51,1.3,1989,7.1,0.81,0.0,0.0,Autumn,No Holiday,No,15140
29/08/2018,171,3,24.5,87,4.3,1985,22.1,0.0,0.0,0.0,Summer,No Holiday,Yes,11031
02/12/2017,388,11,1.9,49,1.8,1406,-7.7,1.0,0.0,0.0,Winter,No Holiday,Yes,12093
17/03/2018,561,10,6.0,43,1.0,1829,-5.6,1.69,0.0,0.0,Spring,No Holiday,Yes,13432
13/08/2018,639,10,30.6,67,0.7,1354,23.7,1.2,0.0,0.0,Summer,No Holiday,Yes,11577
03/11/2018,0,23,9.2,65,1.2,1064,2.9,0.0,0.0,0.0,Autumn,No Holiday,No,16753
11/10/2018,1284,16,13.8,36,2.9,2000,-1.0,0.98,0.0,0.0,Autumn,No Holiday,Yes,13641
29/10/2018,434,0,5.3,81,1.7,1993,2.2,0.0,0.0,0.0,Autumn,No Holiday,Yes,14553
14/09/2018,1347,15,26.6,55,1.8,2000,16.8,1.1,0.0,0.0,Autumn,No Holiday,Yes,13287
10/06/2018,216,6,18.3,71,0.9,2000,12.9,0.0,0.0,0.0,Summer,No Holiday,Yes,12864
26/12/2017,250,11,-2.1,28,4.9,1887,-18.2,0.87,0.0,0.0,Winter,No Holiday,Yes,17707
02/07/2018,839,16,25.2,87,0.9,601,22.8,0.88,0.0,0.0,Summer,No Holiday,Yes,17728
25/12/2017,133,10,-3.7,35,3.7,1937,-16.9,0.57,0.0,0.0,Winter,Holiday,Yes,14322
16/01/2018,276,12,5.2,52,1.2,349,-3.8,0.45,0.0,0.0,Winter,No Holiday,Yes,11018
19/01/2018,236,23,-0.5,59,0.9,1487,-7.5,0.0,0.0,0.0,Winter,No Holiday,Yes,11994
03/09/2018,656,6,23.8,71,1.2,2000,18.2,0.0,0.0,0.0,Autumn,No Holiday,Yes,18579
15/11/2018,1146,20,9.5,49,1.3,918,-0.7,0.0,0.0,0.0,Autumn,No Holiday,Yes,15731
19/02/2018,235,10,2.6,45,1.2,1230,-8.1,1.17,0.0,0.0,Winter,No Holiday,Yes,15261
05/07/2018,890,11,26.3,71,1.1,1340,20.6,0.86,0.0,0.0,Summer,No Holiday,Yes,17794
03/08/2018,1471,8,31.8,55,1.3,1537,21.6,0.78,0.0,0.0,Summer,No Holiday,Yes,12125
16/05/2018,135,6,22.1,94,0.9,269,21.0,0.0,2.0,0.0,Spring,No Holiday,Yes,11651
03/11/2018,0,20,12.1,68,0.8,592,6.3,0.0,0.0,0.0,Autumn,No Holiday,No,11044
09/05/2018,1186,14,20.7,36,2.2,1788,5.0,3.1,0.0,0.0,Spring,No Holiday,Yes,10466
25/12/2017,61,7,-4.6,46,2.8,2000,-14.4,0.0,0.0,0.0,Winter,Holiday,Yes,12841
21/01/2018,295,18,2.5,24,2.0,2000,-16.0,0.02,0.0,0.0,Winter,No Holiday,Yes,12408
24/02/2018,226,0,4.6,82,3.0,240,1.7,0.0,0.0,0.0,Winter,No Holiday,Yes,12655
29/06/2018,1209,15,28.4,63,2.8,742,20.6,2.47,0.0,0.0,Summer,No Holiday,Yes,14690
07/07/2018,396,6,19.5,61,1.5,2000,11.7,0.03,0.0,0.0,Summer,No Holiday,Yes,10981
16/03/2018,705,12,9.4,40,2.6,1913,-3.5,2.78,0.0,0.0,Spring,No Holiday,Yes,14112
12/02/2018,239,16,-2.4,33,4.5,1815,-16.5,1.55,0.0,0.0,Winter,No Holiday,Yes,16262
29/06/2018,3113,18,28.1,60,1.9,959,19.5,1.05,0.0,0.0,Summer,No Holiday,Yes,18058
03/04/2018,454,23,15.0,94,1.6,163,14.0,0.0,0.0,0.0,Spring,No Holiday,Yes,10368
28/07/2018,313,6,28.0,85,0.8,647,25.2,0.01,0.0,0.0,Summer,No Holiday,Yes,17839
07/07/2018,1416,23,21.7,51,1.7,2000,11.1,0.0,0.0,0.0,Summer,No Holiday,Yes,17416
01/07/2018,14,14,21.5,97,0.7,1522,20.9,0.29,1.0,0.0,Summer,No Holiday,Yes,10561
30/11/2018,837,16,7.2,23,1.5,1945,-12.6,0.72,0.0,0.0,Autumn,No Holiday,Yes,18051
06/05/2018,1639,19,19.0,70,0.7,2000,13.3,0.33,0.0,0.0,Spring,No Holiday,Yes,16501
01/01/2018,218,18,0.8,34,1.9,1887,-13.3,0.01,0.0,0.0,Winter,Holiday,Yes,12744
18/10/2018,1203,15,19.0,38,1.9,2000,4.3,1.72,0.0,0.0,Autumn,No Holiday,Yes,11188
07/07/2018,2238,18,27.8,48,1.2,2000,15.7,0.91,0.0,0.0,Summer,No Holiday,Yes,11842
11/03/2018,425,11,7.6,54,1.6,430,-1.1,2.06,0.0,0.0,Spring,No Holiday,Yes,15586
02/08/2018,1881,18,36.7,47,2.5,1803,23.5,0.99,0.0,0.0,Summer,No Holiday,Yes,18315
21/10/2018,936,10,13.4,46,0.8,1718,1.9,1.61,0.0,0.0,Autumn,No Holiday,Yes,18190
08/09/2018,1107,0,19.2,53,3.7,2000,9.3,0.0,0.0,0.0,Autumn,No Holiday,Yes,12509
20/08/2018,1630,22,29.0,63,4.2,1776,21.2,0.0,0.0,0.0,Summer,No Holiday,Yes,16414
21/12/2017,285,13,3.2,42,1.8,1349,-8.5,1.08,0.0,1.8,Winter,No Holiday,Yes,12335
24/07/2018,735,15,35.8,47,2.2,1029,22.7,1.51,0.0,0.0,Summer,No Holiday,Yes,17087
11/09/2018,1222,15,26.0,40,1.9,2000,11.3,1.53,0.0,0.0,Autumn,No Holiday,Yes,16859
25/10/2018,956,11,16.4,43,0.7,1713,3.7,1.96,0.0,0.0,Autumn,No Holiday,Yes,17188
22/06/2018,2493,20,25.4,31,2.5,2000,7.0,0.07,0.0,0.0,Summer,No Holiday,Yes,15585
10/05/2018,0,13,20.7,46,2.9,1078,8.6,3.26,0.0,0.0,Spring,No Holiday,No,10515
27/05/2018,2267,18,23.0,36,2.8,1904,7.1,0.85,0.0,0.0,Spring,No Holiday,Yes,12822
30/08/2018,1582,22,24.6,71,1.5,1319,18.9,0.0,0.0,0.0,Summer,No Holiday,Yes,16788
21/04/2018,1315,13,24.6,10,2.7,2000,-9.0,3.31,0.0,0.0,Spring,No Holiday,Yes,11790
25/01/2018,142,12,-12.8,25,3.2,1981,-28.7,1.16,0.0,0.6,Winter,No Holiday,Yes,15444
12/03/2018,60,3,2.3,48,0.8,1448,-7.6,0.0,0.0,0.0,Spring,No Holiday,Yes,15202
01/11/2018,1094,15,14.8,30,2.7,1990,-2.6,1.71,0.0,0.0,Autumn,No Holiday,Yes,11818
12/05/2018,6,10,11.8,96,1.3,221,11.1,0.12,2.5,0.0,Spring,No Holiday,Yes,13896
06/01/2018,189,20,-2.1,41,1.1,1578,-13.6,0.0,0.0,0.0,Winter,No Holiday,Yes,12975
06/05/2018,1016,23,15.9,83,0.6,2000,13.0,0.0,0.0,0.0,Spring,No Holiday,Yes,15718
21/01/2018,36,6,-3.1,54,1.4,1037,-11.1,0.0,0.0,0.0,Winter,No Holiday,Yes,11522
09/10/2018,0,14,18.8,39,1.6,2000,4.5,0.67,0.0,0.0,Autumn,Holiday,No,13007
22/05/2018,1407,14,22.8,53,1.4,1630,12.7,0.98,0.0,0.0,Spring,Holiday,Yes,16564
25/10/2018,572,1,10.0,78,0.4,1669,6.3,0.0,0.0,0.0,Autumn,No Holiday,Yes,17066
14/07/2018,1797,19,30.4,59,2.4,1972,21.4,0.69,0.0,0.0,Summer,No Holiday,Yes,11261
12/02/2018,200,22,-4.2,57,1.7,2000,-11.4,0.0,0.0,0.0,Winter,No Holiday,Yes,15195
10/08/2018,214,4,26.3,85,0.4,1216,23.5,0.0,0.0,0.0,Summer,No Holiday,Yes,10806
22/01/2018,365,9,0.1,33,0.8,1901,-14.3,0.06,0.0,0.0,Winter,No Holiday,Yes,17842
24/09/2018,620,0,17.2,50,1.7,2000,6.6,0.0,0.0,0.0,Autumn,Holiday,Yes,12812
30/05/2018,2224,20,19.1,64,2.6,1530,12.1,0.06,0.0,0.0,Spring,No Holiday,Yes,18566
20/08/2018,2628,18,31.6,47,2.1,1867,18.9,0.26,0.0,0.0,Summer,No Holiday,Yes,13621
30/10/2018,847,13,9.8,33,1.8,1937,-5.7,2.3,0.0,0.0,Autumn,No Holiday,Yes,11314
15/01/2018,365,16,7.5,37,0.9,813,-6.2,0.48,0.0,0.0,Winter,No Holiday,Yes,12349
25/09/2018,292,2,13.4,62,0.2,2000,6.2,0.0,0.0,0.0,Autumn,Holiday,Yes,12358
18/04/2018,1149,15,19.0,21,3.3,1716,-3.8,2.88,0.0,0.0,Spring,No Holiday,Yes,12664
28/05/2018,1131,9,21.7,48,1.1,1806,10.2,1.92,0.0,0.0,Spring,No Holiday,Yes,11716
30/08/2018,1732,21,24.8,72,1.4,1298,19.4,0.0,0.0,0.0,Summer,No Holiday,Yes,10974
03/08/2018,266,5,30.5,72,0.5,1084,24.8,0.0,0.0,0.0,Summer,No Holiday,Yes,18468
04/04/2018,172,6,11.7,95,0.7,2000,10.9,0.0,2.0,0.0,Spring,No Holiday,Yes,10510
25/07/2018,299,5,28.3,74,2.4,1378,23.2,0.0,0.0,0.0,Summer,No Holiday,Yes,14709
09/01/2018,257,15,-2.4,51,4.6,1458,-11.1,0.46,0.0,0.0,Winter,No Holiday,Yes,17581
22/01/2018,249,14,3.3,73,0.4,744,-1.0,0.11,0.0,0.0,Winter,No Holiday,Yes,12006
20/09/2018,1049,22,18.4,85,2.1,1772,15.8,0.0,0.0,0.0,Autumn,No Holiday,Yes,17672
09/04/2018,1362,20,11.7,34,0.9,1393,-3.6,0.0,0.0,0.0,Spring,No Holiday,Yes,10939
24/03/2018,122,4,5.1,54,1.2,550,-3.4,0.0,0.0,0.0,Spring,No Holiday,Yes,16921
12/09/2018,241,5,17.5,60,1.6,2000,9.6,0.0,0.0,0.0,Autumn,No Holiday,Yes,14081
11/02/2018,175,16,-3.6,36,4.4,2000,-16.5,0.67,0.0,0.0,Winter,No Holiday,Yes,18273
05/05/2018,1669,14,23.6,34,3.3,1829,6.8,2.57,0.0,0.0,Spring,No Holiday,Yes,18084
13/11/2018,402,6,4.2,72,0.8,1326,-0.4,0.0,0.0,0.0,Autumn,No Holiday,Yes,16591
11/11/2018,810,14,10.1,58,0.9,605,2.1,0.43,0.0,0.0,Autumn,No Holiday,Yes,15017
18/03/2018,993,14,11.0,41,1.1,763,-1.7,0.81,0.0,0.0,Spring,No Holiday,Yes,17308
29/06/2018,470,0,21.9,95,1.9,357,21.0,0.0,0.0,0.0,Summer,No Holiday,Yes,17933
10/03/2018,497,11,5.7,58,2.3,700,-1.9,2.08,0.0,0.0,Spring,No Holiday,Yes,11542
13/11/2018,1126,22,8.1,50,0.5,2000,-1.7,0.0,0.0,0.0,Autumn,No Holiday,Yes,13443
21/05/2018,1135,7,12.3,0,0.9,1989,-2.7,0.48,0.0,0.0,Spring,No Holiday,Yes,16027
25/07/2018,977,16,34.1,52,2.5,1304,22.8,2.23,0.0,0.0,Summer,No Holiday,Yes,13156
08/08/2018,920,9,30.2,66,1.4,1131,23.1,1.48,0.0,0.0,Summer,No Holiday,Yes,12366
20/10/2018,1585,13,19.4,26,1.1,1942,-0.6,2.45,0.0,0.0,Autumn,No Holiday,Yes,12412
27/02/2018,461,20,5.9,44,1.3,733,-5.4,0.0,0.0,0.0,Winter,No Holiday,Yes,10056
26/10/2018,178,5,12.4,60,0.8,1563,4.8,0.0,0.0,0.0,Autumn,No Holiday,Yes,12952
22/04/2018,12,20,13.3,80,1.8,821,9.9,0.0,1.5,0.0,Spring,No Holiday,Yes,13005
23/02/2018,283,12,5.3,70,0.9,226,0.2,1.73,0.0,1.7,Winter,No Holiday,Yes,15270
20/02/2018,431,15,5.4,18,3.7,1940,-17.0,1.82,0.0,0.0,Winter,No Holiday,Yes,15971
01/04/2018,1066,19,17.4,79,2.3,614,13.7,0.03,0.0,0.0,Spring,No Holiday,Yes,13607
23/07/2018,2051,20,31.5,61,1.8,2000,23.0,0.07,0.0,0.0,Summer,No Holiday,Yes,17380
30/04/2018,983,9,17.5,65,1.0,416,10.8,1.0,0.0,0.0,Spring,No Holiday,Yes,13971
21/12/2017,366,17,2.9,60,1.3,1193,-4.1,0.16,0.0,0.8,Winter,No Holiday,Yes,10065
09/05/2018,245,2,10.9,59,1.1,2000,3.1,0.0,0.0,0.0,Spring,No Holiday,Yes,12752
24/12/2017,54,16,2.3,91,3.3,270,0.9,0.07,0.0,0.0,Winter,Holiday,Yes,17498
04/11/2018,1180,19,12.9,56,2.5,1345,4.3,0.0,0.0,0.0,Autumn,No Holiday,Yes,13742
06/10/2018,0,6,16.5,96,2.3,417,15.8,0.0,8.5,0.0,Autumn,No Holiday,No,12432
16/02/2018,48,9,-4.3,33,0.7,1923,-18.2,0.6,0.0,0.0,Winter,Holiday,Yes,18439
05/04/2018,56,20,7.3,96,1.9,2000,6.6,0.0,0.0,0.0,Spring,No Holiday,Yes,13933
16/01/2018,242,23,3.9,60,0.9,379,-3.1,0.0,0.0,0.0,Winter,No Holiday,Yes,14289
04/03/2018,289,19,11.2,81,2.3,1614,8.0,0.0,0.0,0.0,Spring,No Holiday,Yes,15165
08/09/2018,1675,22,21.5,51,2.0,2000,10.9,0.0,0.0,0.0,Autumn,No Holiday,Yes,16428
21/02/2018,365,14,3.3,14,2.9,1985,-21.7,2.49,0.0,0.0,Winter,No Holiday,Yes,10530
19/06/2018,2525,20,22.4,62,2.2,1041,14.7,0.05,0.0,0.0,Summer,No Holiday,Yes,16618
14/06/2018,735,11,20.5,79,1.7,770,16.7,1.25,0.0,0.0,Summer,No Holiday,Yes,17749
28/07/2018,606,8,29.6,75,0.4,749,24.6,0.66,0.0,0.0,Summer,No Holiday,Yes,12658
09/10/2018,0,19,17.3,47,2.2,2000,5.8,0.0,0.0,0.0,Autumn,Holiday,No,18673
31/05/2018,610,1,15.5,82,1.5,513,12.4,0.0,0.0,0.0,Spring,No Holiday,Yes,16064
23/10/2018,1010,15,16.6,68,1.5,955,10.6,1.55,0.0,0.0,Autumn,No Holiday,Yes,18279
28/08/2018,39,17,24.8,96,1.8,564,24.1,0.14,2.5,0.0,Summer,No Holiday,Yes,15024
18/02/2018,153,23,-0.7,37,0.9,1814,-13.6,0.0,0.0,0.0,Winter,No Holiday,Yes,18054
09/12/2017,486,14,4.7,32,2.2,1948,-10.6,1.06,0.0,0.0,Winter,No Holiday,Yes,14337
14/01/2018,134,10,-2.1,72,1.7,489,-6.4,0.34,0.0,0.0,Winter,No Holiday,Yes,10265
01/04/2018,453,1,11.7,74,0.5,979,7.2,0.0,0.0,0.0,Spring,No Holiday,Yes,11299
06/07/2018,403,3,22.6,66,1.5,2000,15.9,0.0,0.0,0.0,Summer,No Holiday,Yes,11996
08/06/2018,1095,11,21.9,64,2.4,1359,14.7,1.03,0.0,0.0,Summer,No Holiday,Yes,12543
30/09/2018,0,5,16.1,78,0.4,2000,12.2,0.0,0.0,0.0,Autumn,No Holiday,No,11691
08/09/2018,1273,12,25.2,36,2.4,1995,9.0,2.93,0.0,0.0,Autumn,No Holiday,Yes,14172
22/04/2018,578,1,15.9,39,0.2,2000,1.9,0.0,0.0,0.0,Spring,No Holiday,Yes,15798
11/11/2018,689,21,8.0,51,0.5,1989,-1.5,0.0,0.0,0.0,Autumn,No Holiday,Yes,10308
03/10/2018,497,3,12.6,78,0.6,1907,8.8,0.0,0.0,0.0,Autumn,Holiday,Yes,12385
13/11/2018,330,2,5.6,64,0.1,1556,-0.6,0.0,0.0,0.0,Autumn,No Holiday,Yes,10722
05/10/2018,47,9,16.3,85,1.8,942,13.7,0.13,1.2,0.0,Autumn,No Holiday,Yes,15654
21/07/2018,491,7,25.3,71,0.4,1226,19.6,0.34,0.0,0.0,Summer,No Holiday,Yes,16994
29/06/2018,1117,13,26.8,65,2.0,732,19.6,2.37,0.0,0.0,Summer,No Holiday,Yes,11746
11/02/2018,119,21,-5.6,69,2.2,1984,-10.3,0.0,0.0,0.0,Winter,No Holiday,Yes,12175
19/09/2018,0,15,25.9,39,1.4,1836,10.8,0.9,0.0,0.0,Autumn,No Holiday,No,10501
26/12/2017,246,15,-1.9,17,5.0,2000,-23.7,0.93,0.0,0.0,Winter,No Holiday,Yes,15644
08/02/2018,233,22,-3.9,41,0.4,1462,-15.2,0.0,0.0,0.0,Winter,No Holiday,Yes,10130
04/03/2018,70,8,8.3,97,0.6,152,7.8,0.01,0.0,0.0,Spring,No Holiday,Yes,17803
18/04/2018,842,19,14.7,40,2.4,1207,1.2,0.21,0.0,0.0,Spring,No Holiday,Yes,10419
29/08/2018,208,0,22.7,96,0.3,2000,22.0,0.0,1.0,0.0,Summer,No Holiday,Yes,13302
03/06/2018,1274,23,22.0,44,0.8,1978,9.1,0.0,0.0,0.0,Summer,No Holiday,Yes,11376
04/01/2018,309,16,-1.4,34,1.8,1719,-15.2,0.3,0.0,0.0,Winter,No Holiday,Yes,13066
24/08/2018,1084,23,23.4,79,2.7,1990,19.5,0.0,0.0,0.0,Summer,No Holiday,Yes,12151
16/09/2018,188,4,22.5,89,0.7,444,20.5,0.0,0.3,0.0,Autumn,No Holiday,Yes,15923
15/05/2018,372,2,17.1,74,0.4,350,12.4,0.0,0.0,0.0,Spring,No Holiday,Yes,17156
15/09/2018,906,0,21.8,83,1.5,2000,18.7,0.0,0.0,0.0,Autumn,No Holiday,Yes,14231
11/01/2018,179,16,-8.2,39,2.8,1807,-19.7,0.63,0.0,0.0,Winter,No Holiday,Yes,17389
14/09/2018,1996,19,25.3,60,1.2,2000,16.9,0.04,0.0,0.0,Autumn,No Holiday,Yes,15468
05/11/2018,1464,20,12.7,75,2.0,433,8.3,0.0,0.0,0.0,Autumn,No Holiday,Yes,17309
06/02/2018,392,18,-7.6,36,3.3,2000,-20.1,0.11,0.0,0.0,Winter,No Holiday,Yes,14471
27/05/2018,1729,21,19.5,46,1.8,1734,7.5,0.0,0.0,0.0,Spring,No Holiday,Yes,14137
08/06/2018,1668,16,26.6,49,3.2,1200,15.0,2.35,0.0,0.0,Summer,No Holiday,Yes,11114
10/08/2018,1544,22,30.9,54,0.8,2000,20.5,0.0,0.0,0.0,Summer,No Holiday,Yes,10754
28/11/2018,275,2,4.1,34,1.3,928,-10.3,0.0,0.0,0.0,Autumn,No Holiday,Yes,17907
22/07/2018,965,17,37.6,33,2.1,1837,18.5,1.82,0.0,0.0,Summer,No Holiday,Yes,10370
26/06/2018,11,11,20.4,97,1.4,129,19.9,0.09,16.0,0.0,Summer,No Holiday,Yes,17258
16/01/2018,376,9,1.9,65,0.8,402,-3.9,0.06,0.0,0.0,Winter,No Holiday,Yes,10074
02/04/2018,918,7,15.1,80,1.0,623,11.6,0.01,0.0,0.0,Spring,No Holiday,Yes,12606
19/11/2018,839,15,11.1,35,1.9,861,-3.8,1.11,0.0,0.0,Autumn,No Holiday,Yes,12182
11/06/2018,353,2,19.2,60,1.5,2000,11.2,0.0,0.0,0.0,Summer,No Holiday,Yes,18285
12/02/2018,246,13,-2.7,29,2.9,1961,-18.3,2.29,0.0,0.0,Winter,No Holiday,Yes,14286
13/10/2018,728,8,7.4,70,0.5,1373,2.2,0.36,0.0,0.0,Autumn,No Holiday,Yes,16965
03/04/2018,867,9,18.3,67,2.4,1375,12.0,0.55,0.0,0.0,Spring,No Holiday,Yes,14706
26/01/2018,322,8,-17.8,40,2.5,2000,-28.1,0.0,0.0,0.5,Winter,No Holiday,Yes,14908
20/01/2018,223,19,3.5,66,1.7,187,-2.2,0.0,0.0,0.0,Winter,No Holiday,Yes,10839
14/07/2018,1038,14,30.7,59,2.9,1612,21.7,2.05,0.0,0.0,Summer,No Holiday,Yes,15207
13/01/2018,40,5,-6.3,51,0.8,2000,-14.8,0.0,0.0,0.0,Winter,No Holiday,Yes,10439
20/02/2018,177,0,0.0,75,2.3,394,-3.9,0.0,0.0,0.0,Winter,No Holiday,Yes,13931
29/08/2018,22,21,23.7,98,0.6,410,23.3,0.0,5.5,0.0,Summer,No Holiday,Yes,11006
03/07/2018,944,12,30.1,64,1.2,2000,22.5,2.54,0.0,0.0,Summer,No Holiday,Yes,13301
13/06/2018,2474,16,25.8,50,1.7,1152,14.5,0.66,0.0,0.0,Summer,No Holiday,Yes,11507
17/09/2018,1069,13,25.6,50,3.8,1876,14.3,2.82,0.0,0.0,Autumn,No Holiday,Yes,14377
13/02/2018,51,5,-6.7,64,1.6,1981,-12.3,0.0,0.0,0.0,Winter,No Holiday,Yes,13038
06/12/2017,144,1,-3.0,79,0.0,293,-6.1,0.0,0.0,0.3,Winter,No Holiday,Yes,17520
18/08/2018,1342,23,25.9,52,1.3,2000,15.2,0.0,0.0,0.0,Summer,No Holiday,Yes,13390
14/08/2018,1684,21,31.3,59,0.3,2000,22.3,0.0,0.0,0.0,Summer,No Holiday,Yes,12523
19/07/2018,687,11,30.7,48,1.6,1705,18.4,2.92,0.0,0.0,Summer,No Holiday,Yes,10667
01/05/2018,1002,10,22.2,61,1.2,531,14.3,1.72,0.0,0.0,Spring,Holiday,Yes,18061
07/01/2018,278,12,1.1,34,0.9,1455,-13.0,0.6,0.0,0.0,Winter,No Holiday,Yes,15006
08/11/2018,17,10,10.8,94,1.8,578,9.8,0.15,0.0,0.0,Autumn,No Holiday,Yes,17854
18/05/2018,129,0,19.3,97,1.8,523,18.8,0.0,1.0,0.0,Spring,No Holiday,Yes,11604
02/02/2018,227,22,-2.4,63,1.3,1523,-8.4,0.0,0.0,0.0,Winter,No Holiday,Yes,13914
18/03/2018,237,19,10.0,53,1.7,796,0.8,0.01,0.0,0.0,Spring,No Holiday,Yes,10725
12/09/2018,3256,18,27.0,44,1.4,2000,13.6,0.62,0.0,0.0,Autumn,No Holiday,Yes,14021
01/04/2018,1362,17,18.0,72,1.8,559,12.8,0.47,0.0,0.0,Spring,No Holiday,Yes,13381
14/10/2018,811,0,10.4,59,0.0,971,2.7,0.0,0.0,0.0,Autumn,No Holiday,Yes,17105
24/04/2018,923,13,15.9,53,2.1,2000,6.3,1.54,0.0,0.0,Spring,No Holiday,Yes,11465
19/02/2018,218,23,0.5,73,1.5,465,-3.7,0.0,0.0,0.0,Winter,No Holiday,Yes,18125
22/03/2018,726,21,4.5,62,2.0,826,-2.1,0.0,0.0,0.0,Spring,No Holiday,Yes,14670
10/10/2018,2514,18,12.2,45,3.1,2000,0.5,0.16,0.0,0.0,Autumn,No Holiday,Yes,11435
29/06/2018,345,2,22.2,96,0.8,269,21.5,0.0,0.2,0.0,Summer,No Holiday,Yes,15834
26/11/2018,643,11,7.2,66,1.5,542,1.2,1.41,0.0,0.0,Autumn,No Holiday,Yes,10345
05/05/2018,1223,16,23.2,30,4.5,1787,4.6,1.49,0.0,0.0,Spring,No Holiday,Yes,15503
08/03/2018,757,17,7.5,64,4.3,538,1.1,0.88,0.0,0.0,Spring,No Holiday,Yes,10485
24/12/2017,116,20,0.6,67,3.3,506,-4.8,0.0,0.0,0.0,Winter,Holiday,Yes,10713
25/01/2018,68,1,-16.1,42,2.2,2000,-26.0,0.0,0.0,0.7,Winter,No Holiday,Yes,18503
26/04/2018,1796,17,20.7,30,3.3,1482,2.4,1.48,0.0,0.0,Spring,No Holiday,Yes,18469
24/03/2018,736,18,9.0,76,3.0,288,4.9,0.45,0.0,0.0,Spring,No Holiday,Yes,15068
25/05/2018,437,2,16.1,70,0.6,787,10.6,0.0,0.0,0.0,Spring,No Holiday,Yes,15062
02/07/2018,23,3,21.1,96,2.4,866,20.4,0.0,4.5,0.0,Summer,No Holiday,Yes,16422
17/02/2018,267,16,1.3,15,4.2,2000,-22.5,1.63,0.0,0.0,Winter,Holiday,Yes,14753
05/02/2018,157,12,-7.8,28,4.1,2000,-23.1,2.12,0.0,0.0,Winter,No Holiday,Yes,13307
03/12/2017,422,19,5.7,85,1.7,309,3.3,0.0,0.0,0.0,Winter,No Holiday,Yes,10874
15/08/2018,586,11,35.4,44,1.2,1887,21.2,2.58,0.0,0.0,Summer,Holiday,Yes,10219
15/12/2017,162,2,-6.8,58,0.4,1089,-13.6,0.0,0.0,0.0,Winter,No Holiday,Yes,14436
17/01/2018,183,1,3.3,64,0.4,339,-2.8,0.0,0.0,0.0,Winter,No Holiday,Yes,14643
06/11/2018,0,21,13.0,76,0.9,231,8.8,0.0,0.0,0.0,Autumn,No Holiday,No,12885
07/04/2018,714,18,6.4,43,3.7,2000,-5.2,0.92,0.0,0.0,Spring,No Holiday,Yes,14891
18/08/2018,475,7,21.7,57,1.3,2000,12.8,0.23,0.0,0.0,Summer,No Holiday,Yes,17518
02/08/2018,1605,19,35.2,52,2.3,1754,23.8,0.44,0.0,0.0,Summer,No Holiday,Yes,14763
30/10/2018,948,22,7.6,50,1.8,2000,-2.1,0.0,0.0,0.0,Autumn,No Holiday,Yes,13653
26/04/2018,1027,9,14.0,54,1.5,1054,4.8,1.37,0.0,0.0,Spring,No Holiday,Yes,16486
27/04/2018,1133,13,21.0,36,1.0,1164,5.3,2.99,0.0,0.0,Spring,No Holiday,Yes,17323
15/05/2018,1092,14,28.5,33,0.9,1348,10.6,2.51,0.0,0.0,Spring,No Holiday,Yes,14561
27/04/2018,1142,12,19.5,40,1.1,1055,5.5,2.89,0.0,0.0,Spring,No Holiday,Yes,15962
06/05/2018,1290,22,16.4,80,1.2,2000,12.9,0.0,0.0,0.0,Spring,No Holiday,Yes,10697
21/03/2018,70,4,1.3,39,2.3,2000,-11.1,0.0,0.0,0.0,Spring,No Holiday,Yes,15395
22/04/2018,32,19,15.2,64,1.7,1185,8.4,0.02,0.5,0.0,Spring,No Holiday,Yes,12907
11/05/2018,941,20,16.7,52,0.9,1328,6.7,0.0,0.0,0.0,Spring,No Holiday,Yes,15011
24/06/2018,2094,18,29.8,35,3.3,1805,12.6,1.15,0.0,0.0,Summer,No Holiday,Yes,17138
14/12/2017,316,21,-4.8,45,0.8,1351,-14.9,0.0,0.0,0.0,Winter,No Holiday,Yes,16052
08/01/2018,374,7,0.7,44,0.8,1357,-10.1,0.0,0.0,0.0,Winter,No Holiday,Yes,18401
29/05/2018,2022,17,23.9,65,1.9,1425,16.9,1.02,0.0,0.0,Spring,No Holiday,Yes,12407
10/11/2018,223,4,9.5,87,0.6,266,7.4,0.0,0.0,0.0,Autumn,No Holiday,Yes,10298
10/09/2018,1064,14,27.8,37,1.4,1983,11.7,2.67,0.0,0.0,Autumn,No Holiday,Yes,14078
10/08/2018,1198,23,30.4,58,1.4,2000,21.2,0.0,0.0,0.0,Summer,No Holiday,Yes,10963
07/10/2018,753,9,16.2,60,1.9,1899,8.4,1.16,0.0,0.0,Autumn,No Holiday,Yes,15084
08/02/2018,103,2,-8.3,65,0.4,1750,-13.7,0.0,0.0,0.0,Winter,No Holiday,Yes,16005
28/08/2018,865,9,24.2,80,1.2,1708,20.5,0.57,0.0,0.0,Summer,No Holiday,Yes,12052
01/02/2018,257,21,-3.2,47,1.8,1917,-12.9,0.0,0.0,0.0,Winter,No Holiday,Yes,14152
30/06/2018,1005,21,23.9,84,0.7,1552,21.0,0.0,0.0,0.0,Summer,No Holiday,Yes,10978
17/06/2018,755,2,20.5,76,1.1,994,16.1,0.0,0.0,0.0,Summer,No Holiday,Yes,15097
13/08/2018,698,13,33.0,54,1.7,1458,22.4,1.23,0.0,0.0,Summer,No Holiday,Yes,12419
21/12/2017,531,18,1.7,64,1.3,1140,-4.3,0.0,0.0,0.8,Winter,No Holiday,Yes,15145
07/06/2018,2317,8,18.9,82,2.3,326,15.7,0.44,0.0,0.0,Summer,No Holiday,Yes,13003
22/03/2018,674,14,11.4,30,3.1,1672,-5.5,2.82,0.0,0.0,Spring,No Holiday,Yes,17729
15/09/2018,580,2,21.7,78,1.0,2000,17.6,0.0,0.0,0.0,Autumn,No Holiday,Yes,11895
21/07/2018,1731,21,30.2,54,1.8,2000,19.8,0.0,0.0,0.0,Summer,No Holiday,Yes,16358
05/09/2018,3160,18,27.0,45,2.4,2000,14.0,0.77,0.0,0.0,Autumn,No Holiday,Yes,10781
15/07/2018,810,13,31.4,53,3.2,1695,20.6,3.28,0.0,0.0,Summer,No Holiday,Yes,10385
02/11/2018,1730,17,17.0,36,1.5,1672,1.8,0.47,0.0,0.0,Autumn,No Holiday,Yes,10305
28/12/2017,164,0,-6.5,41,1.7,2000,-17.6,0.0,0.0,0.0,Winter,No Holiday,Yes,13771
17/11/2018,195,4,1.7,74,1.7,1226,-2.4,0.0,0.0,0.0,Autumn,No Holiday,Yes,18569
29/08/2018,346,6,24.7,85,3.8,2000,22.0,0.0,0.0,0.0,Summer,No Holiday,Yes,16401
17/04/2018,1100,7,6.9,57,1.1,1633,-1.0,0.18,0.0,0.0,Spring,No Holiday,Yes,10547
18/07/2018,741,1,25.7,80,0.2,805,21.9,0.0,0.0,0.0,Summer,No Holiday,Yes,16075
17/12/2017,100,3,-9.0,40,3.1,2000,-20.1,0.0,0.0,0.0,Winter,No Holiday,Yes,14396
02/07/2018,304,13,22.6,97,0.6,367,22.0,0.3,0.5,0.0,Summer,No Holiday,Yes,15518
05/07/2018,1381,17,27.3,76,0.9,1971,22.6,0.52,0.0,0.0,Summer,No Holiday,Yes,12904
07/01/2018,333,16,2.6,32,1.0,1381,-12.4,0.27,0.0,0.0,Winter,No Holiday,Yes,13473
26/11/2018,819,7,1.7,89,1.3,295,0.0,0.0,0.0,0.3,Autumn,No Holiday,Yes,14403
12/07/2018,2313,19,27.4,78,1.1,1899,23.2,0.27,0.0,0.0,Summer,No Holiday,Yes,16477
29/10/2018,161,5,5.1,76,0.7,2000,1.2,0.0,0.0,0.0,Autumn,No Holiday,Yes,11599
26/09/2018,680,9,17.7,54,1.8,2000,8.2,0.63,0.0,0.0,Autumn,No Holiday,Yes,12223
31/08/2018,965,13,28.7,46,2.6,1815,15.9,3.1,0.0,0.0,Summer,No Holiday,Yes,11856
28/05/2018,1502,7,16.8,0,0.8,1387,8.9,0.36,0.0,0.0,Spring,No Holiday,Yes,17592
15/12/2017,241,1,-6.3,57,0.4,1148,-13.4,0.0,0.0,0.0,Winter,No Holiday,Yes,13688
10/06/2018,313,7,18.4,68,0.6,2000,12.3,0.04,0.0,0.0,Summer,No Holiday,Yes,15075
25/02/2018,195,10,2.1,42,1.1,1564,-9.5,1.12,0.0,0.0,Winter,No Holiday,Yes,12107
16/12/2017,239,11,-5.2,30,4.0,1991,-20.1,0.86,0.0,0.0,Winter,No Holiday,Yes,13987
06/07/2018,998,10,23.7,59,1.7,2000,15.2,0.89,0.0,0.0,Summer,No Holiday,Yes,17345
09/05/2018,1073,23,15.2,62,1.4,2000,7.9,0.0,0.0,0.0,Spring,No Holiday,Yes,13246
21/09/2018,1540,21,19.9,82,0.6,2000,16.7,0.0,0.0,0.0,Autumn,No Holiday,Yes,11864
13/10/2018,1147,22,11.7,60,0.5,1002,4.1,0.0,0.0,0.0,Autumn,No Holiday,Yes,10263
10/03/2018,241,2,1.6,79,0.9,685,-1.6,0.0,0.0,0.0,Spring,No Holiday,Yes,15255
18/04/2018,671,23,10.7,42,0.9,1236,-1.7,0.0,0.0,0.0,Spring,No Holiday,Yes,13959
18/04/2018,1738,17,17.8,26,3.3,1439,-1.9,1.63,0.0,0.0,Spring,No Holiday,Yes,11401
03/02/2018,107,21,-9.1,38,2.7,2000,-20.8,0.0,0.0,0.0,Winter,No Holiday,Yes,12463
07/10/2018,1160,22,13.6,38,1.5,2000,-0.4,0.0,0.0,0.0,Autumn,No Holiday,Yes,14245
14/12/2017,80,3,-10.7,48,0.4,1651,-19.6,0.0,0.0,0.0,Winter,No Holiday,Yes,18234
26/02/2018,443,22,2.7,40,1.0,1089,-9.5,0.0,0.0,0.0,Winter,No Holiday,Yes,14995
27/08/2018,61,1,20.5,89,0.5,235,18.6,0.0,1.5,0.0,Summer,No Holiday,Yes,12912
24/04/2018,1580,19,13.3,37,1.2,2000,-1.1,0.12,0.0,0.0,Spring,No Holiday,Yes,10646
27/03/2018,110,5,8.0,63,0.8,439,1.3,0.0,0.0,0.0,Spring,No Holiday,Yes,18511
02/10/2018,0,14,21.5,39,2.5,1691,6.9,2.56,0.0,0.0,Autumn,No Holiday,No,16572
03/04/2018,163,5,16.9,73,1.6,1275,12.0,0.0,0.0,0.0,Spring,No Holiday,Yes,15257
16/12/2017,45,5,-5.6,72,2.0,662,-9.8,0.0,0.0,0.0,Winter,No Holiday,Yes,14967
18/12/2017,45,6,-5.2,85,0.9,271,-7.3,0.0,0.4,1.3,Winter,No Holiday,Yes,11874
21/01/2018,396,16,4.7,17,2.1,2000,-18.3,0.55,0.0,0.0,Winter,No Holiday,Yes,15366
03/06/2018,1834,16,30.4,28,3.6,1790,9.8,2.48,0.0,0.0,Summer,No Holiday,Yes,13848
06/05/2018,770,15,17.8,77,1.6,2000,13.7,1.13,0.0,0.0,Spring,No Holiday,Yes,12159
12/08/2018,697,14,35.0,45,2.2,1957,21.2,2.73,0.0,0.0,Summer,No Holiday,Yes,15108
12/07/2018,787,1,26.6,80,0.0,1485,22.8,0.0,0.0,0.0,Summer,No Holiday,Yes,18025
09/08/2018,929,0,28.9,75,1.6,1946,24.0,0.0,0.0,0.0,Summer,No Holiday,Yes,11503
30/03/2018,1268,19,15.2,60,3.2,1081,7.4,0.09,0.0,0.0,Spring,No Holiday,Yes,16390
10/11/2018,1094,13,15.9,48,2.7,538,4.8,1.87,0.0,0.0,Autumn,No Holiday,Yes,17046
27/06/2018,2200,21,23.3,71,1.3,1145,17.7,0.0,0.0,0.0,Summer,No Holiday,Yes,10329
20/03/2018,243,1,5.5,42,3.1,2000,-6.4,0.0,0.0,0.0,Spring,No Holiday,Yes,12603
23/06/2018,2256,18,26.3,55,3.2,1119,16.5,0.64,0.0,0.0,Summer,No Holiday,Yes,10059
17/12/2017,166,20,-6.0,42,0.8,2000,-16.8,0.0,0.0,0.0,Winter,No Holiday,Yes,14384
17/07/2018,1031,9,27.5,60,2.2,1252,19.0,1.59,0.0,0.0,Summer,No Holiday,Yes,12203
30/07/2018,645,14,35.3,41,1.3,2000,20.0,2.01,0.0,0.0,Summer,No Holiday,Yes,11339
10/11/2018,568,2,10.7,80,0.6,409,7.3,0.0,0.0,0.0,Autumn,No Holiday,Yes,16717
20/06/2018,2519,20,23.3,68,3.6,895,17.0,0.11,0.0,0.0,Summer,No Holiday,Yes,15210
25/11/2018,370,1,2.7,86,1.0,460,0.5,0.0,0.0,2.9,Autumn,No Holiday,Yes,10104
02/01/2018,148,0,-1.8,54,1.1,1772,-9.8,0.0,0.0,0.0,Winter,No Holiday,Yes,10206
17/12/2017,53,7,-10.2,42,2.3,2000,-20.6,0.0,0.0,0.0,Winter,No Holiday,Yes,10766
19/06/2018,2378,21,21.6,66,2.4,962,14.9,0.0,0.0,0.0,Summer,No Holiday,Yes,17168
20/06/2018,1252,12,25.2,53,3.3,976,14.9,3.38,0.0,0.0,Summer,No Holiday,Yes,13277
12/11/2018,1023,22,7.6,55,1.7,1694,-0.8,0.0,0.0,0.0,Autumn,No Holiday,Yes,13929
28/03/2018,741,7,9.6,82,1.1,284,6.6,0.04,0.0,0.0,Spring,No Holiday,Yes,16126
14/05/2018,121,4,11.9,94,1.3,210,10.9,0.0,0.0,0.0,Spring,No Holiday,Yes,14762
06/06/2018,799,8,21.2,59,1.2,794,12.8,1.13,0.0,0.0,Summer,Holiday,Yes,11711
11/07/2018,2931,18,28.4,75,2.4,1564,23.5,0.52,0.0,0.0,Summer,No Holiday,Yes,16359
05/04/2018,46,14,8.0,95,1.5,514,7.2,0.35,0.0,0.0,Spring,No Holiday,Yes,18029
30/05/2018,2074,21,18.2,69,2.0,1286,12.4,0.0,0.0,0.0,Spring,No Holiday,Yes,13737
14/02/2018,398,14,7.8,57,3.5,675,-0.2,1.34,0.0,0.0,Winter,No Holiday,Yes,15964
27/04/2018,975,23,14.0,66,1.2,519,7.7,0.0,0.0,0.0,Spring,No Holiday,Yes,13482
10/02/2018,223,10,1.8,73,2.8,270,-2.5,0.69,0.0,0.0,Winter,No Holiday,Yes,12520
11/10/2018,857,23,8.4,60,1.5,2000,1.0,0.0,0.0,0.0,Autumn,No Holiday,Yes,18024
10/01/2018,177,14,-5.3,37,5.3,2000,-17.7,1.05,0.0,0.3,Winter,No Holiday,Yes,11888
26/04/2018,140,4,10.7,70,0.7,1404,5.4,0.0,0.0,0.0,Spring,No Holiday,Yes,13121
06/04/2018,499,22,3.9,68,3.0,737,-1.4,0.0,0.0,0.0,Spring,No Holiday,Yes,10503
20/07/2018,1782,22,28.8,65,1.3,1988,21.5,0.0,0.0,0.0,Summer,No Holiday,Yes,16349
29/04/2018,183,6,9.5,65,1.0,1325,3.2,0.01,0.0,0.0,Spring,No Holiday,Yes,18587
02/04/2018,1213,22,17.4,66,2.3,1565,10.9,0.0,0.0,0.0,Spring,No Holiday,Yes,18192
01/04/2018,737,11,16.7,55,2.1,1182,7.6,1.37,0.0,0.0,Spring,No Holiday,Yes,15284
01/08/2018,1553,19,36.1,56,3.7,1837,25.9,0.47,0.0,0.0,Summer,No Holiday,Yes,11807
31/03/2018,142,6,9.4,75,0.9,1117,5.1,0.0,0.0,0.0,Spring,No Holiday,Yes,12467
16/11/2018,991,9,8.2,61,0.6,586,1.1,0.26,0.0,0.0,Autumn,No Holiday,Yes,17006
14/10/2018,2097,16,19.1,31,2.1,1960,1.5,1.27,0.0,0.0,Autumn,No Holiday,Yes,10765
04/08/2018,640,12,33.2,52,2.5,1514,22.0,1.59,0.0,0.0,Summer,No Holiday,Yes,13135
07/12/2017,333,11,2.3,69,1.7,628,-2.8,0.63,0.0,0.6,Winter,No Holiday,Yes,18226
26/06/2018,143,4,24.7,49,1.0,1293,13.2,0.0,0.0,0.0,Summer,No Holiday,Yes,17472
28/11/2018,1039,19,6.0,24,3.0,1861,-13.0,0.0,0.0,0.0,Autumn,No Holiday,Yes,16852
06/04/2018,683,13,7.9,58,4.3,488,0.1,1.88,0.0,0.0,Spring,No Holiday,Yes,10018
13/05/2018,2023,19,17.6,73,2.0,886,12.6,0.34,0.0,0.0,Spring,No Holiday,Yes,18516
23/09/2018,768,23,17.7,45,1.1,2000,5.6,0.0,0.0,0.0,Autumn,Holiday,Yes,12431
17/04/2018,143,5,7.4,56,0.6,1746,-0.8,0.0,0.0,0.0,Spring,No Holiday,Yes,10151
23/06/2018,540,3,22.0,42,0.2,1891,8.4,0.0,0.0,0.0,Summer,No Holiday,Yes,18613
24/03/2018,880,13,12.4,50,2.5,379,2.2,2.48,0.0,0.0,Spring,No Holiday,Yes,16257
27/08/2018,1762,21,23.9,88,0.8,2000,21.7,0.0,0.0,0.0,Summer,No Holiday,Yes,13361
24/05/2018,1863,17,23.4,38,2.7,1885,8.2,1.76,0.0,0.0,Spring,No Holiday,Yes,15651
07/06/2018,1099,12,25.0,56,3.0,715,15.6,3.19,0.0,0.0,Summer,No Holiday,Yes,13797
12/12/2017,173,23,-9.3,47,2.1,2000,-18.5,0.0,0.0,0.0,Winter,No Holiday,Yes,13728
22/09/2018,458,3,18.8,90,1.0,1191,17.1,0.0,0.0,0.0,Autumn,No Holiday,Yes,10164
01/10/2018,680,0,14.1,55,2.6,2000,5.1,0.0,0.0,0.0,Autumn,No Holiday,Yes,13527
27/06/2018,1362,15,25.5,68,2.4,638,19.1,1.61,0.0,0.0,Summer,No Holiday,Yes,17288
16/06/2018,583,7,17.0,60,1.1,1993,9.1,0.47,0.0,0.0,Summer,No Holiday,Yes,14227
10/10/2018,1775,17,13.1,45,3.1,2000,1.4,0.62,0.0,0.0,Autumn,No Holiday,Yes,12568
22/04/2018,289,3,15.2,31,0.3,2000,-1.8,0.0,0.0,0.0,Spring,No Holiday,Yes,13011
19/11/2018,457,0,6.8,56,0.7,1505,-1.3,0.0,0.0,0.0,Autumn,No Holiday,Yes,17316
05/01/2018,446,17,-0.6,45,3.3,1827,-11.0,0.24,0.0,0.0,Winter,No Holiday,Yes,11993
16/12/2017,201,10,-6.2,42,2.3,1893,-17.0,0.52,0.0,0.0,Winter,No Holiday,Yes,15157
12/03/2018,946,19,10.6,47,2.0,425,-0.2,0.03,0.0,0.0,Spring,No Holiday,Yes,12738
26/11/2018,586,10,5.1,70,1.2,498,0.0,0.93,0.0,0.0,Autumn,No Holiday,Yes,13893
18/04/2018,105,4,7.2,49,0.8,1546,-2.8,0.0,0.0,0.0,Spring,No Holiday,Yes,17699
26/09/2018,1358,12,22.5,37,1.8,2000,7.0,2.5,0.0,0.0,Autumn,No Holiday,Yes,13937
23/08/2018,551,10,30.2,52,1.8,2000,19.2,0.93,0.0,0.0,Summer,No Holiday,Yes,10484
09/08/2018,559,16,31.6,73,3.0,1133,26.1,1.57,0.0,0.0,Summer,No Holiday,Yes,11950
03/11/2018,0,9,7.9,58,1.3,1033,0.1,0.8,0.0,0.0,Autumn,No Holiday,No,16777
02/10/2018,0,5,10.8,82,0.3,1778,7.8,0.0,0.0,0.0,Autumn,No Holiday,No,16833
04/02/2018,54,3,-10.6,47,3.7,2000,-19.7,0.0,0.0,0.0,Winter,No Holiday,Yes,13206
28/12/2017,169,1,-6.6,39,1.4,2000,-18.2,0.0,0.0,0.0,Winter,No Holiday,Yes,12127
04/06/2018,1671,16,25.5,43,3.2,1892,11.9,1.72,0.0,0.0,Summer,No Holiday,Yes,10373
22/03/2018,81,5,1.1,88,0.9,927,-0.6,0.0,0.0,0.0,Spring,No Holiday,Yes,15976
12/06/2018,1215,13,25.7,46,0.8,2000,13.2,3.18,0.0,0.0,Summer,No Holiday,Yes,14275
30/11/2018,554,10,1.9,51,0.8,1029,-7.1,1.01,0.0,0.0,Autumn,No Holiday,Yes,14401
12/10/2018,1110,13,15.8,36,1.5,1888,0.7,2.59,0.0,0.0,Autumn,No Holiday,Yes,13239
20/09/2018,784,21,18.7,84,2.7,1744,15.9,0.0,0.0,0.0,Autumn,No Holiday,Yes,17808
20/09/2018,524,2,19.9,64,1.5,1755,12.8,0.0,0.0,0.0,Autumn,No Holiday,Yes,12619
16/02/2018,105,0,-3.3,35,1.8,1977,-16.6,0.0,0.0,0.0,Winter,Holiday,Yes,12316
15/01/2018,74,2,3.6,65,0.9,959,-2.3,0.0,0.0,0.0,Winter,No Holiday,Yes,11683
09/08/2018,1591,20,27.9,78,0.6,1989,23.7,0.03,0.0,0.0,Summer,No Holiday,Yes,17282
03/09/2018,110,21,21.6,97,0.5,646,21.0,0.0,0.5,0.0,Autumn,No Holiday,Yes,16362
28/09/2018,0,8,15.2,58,1.7,2000,6.9,0.29,0.0,0.0,Autumn,No Holiday,No,17176
03/12/2017,32,5,3.9,75,1.9,914,-0.1,0.0,0.0,0.0,Winter,No Holiday,Yes,12446
19/02/2018,417,20,2.4,60,1.9,661,-4.5,0.0,0.0,0.0,Winter,No Holiday,Yes,15550
09/05/2018,1940,21,16.4,56,0.8,2000,7.5,0.0,0.0,0.0,Spring,No Holiday,Yes,16746
13/07/2018,1006,0,25.1,87,0.4,1800,22.7,0.0,0.0,0.0,Summer,No Holiday,Yes,10950
30/04/2018,1168,15,24.1,48,2.7,419,12.3,2.47,0.0,0.0,Spring,No Holiday,Yes,12966
01/09/2018,1845,17,29.6,42,1.3,2000,15.3,0.98,0.0,0.0,Autumn,No Holiday,Yes,12703
04/12/2017,65,3,3.6,85,2.3,206,1.3,0.0,0.0,0.0,Winter,No Holiday,Yes,12870
24/05/2018,205,5,11.3,64,1.2,1634,4.7,0.0,0.0,0.0,Spring,No Holiday,Yes,16284
01/02/2018,51,5,-7.8,65,2.3,1737,-13.2,0.0,0.0,1.6,Winter,No Holiday,Yes,17598
24/08/2018,405,15,24.0,94,3.1,1188,22.9,0.41,0.5,0.0,Summer,No Holiday,Yes,18081
28/04/2018,166,4,11.4,78,1.8,362,7.6,0.0,0.0,0.0,Spring,No Holiday,Yes,18130
29/05/2018,1192,9,21.0,67,1.1,1012,14.6,0.54,0.0,0.0,Spring,No Holiday,Yes,12962
12/09/2018,2146,20,24.0,56,0.5,1890,14.6,0.0,0.0,0.0,Autumn,No Holiday,Yes,18397
04/09/2018,1178,15,26.7,51,3.4,2000,15.7,2.09,0.0,0.0,Autumn,No Holiday,Yes,16699
14/09/2018,971,0,22.1,74,1.1,1962,17.2,0.0,0.0,0.0,Autumn,No Holiday,Yes,13883
10/11/2018,754,0,11.3,77,0.9,433,7.4,0.0,0.0,0.0,Autumn,No Holiday,Yes,10171
14/08/2018,872,0,29.3,68,1.6,2000,22.7,0.0,0.0,0.0,Summer,No Holiday,Yes,15833
14/01/2018,29,5,-4.2,79,1.2,442,-7.3,0.0,0.0,0.0,Winter,No Holiday,Yes,16413
26/03/2018,575,14,17.4,39,2.9,520,3.2,2.7,0.0,0.0,Spring,No Holiday,Yes,10053
26/07/2018,355,3,27.7,76,0.2,1376,23.0,0.0,0.0,0.0,Summer,No Holiday,Yes,10202
22/11/2018,1032,19,3.6,48,2.6,2000,-6.4,0.0,0.0,0.0,Autumn,No Holiday,Yes,16250
19/04/2018,1165,21,14.2,44,2.4,1290,2.1,0.0,0.0,0.0,Spring,No Holiday,Yes,11015
05/06/2018,314,3,19.1,72,0.6,1370,13.9,0.0,0.0,0.0,Summer,No Holiday,Yes,15267
08/09/2018,827,8,17.1,57,1.0,1979,8.5,0.76,0.0,0.0,Autumn,No Holiday,Yes,14109
06/09/2018,1990,19,25.3,71,3.3,2000,19.6,0.05,0.0,0.0,Autumn,No Holiday,Yes,11929
26/05/2018,1285,12,26.2,31,1.2,1161,7.7,3.18,0.0,0.0,Spring,No Holiday,Yes,17031
30/11/2018,300,2,0.6,66,0.5,1368,-5.0,0.0,0.0,0.0,Autumn,No Holiday,Yes,14574
06/05/2018,12,9,15.4,97,0.8,413,14.9,0.18,1.0,0.0,Spring,No Holiday,Yes,17859
11/12/2017,371,19,-8.6,45,3.9,2000,-18.4,0.0,0.0,0.0,Winter,No Holiday,Yes,14106
10/01/2018,437,18,-7.8,32,4.5,2000,-21.6,0.02,0.0,0.0,Winter,No Holiday,Yes,11518
18/01/2018,232,23,0.6,47,2.3,1046,-9.4,0.0,0.0,0.0,Winter,No Holiday,Yes,18427
28/10/2018,630,12,11.9,74,1.6,1801,7.4,1.84,0.0,0.0,Autumn,No Holiday,Yes,12693
13/06/2018,959,8,20.7,65,1.5,1004,13.8,0.97,0.0,0.0,Summer,No Holiday,Yes,14218
28/06/2018,594,6,22.0,90,0.4,373,20.2,0.04,0.1,0.0,Summer,No Holiday,Yes,13199
30/11/2018,116,4,-0.5,71,0.4,1345,-5.1,0.0,0.0,0.0,Autumn,No Holiday,Yes,14703
09/12/2017,96,4,-4.3,49,0.7,2000,-13.4,0.0,0.0,0.0,Winter,No Holiday,Yes,17169
05/08/2018,983,0,28.0,82,1.4,1221,24.6,0.0,0.0,0.0,Summer,No Holiday,Yes,14066
16/02/2018,28,5,-5.0,44,0.9,1976,-15.3,0.0,0.0,0.0,Winter,Holiday,Yes,14803
26/12/2017,262,13,-2.0,15,4.7,1970,-25.2,1.18,0.0,0.0,Winter,No Holiday,Yes,13740
19/03/2018,393,11,10.2,65,3.3,2000,3.9,0.57,0.0,0.0,Spring,No Holiday,Yes,17002
11/12/2017,326,9,-5.9,36,5.1,1941,-18.6,0.1,0.0,0.0,Winter,No Holiday,Yes,15160
20/02/2018,322,11,2.8,35,3.9,1265,-11.1,1.71,0.0,0.0,Winter,No Holiday,Yes,16107
18/06/2018,988,12,28.4,45,2.2,649,15.3,2.92,0.0,0.0,Summer,No Holiday,Yes,15515
22/05/2018,957,0,16.0,71,0.5,1299,10.7,0.0,0.0,0.0,Spring,Holiday,Yes,16945
06/09/2018,320,3,21.5,85,0.1,1282,18.8,0.0,0.0,0.0,Autumn,No Holiday,Yes,10934
23/01/2018,211,7,-12.5,41,4.5,2000,-23.0,0.0,0.0,1.0,Winter,No Holiday,Yes,11914
15/01/2018,55,5,5.0,76,1.9,808,1.1,0.0,0.0,0.0,Winter,No Holiday,Yes,12789
17/06/2018,304,4,19.4,82,0.9,531,16.2,0.0,0.0,0.0,Summer,No Holiday,Yes,16706
17/04/2018,1727,18,17.1,31,3.3,1501,-0.1,0.93,0.0,0.0,Spring,No Holiday,Yes,12622
18/10/2018,2154,8,8.5,77,0.5,1995,4.6,0.21,0.0,0.0,Autumn,No Holiday,Yes,16121
24/10/2018,2612,18,15.1,53,1.7,2000,5.5,0.06,0.0,0.0,Autumn,No Holiday,Yes,16585
18/01/2018,506,18,2.0,39,2.1,1259,-10.5,0.01,0.0,0.0,Winter,No Holiday,Yes,17394
20/03/2018,92,5,4.1,42,3.1,2000,-7.6,0.0,0.0,0.0,Spring,No Holiday,Yes,12656
09/12/2017,431,13,3.9,36,2.0,1702,-9.8,1.13,0.0,0.0,Winter,No Holiday,Yes,15534
01/12/2017,173,2,-6.0,39,1.0,2000,-17.7,0.0,0.0,0.0,Winter,No Holiday,Yes,18059
22/07/2018,1666,21,32.3,50,1.7,1784,20.5,0.0,0.0,0.0,Summer,No Holiday,Yes,17145
06/09/2018,1041,12,26.9,60,2.3,1592,18.4,1.67,0.0,0.0,Autumn,No Holiday,Yes,18181
11/03/2018,119,7,2.9,84,1.9,241,0.4,0.0,0.0,0.0,Spring,No Holiday,Yes,11113
27/12/2017,146,10,-8.5,29,2.4,1992,-23.4,0.56,0.0,0.0,Winter,No Holiday,Yes,16670
11/11/2018,616,16,9.9,59,1.3,578,2.2,0.1,0.0,0.0,Autumn,No Holiday,Yes,12511
16/09/2018,322,17,22.0,89,2.2,285,20.0,0.21,1.0,0.0,Autumn,No Holiday,Yes,14551
19/03/2018,403,12,10.2,58,3.5,2000,2.2,0.32,0.0,0.0,Spring,No Holiday,Yes,16897
10/04/2018,485,0,9.0,46,1.2,1259,-2.0,0.0,0.0,0.0,Spring,No Holiday,Yes,14947
30/03/2018,1156,16,20.7,36,3.6,811,5.0,1.82,0.0,0.0,Spring,No Holiday,Yes,18220
29/08/2018,74,22,24.3,97,2.1,1028,23.7,0.0,4.5,0.0,Summer,No Holiday,Yes,12753
20/04/2018,708,10,18.2,36,1.0,620,2.8,1.99,0.0,0.0,Spring,No Holiday,Yes,10170
10/11/2018,1379,17,14.8,47,1.3,787,3.5,0.35,0.0,0.0,Autumn,No Holiday,Yes,14532
20/11/2018,1078,20,8.5,32,2.6,1789,-7.2,0.0,0.0,0.0,Autumn,No Holiday,Yes,14276
26/03/2018,62,3,5.5,96,1.6,72,4.9,0.0,0.0,0.0,Spring,No Holiday,Yes,15265
14/06/2018,1292,15,24.6,57,1.8,1664,15.5,1.54,0.0,0.0,Summer,No Holiday,Yes,12691
01/09/2018,1086,12,28.9,46,1.6,1966,16.1,2.96,0.0,0.0,Autumn,No Holiday,Yes,15737
24/10/2018,1126,12,16.8,48,1.6,1673,5.7,2.1,0.0,0.0,Autumn,No Holiday,Yes,12810
08/05/2018,1267,15,22.4,39,1.9,2000,7.7,2.16,0.0,0.0,Spring,No Holiday,Yes,17956
09/08/2018,561,14,30.8,69,1.8,1218,24.4,1.58,0.0,0.0,Summer,No Holiday,Yes,18256
19/03/2018,263,15,9.8,57,3.0,2000,1.6,0.43,0.0,0.0,Spring,No Holiday,Yes,12990
16/12/2017,142,23,-8.0,41,2.2,2000,-18.9,0.0,0.0,0.0,Winter,No Holiday,Yes,17039
02/11/2018,1160,14,18.0,31,1.2,1506,0.5,1.98,0.0,0.0,Autumn,No Holiday,Yes,11055
22/06/2018,2103,22,23.3,32,1.1,2000,5.6,0.0,0.0,0.0,Summer,No Holiday,Yes,13000
11/04/2018,0,10,13.3,51,4.1,1487,3.3,2.17,0.0,0.0,Spring,No Holiday,No,16599
02/07/2018,58,4,20.8,97,1.0,2000,20.3,0.0,4.0,0.0,Summer,No Holiday,Yes,17060
15/07/2018,402,7,25.2,80,0.2,1551,21.4,0.18,0.0,0.0,Summer,No Holiday,Yes,17130
13/07/2018,2069,20,28.2,76,2.2,1888,23.5,0.08,0.0,0.0,Summer,No Holiday,Yes,13981
11/07/2018,236,2,24.5,96,0.5,476,23.8,0.0,0.0,0.0,Summer,No Holiday,Yes,14589
18/07/2018,1002,0,26.2,79,0.7,850,22.2,0.0,0.0,0.0,Summer,No Holiday,Yes,18233
30/12/2017,64,21,1.8,92,1.1,109,0.6,0.0,0.2,0.0,Winter,No Holiday,Yes,13762
09/01/2018,554,8,-6.0,64,3.2,1384,-11.7,0.0,0.0,0.7,Winter,No Holiday,Yes,10896
01/06/2018,862,10,25.3,45,1.3,1371,12.5,2.45,0.0,0.0,Summer,No Holiday,Yes,11418
05/10/2018,74,18,16.7,96,1.6,1461,16.0,0.03,1.0,0.0,Autumn,No Holiday,Yes,15919
17/03/2018,268,2,2.3,56,0.6,2000,-5.5,0.0,0.0,0.0,Spring,No Holiday,Yes,18703
19/08/2018,795,11,28.4,43,1.0,1914,14.6,1.52,0.0,0.0,Summer,No Holiday,Yes,14893
28/11/2018,635,12,7.9,14,1.7,1688,-18.0,1.81,0.0,0.0,Autumn,No Holiday,Yes,16264
22/12/2017,196,0,-1.7,79,0.5,794,-4.8,0.0,0.0,0.8,Winter,Holiday,Yes,11739
12/05/2018,34,16,13.8,97,0.7,196,13.3,0.12,1.5,0.0,Spring,No Holiday,Yes,12195
15/02/2018,92,23,-2.5,31,1.4,1996,-17.3,0.0,0.0,0.0,Winter,Holiday,Yes,12109
22/03/2018,758,15,10.7,34,4.5,1850,-4.5,2.51,0.0,0.0,Spring,No Holiday,Yes,12815
09/07/2018,285,3,21.9,63,1.3,2000,14.5,0.0,0.0,0.0,Summer,No Holiday,Yes,11048
12/05/2018,70,5,15.0,61,1.2,903,7.5,0.0,0.0,0.0,Spring,No Holiday,Yes,12852
18/01/2018,269,15,4.2,36,2.3,957,-9.5,0.57,0.0,0.0,Winter,No Holiday,Yes,10179
29/04/2018,2094,17,21.9,28,3.1,1023,2.5,1.6,0.0,0.0,Spring,No Holiday,Yes,11954
04/05/2018,138,4,9.5,66,1.1,1737,3.4,0.0,0.0,0.0,Spring,No Holiday,Yes,15092
29/06/2018,2028,8,22.2,95,1.6,389,21.3,0.26,0.0,0.0,Summer,No Holiday,Yes,17269
27/09/2018,1930,21,18.7,48,1.3,2000,7.4,0.0,0.0,0.0,Autumn,No Holiday,Yes,17196
04/09/2018,602,6,20.0,97,0.0,647,19.5,0.0,0.0,0.0,Autumn,No Holiday,Yes,10016
16/06/2018,1861,15,27.8,41,1.6,1851,13.3,2.89,0.0,0.0,Summer,No Holiday,Yes,13701
08/02/2018,253,14,0.9,25,2.4,1730,-16.9,2.09,0.0,0.0,Winter,No Holiday,Yes,18624
05/02/2018,169,13,-7.0,25,4.2,1999,-23.7,2.29,0.0,0.0,Winter,No Holiday,Yes,15917
04/01/2018,159,0,-6.3,54,1.4,1990,-14.1,0.0,0.0,0.0,Winter,No Holiday,Yes,16778
26/01/2018,24,4,-16.4,36,1.5,2000,-28.0,0.0,0.0,0.5,Winter,No Holiday,Yes,11179
05/09/2018,376,3,20.2,77,0.4,2000,16.0,0.0,0.0,0.0,Autumn,No Holiday,Yes,13321
01/03/2018,317,18,-0.8,40,4.7,1429,-12.7,0.43,0.0,0.0,Spring,Holiday,Yes,18089
03/04/2018,1470,20,17.3,80,2.4,927,13.8,0.0,0.0,0.0,Spring,No Holiday,Yes,10734
21/04/2018,166,4,13.6,67,1.6,521,7.5,0.0,0.0,0.0,Spring,No Holiday,Yes,11835
18/05/2018,1221,22,14.2,73,1.9,2000,9.4,0.0,0.0,0.0,Spring,No Holiday,Yes,13497
09/12/2017,427,12,2.4,40,0.8,1809,-9.8,1.05,0.0,0.0,Winter,No Holiday,Yes,13045
01/12/2017,323,23,-1.3,84,1.0,1265,-3.6,0.0,0.0,0.0,Winter,No Holiday,Yes,10253
20/11/2018,922,22,8.9,40,3.4,1810,-3.9,0.0,0.0,0.0,Autumn,No Holiday,Yes,11269
24/05/2018,1087,12,22.1,36,5.3,1696,6.3,3.2,0.0,0.0,Spring,No Holiday,Yes,13568
27/02/2018,443,7,1.3,47,0.7,1084,-8.7,0.0,0.0,0.0,Winter,No Holiday,Yes,16868
31/05/2018,2164,20,23.1,58,2.9,1950,14.3,0.06,0.0,0.0,Spring,No Holiday,Yes,16672
31/12/2017,110,10,-0.5,73,1.7,609,-4.7,0.53,0.0,1.1,Winter,Holiday,Yes,17625
20/02/2018,64,4,-1.6,83,0.6,368,-4.1,0.0,0.0,0.0,Winter,No Holiday,Yes,17042
19/12/2017,211,16,-1.8,31,3.1,1993,-16.7,0.56,0.0,2.0,Winter,No Holiday,Yes,15179
06/07/2018,1917,22,22.5,54,2.1,2000,12.7,0.0,0.0,0.0,Summer,No Holiday,Yes,14583
09/07/2018,486,6,21.0,64,1.0,2000,13.9,0.03,0.0,0.0,Summer,No Holiday,Yes,16598
13/05/2018,145,0,15.5,97,1.5,181,15.0,0.0,0.5,0.0,Spring,No Holiday,Yes,13073
29/11/2018,1026,19,5.2,48,1.9,1590,-4.9,0.0,0.0,0.0,Autumn,No Holiday,Yes,11768
26/05/2018,1690,16,29.0,31,2.9,889,10.1,2.26,0.0,0.0,Spring,No Holiday,Yes,18151
06/12/2017,496,16,5.3,37,2.9,2000,-8.2,0.36,0.0,0.0,Winter,No Holiday,Yes,11606
27/03/2018,527,23,12.4,74,1.5,356,7.8,0.0,0.0,0.0,Spring,No Holiday,Yes,15384
02/10/2018,0,1,12.5,74,1.9,1992,7.9,0.0,0.0,0.0,Autumn,No Holiday,No,15457
04/12/2017,41,4,2.8,89,1.5,130,1.1,0.0,0.0,0.0,Winter,No Holiday,Yes,13487
31/07/2018,1665,8,29.3,51,0.9,2000,18.1,1.02,0.0,0.0,Summer,No Holiday,Yes,13857
30/06/2018,1311,15,27.8,71,0.9,733,22.0,0.93,0.0,0.0,Summer,No Holiday,Yes,10656
04/05/2018,1206,12,17.9,32,4.6,1874,0.9,3.28,0.0,0.0,Spring,No Holiday,Yes,13422
04/03/2018,7,21,10.6,89,2.1,606,8.8,0.0,2.0,0.0,Spring,No Holiday,Yes,17353
06/02/2018,32,4,-12.0,36,2.7,1998,-24.0,0.0,0.0,0.0,Winter,No Holiday,Yes,17247
14/06/2018,1056,13,22.8,67,1.2,930,16.3,1.55,0.0,0.0,Summer,No Holiday,Yes,17481
04/08/2018,901,17,34.3,48,3.4,2000,21.7,1.82,0.0,0.0,Summer,No Holiday,Yes,18631
20/08/2018,808,12,31.7,45,2.5,1814,18.3,1.96,0.0,0.0,Summer,No Holiday,Yes,11854
02/10/2018,0,19,17.6,57,1.7,2000,8.9,0.0,0.0,0.0,Autumn,No Holiday,No,17516
25/09/2018,1565,21,18.5,48,1.0,2000,7.2,0.0,0.0,0.0,Autumn,Holiday,Yes,17476
13/01/2018,131,23,-4.4,81,0.7,420,-7.1,0.0,0.0,0.0,Winter,No Holiday,Yes,12426
03/04/2018,275,2,17.0,73,1.6,1184,12.1,0.0,0.0,0.0,Spring,No Holiday,Yes,10552
18/05/2018,906,15,16.7,85,1.2,2000,14.1,0.49,0.0,0.0,Spring,No Holiday,Yes,12248
03/10/2018,1995,14,23.4,35,1.6,1972,7.0,2.51,0.0,0.0,Autumn,Holiday,Yes,10729
21/12/2017,58,4,-3.6,91,1.2,241,-4.8,0.0,0.0,2.2,Winter,No Holiday,Yes,11062
01/07/2018,18,19,21.9,96,1.2,509,21.2,0.01,5.5,0.0,Summer,No Holiday,Yes,13457
03/05/2018,590,15,12.2,56,4.8,2000,3.6,0.57,0.5,0.0,Spring,No Holiday,Yes,11880
18/04/2018,395,6,6.2,52,0.8,1609,-2.9,0.0,0.0,0.0,Spring,No Holiday,Yes,15580
03/05/2018,367,14,12.7,75,3.8,1510,8.3,0.88,0.4,0.0,Spring,No Holiday,Yes,18218
22/08/2018,2528,18,35.4,40,1.0,2000,19.7,0.34,0.0,0.0,Summer,No Holiday,Yes,14214
19/05/2018,1595,22,18.4,34,1.2,2000,2.2,0.0,0.0,0.0,Spring,No Holiday,Yes,16127
24/07/2018,2300,18,34.9,53,2.2,1296,23.8,0.86,0.0,0.0,Summer,No Holiday,Yes,11629
29/11/2018,559,23,2.6,56,1.9,1394,-5.3,0.0,0.0,0.0,Autumn,No Holiday,Yes,16597
17/04/2018,1071,22,11.0,34,1.2,1529,-4.2,0.0,0.0,0.0,Spring,No Holiday,Yes,13138
18/07/2018,912,16,33.1,42,2.9,1712,18.4,2.52,0.0,0.0,Summer,No Holiday,Yes,18677
26/03/2018,504,13,16.0,47,2.5,459,4.6,2.8,0.0,0.0,Spring,No Holiday,Yes,17164
22/08/2018,1330,7,24.3,74,0.6,1999,19.3,0.1,0.0,0.0,Summer,No Holiday,Yes,11615
14/07/2018,910,10,27.8,68,2.1,1490,21.3,1.29,0.0,0.0,Summer,No Holiday,Yes,12269
22/12/2017,283,7,-0.3,72,0.7,919,-4.7,0.0,0.0,0.7,Winter,Holiday,Yes,16171
17/04/2018,1007,13,19.1,26,2.5,1134,-0.8,3.16,0.0,0.0,Spring,No Holiday,Yes,12295
09/04/2018,91,5,0.7,96,1.0,206,0.1,0.0,0.0,0.0,Spring,No Holiday,Yes,17568
26/10/2018,191,10,12.9,84,1.0,534,10.2,0.27,0.0,0.0,Autumn,No Holiday,Yes,17486
17/11/2018,685,21,5.0,42,1.5,1927,-6.8,0.0,0.0,0.0,Autumn,No Holiday,Yes,14368
21/10/2018,848,0,11.2,62,0.0,1613,4.1,0.0,0.0,0.0,Autumn,No Holiday,Yes,11980
26/11/2018,752,12,9.1,57,1.1,562,1.0,1.69,0.0,0.0,Autumn,No Holiday,Yes,14693
27/11/2018,600,14,11.6,70,1.5,388,6.3,0.45,0.0,0.0,Autumn,No Holiday,Yes,17265
13/01/2018,174,12,-3.7,66,1.1,1140,-9.1,0.45,0.2,0.4,Winter,No Holiday,Yes,11190
06/07/2018,1209,14,27.0,52,2.1,2000,16.2,2.51,0.0,0.0,Summer,No Holiday,Yes,17411
31/03/2018,1542,15,18.9,28,3.7,1769,0.0,2.09,0.0,0.0,Spring,No Holiday,Yes,12892
29/03/2018,949,22,13.3,71,2.1,581,8.1,0.0,0.0,0.0,Spring,No Holiday,Yes,13699
16/12/2017,173,19,-6.0,32,2.4,2000,-20.0,0.0,0.0,0.0,Winter,No Holiday,Yes,11389
04/02/2018,115,11,-9.7,37,2.8,1436,-21.6,1.57,0.0,0.0,Winter,No Holiday,Yes,12473
28/06/2018,1039,20,21.0,96,0.1,1431,20.3,0.02,0.0,0.0,Summer,No Holiday,Yes,15432
02/06/2018,2337,19,25.4,33,2.7,2000,7.9,0.54,0.0,0.0,Summer,No Holiday,Yes,10748
20/07/2018,557,2,25.7,84,0.1,1293,22.7,0.0,0.0,0.0,Summer,No Holiday,Yes,18607
04/03/2018,8,22,9.6,92,2.5,721,8.3,0.0,0.0,0.0,Spring,No Holiday,Yes,12954
22/09/2018,925,10,21.8,67,1.9,878,15.3,1.88,0.0,0.0,Autumn,No Holiday,Yes,14460
21/04/2018,184,6,12.3,67,0.5,483,6.3,0.0,0.0,0.0,Spring,No Holiday,Yes,15122
30/09/2018,0,21,15.2,40,3.0,2000,1.6,0.0,0.0,0.0,Autumn,No Holiday,No,10893
12/12/2017,228,12,-8.3,35,2.9,1967,-21.0,1.14,0.0,0.0,Winter,No Holiday,Yes,17460
30/04/2018,397,6,14.9,64,0.5,424,8.1,0.0,0.0,0.0,Spring,No Holiday,Yes,15477
09/03/2018,574,7,1.6,76,0.7,1024,-2.1,0.0,0.0,0.0,Spring,No Holiday,Yes,11833
11/07/2018,792,11,27.2,82,0.9,1093,23.8,0.93,0.0,0.0,Summer,No Holiday,Yes,10708
31/12/2017,43,1,0.5,95,2.1,79,-0.2,0.0,0.0,0.6,Winter,Holiday,Yes,17534
08/08/2018,1693,8,28.6,80,1.6,708,24.8,0.49,0.0,0.0,Summer,No Holiday,Yes,18680
08/05/2018,1117,13,21.7,44,2.1,2000,8.9,2.46,0.0,0.0,Spring,No Holiday,Yes,15601
01/11/2018,926,12,12.6,36,2.6,1785,-2.1,2.14,0.0,0.0,Autumn,No Holiday,Yes,15949
21/11/2018,1113,19,5.1,50,0.7,2000,-4.4,0.0,0.0,0.0,Autumn,No Holiday,Yes,16546
23/09/2018,620,10,19.3,59,0.2,2000,11.0,0.94,0.0,0.0,Autumn,Holiday,Yes,17044
08/08/2018,2326,18,34.5,45,2.0,2000,20.8,1.0,0.0,0.0,Summer,No Holiday,Yes,18542
25/06/2018,1016,14,32.3,35,1.8,982,14.8,2.71,0.0,0.0,Summer,No Holiday,Yes,11751
05/10/2018,8,15,17.2,96,0.6,213,16.5,0.26,4.0,0.0,Autumn,No Holiday,Yes,10058
25/09/2018,1522,14,23.7,28,1.4,2000,4.0,2.77,0.0,0.0,Autumn,Holiday,Yes,12053
21/09/2018,1550,16,21.5,78,1.2,2000,17.4,0.51,0.0,0.0,Autumn,No Holiday,Yes,18107
08/01/2018,356,12,2.7,33,2.7,1281,-12.0,0.6,0.0,0.0,Winter,No Holiday,Yes,10916
27/08/2018,148,11,22.0,96,1.6,602,21.3,0.36,0.5,0.0,Summer,No Holiday,Yes,12572
22/02/2018,259,10,0.9,44,1.1,1826,-10.0,1.16,0.0,0.0,Winter,No Holiday,Yes,10497
23/03/2018,283,1,2.5,75,1.5,786,-1.4,0.0,0.0,0.0,Spring,No Holiday,Yes,12321
17/07/2018,2174,20,28.9,64,1.7,1567,21.3,0.1,0.0,0.0,Summer,No Holiday,Yes,18463
04/01/2018,120,6,-7.6,47,2.3,2000,-16.9,0.0,0.0,0.0,Winter,No Holiday,Yes,18413
16/04/2018,1016,14,18.0,28,1.6,1820,-0.8,3.11,0.0,0.0,Spring,No Holiday,Yes,17293
20/01/2018,164,23,0.8,53,1.7,382,-7.7,0.0,0.0,0.0,Winter,No Holiday,Yes,11434
26/06/2018,524,2,26.1,51,1.7,760,15.1,0.0,0.0,0.0,Summer,No Holiday,Yes,11309
03/09/2018,1287,7,23.9,71,0.4,2000,18.3,0.02,0.0,0.0,Autumn,No Holiday,Yes,14121
07/05/2018,609,1,15.1,84,0.3,1858,12.4,0.0,0.0,0.0,Spring,No Holiday,Yes,14969
11/07/2018,76,5,24.5,97,0.5,229,23.9,0.0,0.5,0.0,Summer,No Holiday,Yes,13612
07/10/2018,589,8,14.6,71,1.0,1896,9.3,0.43,0.0,0.0,Autumn,No Holiday,Yes,17030
02/11/2018,1424,16,18.8,32,1.4,1717,1.7,1.09,0.0,0.0,Autumn,No Holiday,Yes,11941
04/08/2018,1377,21,29.2,73,1.9,1933,23.8,0.0,0.0,0.0,Summer,No Holiday,Yes,17549
17/02/2018,258,14,-0.1,15,4.0,2000,-23.7,2.39,0.0,0.0,Winter,Holiday,Yes,16565
31/12/2017,272,16,2.7,26,2.7,2000,-14.9,0.59,0.0,0.0,Winter,Holiday,Yes,15391
27/09/2018,770,0,16.7,50,1.7,2000,6.2,0.0,0.0,0.0,Autumn,No Holiday,Yes,12278
25/02/2018,173,23,-0.3,58,1.0,1945,-7.5,0.0,0.0,0.0,Winter,No Holiday,Yes,14080
03/10/2018,882,1,13.8,75,0.5,2000,9.4,0.0,0.0,0.0,Autumn,Holiday,Yes,16412
19/12/2017,191,12,-2.5,31,2.6,1778,-17.3,1.08,0.0,2.3,Winter,No Holiday,Yes,11890
01/11/2018,584,0,5.7,62,2.3,1909,-1.0,0.0,0.0,0.0,Autumn,No Holiday,Yes,18625
27/04/2018,1446,16,23.2,33,2.4,869,6.0,2.12,0.0,0.0,Spring,No Holiday,Yes,18276
24/08/2018,415,11,26.2,76,2.6,1995,21.6,0.88,0.0,0.0,Summer,No Holiday,Yes,13603
14/10/2018,584,1,9.5,65,0.9,990,3.2,0.0,0.0,0.0,Autumn,No Holiday,Yes,15950
31/05/2018,1277,9,18.8,59,1.6,1233,10.6,1.9,0.0,0.0,Spring,No Holiday,Yes,16532
01/04/2018,342,8,12.9,64,1.5,778,6.2,0.06,0.0,0.0,Spring,No Holiday,Yes,17011
24/06/2018,1254,2,20.9,87,1.8,222,18.6,0.0,0.0,0.0,Summer,No Holiday,Yes,11851
17/05/2018,29,19,22.3,96,2.6,191,21.6,0.0,0.0,0.0,Spring,No Holiday,Yes,10070
17/09/2018,2489,19,23.0,63,3.1,2000,15.5,0.03,0.0,0.0,Autumn,No Holiday,Yes,17294
17/03/2018,933,12,10.0,38,1.5,1677,-3.6,2.51,0.0,0.0,Spring,No Holiday,Yes,18049
13/04/2018,167,3,9.9,27,1.3,2000,-8.2,0.0,0.0,0.0,Spring,No Holiday,Yes,15103
01/12/2017,930,8,-7.6,37,1.1,2000,-19.8,0.01,0.0,0.0,Winter,No Holiday,Yes,17112
20/02/2018,172,1,-0.5,76,1.6,402,-4.2,0.0,0.0,0.0,Winter,No Holiday,Yes,12137
16/01/2018,296,13,5.8,47,0.8,382,-4.6,0.53,0.0,0.0,Winter,No Holiday,Yes,17252
08/02/2018,270,9,-8.5,55,1.0,1482,-15.9,0.4,0.0,0.0,Winter,No Holiday,Yes,16045
27/07/2018,1657,19,32.0,68,3.0,1286,25.3,0.38,0.0,0.0,Summer,No Holiday,Yes,18639
24/08/2018,1162,20,23.5,81,3.5,2000,20.0,0.0,0.0,0.0,Summer,No Holiday,Yes,12160
06/01/2018,48,5,-6.1,64,1.0,1231,-11.8,0.0,0.0,0.0,Winter,No Holiday,Yes,15569
22/02/2018,190,1,-2.2,58,1.0,2000,-9.3,0.0,0.0,0.0,Winter,No Holiday,Yes,11935
12/03/2018,406,10,6.6,40,1.0,1061,-6.0,0.65,0.0,0.0,Spring,No Holiday,Yes,11719
28/09/2018,0,7,14.5,62,1.5,2000,7.2,0.03,0.0,0.0,Autumn,No Holiday,No,15436
13/02/2018,568,8,-7.1,68,0.6,1931,-12.0,0.03,0.0,0.0,Winter,No Holiday,Yes,15153
08/07/2018,684,8,19.1,53,1.7,1952,9.2,0.8,0.0,0.0,Summer,No Holiday,Yes,11059
12/07/2018,593,6,25.6,93,1.1,852,24.3,0.01,0.0,0.0,Summer,No Holiday,Yes,16805
21/04/2018,872,11,23.1,19,2.0,1172,-1.8,2.85,0.0,0.0,Spring,No Holiday,Yes,11041
20/06/2018,1401,23,20.1,82,3.6,494,16.9,0.0,0.0,0.0,Summer,No Holiday,Yes,11084
12/03/2018,695,22,7.8,49,0.1,528,-2.2,0.0,0.0,0.0,Spring,No Holiday,Yes,13154
25/01/2018,165,7,-16.2,33,2.2,2000,-28.7,0.0,0.0,0.7,Winter,No Holiday,Yes,14150
22/06/2018,2732,19,27.1,32,3.5,2000,8.9,0.52,0.0,0.0,Summer,No Holiday,Yes,13012
11/07/2018,1344,16,28.7,70,3.2,1586,22.6,0.73,0.0,0.0,Summer,No Holiday,Yes,18365
30/11/2018,293,6,-0.8,68,0.8,1322,-5.9,0.0,0.0,0.0,Autumn,No Holiday,Yes,10696
09/06/2018,1744,14,30.1,35,1.4,1583,12.9,2.53,0.0,0.0,Summer,No Holiday,Yes,15875
31/03/2018,922,22,12.8,52,1.5,1616,3.1,0.0,0.0,0.0,Spring,No Holiday,Yes,10913
05/02/2018,169,15,-5.7,25,4.4,1995,-22.6,1.94,0.0,0.0,Winter,No Holiday,Yes,14274
03/12/2017,333,12,5.8,85,1.7,349,3.4,0.43,0.0,0.0,Winter,No Holiday,Yes,12678
16/10/2018,726,0,13.3,64,1.7,860,6.6,0.0,0.0,0.0,Autumn,No Holiday,Yes,14285
01/04/2018,1201,14,17.5,67,2.1,832,11.2,0.42,0.0,0.0,Spring,No Holiday,Yes,14796
23/05/2018,1216,12,20.1,37,4.0,1910,4.9,3.44,0.0,0.0,Spring,No Holiday,Yes,14764
03/07/2018,1308,7,23.5,86,0.2,1908,21.0,0.38,0.0,0.0,Summer,No Holiday,Yes,14353
17/01/2018,115,6,2.7,71,1.1,270,-2.0,0.0,0.0,0.0,Winter,No Holiday,Yes,10670
24/08/2018,578,8,24.4,86,1.7,2000,21.8,0.13,0.0,0.0,Summer,No Holiday,Yes,18293
04/04/2018,1626,19,14.3,53,2.1,2000,4.8,0.17,0.0,0.0,Spring,No Holiday,Yes,10283
16/12/2017,190,8,-7.3,62,2.6,1112,-13.3,0.0,0.0,0.0,Winter,No Holiday,Yes,15130
12/06/2018,1317,9,21.1,60,0.9,1998,13.0,2.18,0.0,0.0,Summer,No Holiday,Yes,13687
15/06/2018,1035,13,25.3,48,1.8,1935,13.4,3.42,0.0,0.0,Summer,No Holiday,Yes,15944
14/05/2018,1965,20,21.4,64,2.1,411,14.3,0.02,0.0,0.0,Spring,No Holiday,Yes,17593
04/01/2018,310,21,-3.1,41,2.0,1742,-14.5,0.0,0.0,0.0,Winter,No Holiday,Yes,10097
03/03/2018,329,9,2.2,30,1.5,1513,-13.6,0.81,0.0,0.0,Spring,No Holiday,Yes,10988
23/10/2018,735,10,13.8,65,1.1,475,7.3,1.06,0.0,0.0,Autumn,No Holiday,Yes,18001
12/03/2018,222,0,3.5,46,1.1,1040,-7.0,0.0,0.0,0.0,Spring,No Holiday,Yes,16511
01/11/2018,147,4,3.6,70,0.8,1934,-1.3,0.0,0.0,0.0,Autumn,No Holiday,Yes,16820
09/09/2018,835,1,18.8,54,0.1,2000,9.2,0.0,0.0,0.0,Autumn,No Holiday,Yes,12004
07/06/2018,2278,20,22.8,67,1.6,1219,16.3,0.06,0.0,0.0,Summer,No Holiday,Yes,15538
03/04/2018,664,10,18.9,66,2.0,1298,12.4,0.85,0.0,0.0,Spring,No Holiday,Yes,10576
19/08/2018,1181,15,33.8,31,1.6,2000,14.3,2.45,0.0,0.0,Summer,No Holiday,Yes,16213
21/07/2018,1011,17,36.3,36,3.1,1972,18.8,1.91,0.0,0.0,Summer,No Holiday,Yes,12672
03/05/2018,109,4,7.0,87,1.3,2000,4.9,0.0,0.0,0.0,Spring,No Holiday,Yes,10709
19/04/2018,367,6,7.6,55,1.2,1021,-0.8,0.0,0.0,0.0,Spring,No Holiday,Yes,18302
26/01/2018,121,20,-13.7,35,1.7,1878,-25.9,0.0,0.0,0.3,Winter,No Holiday,Yes,13726
11/02/2018,155,11,-5.0,25,3.2,1853,-22.0,1.75,0.0,0.0,Winter,No Holiday,Yes,10652
21/10/2018,1883,17,18.8,24,2.1,2000,-2.2,0.63,0.0,0.0,Autumn,No Holiday,Yes,13364
26/02/2018,444,13,8.1,26,1.2,1422,-10.2,2.48,0.0,0.0,Winter,No Holiday,Yes,12312
21/10/2018,342,3,9.2,68,0.4,1538,3.5,0.0,0.0,0.0,Autumn,No Holiday,Yes,17613
05/08/2018,1465,21,29.3,75,3.6,1674,24.4,0.0,0.0,0.0,Summer,No Holiday,Yes,15455
24/12/2017,7,13,3.7,90,0.7,744,2.2,0.15,0.0,0.0,Winter,Holiday,Yes,15236
07/01/2018,233,20,1.3,38,0.4,1386,-11.4,0.0,0.0,0.0,Winter,No Holiday,Yes,18237
30/12/2017,52,5,-1.2,81,0.8,258,-4.0,0.0,0.0,0.0,Winter,No Holiday,Yes,18621
11/04/2018,0,0,14.4,82,4.6,1041,11.3,0.0,0.0,0.0,Spring,No Holiday,No,16741
15/04/2018,797,11,11.8,57,2.6,1041,3.5,2.18,0.0,0.0,Spring,No Holiday,Yes,18087
19/02/2018,148,0,-1.1,39,1.7,1832,-13.3,0.0,0.0,0.0,Winter,No Holiday,Yes,10312
19/10/2018,2113,8,7.9,63,0.6,2000,1.2,0.3,0.0,0.0,Autumn,No Holiday,Yes,16089
22/05/2018,30,20,17.2,85,1.4,467,14.6,0.0,0.5,0.0,Spring,Holiday,Yes,18422
15/01/2018,254,11,4.7,75,2.3,533,0.6,0.54,0.0,0.0,Winter,No Holiday,Yes,15874
24/10/2018,1151,9,10.1,72,1.1,728,5.2,0.9,0.0,0.0,Autumn,No Holiday,Yes,12772
17/10/2018,157,4,9.7,76,0.0,1308,5.6,0.0,0.0,0.0,Autumn,No Holiday,Yes,16628
12/10/2018,1142,7,5.3,73,0.7,2000,0.8,0.01,0.0,0.0,Autumn,No Holiday,Yes,11244
20/08/2018,847,13,31.6,46,2.7,1864,18.5,1.77,0.0,0.0,Summer,No Holiday,Yes,10508
26/12/2017,293,9,-2.8,52,2.9,1895,-11.3,0.16,0.0,0.0,Winter,No Holiday,Yes,16152
14/07/2018,783,2,25.3,85,1.7,1594,22.5,0.0,0.0,0.0,Summer,No Holiday,Yes,14190
01/04/2018,1296,18,17.7,75,2.1,519,13.2,0.12,0.0,0.0,Spring,No Holiday,Yes,15268
10/02/2018,128,22,-6.2,32,3.5,2000,-20.2,0.0,0.0,0.0,Winter,No Holiday,Yes,13818
13/08/2018,2367,18,33.1,59,3.1,1726,24.0,0.72,0.0,0.0,Summer,No Holiday,Yes,11208
24/12/2017,3,7,4.7,89,1.1,100,3.0,0.0,0.0,0.0,Winter,Holiday,Yes,15868
04/04/2018,2402,18,16.0,47,2.1,2000,4.6,0.79,0.0,0.0,Spring,No Holiday,Yes,16397
22/07/2018,632,15,37.5,33,2.0,1816,18.4,2.32,0.0,0.0,Summer,No Holiday,Yes,10302
05/02/2018,199,16,-5.4,25,3.4,1985,-22.3,1.44,0.0,0.0,Winter,No Holiday,Yes,10845
15/01/2018,444,8,4.1,85,1.1,470,1.7,0.0,0.0,0.0,Winter,No Holiday,Yes,18369
29/12/2017,353,9,1.2,67,0.2,591,-4.2,0.06,0.0,0.0,Winter,No Holiday,Yes,18457
25/06/2018,3238,18,30.7,43,1.6,931,16.6,0.74,0.0,0.0,Summer,No Holiday,Yes,12845
31/10/2018,141,5,4.1,74,0.9,2000,-0.1,0.0,0.0,0.0,Autumn,No Holiday,Yes,15102
26/05/2018,1886,17,27.9,34,3.8,1259,10.5,1.73,0.0,0.0,Spring,No Holiday,Yes,15346
25/11/2018,546,21,4.7,81,1.0,437,1.7,0.0,0.0,0.4,Autumn,No Holiday,Yes,13252
24/01/2018,90,10,-14.5,24,4.6,1902,-30.6,0.61,0.0,0.9,Winter,No Holiday,Yes,17426
11/02/2018,191,14,-2.2,29,4.1,1983,-17.8,1.93,0.0,0.0,Winter,No Holiday,Yes,18345
14/11/2018,1074,22,8.8,58,0.5,1358,0.9,0.0,0.0,0.0,Autumn,No Holiday,Yes,12551
20/09/2018,1786,18,19.1,77,2.5,2000,14.9,0.08,0.0,0.0,Autumn,No Holiday,Yes,11249
28/03/2018,337,1,11.6,74,1.2,374,7.1,0.0,0.0,0.0,Spring,No Holiday,Yes,12600
18/01/2018,318,22,0.7,45,2.0,1084,-9.9,0.0,0.0,0.0,Winter,No Holiday,Yes,10597
10/10/2018,2082,8,11.8,80,3.7,1518,8.4,0.16,0.0,0.0,Autumn,No Holiday,Yes,10026
29/08/2018,642,10,26.4,78,2.7,2000,22.2,0.44,0.0,0.0,Summer,No Holiday,Yes,15754
02/06/2018,1005,9,23.3,43,1.2,1257,10.0,1.91,0.0,0.0,Summer,No Holiday,Yes,16605
03/10/2018,762,8,11.8,73,1.0,1649,7.1,0.49,0.0,0.0,Autumn,Holiday,Yes,11130
01/10/2018,246,5,13.7,57,1.8,1999,5.3,0.0,0.0,0.0,Autumn,No Holiday,Yes,18564
21/05/2018,1456,13,22.8,31,1.9,1923,4.7,3.49,0.0,0.0,Spring,No Holiday,Yes,10615
11/03/2018,63,6,3.4,85,1.5,234,1.1,0.0,0.0,0.0,Spring,No Holiday,Yes,10859
09/09/2018,395,3,17.4,57,0.6,2000,8.7,0.0,0.0,0.0,Autumn,No Holiday,Yes,11881
14/08/2018,700,15,37.2,38,2.5,1832,20.5,2.68,0.0,0.0,Summer,No Holiday,Yes,14383
02/05/2018,67,6,17.9,93,0.9,202,16.7,0.0,0.1,0.0,Spring,No Holiday,Yes,14952
16/04/2018,855,11,14.1,32,1.3,2000,-2.3,2.67,0.0,0.0,Spring,No Holiday,Yes,12073
30/11/2018,1527,8,-1.5,68,1.1,1286,-6.6,0.02,0.0,0.0,Autumn,No Holiday,Yes,15675
01/08/2018,533,13,37.9,38,2.3,1868,21.1,3.05,0.0,0.0,Summer,No Holiday,Yes,13525
21/02/2018,356,20,-1.1,43,1.5,2000,-12.1,0.0,0.0,0.0,Winter,No Holiday,Yes,10028
25/01/2018,137,21,-14.1,35,2.2,2000,-26.2,0.0,0.0,0.5,Winter,No Holiday,Yes,17365
09/09/2018,264,4,17.0,59,0.0,2000,8.9,0.0,0.0,0.0,Autumn,No Holiday,Yes,11222
09/03/2018,834,17,8.9,46,1.8,789,-2.1,1.0,0.0,0.0,Spring,No Holiday,Yes,17344
19/07/2018,1318,23,27.2,78,1.9,1601,23.0,0.0,0.0,0.0,Summer,No Holiday,Yes,14283
16/05/2018,662,0,24.4,63,0.8,745,16.8,0.0,0.0,0.0,Spring,No Holiday,Yes,13013
26/03/2018,185,1,6.3,87,1.8,153,4.2,0.0,0.0,0.0,Spring,No Holiday,Yes,10718
07/10/2018,146,5,15.1,89,1.1,1615,13.2,0.0,0.0,0.0,Autumn,No Holiday,Yes,17654
13/11/2018,205,3,5.3,62,0.0,1485,-1.4,0.0,0.0,0.0,Autumn,No Holiday,Yes,13106
03/02/2018,229,13,-5.8,38,3.7,1961,-17.8,2.25,0.0,0.0,Winter,No Holiday,Yes,13385
18/02/2018,440,15,5.0,16,2.0,1970,-18.8,1.42,0.0,0.0,Winter,No Holiday,Yes,14207
15/12/2017,110,3,-6.9,56,0.5,1111,-14.2,0.0,0.0,0.0,Winter,No Holiday,Yes,14606
23/09/2018,144,6,16.5,73,1.2,2000,11.6,0.0,0.0,0.0,Autumn,Holiday,Yes,17035
04/06/2018,1152,12,26.3,36,3.1,1377,10.0,2.61,0.0,0.0,Summer,No Holiday,Yes,10185
23/09/2018,1136,14,24.2,40,1.2,1953,9.7,2.62,0.0,0.0,Autumn,Holiday,Yes,12502
19/05/2018,198,5,10.4,71,1.1,2000,5.3,0.0,0.0,0.0,Spring,No Holiday,Yes,17594
08/04/2018,44,19,2.5,94,1.8,349,1.6,0.0,1.0,0.0,Spring,No Holiday,Yes,16824
01/12/2017,862,18,0.6,66,1.4,2000,-5.0,0.0,0.0,0.0,Winter,No Holiday,Yes,13358
23/08/2018,769,12,31.9,49,1.9,2000,19.8,1.85,0.0,0.0,Summer,No Holiday,Yes,12967
29/03/2018,1776,18,19.1,47,2.4,942,7.5,0.57,0.0,0.0,Spring,No Holiday,Yes,17847
19/03/2018,565,22,7.6,48,3.1,2000,-2.7,0.0,0.0,0.0,Spring,No Holiday,Yes,18426
27/11/2018,183,3,3.5,86,1.4,281,1.3,0.0,0.0,0.0,Autumn,No Holiday,Yes,18403
11/08/2018,672,9,29.7,58,1.3,1955,20.5,1.68,0.0,0.0,Summer,No Holiday,Yes,18664
21/08/2018,827,13,27.1,66,2.6,1895,20.1,1.54,0.0,0.0,Summer,No Holiday,Yes,10641
25/07/2018,726,1,28.7,67,2.6,2000,21.9,0.0,0.0,0.0,Summer,No Holiday,Yes,18754
10/08/2018,696,13,34.2,41,1.7,2000,19.0,2.31,0.0,0.0,Summer,No Holiday,Yes,13453
26/10/2018,576,15,14.0,87,1.2,1482,11.8,0.68,1.0,0.0,Autumn,No Holiday,Yes,18477
12/10/2018,1347,22,10.5,62,1.2,2000,3.5,0.0,0.0,0.0,Autumn,No Holiday,Yes,13197
18/03/2018,603,17,11.1,42,2.2,765,-1.3,0.34,0.0,0.0,Spring,No Holiday,Yes,15294
07/04/2018,908,17,7.6,36,5.3,2000,-6.5,1.8,0.0,0.0,Spring,No Holiday,Yes,10487
20/06/2018,1600,16,28.2,48,3.9,1103,16.1,2.55,0.0,0.0,Summer,No Holiday,Yes,14688
22/01/2018,181,20,-0.8,85,2.9,836,-3.0,0.0,0.0,1.0,Winter,No Holiday,Yes,13433
23/09/2018,915,12,20.8,52,1.2,1984,10.5,1.25,0.0,0.0,Autumn,Holiday,Yes,16827
29/10/2018,884,15,11.0,46,3.4,2000,-0.1,0.57,0.0,0.0,Autumn,No Holiday,Yes,15883
07/04/2018,919,14,8.1,24,4.7,1914,-11.3,2.99,0.0,0.0,Spring,No Holiday,Yes,17418
04/05/2018,480,1,9.7,63,2.1,1610,2.9,0.0,0.0,0.0,Spring,No Holiday,Yes,13667
03/09/2018,673,12,23.9,83,1.1,1901,20.8,0.27,0.0,0.0,Autumn,No Holiday,Yes,17836
29/05/2018,466,2,20.2,56,2.3,1498,0.0,0.0,0.0,0.0,Spring,No Holiday,Yes,17019
06/10/2018,130,12,18.0,92,2.9,1999,16.6,0.45,1.0,0.0,Autumn,No Holiday,Yes,17920
23/09/2018,1074,22,18.5,40,2.5,2000,4.6,0.0,0.0,0.0,Autumn,Holiday,Yes,16307
02/06/2018,1707,16,29.6,26,3.7,2000,8.0,2.58,0.0,0.0,Summer,No Holiday,Yes,11283
14/06/2018,1737,22,21.8,72,1.0,1952,16.5,0.0,0.0,0.0,Summer,No Holiday,Yes,17733
14/09/2018,223,4,20.7,76,1.0,2000,16.3,0.0,0.0,0.0,Autumn,No Holiday,Yes,15844
03/02/2018,184,1,-2.3,71,3.2,1078,-6.8,0.0,0.0,0.0,Winter,No Holiday,Yes,16418
06/07/2018,311,5,22.5,66,1.5,2000,15.8,0.0,0.0,0.0,Summer,No Holiday,Yes,17991
14/03/2018,142,3,14.0,67,2.3,1733,7.9,0.0,0.0,0.0,Spring,No Holiday,Yes,16525
28/11/2018,796,7,2.5,24,0.2,1306,-16.0,0.0,0.0,0.0,Autumn,No Holiday,Yes,12334
15/02/2018,55,7,-3.0,40,0.9,2000,-14.7,0.0,0.0,0.0,Winter,Holiday,Yes,14720
31/01/2018,279,17,-0.9,34,2.8,2000,-14.8,0.28,0.0,1.8,Winter,No Holiday,Yes,14556
02/05/2018,143,15,17.0,90,3.7,216,15.3,0.26,0.0,0.0,Spring,No Holiday,Yes,10042
10/08/2018,283,5,26.1,83,0.3,1617,22.9,0.0,0.0,0.0,Summer,No Holiday,Yes,15924
23/04/2018,9,9,8.5,95,2.6,447,7.7,0.1,8.0,0.0,Spring,No Holiday,Yes,17155
13/09/2018,248,5,20.5,70,1.2,2000,14.8,0.0,0.0,0.0,Autumn,No Holiday,Yes,10420
02/07/2018,128,9,21.0,97,1.3,825,20.4,0.14,3.0,0.0,Summer,No Holiday,Yes,11438
26/11/2018,846,22,6.2,70,0.4,474,1.1,0.0,0.0,0.0,Autumn,No Holiday,Yes,18445
21/11/2018,129,2,6.9,87,0.7,822,4.8,0.0,0.0,0.0,Autumn,No Holiday,Yes,11117
20/12/2017,165,20,-1.9,86,0.9,700,-3.9,0.0,0.0,2.4,Winter,No Holiday,Yes,11057
06/08/2018,546,6,28.3,83,1.1,900,25.1,0.0,0.0,0.0,Summer,No Holiday,Yes,15437
25/09/2018,2033,17,22.9,33,1.4,2000,5.7,0.83,0.0,0.0,Autumn,Holiday,Yes,13061
11/01/2018,443,8,-12.6,61,1.6,1610,-18.5,0.0,0.0,0.0,Winter,No Holiday,Yes,14191
02/08/2018,578,6,30.4,54,1.3,2000,20.0,0.01,0.0,0.0,Summer,No Holiday,Yes,15233
22/06/2018,2283,8,21.9,58,1.2,771,13.2,1.29,0.0,0.0,Summer,No Holiday,Yes,18609
20/02/2018,514,17,3.9,19,3.6,2000,-17.6,0.58,0.0,0.0,Winter,No Holiday,Yes,17259
02/07/2018,26,0,21.4,97,0.6,680,20.8,0.0,2.5,0.0,Summer,No Holiday,Yes,15426
15/02/2018,126,0,-0.7,37,3.5,1716,-13.6,0.0,0.0,0.0,Winter,Holiday,Yes,16837
18/01/2018,305,9,1.2,84,2.1,210,-1.2,0.07,0.0,0.0,Winter,No Holiday,Yes,12171
05/10/2018,22,13,16.9,95,1.6,325,16.0,0.48,4.0,0.0,Autumn,No Holiday,Yes,12806
13/12/2017,240,15,-4.9,26,3.1,1887,-21.5,0.89,0.0,0.0,Winter,No Holiday,Yes,14692
25/04/2018,756,10,14.8,29,0.6,1749,-3.0,2.2,0.0,0.0,Spring,No Holiday,Yes,16815
22/06/2018,1137,0,20.7,67,1.9,885,14.3,0.0,0.0,0.0,Summer,No Holiday,Yes,13247
02/12/2017,489,18,5.5,53,1.5,1697,-3.3,0.0,0.0,0.0,Winter,No Holiday,Yes,10771
22/02/2018,195,0,-2.7,58,1.7,2000,-9.8,0.0,0.0,0.0,Winter,No Holiday,Yes,10257
02/12/2017,572,17,6.0,51,2.5,1891,-3.3,0.06,0.0,0.0,Winter,No Holiday,Yes,16930
10/09/2018,1057,13,27.1,38,1.7,2000,11.5,2.56,0.0,0.0,Autumn,No Holiday,Yes,11647
12/04/2018,182,3,7.8,49,1.4,1972,-2.2,0.0,0.0,0.0,Spring,No Holiday,Yes,18012
30/11/2018,213,3,-0.1,69,0.9,1338,-5.1,0.0,0.0,0.0,Autumn,No Holiday,Yes,16851
13/09/2018,3146,18,26.7,56,1.8,2000,17.1,0.47,0.0,0.0,Autumn,No Holiday,Yes,10098
27/07/2018,1507,22,29.9,74,2.0,1201,24.7,0.0,0.0,0.0,Summer,No Holiday,Yes,15023
06/07/2018,2183,21,23.1,54,2.1,2000,13.2,0.0,0.0,0.0,Summer,No Holiday,Yes,11644
02/11/2018,403,6,4.5,77,1.0,1410,0.8,0.0,0.0,0.0,Autumn,No Holiday,Yes,17996
03/03/2018,516,22,10.2,49,1.7,1972,0.0,0.0,0.0,0.0,Spring,No Holiday,Yes,14708
02/07/2018,83,22,23.4,98,0.3,585,23.0,0.0,2.5,0.0,Summer,No Holiday,Yes,18327
21/04/2018,1942,16,24.8,13,3.3,1955,-5.5,2.5,0.0,0.0,Spring,No Holiday,Yes,16767
20/09/2018,886,0,20.1,58,0.3,2000,11.5,0.0,0.0,0.0,Autumn,No Holiday,Yes,10926
13/04/2018,2404,18,17.5,18,1.3,2000,-7.1,0.23,0.0,0.0,Spring,No Holiday,Yes,10887
24/12/2017,4,8,4.6,91,1.7,95,3.2,0.0,0.0,0.0,Winter,Holiday,Yes,16734
07/06/2018,1290,23,20.3,77,1.3,770,16.1,0.0,0.0,0.0,Summer,No Holiday,Yes,18022
06/07/2018,1210,13,26.2,53,2.1,2000,15.8,2.23,0.0,0.0,Summer,No Holiday,Yes,16375
17/11/2018,877,18,7.1,40,0.6,1995,-5.6,0.01,0.0,0.0,Autumn,No Holiday,Yes,10555
25/01/2018,122,11,-13.8,25,3.5,1996,-29.6,0.91,0.0,0.6,Winter,No Holiday,Yes,14063
23/01/2018,132,10,-12.1,34,3.5,1968,-24.8,0.62,0.0,1.0,Winter,No Holiday,Yes,17792
11/07/2018,187,6,24.5,97,0.1,290,23.9,0.0,0.5,0.0,Summer,No Holiday,Yes,18555
01/10/2018,179,3,13.6,56,1.6,2000,4.9,0.0,0.0,0.0,Autumn,No Holiday,Yes,16996
13/07/2018,1291,16,30.0,67,2.0,1698,23.1,1.46,0.0,0.0,Summer,No Holiday,Yes,17328
01/11/2018,1055,7,2.5,75,0.5,1763,-1.4,0.0,0.0,0.0,Autumn,No Holiday,Yes,14016
25/04/2018,1066,9,11.7,32,0.8,1862,-4.4,1.6,0.0,0.0,Spring,No Holiday,Yes,14921
20/11/2018,699,11,7.5,29,1.3,1926,-9.4,1.55,0.0,0.0,Autumn,No Holiday,Yes,15316
03/09/2018,763,0,24.7,67,1.2,2000,18.1,0.0,0.0,0.0,Autumn,No Holiday,Yes,15795
15/09/2018,1710,21,23.3,80,0.7,1877,19.6,0.0,0.0,0.0,Autumn,No Holiday,Yes,10474
01/07/2018,9,12,21.1,97,1.2,653,20.5,0.17,7.5,0.0,Summer,No Holiday,Yes,15565
17/12/2017,172,22,-6.6,50,0.6,1990,-15.3,0.0,0.0,0.0,Winter,No Holiday,Yes,11091
08/03/2018,594,16,9.5,56,3.1,994,1.1,1.1,0.0,0.0,Spring,No Holiday,Yes,18255
13/10/2018,1381,19,14.8,47,1.3,1111,3.5,0.0,0.0,0.0,Autumn,No Holiday,Yes,13295
22/09/2018,363,7,18.1,96,0.9,557,17.4,0.04,0.0,0.0,Autumn,No Holiday,Yes,12948
10/06/2018,2267,19,23.4,55,1.0,2000,13.8,0.12,0.0,0.0,Summer,No Holiday,Yes,10284
24/08/2018,355,12,25.8,81,3.2,1828,22.2,0.8,0.0,0.0,Summer,No Holiday,Yes,12172
24/05/2018,1087,23,18.1,56,1.6,1095,9.1,0.0,0.0,0.0,Spring,No Holiday,Yes,14830
17/06/2018,1146,11,23.6,63,0.7,523,16.1,0.93,0.0,0.0,Summer,No Holiday,Yes,11798
29/12/2017,317,11,3.1,62,1.1,517,-3.4,0.29,0.0,0.0,Winter,No Holiday,Yes,11414
21/11/2018,649,11,7.4,30,1.4,2000,-9.0,0.44,0.0,0.0,Autumn,No Holiday,Yes,14886
22/10/2018,253,2,10.5,57,0.2,1837,2.3,0.0,0.0,0.0,Autumn,No Holiday,Yes,16899
16/11/2018,995,15,13.2,61,3.9,719,5.8,1.03,0.0,0.0,Autumn,No Holiday,Yes,11295
10/07/2018,971,22,25.0,86,0.5,796,22.4,0.0,0.0,0.0,Summer,No Holiday,Yes,14158
08/01/2018,127,19,0.9,88,1.6,290,-0.8,0.0,0.0,0.5,Winter,No Holiday,Yes,15939
03/04/2018,913,12,19.6,63,2.9,1034,12.3,0.68,0.0,0.0,Spring,No Holiday,Yes,12285
16/06/2018,764,2,17.9,60,0.8,2000,10.0,0.0,0.0,0.0,Summer,No Holiday,Yes,13790
24/07/2018,487,2,28.6,66,0.9,2000,21.6,0.0,0.0,0.0,Summer,No Holiday,Yes,13992
01/11/2018,1206,16,14.7,32,2.0,1934,-1.8,1.13,0.0,0.0,Autumn,No Holiday,Yes,12964
13/05/2018,1155,22,13.5,87,2.2,433,11.3,0.0,0.0,0.0,Spring,No Holiday,Yes,18209
22/10/2018,1167,15,20.2,31,1.6,855,2.5,1.25,0.0,0.0,Autumn,No Holiday,Yes,14437
21/05/2018,420,1,14.5,31,1.1,2000,-2.4,0.0,0.0,0.0,Spring,No Holiday,Yes,10814
24/04/2018,1372,21,11.5,47,1.1,2000,0.5,0.0,0.0,0.0,Spring,No Holiday,Yes,17455
08/12/2017,275,23,-3.5,43,0.9,2000,-14.3,0.0,0.0,0.0,Winter,No Holiday,Yes,12915
15/07/2018,868,1,25.5,83,2.3,1576,22.3,0.0,0.0,0.0,Summer,No Holiday,Yes,14581
22/12/2017,416,16,6.0,58,0.7,732,-1.6,0.19,0.0,0.0,Winter,Holiday,Yes,10143
31/05/2018,265,5,14.4,82,1.2,708,11.3,0.0,0.0,0.0,Spring,No Holiday,Yes,17467
12/08/2018,1208,20,29.4,86,1.1,1194,26.8,0.03,4.0,0.0,Summer,No Holiday,Yes,14432
01/06/2018,366,3,18.6,72,1.4,1340,13.4,0.0,0.0,0.0,Summer,No Holiday,Yes,10425
29/08/2018,867,9,25.8,79,2.7,1963,21.8,0.3,0.0,0.0,Summer,No Holiday,Yes,12322
16/10/2018,1867,19,15.5,63,1.7,1774,8.4,0.0,0.0,0.0,Autumn,No Holiday,Yes,11958
12/12/2017,280,7,-12.1,50,2.3,1929,-20.4,0.0,0.0,0.0,Winter,No Holiday,Yes,18337
26/08/2018,417,14,25.8,69,3.6,1309,19.6,0.56,0.1,0.0,Summer,No Holiday,Yes,14147
10/08/2018,725,15,34.8,47,2.4,2000,21.8,2.21,0.0,0.0,Summer,No Holiday,Yes,12814
15/07/2018,278,4,24.6,86,0.1,1358,22.0,0.0,0.0,0.0,Summer,No Holiday,Yes,13131
03/08/2018,575,11,35.7,42,1.6,1727,20.7,2.56,0.0,0.0,Summer,No Holiday,Yes,11251
06/11/2018,0,4,9.1,81,0.0,493,6.0,0.0,0.0,0.0,Autumn,No Holiday,No,11207
09/02/2018,315,15,5.0,24,1.0,1037,-13.9,1.16,0.0,0.0,Winter,No Holiday,Yes,18553
10/03/2018,972,16,8.3,37,3.8,1867,-5.5,1.73,0.0,0.0,Spring,No Holiday,Yes,17560
08/05/2018,2241,19,17.9,42,2.1,2000,4.7,0.37,0.0,0.0,Spring,No Holiday,Yes,11715
31/07/2018,695,1,30.2,57,0.7,2000,20.7,0.0,0.0,0.0,Summer,No Holiday,Yes,12378
27/11/2018,671,13,11.0,60,0.9,411,3.5,0.85,0.0,0.0,Autumn,No Holiday,Yes,13973
21/10/2018,1519,13,19.3,24,1.5,1745,-1.8,2.4,0.0,0.0,Autumn,No Holiday,Yes,14102
18/07/2018,695,6,23.7,83,0.1,713,20.6,0.03,0.0,0.0,Summer,No Holiday,Yes,13915
28/01/2018,106,21,-7.3,34,3.5,2000,-20.5,0.0,0.0,0.0,Winter,No Holiday,Yes,10264
26/08/2018,791,11,28.0,46,1.7,1990,15.2,2.73,0.0,0.0,Summer,No Holiday,Yes,15988
23/03/2018,584,11,7.1,50,1.7,799,-2.6,2.24,0.0,0.0,Spring,No Holiday,Yes,10287
22/04/2018,155,6,14.6,42,0.5,2000,1.8,0.0,0.0,0.0,Spring,No Holiday,Yes,10054
16/02/2018,78,10,-1.3,32,1.5,1933,-15.9,1.24,0.0,0.0,Winter,Holiday,Yes,11142
04/08/2018,1337,22,28.6,74,2.5,1804,23.5,0.0,0.0,0.0,Summer,No Holiday,Yes,16478
02/01/2018,403,19,-1.3,28,2.4,2000,-17.5,0.0,0.0,0.0,Winter,No Holiday,Yes,17419
11/05/2018,972,11,18.3,56,1.4,519,9.3,2.53,0.0,0.0,Spring,No Holiday,Yes,14774
03/08/2018,544,6,30.5,62,1.3,1583,22.3,0.01,0.0,0.0,Summer,No Holiday,Yes,10400
29/03/2018,716,13,19.5,48,1.9,596,8.1,2.32,0.0,0.0,Spring,No Holiday,Yes,13157
17/03/2018,1272,17,12.1,34,2.5,1240,-3.3,0.81,0.0,0.0,Spring,No Holiday,Yes,15356
03/12/2017,350,22,4.3,89,1.8,201,2.6,0.0,0.0,0.0,Winter,No Holiday,Yes,18580
03/10/2018,2400,17,23.3,36,1.7,1960,7.3,0.95,0.0,0.0,Autumn,Holiday,Yes,17413
13/09/2018,1448,7,20.5,69,1.4,2000,14.6,0.03,0.0,0.0,Autumn,No Holiday,Yes,15083
29/12/2017,574,18,3.6,62,1.4,389,-3.0,0.01,0.0,0.0,Winter,No Holiday,Yes,17629
20/09/2018,130,7,18.0,95,1.6,375,17.1,0.0,1.5,0.0,Autumn,No Holiday,Yes,14407
11/04/2018,0,12,15.7,46,3.9,1132,4.0,3.05,0.0,0.0,Spring,No Holiday,No,15638
21/04/2018,600,8,14.6,54,0.9,431,5.3,0.89,0.0,0.0,Spring,No Holiday,Yes,13139
22/10/2018,941,11,16.7,37,0.7,1074,1.9,1.74,0.0,0.0,Autumn,No Holiday,Yes,17141
12/05/2018,20,8,12.0,87,1.0,296,9.8,0.1,1.0,0.0,Spring,No Holiday,Yes,18282
27/01/2018,145,12,-7.7,32,2.5,1763,-21.5,1.13,0.0,0.3,Winter,No Holiday,Yes,12719
17/10/2018,1115,13,17.7,25,2.1,1917,-2.6,2.48,0.0,0.0,Autumn,No Holiday,Yes,18418
26/11/2018,718,13,11.7,50,1.4,609,1.6,1.74,0.0,0.0,Autumn,No Holiday,Yes,10155
04/01/2018,646,8,-8.6,55,0.6,1984,-16.0,0.0,0.0,0.0,Winter,No Holiday,Yes,13459
06/12/2017,145,0,-2.8,77,0.0,331,-6.2,0.0,0.1,0.1,Winter,No Holiday,Yes,18344
23/02/2018,669,18,7.5,70,5.0,374,2.3,0.08,0.0,0.0,Winter,No Holiday,Yes,17702
15/11/2018,1123,16,15.4,34,1.4,1016,-0.4,0.68,0.0,0.0,Autumn,No Holiday,Yes,12450
01/04/2018,984,20,17.1,80,1.5,480,13.6,0.0,0.0,0.0,Spring,No Holiday,Yes,16395
09/04/2018,43,4,1.1,95,0.5,345,0.3,0.0,0.0,0.0,Spring,No Holiday,Yes,16302
16/05/2018,404,19,21.9,97,2.2,196,21.3,0.01,0.0,0.0,Spring,No Holiday,Yes,15371
15/04/2018,42,17,11.8,60,2.9,1457,4.2,0.6,0.0,0.0,Spring,No Holiday,Yes,15041
07/12/2017,83,5,1.5,92,1.1,175,0.3,0.0,0.0,0.9,Winter,No Holiday,Yes,14228
28/06/2018,2288,8,24.2,73,1.0,1581,19.0,0.96,0.0,0.0,Summer,No Holiday,Yes,17272
03/01/2018,637,18,-3.1,39,2.1,2000,-15.1,0.0,0.0,0.0,Winter,No Holiday,Yes,12595
15/08/2018,1034,0,30.0,67,0.8,1986,23.1,0.0,0.0,0.0,Summer,Holiday,Yes,15250
09/10/2018,0,18,17.7,43,1.5,2000,4.9,0.05,0.0,0.0,Autumn,Holiday,No,10119
30/04/2018,1075,7,15.1,78,1.5,354,11.2,0.06,0.0,0.0,Spring,No Holiday,Yes,10463
21/09/2018,674,1,19.0,78,1.6,2000,15.0,0.0,0.0,0.0,Autumn,No Holiday,Yes,13796
19/04/2018,2198,18,19.1,31,3.0,958,1.5,0.7,0.0,0.0,Spring,No Holiday,Yes,17656
27/01/2018,114,22,-7.8,43,2.3,1804,-18.2,0.0,0.0,0.0,Winter,No Holiday,Yes,17833
13/06/2018,1394,23,21.5,62,0.1,1827,13.9,0.0,0.0,0.0,Summer,No Holiday,Yes,18404
04/08/2018,655,11,33.4,52,2.8,1462,22.1,2.19,0.0,0.0,Summer,No Holiday,Yes,12315
11/10/2018,991,14,13.4,32,4.9,2000,-2.9,1.78,0.0,0.0,Autumn,No Holiday,Yes,17371
29/08/2018,671,11,26.9,74,3.2,2000,21.8,0.45,0.0,0.0,Summer,No Holiday,Yes,15362
29/04/2018,790,0,11.7,53,1.4,1620,2.4,0.0,0.0,0.0,Spring,No Holiday,Yes,12613
14/09/2018,2059,17,25.9,56,1.7,2000,16.4,0.42,0.0,0.0,Autumn,No Holiday,Yes,15374
03/04/2018,1415,19,18.0,74,3.1,1258,13.2,0.02,0.0,0.0,Spring,No Holiday,Yes,10086
26/12/2017,271,14,-1.6,20,4.3,2000,-21.6,1.11,0.0,0.0,Winter,No Holiday,Yes,13087
11/03/2018,394,10,5.9,69,2.6,330,0.6,1.43,0.0,0.0,Spring,No Holiday,Yes,16829
22/11/2018,133,5,-0.4,39,0.8,2000,-12.6,0.0,0.0,0.0,Autumn,No Holiday,Yes,12636
27/06/2018,2274,20,24.2,72,1.4,833,18.8,0.03,0.0,0.0,Summer,No Holiday,Yes,17837
04/10/2018,0,2,14.0,73,0.5,1992,9.2,0.0,0.0,0.0,Autumn,No Holiday,No,16225
09/03/2018,542,14,8.0,42,1.5,1690,-4.1,1.24,0.0,0.0,Spring,No Holiday,Yes,14822
04/10/2018,0,14,24.3,39,1.7,2000,9.4,2.18,0.0,0.0,Autumn,No Holiday,No,13174
02/08/2018,215,4,31.1,54,1.9,2000,20.6,0.0,0.0,0.0,Summer,No Holiday,Yes,11717
29/01/2018,94,6,-10.9,43,1.0,1967,-21.0,0.0,0.0,0.0,Winter,No Holiday,Yes,13748
23/02/2018,63,6,0.4,95,0.3,197,-0.3,0.0,0.0,3.8,Winter,No Holiday,Yes,11622
22/09/2018,1108,23,17.9,66,1.0,2000,11.4,0.0,0.0,0.0,Autumn,No Holiday,Yes,10550
29/03/2018,274,6,12.6,83,0.5,332,9.7,0.0,0.0,0.0,Spring,No Holiday,Yes,14077
01/03/2018,231,19,-1.7,45,3.3,1375,-12.1,0.01,0.0,0.0,Spring,Holiday,Yes,18242
08/10/2018,1502,15,20.6,26,1.2,2000,0.4,1.76,0.0,0.0,Autumn,No Holiday,Yes,15975
29/12/2017,636,8,1.0,68,0.6,624,-4.2,0.0,0.0,0.0,Winter,No Holiday,Yes,11397
23/02/2018,291,22,5.7,81,2.5,292,2.6,0.0,0.0,0.0,Winter,No Holiday,Yes,14544
30/12/2017,127,3,-1.1,83,0.8,237,-3.6,0.0,0.0,0.0,Winter,No Holiday,Yes,13582
30/07/2018,253,3,27.4,59,1.4,2000,18.6,0.0,0.0,0.0,Summer,No Holiday,Yes,14045
01/03/2018,191,10,0.1,53,5.3,1022,-8.3,1.12,0.0,0.0,Spring,Holiday,Yes,13034
06/03/2018,666,20,6.1,31,2.8,2000,-9.8,0.0,0.0,0.0,Spring,No Holiday,Yes,18717
04/12/2017,393,12,-0.3,38,4.8,1823,-12.9,1.11,0.0,0.0,Winter,No Holiday,Yes,10371
20/03/2018,716,19,3.2,45,3.7,2000,-7.6,0.02,0.0,0.0,Spring,No Holiday,Yes,15633
28/12/2017,286,12,-0.8,38,1.0,1686,-13.3,0.75,0.0,0.0,Winter,No Holiday,Yes,16170
30/03/2018,1068,15,21.8,28,2.3,1162,2.4,2.4,0.0,0.0,Spring,No Holiday,Yes,11852
26/03/2018,835,20,12.9,42,2.8,1047,0.2,0.0,0.0,0.0,Spring,No Holiday,Yes,16280
13/08/2018,1635,22,29.9,60,1.3,2000,21.2,0.0,0.0,0.0,Summer,No Holiday,Yes,13276
12/02/2018,244,20,-4.7,55,1.7,2000,-12.3,0.0,0.0,0.0,Winter,No Holiday,Yes,14015
11/03/2018,222,1,4.8,80,1.3,583,1.6,0.0,0.0,0.0,Spring,No Holiday,Yes,11467
28/10/2018,27,5,7.2,68,2.5,1740,1.6,0.0,0.0,0.0,Autumn,No Holiday,Yes,14138
18/02/2018,354,17,4.2,17,2.5,1990,-18.7,0.66,0.0,0.0,Winter,No Holiday,Yes,17931
18/08/2018,1806,17,29.9,39,2.9,2000,14.4,0.86,0.0,0.0,Summer,No Holiday,Yes,17373
11/02/2018,212,13,-2.4,28,3.0,1953,-18.4,2.35,0.0,0.0,Winter,No Holiday,Yes,14046
13/06/2018,1747,12,24.5,56,2.3,1094,15.1,1.74,0.0,0.0,Summer,No Holiday,Yes,18475
02/09/2018,576,8,21.3,57,1.3,2000,12.4,0.81,0.0,0.0,Autumn,No Holiday,Yes,10570
04/07/2018,747,6,24.0,84,0.1,1969,21.1,0.05,0.0,0.0,Summer,No Holiday,Yes,17976
07/12/2017,415,9,0.1,91,0.8,265,-1.1,0.14,0.0,0.8,Winter,No Holiday,Yes,12686
01/03/2018,147,1,2.1,97,0.2,859,1.6,0.0,0.0,0.0,Spring,Holiday,Yes,14007
20/05/2018,205,4,12.8,44,0.8,2000,0.8,0.0,0.0,0.0,Spring,No Holiday,Yes,12639
27/11/2018,140,5,3.6,84,0.6,315,1.1,0.0,0.0,0.0,Autumn,No Holiday,Yes,18573
30/06/2018,778,20,24.2,88,0.8,1276,22.0,0.06,0.0,0.0,Summer,No Holiday,Yes,16800
12/09/2018,462,2,19.0,56,0.9,2000,10.0,0.0,0.0,0.0,Autumn,No Holiday,Yes,11358
27/07/2018,653,13,35.3,48,2.5,880,22.6,2.89,0.0,0.0,Summer,No Holiday,Yes,15692
05/12/2017,597,19,-3.2,45,0.0,2000,-13.5,0.0,0.0,0.0,Winter,No Holiday,Yes,13608
12/12/2017,350,19,-8.2,43,1.1,2000,-18.5,0.0,0.0,0.0,Winter,No Holiday,Yes,12170
19/12/2017,165,7,-4.4,64,2.8,1367,-10.1,0.0,0.0,2.6,Winter,No Holiday,Yes,16757
20/02/2018,404,7,-2.2,76,1.9,527,-5.8,0.0,0.0,0.0,Winter,No Holiday,Yes,10739
03/05/2018,251,2,7.3,86,1.7,2000,5.1,0.0,0.0,0.0,Spring,No Holiday,Yes,11639
04/10/2018,0,23,19.4,62,1.7,2000,11.9,0.0,0.0,0.0,Autumn,No Holiday,No,13249
24/11/2018,62,10,0.4,97,1.8,207,0.0,0.0,0.0,8.8,Autumn,No Holiday,Yes,14501
06/02/2018,175,21,-10.6,39,3.1,2000,-21.9,0.0,0.0,0.0,Winter,No Holiday,Yes,10388
27/12/2017,55,4,-9.1,33,2.3,2000,-22.4,0.0,0.0,0.0,Winter,No Holiday,Yes,13763
03/08/2018,763,0,32.1,67,1.1,1077,25.1,0.0,0.0,0.0,Summer,No Holiday,Yes,15655
10/01/2018,259,19,-8.5,35,2.9,2000,-21.2,0.0,0.0,0.0,Winter,No Holiday,Yes,14810
20/08/2018,719,10,29.3,49,2.0,1875,17.4,1.65,0.0,0.0,Summer,No Holiday,Yes,16684
20/10/2018,1407,12,17.7,33,2.2,1556,1.2,2.37,0.0,0.0,Autumn,No Holiday,Yes,17494
03/06/2018,228,6,16.9,62,0.4,1768,9.5,0.06,0.0,0.0,Summer,No Holiday,Yes,17740
15/04/2018,467,23,8.6,69,2.2,1730,3.2,0.0,0.0,0.0,Spring,No Holiday,Yes,11945
26/12/2017,178,0,-1.4,58,1.0,1880,-8.6,0.0,0.0,0.0,Winter,No Holiday,Yes,17820
24/11/2018,420,19,2.6,85,1.2,797,0.3,0.0,0.0,3.3,Autumn,No Holiday,Yes,17090
07/01/2018,40,5,-5.6,58,0.7,1350,-12.5,0.0,0.0,0.0,Winter,No Holiday,Yes,13991
28/12/2017,552,18,-0.6,62,1.6,1129,-6.9,0.0,0.0,0.0,Winter,No Holiday,Yes,15808
24/06/2018,286,4,20.5,90,0.8,223,18.7,0.0,0.0,0.0,Summer,No Holiday,Yes,18063
30/01/2018,60,21,-1.6,91,1.3,508,-2.8,0.0,1.5,3.5,Winter,No Holiday,Yes,14114
12/07/2018,991,12,27.4,80,2.7,1083,23.6,0.97,0.0,0.0,Summer,No Holiday,Yes,16644
23/01/2018,181,16,-10.1,34,4.3,2000,-23.0,0.74,0.0,1.0,Winter,No Holiday,Yes,16278
03/08/2018,585,12,36.8,41,2.1,1759,21.3,2.53,0.0,0.0,Summer,No Holiday,Yes,12774
09/02/2018,243,21,2.9,63,1.0,786,-3.4,0.0,0.0,0.0,Winter,No Holiday,Yes,11232
01/06/2018,2149,8,20.6,55,0.7,1200,11.2,1.21,0.0,0.0,Summer,No Holiday,Yes,13693
04/06/2018,172,4,19.4,56,1.2,1752,10.3,0.0,0.0,0.0,Summer,No Holiday,Yes,16276
02/04/2018,1469,8,15.7,75,1.1,804,11.2,0.11,0.0,0.0,Spring,No Holiday,Yes,12427
16/09/2018,1146,21,21.2,88,1.7,373,19.1,0.0,0.0,0.0,Autumn,No Holiday,Yes,18570
29/03/2018,106,5,12.7,83,0.8,392,9.8,0.0,0.0,0.0,Spring,No Holiday,Yes,12733
20/10/2018,1813,16,20.9,20,2.0,1976,-2.9,1.35,0.0,0.0,Autumn,No Holiday,Yes,18630
27/09/2018,178,3,14.9,57,1.1,2000,6.4,0.0,0.0,0.0,Autumn,No Holiday,Yes,16175
01/05/2018,1536,14,23.0,64,2.8,520,15.8,1.59,0.0,0.0,Spring,Holiday,Yes,16416
11/06/2018,555,1,19.8,59,1.3,2000,11.5,0.0,0.0,0.0,Summer,No Holiday,Yes,10629
26/12/2017,282,16,-1.9,17,3.3,2000,-23.7,0.61,0.0,0.0,Winter,No Holiday,Yes,14242
21/10/2018,1891,15,20.9,23,1.5,1892,-1.0,1.87,0.0,0.0,Autumn,No Holiday,Yes,18737
12/09/2018,2129,17,27.8,41,1.9,1999,13.3,1.27,0.0,0.0,Autumn,No Holiday,Yes,17023
03/07/2018,1156,9,25.7,76,0.8,1920,21.1,1.11,0.0,0.0,Summer,No Holiday,Yes,14889
10/05/2018,0,7,12.1,71,1.6,876,6.9,0.34,0.0,0.0,Spring,No Holiday,No,16718
24/11/2018,114,11,1.2,97,2.3,975,0.7,0.07,0.0,8.8,Autumn,No Holiday,Yes,10440
30/04/2018,2064,19,21.2,65,2.9,559,14.3,0.25,0.0,0.0,Spring,No Holiday,Yes,10706
13/03/2018,986,20,13.9,77,1.5,1010,9.9,0.0,0.0,0.0,Spring,No Holiday,Yes,16763
06/11/2018,0,23,12.2,74,1.1,291,7.6,0.0,0.0,0.0,Autumn,No Holiday,No,14954
09/04/2018,1599,19,13.4,33,1.2,1356,-2.5,0.15,0.0,0.0,Spring,No Holiday,Yes,15637
16/09/2018,142,16,22.5,86,2.5,342,20.0,0.47,0.0,0.0,Autumn,No Holiday,Yes,11486
21/11/2018,1622,8,6.4,86,0.9,450,4.2,0.03,0.0,0.0,Autumn,No Holiday,Yes,14744
18/09/2018,0,21,22.1,61,1.5,2000,14.2,0.0,0.0,0.0,Autumn,No Holiday,No,12229
28/02/2018,8,17,3.8,90,2.7,654,2.3,0.0,0.0,0.0,Winter,No Holiday,Yes,13523
28/05/2018,828,10,23.3,49,1.1,1881,11.9,2.46,0.0,0.0,Spring,No Holiday,Yes,18656
25/11/2018,846,15,9.5,54,1.3,675,0.6,0.76,0.0,1.1,Autumn,No Holiday,Yes,14395
19/09/2018,0,23,20.4,57,0.9,2000,11.5,0.0,0.0,0.0,Autumn,No Holiday,No,16666
22/04/2018,234,15,19.6,44,2.4,1885,7.0,0.47,0.2,0.0,Spring,No Holiday,Yes,15885
11/12/2017,253,14,-5.4,31,4.1,1945,-19.9,1.13,0.0,0.0,Winter,No Holiday,Yes,10117
21/07/2018,699,10,31.4,51,1.1,847,20.0,2.32,0.0,0.0,Summer,No Holiday,Yes,17192
29/07/2018,245,4,27.0,74,0.8,1816,21.9,0.0,0.0,0.0,Summer,No Holiday,Yes,15128
10/10/2018,901,23,8.5,52,0.6,2000,-0.8,0.0,0.0,0.0,Autumn,No Holiday,Yes,17422
22/12/2017,386,15,6.5,55,0.9,801,-1.9,0.38,0.0,0.0,Winter,Holiday,Yes,14458
08/01/2018,385,17,2.7,50,2.8,1957,-6.7,0.06,0.0,0.0,Winter,No Holiday,Yes,12250
24/04/2018,725,23,9.6,44,0.7,2000,-2.0,0.0,0.0,0.0,Spring,No Holiday,Yes,17256
11/12/2017,44,4,-5.2,35,3.2,2000,-18.3,0.0,0.0,0.0,Winter,No Holiday,Yes,15643
24/01/2018,90,0,-14.6,34,3.9,2000,-27.0,0.0,0.0,0.9,Winter,No Holiday,Yes,13116
05/10/2018,282,7,17.7,56,1.3,2000,8.8,0.0,0.0,0.0,Autumn,No Holiday,Yes,12364
29/10/2018,658,23,4.3,58,1.4,2000,-3.2,0.0,0.0,0.0,Autumn,No Holiday,Yes,11346
03/01/2018,43,4,-6.1,45,2.3,2000,-16.1,0.0,0.0,0.0,Winter,No Holiday,Yes,17449
14/11/2018,1239,21,9.8,52,0.5,1255,0.3,0.0,0.0,0.0,Autumn,No Holiday,Yes,18241
31/08/2018,1119,15,30.3,41,2.5,1864,15.5,2.72,0.0,0.0,Summer,No Holiday,Yes,11946
19/07/2018,1017,16,33.7,43,2.7,1890,19.3,2.55,0.0,0.0,Summer,No Holiday,Yes,16571
08/12/2017,384,20,-3.3,34,1.5,2000,-16.9,0.0,0.0,0.0,Winter,No Holiday,Yes,13841
10/11/2018,1229,15,16.6,36,2.5,808,1.4,1.45,0.0,0.0,Autumn,No Holiday,Yes,17775
02/11/2018,751,10,10.0,49,1.2,1411,-0.2,1.4,0.0,0.0,Autumn,No Holiday,Yes,15793
10/04/2018,75,22,15.8,83,5.4,691,12.9,0.0,1.5,0.0,Spring,No Holiday,Yes,12945
29/11/2018,328,6,1.1,39,1.3,1857,-11.3,0.0,0.0,0.0,Autumn,No Holiday,Yes,17900
25/03/2018,137,7,4.7,82,1.3,198,1.8,0.02,0.0,0.0,Spring,No Holiday,Yes,14648
07/11/2018,1062,21,13.5,75,0.8,1275,9.1,0.0,0.0,0.0,Autumn,No Holiday,Yes,12216
08/07/2018,2055,21,25.3,55,1.4,2000,15.6,0.0,0.0,0.0,Summer,No Holiday,Yes,12657
13/06/2018,2404,19,22.8,64,2.3,1444,15.6,0.45,0.0,0.0,Summer,No Holiday,Yes,13872
20/08/2018,1253,16,32.3,45,2.8,1928,18.8,0.98,0.0,0.0,Summer,No Holiday,Yes,13647
05/02/2018,177,21,-9.8,41,3.9,1949,-20.6,0.0,0.0,0.0,Winter,No Holiday,Yes,11921
15/12/2017,309,12,-2.5,43,0.7,895,-13.3,0.34,0.0,0.0,Winter,No Holiday,Yes,17955
03/02/2018,144,10,-8.5,43,4.0,1797,-18.8,1.09,0.0,0.2,Winter,No Holiday,Yes,17650
03/02/2018,31,5,-6.3,65,3.9,1521,-11.8,0.0,0.0,0.3,Winter,No Holiday,Yes,17466
09/05/2018,1333,7,10.0,59,1.1,2000,2.3,0.36,0.0,0.0,Spring,No Holiday,Yes,16516
14/04/2018,445,16,8.9,87,1.8,2000,6.8,0.32,0.0,0.0,Spring,No Holiday,Yes,16678
26/12/2017,317,19,-5.4,27,3.0,2000,-21.5,0.0,0.0,0.0,Winter,No Holiday,Yes,16761
02/04/2018,806,9,16.6,70,1.5,945,11.0,0.3,0.0,0.0,Spring,No Holiday,Yes,16905
21/12/2017,290,12,1.9,40,2.0,1835,-10.3,1.04,0.0,1.9,Winter,No Holiday,Yes,16745
26/05/2018,232,4,14.8,73,0.5,994,9.9,0.0,0.0,0.0,Spring,No Holiday,Yes,17741
06/08/2018,1611,21,30.6,70,1.6,1542,24.4,0.0,0.0,0.0,Summer,No Holiday,Yes,12488
26/04/2018,2574,18,17.4,45,3.1,1092,5.3,0.75,0.0,0.0,Spring,No Holiday,Yes,13905
12/02/2018,30,5,-9.2,37,1.1,2000,-21.2,0.0,0.0,0.0,Winter,No Holiday,Yes,13460
17/04/2018,406,6,6.9,57,0.5,1775,-1.0,0.0,0.0,0.0,Spring,No Holiday,Yes,17572
02/07/2018,619,15,24.2,93,1.0,590,22.9,0.78,0.0,0.0,Summer,No Holiday,Yes,10553
15/10/2018,1773,17,19.3,49,2.8,966,8.3,0.55,0.0,0.0,Autumn,No Holiday,Yes,17216
17/10/2018,1409,16,18.0,26,2.1,2000,-1.8,1.45,0.0,0.0,Autumn,No Holiday,Yes,11056
12/03/2018,752,16,14.5,34,3.1,471,-1.2,1.59,0.0,0.0,Spring,No Holiday,Yes,18346
14/11/2018,210,3,6.1,66,0.5,1347,0.2,0.0,0.0,0.0,Autumn,No Holiday,Yes,17212
29/10/2018,838,14,11.3,39,3.7,2000,-2.1,1.18,0.0,0.0,Autumn,No Holiday,Yes,15482
28/06/2018,826,10,25.3,70,0.6,1386,19.4,0.7,0.0,0.0,Summer,No Holiday,Yes,15314
22/11/2018,777,20,3.1,42,2.4,2000,-8.5,0.0,0.0,0.0,Autumn,No Holiday,Yes,11137
20/02/2018,115,2,-0.8,76,0.8,421,-4.5,0.0,0.0,0.0,Winter,No Holiday,Yes,13965
13/03/2018,982,21,13.7,79,2.0,1035,10.1,0.0,0.0,0.0,Spring,No Holiday,Yes,15689
04/04/2018,1745,17,17.2,46,2.2,2000,5.4,1.6,0.0,0.0,Spring,No Holiday,Yes,14389
12/01/2018,119,10,-13.0,37,2.2,1960,-24.6,0.59,0.0,0.0,Winter,No Holiday,Yes,11011
17/07/2018,372,5,24.1,81,0.9,1646,20.6,0.0,0.0,0.0,Summer,No Holiday,Yes,16017
25/05/2018,1306,15,25.1,25,2.7,1959,3.6,2.2,0.0,0.0,Spring,No Holiday,Yes,15086
08/09/2018,504,3,17.8,60,0.2,2000,9.9,0.0,0.0,0.0,Autumn,No Holiday,Yes,11669
29/03/2018,757,9,13.5,79,1.9,382,9.9,0.2,0.0,0.0,Spring,No Holiday,Yes,16998
09/01/2018,247,11,-3.9,51,4.5,1746,-12.5,0.73,0.0,0.5,Winter,No Holiday,Yes,10469
07/12/2017,390,14,4.4,36,2.7,1975,-9.4,1.04,0.0,0.0,Winter,No Holiday,Yes,13939
04/07/2018,2274,21,26.2,70,2.2,1908,20.2,0.0,0.0,0.0,Summer,No Holiday,Yes,15995
13/06/2018,1934,22,21.6,66,1.2,1438,14.9,0.0,0.0,0.0,Summer,No Holiday,Yes,12635
11/09/2018,1556,7,16.9,55,1.4,2000,7.7,0.07,0.0,0.0,Autumn,No Holiday,Yes,16342
09/12/2017,265,23,-0.1,54,1.3,1570,-8.3,0.0,0.0,0.0,Winter,No Holiday,Yes,17457
20/06/2018,2289,17,28.0,50,3.2,1137,16.6,1.93,0.0,0.0,Summer,No Holiday,Yes,15132
14/01/2018,366,16,5.3,49,1.8,982,-4.5,0.43,0.0,0.0,Winter,No Holiday,Yes,12390
05/02/2018,39,2,-11.2,55,1.5,2000,-18.4,0.0,0.0,0.0,Winter,No Holiday,Yes,13105
22/02/2018,116,2,-2.9,57,0.0,1985,-10.2,0.0,0.0,0.0,Winter,No Holiday,Yes,17443
03/04/2018,1223,21,17.0,83,3.2,744,14.0,0.0,0.0,0.0,Spring,No Holiday,Yes,10009
26/05/2018,198,5,14.4,73,0.4,978,9.6,0.0,0.0,0.0,Spring,No Holiday,Yes,15697
06/05/2018,1526,20,17.6,77,1.2,2000,13.5,0.01,0.0,0.0,Spring,No Holiday,Yes,16316
20/12/2017,38,4,-8.5,73,1.0,1723,-12.4,0.0,0.0,2.0,Winter,No Holiday,Yes,14823
12/06/2018,2495,8,19.0,67,1.1,1976,12.7,1.29,0.0,0.0,Summer,No Holiday,Yes,16950
06/01/2018,69,6,-6.5,67,0.7,1175,-11.6,0.0,0.0,0.0,Winter,No Holiday,Yes,11442
31/10/2018,1060,7,3.2,74,0.9,2000,-0.9,0.0,0.0,0.0,Autumn,No Holiday,Yes,16058
19/07/2018,828,12,31.7,42,2.6,1868,17.2,3.23,0.0,0.0,Summer,No Holiday,Yes,12909
16/08/2018,1384,17,33.8,37,2.2,2000,17.0,1.74,0.0,0.0,Summer,No Holiday,Yes,15766
10/12/2017,214,16,5.4,71,3.5,622,0.5,0.2,0.0,0.5,Winter,No Holiday,Yes,16270
02/11/2018,1146,21,10.8,57,2.0,1219,2.6,0.0,0.0,0.0,Autumn,No Holiday,Yes,10428
11/02/2018,198,17,-4.2,47,2.7,2000,-13.8,0.31,0.0,0.0,Winter,No Holiday,Yes,15313
17/11/2018,1031,17,7.7,34,2.6,2000,-7.2,0.13,0.0,0.0,Autumn,No Holiday,Yes,11631
30/06/2018,825,8,23.4,81,0.5,313,19.9,0.37,0.0,0.0,Summer,No Holiday,Yes,11862
16/10/2018,1113,14,19.9,29,1.9,1833,1.3,2.09,0.0,0.0,Autumn,No Holiday,Yes,16619
18/07/2018,327,5,23.9,83,0.4,780,20.8,0.0,0.0,0.0,Summer,No Holiday,Yes,15232
04/03/2018,492,17,11.8,82,1.7,990,8.8,0.4,0.0,0.0,Spring,No Holiday,Yes,18103
04/05/2018,1389,20,14.1,46,3.4,1940,2.6,0.01,0.0,0.0,Spring,No Holiday,Yes,14108
09/11/2018,0,4,10.6,75,3.2,913,6.3,0.0,0.0,0.0,Autumn,No Holiday,No,18420
08/08/2018,1180,23,29.1,77,0.4,1552,24.6,0.0,0.0,0.0,Summer,No Holiday,Yes,14594
22/12/2017,278,11,3.1,57,0.8,804,-4.6,0.63,0.0,0.0,Winter,Holiday,Yes,12375
20/08/2018,527,1,26.6,64,0.2,2000,19.2,0.0,0.0,0.0,Summer,No Holiday,Yes,12135
24/08/2018,83,2,25.4,85,2.0,1453,22.6,0.0,0.8,0.0,Summer,No Holiday,Yes,10001
09/08/2018,977,9,29.4,64,2.3,1926,21.8,0.9,0.0,0.0,Summer,No Holiday,Yes,11364
04/10/2018,0,13,23.4,39,1.4,2000,8.6,1.72,0.0,0.0,Autumn,No Holiday,No,17958
18/10/2018,244,3,8.6,74,0.6,1985,4.2,0.0,0.0,0.0,Autumn,No Holiday,Yes,12992
08/10/2018,265,2,11.1,56,1.4,2000,2.6,0.0,0.0,0.0,Autumn,No Holiday,Yes,15448
14/10/2018,1948,15,20.1,32,2.4,1893,2.8,2.0,0.0,0.0,Autumn,No Holiday,Yes,16287
30/03/2018,115,4,9.9,67,1.1,820,4.0,0.0,0.0,0.0,Spring,No Holiday,Yes,17200
15/06/2018,1467,7,18.2,75,1.4,2000,13.6,0.56,0.0,0.0,Summer,No Holiday,Yes,10932
10/06/2018,786,9,19.2,65,1.4,2000,12.4,0.34,0.0,0.0,Summer,No Holiday,Yes,17903
17/03/2018,109,6,0.8,63,1.0,2000,-5.4,0.0,0.0,0.0,Spring,No Holiday,Yes,17970
30/07/2018,1202,23,31.7,52,1.2,2000,20.6,0.0,0.0,0.0,Summer,No Holiday,Yes,15739
04/03/2018,161,0,8.5,87,0.9,303,6.4,0.0,0.0,0.0,Spring,No Holiday,Yes,10507
06/04/2018,178,6,6.1,96,2.1,798,5.5,0.0,0.0,0.0,Spring,No Holiday,Yes,11265
09/06/2018,616,7,20.2,73,1.1,708,15.1,0.41,0.0,0.0,Summer,No Holiday,Yes,18390
03/06/2018,938,10,24.8,34,1.3,1869,7.8,2.09,0.0,0.0,Summer,No Holiday,Yes,16130
22/03/2018,668,12,8.3,36,2.5,1665,-5.9,2.7,0.0,0.0,Spring,No Holiday,Yes,18306
24/06/2018,644,3,20.6,91,0.8,194,19.0,0.0,0.0,0.0,Summer,No Holiday,Yes,12628
12/08/2018,483,10,31.6,51,2.3,1969,20.2,2.3,0.0,0.0,Summer,No Holiday,Yes,11457
19/03/2018,382,23,6.9,44,3.3,2000,-4.5,0.0,0.0,0.0,Spring,No Holiday,Yes,12727
25/01/2018,60,2,-16.0,42,1.3,2000,-25.9,0.0,0.0,0.7,Winter,No Holiday,Yes,12169
09/06/2018,1058,19,25.7,47,1.8,2000,13.5,0.04,0.0,0.0,Summer,No Holiday,Yes,15292
29/12/2017,135,3,0.6,64,0.4,731,-5.4,0.0,0.0,0.0,Winter,No Holiday,Yes,16632
04/05/2018,1222,13,18.9,30,3.8,1854,0.9,3.39,0.0,0.0,Spring,No Holiday,Yes,11270
25/03/2018,71,6,4.6,84,0.7,193,2.1,0.0,0.0,0.0,Spring,No Holiday,Yes,13263
27/06/2018,513,0,20.5,94,3.7,896,19.4,0.0,0.0,0.0,Summer,No Holiday,Yes,15779
20/01/2018,285,11,3.7,59,1.8,978,-3.5,0.51,0.0,0.0,Winter,No Holiday,Yes,12791
19/08/2018,732,10,27.3,49,0.9,1968,15.6,1.17,0.0,0.0,Summer,No Holiday,Yes,15412
09/07/2018,301,5,21.1,64,1.5,2000,14.0,0.0,0.0,0.0,Summer,No Holiday,Yes,17524
17/06/2018,715,8,21.1,70,0.3,766,15.4,0.9,0.0,0.0,Summer,No Holiday,Yes,13961
01/10/2018,143,4,13.7,56,1.9,2000,5.0,0.0,0.0,0.0,Autumn,No Holiday,Yes,13659
28/05/2018,2194,8,19.5,50,0.7,1329,8.7,1.19,0.0,0.0,Spring,No Holiday,Yes,10935
24/04/2018,262,6,9.6,87,2.0,2000,7.5,0.0,0.0,0.0,Spring,No Holiday,Yes,14040
04/05/2018,2041,8,11.3,46,1.2,1788,0.0,1.04,0.0,0.0,Spring,No Holiday,Yes,12134
10/10/2018,1015,13,14.3,43,3.6,1995,1.8,1.86,0.0,0.0,Autumn,No Holiday,Yes,18473
27/05/2018,234,6,17.3,62,1.4,1293,9.9,0.03,0.0,0.0,Spring,No Holiday,Yes,11823
11/03/2018,843,13,10.3,31,2.1,885,-6.1,2.67,0.0,0.0,Spring,No Holiday,Yes,12780
02/11/2018,851,23,9.7,56,1.3,1423,1.3,0.0,0.0,0.0,Autumn,No Holiday,Yes,12618
08/11/2018,49,5,10.8,89,1.6,957,9.0,0.0,0.0,0.0,Autumn,No Holiday,Yes,13972
03/05/2018,156,3,7.0,86,1.2,2000,4.8,0.0,0.0,0.0,Spring,No Holiday,Yes,14067
01/07/2018,13,10,21.6,97,0.5,266,21.0,0.13,12.0,0.0,Summer,No Holiday,Yes,14963
15/03/2018,214,16,10.7,98,1.2,196,10.3,0.14,0.0,0.0,Spring,No Holiday,Yes,14050
20/06/2018,249,4,19.1,82,1.5,471,15.9,0.0,0.0,0.0,Summer,No Holiday,Yes,12122
28/03/2018,614,23,13.5,74,1.2,603,8.9,0.0,0.0,0.0,Spring,No Holiday,Yes,13225
16/05/2018,562,18,21.9,97,2.1,191,21.3,0.08,0.0,0.0,Spring,No Holiday,Yes,10359
05/08/2018,942,23,28.8,79,1.3,1484,24.7,0.0,0.0,0.0,Summer,No Holiday,Yes,12923
13/05/2018,993,11,16.4,78,1.6,1209,12.5,1.37,0.0,0.0,Spring,No Holiday,Yes,12919
09/11/2018,0,22,11.2,75,1.7,478,6.9,0.0,0.0,0.0,Autumn,No Holiday,No,11217
19/10/2018,1188,7,7.3,72,0.4,2000,2.5,0.0,0.0,0.0,Autumn,No Holiday,Yes,18079
05/07/2018,2063,21,25.2,67,1.5,2000,18.6,0.0,0.0,0.0,Summer,No Holiday,Yes,10579
20/05/2018,1325,22,16.8,29,1.2,2000,-1.3,0.0,0.0,0.0,Spring,No Holiday,Yes,17678
17/06/2018,953,10,23.0,66,1.1,516,16.2,0.83,0.0,0.0,Summer,No Holiday,Yes,13916
30/05/2018,1187,12,23.2,64,3.0,1305,16.0,2.08,0.0,0.0,Spring,No Holiday,Yes,15960
12/06/2018,144,4,17.5,84,0.8,2000,14.7,0.0,0.0,0.0,Summer,No Holiday,Yes,14524
26/07/2018,498,2,27.6,78,0.1,1289,23.4,0.0,0.0,0.0,Summer,No Holiday,Yes,10429
27/07/2018,1763,8,28.5,76,0.9,725,23.8,0.59,0.0,0.0,Summer,No Holiday,Yes,12987
17/09/2018,954,11,23.8,54,2.1,1626,13.9,2.55,0.0,0.0,Autumn,No Holiday,Yes,17063
21/03/2018,231,21,1.2,92,0.7,1474,0.0,0.0,0.5,0.0,Spring,No Holiday,Yes,12498
26/10/2018,542,21,10.6,70,2.4,2000,5.3,0.0,0.0,0.0,Autumn,No Holiday,Yes,14767
29/11/2018,595,10,3.9,28,0.6,1627,-12.9,0.49,0.0,0.0,Autumn,No Holiday,Yes,13683
23/03/2018,664,9,3.3,72,1.4,618,-1.2,0.61,0.0,0.0,Spring,No Holiday,Yes,17303
23/11/2018,731,13,6.5,18,2.2,1984,-16.1,1.94,0.0,0.0,Autumn,No Holiday,Yes,16845
22/02/2018,316,13,4.5,51,3.8,1108,-4.7,1.08,0.0,0.0,Winter,No Holiday,Yes,11104
14/03/2018,123,5,14.1,69,1.3,1923,8.4,0.0,0.0,0.0,Spring,No Holiday,Yes,14006
13/11/2018,789,11,11.4,46,0.8,876,0.1,1.57,0.0,0.0,Autumn,No Holiday,Yes,16723
12/04/2018,144,5,7.1,57,0.8,1746,-0.8,0.0,0.0,0.0,Spring,No Holiday,Yes,11421
06/05/2018,16,4,15.8,93,0.4,268,14.6,0.0,1.5,0.0,Spring,No Holiday,Yes,16816
29/04/2018,1485,20,16.9,42,2.7,942,3.8,0.0,0.0,0.0,Spring,No Holiday,Yes,12193
20/10/2018,386,3,9.5,77,0.4,1611,5.6,0.0,0.0,0.0,Autumn,No Holiday,Yes,17005
02/05/2018,609,9,17.4,94,0.7,230,16.4,0.16,0.0,0.0,Spring,No Holiday,Yes,16674
09/03/2018,155,2,2.8,74,1.2,415,-1.3,0.0,0.0,0.0,Spring,No Holiday,Yes,15273
08/02/2018,337,17,1.5,24,1.9,1788,-16.9,0.72,0.0,0.0,Winter,No Holiday,Yes,13254
13/01/2018,251,15,-1.5,62,0.9,957,-7.8,0.28,0.0,0.0,Winter,No Holiday,Yes,12384
11/09/2018,2455,19,23.7,49,1.8,2000,12.3,0.03,0.0,0.0,Autumn,No Holiday,Yes,14522
10/07/2018,1462,16,26.3,74,0.7,1580,21.2,0.52,0.0,0.0,Summer,No Holiday,Yes,15579
06/08/2018,707,0,28.7,79,2.2,1473,24.6,0.0,0.0,0.0,Summer,No Holiday,Yes,13917
10/12/2017,210,18,2.0,61,3.0,2000,-4.7,0.0,0.0,0.0,Winter,No Holiday,Yes,17111
04/10/2018,0,12,23.2,38,1.7,1990,8.0,2.44,0.0,0.0,Autumn,No Holiday,No,13212
21/11/2018,1679,18,5.4,58,0.2,2000,-2.2,0.0,0.0,0.0,Autumn,No Holiday,Yes,16235
05/04/2018,150,3,8.9,64,2.2,2000,2.4,0.0,0.0,0.0,Spring,No Holiday,Yes,17104
26/07/2018,1790,20,31.0,68,1.4,1162,24.3,0.05,0.0,0.0,Summer,No Holiday,Yes,10924
23/12/2017,282,11,5.7,81,1.1,192,2.6,0.18,0.0,0.0,Winter,No Holiday,Yes,14678
13/05/2018,579,9,14.8,95,1.0,986,14.0,0.53,0.0,0.0,Spring,No Holiday,Yes,14730
03/09/2018,39,16,25.5,91,1.3,403,23.9,0.23,3.5,0.0,Autumn,No Holiday,Yes,15845
08/08/2018,657,10,31.6,58,2.3,1528,22.3,2.02,0.0,0.0,Summer,No Holiday,Yes,13039
08/08/2018,673,13,34.4,48,2.1,1921,21.7,2.37,0.0,0.0,Summer,No Holiday,Yes,10035
08/10/2018,2127,17,20.0,28,0.7,2000,0.9,0.79,0.0,0.0,Autumn,No Holiday,Yes,15046
30/07/2018,663,12,33.6,48,1.6,2000,21.0,1.89,0.0,0.0,Summer,No Holiday,Yes,12512
13/06/2018,1274,0,19.3,76,1.2,1968,14.9,0.0,0.0,0.0,Summer,No Holiday,Yes,11469
11/05/2018,2701,18,17.9,37,3.1,1819,2.9,0.36,0.0,0.0,Spring,No Holiday,Yes,12546
05/12/2017,334,11,-3.9,25,0.0,1959,-21.0,0.0,0.0,0.0,Winter,No Holiday,Yes,16014
09/05/2018,2034,17,21.3,34,2.7,1967,4.7,1.82,0.0,0.0,Spring,No Holiday,Yes,12400
24/12/2017,149,3,5.2,82,0.8,190,2.3,0.0,0.0,0.0,Winter,Holiday,Yes,17278
03/10/2018,2235,18,21.5,43,1.8,2000,8.3,0.26,0.0,0.0,Autumn,Holiday,Yes,12611
03/06/2018,1741,22,23.0,38,1.2,1996,7.9,0.0,0.0,0.0,Summer,No Holiday,Yes,14680
15/04/2018,620,22,9.0,65,1.7,1953,2.7,0.0,0.0,0.0,Spring,No Holiday,Yes,13941
25/10/2018,421,2,9.1,79,0.5,1625,5.6,0.0,0.0,0.0,Autumn,No Holiday,Yes,10860
28/04/2018,647,8,12.7,67,0.6,378,6.7,0.86,0.0,0.0,Spring,No Holiday,Yes,11955
27/06/2018,1618,16,25.0,74,2.2,578,20.0,0.52,0.0,0.0,Summer,No Holiday,Yes,14306
22/01/2018,277,11,2.4,27,0.9,1796,-14.7,0.47,0.0,0.0,Winter,No Holiday,Yes,18305
18/05/2018,352,11,16.6,96,0.7,539,15.9,0.41,0.0,0.0,Spring,No Holiday,Yes,10085
15/01/2018,334,21,3.4,59,0.8,471,-3.8,0.0,0.0,0.0,Winter,No Holiday,Yes,16854
16/07/2018,324,5,24.3,85,1.0,1496,21.6,0.0,0.0,0.0,Summer,No Holiday,Yes,18380
17/04/2018,1290,20,12.5,31,3.8,1746,-4.2,0.0,0.0,0.0,Spring,No Holiday,Yes,12599
07/01/2018,102,3,-4.8,56,0.6,1505,-12.2,0.0,0.0,0.0,Winter,No Holiday,Yes,16224
31/07/2018,626,12,35.2,39,1.2,2000,19.1,2.86,0.0,0.0,Summer,No Holiday,Yes,17321
27/12/2017,279,9,-9.8,33,2.0,1997,-23.0,0.17,0.0,0.0,Winter,No Holiday,Yes,17249
02/09/2018,255,4,21.1,62,1.8,2000,13.5,0.0,0.0,0.0,Autumn,No Holiday,Yes,15768
10/02/2018,286,14,2.2,24,4.5,1700,-16.3,1.66,0.0,0.0,Winter,No Holiday,Yes,18331
10/04/2018,370,6,6.9,51,0.9,1546,-2.5,0.0,0.0,0.0,Spring,No Holiday,Yes,16634
11/03/2018,45,5,3.9,85,1.6,264,1.6,0.0,0.0,0.0,Spring,No Holiday,Yes,16118
16/01/2018,332,20,4.5,58,0.8,383,-3.0,0.0,0.0,0.0,Winter,No Holiday,Yes,10823
08/06/2018,1249,14,25.0,54,2.2,1146,15.0,1.86,0.0,0.0,Summer,No Holiday,Yes,13581
27/09/2018,589,6,13.4,61,0.8,2000,6.0,0.0,0.0,0.0,Autumn,No Holiday,Yes,15419
11/06/2018,1280,20,19.1,84,1.7,2000,16.3,0.04,0.0,0.0,Summer,No Holiday,Yes,16821
25/06/2018,2008,17,31.5,42,2.3,990,17.0,1.36,0.0,0.0,Summer,No Holiday,Yes,17205
30/03/2018,401,1,11.4,77,0.7,466,7.5,0.0,0.0,0.0,Spring,No Holiday,Yes,14984
13/06/2018,421,4,18.7,74,0.9,1933,13.9,0.0,0.0,0.0,Summer,No Holiday,Yes,13137
02/02/2018,558,8,-7.4,58,2.2,1882,-14.2,0.01,0.0,0.0,Winter,No Holiday,Yes,13259
22/12/2017,671,18,4.9,63,0.6,677,-1.5,0.0,0.0,0.0,Winter,Holiday,Yes,14369
26/07/2018,602,6,27.4,77,0.7,1113,23.0,0.0,0.0,0.0,Summer,No Holiday,Yes,11650
08/01/2018,353,16,3.5,36,1.7,1702,-10.2,0.16,0.0,0.0,Winter,No Holiday,Yes,13313
01/02/2018,81,3,-6.2,57,1.6,1874,-13.3,0.0,0.0,1.6,Winter,No Holiday,Yes,18227
16/05/2018,124,4,22.3,86,0.5,387,19.8,0.0,0.0,0.0,Spring,No Holiday,Yes,12106
24/05/2018,778,0,13.7,51,1.3,1651,3.7,0.0,0.0,0.0,Spring,No Holiday,Yes,17708
17/02/2018,145,20,-2.1,38,2.0,2000,-14.5,0.0,0.0,0.0,Winter,Holiday,Yes,12916
25/10/2018,1251,7,7.3,85,1.4,1039,4.9,0.0,0.0,0.0,Autumn,No Holiday,Yes,18584
28/07/2018,843,18,29.0,81,0.8,989,25.4,0.22,0.0,0.0,Summer,No Holiday,Yes,10076
12/05/2018,18,11,12.0,96,1.0,184,11.3,0.14,3.5,0.0,Spring,No Holiday,Yes,11454
20/02/2018,415,21,1.1,21,1.6,2000,-18.8,0.0,0.0,0.0,Winter,No Holiday,Yes,13634
21/02/2018,299,13,2.9,14,3.3,2000,-22.0,2.14,0.0,0.0,Winter,No Holiday,Yes,13566
28/07/2018,1039,23,28.6,74,0.7,1807,23.5,0.0,0.0,0.0,Summer,No Holiday,Yes,15605
21/01/2018,196,0,-0.3,60,1.9,340,-7.1,0.0,0.0,0.0,Winter,No Holiday,Yes,10222
26/02/2018,356,11,4.6,37,1.6,1309,-8.8,1.95,0.0,0.0,Winter,No Holiday,Yes,13645
23/11/2018,664,12,5.5,20,1.4,1992,-15.7,1.85,0.0,0.0,Autumn,No Holiday,Yes,15213
06/04/2018,659,19,4.8,48,3.8,1126,-5.3,0.17,0.0,0.0,Spring,No Holiday,Yes,15321
11/01/2018,178,13,-8.6,41,3.4,1593,-19.5,1.2,0.0,0.0,Winter,No Holiday,Yes,17527
02/03/2018,47,4,-5.8,48,1.5,1552,-15.0,0.0,0.0,0.0,Spring,No Holiday,Yes,14990
29/03/2018,482,10,15.0,69,1.5,552,9.3,1.02,0.0,0.0,Spring,No Holiday,Yes,14127
22/10/2018,623,0,11.4,56,0.2,1778,2.9,0.0,0.0,0.0,Autumn,No Holiday,Yes,14588
26/05/2018,763,8,17.8,52,0.6,1094,7.8,1.18,0.0,0.0,Spring,No Holiday,Yes,12180
20/03/2018,1212,8,4.3,43,4.2,2000,-7.2,0.37,0.0,0.0,Spring,No Holiday,Yes,13392
16/06/2018,1217,0,19.0,57,1.6,2000,10.2,0.0,0.0,0.0,Summer,No Holiday,Yes,13994
28/12/2017,402,19,-0.4,62,0.9,1103,-6.8,0.0,0.0,0.0,Winter,No Holiday,Yes,14314
28/03/2018,1839,18,17.0,53,3.1,1855,7.3,0.35,0.0,0.0,Spring,No Holiday,Yes,11453
26/11/2018,796,14,12.8,47,1.2,648,1.7,1.59,0.0,0.0,Autumn,No Holiday,Yes,17742
05/09/2018,2024,21,23.9,75,2.3,1975,19.1,0.0,0.0,0.0,Autumn,No Holiday,Yes,10689
06/09/2018,680,6,21.4,84,0.8,1506,18.5,0.0,0.0,0.0,Autumn,No Holiday,Yes,15840
14/10/2018,1306,20,14.4,61,2.3,1945,6.9,0.0,0.0,0.0,Autumn,No Holiday,Yes,16796
08/05/2018,200,5,15.0,64,1.6,2000,8.2,0.0,0.0,0.0,Spring,No Holiday,Yes,16562
24/08/2018,274,13,25.8,78,2.8,2000,21.6,0.95,0.0,0.0,Summer,No Holiday,Yes,14997
14/02/2018,326,9,3.9,64,2.9,1483,-2.3,0.18,0.0,0.0,Winter,No Holiday,Yes,10842
17/02/2018,183,12,-1.3,17,1.5,1998,-23.2,2.28,0.0,0.0,Winter,Holiday,Yes,11827
17/10/2018,1278,22,9.9,50,0.1,2000,0.0,0.0,0.0,0.0,Autumn,No Holiday,Yes,17977
23/07/2018,688,13,33.8,47,1.7,1887,20.9,1.57,0.0,0.0,Summer,No Holiday,Yes,15560
01/10/2018,1501,22,13.9,69,0.5,2000,8.2,0.0,0.0,0.0,Autumn,No Holiday,Yes,17270
06/09/2018,941,11,25.9,63,2.5,1693,18.3,1.32,0.0,0.0,Autumn,No Holiday,Yes,11120
13/01/2018,77,3,-6.5,42,0.7,1996,-17.3,0.0,0.0,0.0,Winter,No Holiday,Yes,12420
26/11/2018,339,6,1.8,88,1.1,313,0.0,0.0,0.0,0.3,Autumn,No Holiday,Yes,17823
07/03/2018,92,3,2.7,55,1.5,1989,-5.4,0.0,0.0,0.0,Spring,No Holiday,Yes,11325
14/01/2018,150,1,-3.7,79,0.9,438,-6.8,0.0,0.0,0.0,Winter,No Holiday,Yes,12078
12/01/2018,42,3,-14.1,45,1.8,2000,-23.4,0.0,0.0,0.0,Winter,No Holiday,Yes,13352
13/10/2018,971,23,11.0,62,0.3,946,3.9,0.0,0.0,0.0,Autumn,No Holiday,Yes,14647
22/11/2018,644,11,5.1,21,3.2,1965,-15.4,1.63,0.0,0.0,Autumn,No Holiday,Yes,18088
23/11/2018,339,6,-2.6,40,1.4,2000,-14.3,0.0,0.0,0.0,Autumn,No Holiday,Yes,17452
14/09/2018,644,6,20.4,78,1.0,2000,16.4,0.0,0.0,0.0,Autumn,No Holiday,Yes,15423
15/07/2018,822,14,32.4,50,2.0,1735,20.6,3.13,0.0,0.0,Summer,No Holiday,Yes,11779
12/10/2018,877,10,11.6,40,1.7,1991,-1.5,1.77,0.0,0.0,Autumn,No Holiday,Yes,15234
28/06/2018,1239,22,21.6,94,1.1,766,20.5,0.0,0.0,0.0,Summer,No Holiday,Yes,10099
03/10/2018,966,9,14.4,61,0.7,1340,6.9,1.21,0.0,0.0,Autumn,Holiday,Yes,15628
21/06/2018,1152,14,28.0,39,2.6,1833,12.7,3.14,0.0,0.0,Summer,No Holiday,Yes,12111
03/02/2018,109,20,-8.5,31,4.1,2000,-22.6,0.0,0.0,0.0,Winter,No Holiday,Yes,15806
13/12/2017,340,9,-11.1,46,3.4,1981,-20.4,0.1,0.0,0.0,Winter,No Holiday,Yes,17093
18/03/2018,365,18,10.4,47,0.4,824,-0.4,0.14,0.0,0.0,Spring,No Holiday,Yes,14164
17/11/2018,576,23,4.1,46,1.8,2000,-6.5,0.0,0.0,0.0,Autumn,No Holiday,Yes,12136
11/02/2018,130,10,-6.9,21,3.4,1827,-25.6,1.16,0.0,0.0,Winter,No Holiday,Yes,13891
16/11/2018,1692,8,7.0,64,0.8,683,0.6,0.03,0.0,0.0,Autumn,No Holiday,Yes,17062
23/06/2018,339,5,21.1,48,0.3,2000,9.6,0.0,0.0,0.0,Summer,No Holiday,Yes,16059
04/05/2018,186,5,9.2,63,0.8,1896,2.5,0.0,0.0,0.0,Spring,No Holiday,Yes,14857
13/01/2018,223,18,-2.6,73,1.0,684,-6.7,0.01,0.0,0.0,Winter,No Holiday,Yes,16201
15/05/2018,182,5,15.7,76,0.6,330,11.4,0.0,0.0,0.0,Spring,No Holiday,Yes,13590
26/11/2018,214,1,3.1,84,1.0,365,0.6,0.0,0.0,0.3,Autumn,No Holiday,Yes,13975
20/03/2018,677,7,3.8,44,4.1,2000,-7.3,0.02,0.0,0.0,Spring,No Holiday,Yes,17580
24/09/2018,588,11,19.4,31,4.1,1966,1.8,2.55,0.0,0.0,Autumn,Holiday,Yes,16841
14/02/2018,56,5,1.0,68,0.6,1519,-4.2,0.0,0.0,0.0,Winter,No Holiday,Yes,10486
26/10/2018,556,8,12.1,81,0.8,706,8.9,0.0,0.5,0.0,Autumn,No Holiday,Yes,16057
17/03/2018,742,11,8.0,39,1.2,1783,-5.1,2.26,0.0,0.0,Spring,No Holiday,Yes,16931
28/02/2018,13,22,2.3,96,1.9,1207,1.7,0.0,0.0,0.0,Winter,No Holiday,Yes,11165
14/08/2018,695,13,35.7,38,2.4,1863,19.1,2.5,0.0,0.0,Summer,No Holiday,Yes,17667
23/04/2018,39,18,9.4,96,1.9,600,8.7,0.07,1.0,0.0,Spring,No Holiday,Yes,16252
30/07/2018,668,6,26.2,64,1.4,2000,18.8,0.01,0.0,0.0,Summer,No Holiday,Yes,18694
06/06/2018,1603,14,27.4,50,3.5,615,16.0,3.01,0.0,0.0,Summer,Holiday,Yes,13779
12/10/2018,1804,19,12.9,50,1.4,2000,2.7,0.0,0.0,0.0,Autumn,No Holiday,Yes,12041
12/08/2018,316,7,27.4,61,0.6,2000,19.2,0.17,0.0,0.0,Summer,No Holiday,Yes,18428
01/05/2018,1656,20,20.6,72,1.3,587,15.3,0.0,0.0,0.0,Spring,Holiday,Yes,18759
11/03/2018,530,20,6.7,32,1.9,1722,-8.8,0.0,0.0,0.0,Spring,No Holiday,Yes,11656
18/02/2018,137,9,-4.1,30,0.5,2000,-19.1,0.28,0.0,0.0,Winter,No Holiday,Yes,15307
06/05/2018,71,12,15.7,96,1.1,568,15.0,0.5,3.0,0.0,Spring,No Holiday,Yes,13093
18/05/2018,185,12,16.6,96,0.8,430,15.9,0.34,0.0,0.0,Spring,No Holiday,Yes,16697
31/01/2018,270,19,-2.2,36,2.2,2000,-15.2,0.0,0.0,1.6,Winter,No Holiday,Yes,10961
07/07/2018,1129,11,25.0,48,1.5,1986,13.2,2.95,0.0,0.0,Summer,No Holiday,Yes,14689
10/06/2018,2300,20,22.8,55,1.3,2000,13.2,0.01,0.0,0.0,Summer,No Holiday,Yes,10953
12/10/2018,959,11,13.0,38,2.7,2000,-1.0,2.3,0.0,0.0,Autumn,No Holiday,Yes,16403
02/10/2018,0,12,19.4,41,3.1,1956,5.7,2.67,0.0,0.0,Autumn,No Holiday,No,12201
31/12/2017,161,20,-1.0,32,0.9,2000,-15.6,0.0,0.0,0.0,Winter,Holiday,Yes,11422
22/02/2018,346,22,2.9,65,2.3,1150,-3.0,0.0,0.0,0.0,Winter,No Holiday,Yes,17588
30/03/2018,284,6,10.3,70,1.2,555,5.0,0.0,0.0,0.0,Spring,No Holiday,Yes,14029
09/11/2018,0,9,10.8,78,2.6,1985,7.1,0.13,0.5,0.0,Autumn,No Holiday,No,14336
24/08/2018,30,4,24.5,88,2.0,1433,22.3,0.0,1.0,0.0,Summer,No Holiday,Yes,12211
06/02/2018,169,22,-11.1,43,1.8,1960,-21.2,0.0,0.0,0.0,Winter,No Holiday,Yes,15814
31/01/2018,229,21,-3.4,40,0.9,2000,-15.0,0.0,0.0,1.6,Winter,No Holiday,Yes,13949
08/09/2018,1142,23,20.7,52,1.4,2000,10.4,0.0,0.0,0.0,Autumn,No Holiday,Yes,10410
12/06/2018,971,10,22.1,53,1.1,1999,12.0,2.28,0.0,0.0,Summer,No Holiday,Yes,11600
15/09/2018,1077,15,25.2,71,0.2,2000,19.5,0.41,0.0,0.0,Autumn,No Holiday,Yes,17134
03/09/2018,73,19,21.7,97,0.2,1154,21.1,0.01,1.0,0.0,Autumn,No Holiday,Yes,15039
13/04/2018,368,6,8.3,35,0.3,2000,-6.2,0.0,0.0,0.0,Spring,No Holiday,Yes,10756
24/12/2017,196,2,5.4,80,0.9,190,2.2,0.0,0.0,0.0,Winter,Holiday,Yes,15879
20/12/2017,184,22,-1.6,82,0.4,929,-4.2,0.0,0.0,2.3,Winter,No Holiday,Yes,11918
13/02/2018,158,0,-5.0,60,1.8,1995,-11.5,0.0,0.0,0.0,Winter,No Holiday,Yes,17939
08/05/2018,1513,21,14.5,49,1.9,2000,3.8,0.0,0.0,0.0,Spring,No Holiday,Yes,14052
02/04/2018,920,14,23.0,42,3.4,1315,9.3,2.1,0.0,0.0,Spring,No Holiday,Yes,16579
21/10/2018,1158,21,13.0,49,1.0,1702,2.5,0.0,0.0,0.0,Autumn,No Holiday,Yes,18651
09/11/2018,0,0,12.0,96,3.1,1185,11.3,0.0,18.0,0.0,Autumn,No Holiday,No,13408
25/02/2018,103,3,-1.3,42,0.8,1648,-12.5,0.0,0.0,0.0,Winter,No Holiday,Yes,13789
20/04/2018,188,3,11.3,61,0.3,934,4.0,0.0,0.0,0.0,Spring,No Holiday,Yes,16956
29/01/2018,168,14,-5.7,23,4.5,1956,-23.5,1.25,0.0,0.0,Winter,No Holiday,Yes,10683
18/04/2018,967,14,18.9,15,1.8,1822,-8.3,3.17,0.0,0.0,Spring,No Holiday,Yes,12748
05/10/2018,33,10,15.8,89,1.8,742,13.9,0.18,1.5,0.0,Autumn,No Holiday,Yes,10339
23/12/2017,423,13,7.7,68,1.0,249,2.1,0.58,0.0,0.0,Winter,No Holiday,Yes,15205
22/01/2018,170,22,-3.2,81,3.9,492,-6.0,0.0,0.0,1.0,Winter,No Holiday,Yes,16453
06/07/2018,1024,11,23.9,59,2.1,2000,15.3,1.08,0.0,0.0,Summer,No Holiday,Yes,17796
25/05/2018,1996,8,17.1,57,1.7,792,8.5,1.21,0.0,0.0,Spring,No Holiday,Yes,18348
16/03/2018,774,20,6.7,41,1.0,2000,-5.6,0.0,0.0,0.0,Spring,No Holiday,Yes,15198
17/02/2018,103,10,-4.3,21,1.4,1908,-23.4,1.34,0.0,0.0,Winter,Holiday,Yes,17162
21/05/2018,962,10,19.3,27,1.4,2000,-0.1,2.63,0.0,0.0,Spring,No Holiday,Yes,12090
23/12/2017,237,23,5.5,80,0.6,185,2.3,0.0,0.0,0.0,Winter,No Holiday,Yes,10489
22/10/2018,1034,12,18.2,34,1.0,758,2.0,2.03,0.0,0.0,Autumn,No Holiday,Yes,13993
17/08/2018,1918,8,23.5,44,1.7,1944,10.5,0.98,0.0,0.0,Summer,No Holiday,Yes,11341
28/09/2018,0,19,19.3,61,0.8,2000,11.5,0.01,0.0,0.0,Autumn,No Holiday,No,18078
25/10/2018,450,6,7.5,86,1.3,1301,5.3,0.0,0.0,0.0,Autumn,No Holiday,Yes,18518
29/05/2018,893,10,21.6,68,1.6,980,15.4,0.83,0.0,0.0,Spring,No Holiday,Yes,11676
05/02/2018,216,9,-11.1,38,2.4,1945,-22.6,0.43,0.0,0.0,Winter,No Holiday,Yes,17223
23/09/2018,334,3,15.8,70,0.8,2000,10.3,0.0,0.0,0.0,Autumn,Holiday,Yes,11085
17/06/2018,1422,12,24.8,56,0.9,530,15.4,1.57,0.0,0.0,Summer,No Holiday,Yes,11643
25/05/2018,1740,21,19.1,50,1.4,1378,8.4,0.0,0.0,0.0,Spring,No Holiday,Yes,15855
09/03/2018,611,15,7.7,51,2.9,670,-1.8,0.94,0.0,0.0,Spring,No Holiday,Yes,14659
03/04/2018,430,1,17.1,72,1.7,1353,12.0,0.0,0.0,0.0,Spring,No Holiday,Yes,14456
04/03/2018,396,16,11.7,82,1.1,753,8.7,0.32,0.0,0.0,Spring,No Holiday,Yes,13924
12/05/2018,22,18,15.4,97,1.9,340,14.9,0.03,2.0,0.0,Spring,No Holiday,Yes,11436
16/04/2018,1052,12,15.5,33,2.5,1893,-0.7,3.1,0.0,0.0,Spring,No Holiday,Yes,11526
22/04/2018,631,12,18.9,44,0.9,1910,6.3,0.75,0.0,0.0,Spring,No Holiday,Yes,16924
23/04/2018,17,7,9.0,95,2.3,294,8.2,0.0,6.0,0.0,Spring,No Holiday,Yes,11849
16/03/2018,652,7,3.7,59,2.9,2000,-3.5,0.0,0.0,0.0,Spring,No Holiday,Yes,13311
19/01/2018,331,21,0.5,52,0.8,1595,-8.2,0.0,0.0,0.0,Winter,No Holiday,Yes,13911
06/04/2018,18,3,7.2,96,0.8,349,6.5,0.0,2.0,0.0,Spring,No Holiday,Yes,12389
18/08/2018,969,1,23.9,51,0.9,2000,13.1,0.0,0.0,0.0,Summer,No Holiday,Yes,16494
02/08/2018,1375,22,32.9,64,1.0,1088,25.1,0.0,0.0,0.0,Summer,No Holiday,Yes,10021
19/09/2018,0,22,20.9,71,1.6,1057,15.4,0.0,0.1,0.0,Autumn,No Holiday,No,12605
14/03/2018,2100,18,19.2,53,2.4,2000,9.3,0.58,0.0,0.0,Spring,No Holiday,Yes,13109
20/07/2018,327,5,24.9,83,0.3,1207,21.8,0.0,0.0,0.0,Summer,No Holiday,Yes,18650
15/03/2018,269,13,12.7,97,2.6,467,12.2,0.23,0.0,0.0,Spring,No Holiday,Yes,11829
22/07/2018,256,5,25.5,72,0.4,2000,20.0,0.0,0.0,0.0,Summer,No Holiday,Yes,15619
05/11/2018,986,13,16.8,46,1.1,760,5.0,1.71,0.0,0.0,Autumn,No Holiday,Yes,12652
05/07/2018,846,1,23.9,79,1.7,1121,20.0,0.0,0.0,0.0,Summer,No Holiday,Yes,15522
19/10/2018,1457,21,13.3,56,1.1,2000,4.6,0.0,0.0,0.0,Autumn,No Holiday,Yes,17233
17/03/2018,1294,14,12.1,29,2.3,1734,-5.4,2.26,0.0,0.0,Spring,No Holiday,Yes,10459
28/06/2018,1391,7,22.7,81,0.4,866,19.2,0.4,0.0,0.0,Summer,No Holiday,Yes,10323
30/05/2018,1200,9,19.8,79,1.3,405,16.0,0.45,0.0,0.0,Spring,No Holiday,Yes,12483
28/10/2018,535,17,9.4,85,1.2,2000,6.9,0.07,1.5,0.0,Autumn,No Holiday,Yes,14559
07/01/2018,331,14,1.9,32,0.7,1368,-13.0,0.41,0.0,0.0,Winter,No Holiday,Yes,15138
18/12/2017,62,12,-1.8,83,1.2,351,-4.3,0.09,1.1,5.1,Winter,No Holiday,Yes,12542
01/10/2018,1824,20,15.4,63,2.1,2000,8.3,0.0,0.0,0.0,Autumn,No Holiday,Yes,12363
21/02/2018,105,2,-2.9,31,1.6,1931,-17.7,0.0,0.0,0.0,Winter,No Holiday,Yes,12564
14/06/2018,1856,19,23.6,63,0.6,1956,16.1,0.19,0.0,0.0,Summer,No Holiday,Yes,12976
24/05/2018,578,1,12.9,62,0.6,1557,5.7,0.0,0.0,0.0,Spring,No Holiday,Yes,14972
08/01/2018,303,13,3.0,32,1.6,1518,-12.1,0.38,0.0,0.0,Winter,No Holiday,Yes,17624
10/04/2018,982,9,11.9,35,1.1,1664,-3.1,0.95,0.0,0.0,Spring,No Holiday,Yes,10872
23/03/2018,216,2,2.2,80,1.4,615,-0.8,0.0,0.0,0.0,Spring,No Holiday,Yes,12560
28/03/2018,400,0,12.0,76,0.8,346,7.8,0.0,0.0,0.0,Spring,No Holiday,Yes,15970
18/06/2018,1732,23,22.3,59,1.1,1892,13.8,0.0,0.0,0.0,Summer,No Holiday,Yes,10343
27/03/2018,1201,8,9.3,62,0.6,519,2.3,0.25,0.0,0.0,Spring,No Holiday,Yes,17167
01/09/2018,362,6,20.9,87,0.7,1198,18.6,0.0,0.0,0.0,Autumn,No Holiday,Yes,17569
07/08/2018,1695,8,28.5,64,2.0,2000,21.0,0.89,0.0,0.0,Summer,No Holiday,Yes,14655
16/07/2018,498,1,25.9,83,1.3,1520,22.7,0.0,0.0,0.0,Summer,No Holiday,Yes,17458
16/03/2018,222,6,4.4,61,1.7,2000,-2.4,0.0,0.0,0.0,Spring,No Holiday,Yes,10435
14/11/2018,1916,8,5.0,77,1.5,1115,1.2,0.07,0.0,0.0,Autumn,No Holiday,Yes,12707
29/11/2018,623,11,5.2,26,0.5,1471,-12.7,0.64,0.0,0.0,Autumn,No Holiday,Yes,10954
30/09/2018,0,4,16.6,73,0.3,2000,11.7,0.0,0.0,0.0,Autumn,No Holiday,No,12235
21/01/2018,340,14,5.4,18,1.2,1923,-17.0,0.96,0.0,0.0,Winter,No Holiday,Yes,12142
22/03/2018,107,3,1.3,87,1.7,822,-0.6,0.0,0.0,0.0,Spring,No Holiday,Yes,10441
11/03/2018,289,9,3.9,77,2.0,263,0.2,0.65,0.0,0.0,Spring,No Holiday,Yes,10034
31/03/2018,502,1,11.5,77,2.0,593,7.6,0.0,0.0,0.0,Spring,No Holiday,Yes,11809
11/08/2018,1076,23,30.7,55,1.5,2000,20.6,0.0,0.0,0.0,Summer,No Holiday,Yes,13533
03/08/2018,763,16,36.7,44,3.5,1666,22.4,2.16,0.0,0.0,Summer,No Holiday,Yes,15282
20/02/2018,393,16,5.1,17,3.4,2000,-18.0,1.2,0.0,0.0,Winter,No Holiday,Yes,10330
16/12/2017,159,21,-7.1,39,3.2,2000,-18.7,0.0,0.0,0.0,Winter,No Holiday,Yes,10352
13/07/2018,2884,18,30.8,60,2.5,1793,22.1,1.43,0.0,0.0,Summer,No Holiday,Yes,17998
23/08/2018,257,20,29.2,62,2.1,1952,21.1,0.0,0.1,0.0,Summer,No Holiday,Yes,17232
15/04/2018,124,16,12.0,61,3.6,1374,4.6,0.57,0.0,0.0,Spring,No Holiday,Yes,14517
05/07/2018,1112,9,24.2,84,0.9,632,21.3,0.49,0.0,0.0,Summer,No Holiday,Yes,15471
02/09/2018,1550,15,29.3,43,1.5,1958,15.4,2.4,0.0,0.0,Autumn,No Holiday,Yes,16251
06/03/2018,528,13,9.3,27,2.2,1816,-8.7,2.65,0.0,0.0,Spring,No Holiday,Yes,12117
24/06/2018,1042,12,28.9,40,2.3,809,13.9,3.15,0.0,0.0,Summer,No Holiday,Yes,10387
31/07/2018,763,16,37.0,38,1.2,2000,20.3,2.07,0.0,0.0,Summer,No Holiday,Yes,12310
03/10/2018,284,4,12.1,80,1.2,1834,8.7,0.0,0.0,0.0,Autumn,Holiday,Yes,15060
15/02/2018,134,21,-1.1,32,2.4,2000,-15.7,0.0,0.0,0.0,Winter,Holiday,Yes,16148
02/12/2017,328,9,-2.9,68,1.6,1487,-7.9,0.3,0.0,0.0,Winter,No Holiday,Yes,14357
03/12/2017,342,0,4.0,58,1.4,1296,-3.5,0.0,0.0,0.0,Winter,No Holiday,Yes,12294
19/07/2018,329,5,23.6,88,0.2,604,21.4,0.0,0.0,0.0,Summer,No Holiday,Yes,18388
24/02/2018,72,6,1.2,83,2.5,245,-1.3,0.0,0.0,0.0,Winter,No Holiday,Yes,10405
11/09/2018,193,4,17.7,52,1.5,2000,7.7,0.0,0.0,0.0,Autumn,No Holiday,Yes,13196
15/08/2018,474,3,29.1,70,0.3,1952,23.0,0.0,0.0,0.0,Summer,Holiday,Yes,14144
03/03/2018,149,3,0.8,38,0.8,1594,-11.9,0.0,0.0,0.0,Spring,No Holiday,Yes,14506
21/03/2018,120,20,1.7,85,1.3,396,-0.5,0.0,0.0,0.0,Spring,No Holiday,Yes,17777
24/07/2018,620,11,33.9,46,1.6,1387,20.6,2.15,0.0,0.0,Summer,No Holiday,Yes,12528
24/01/2018,124,11,-13.1,25,3.8,1964,-29.0,0.96,0.0,0.9,Winter,No Holiday,Yes,15670
17/03/2018,422,23,6.4,59,1.1,961,-1.0,0.0,0.0,0.0,Spring,No Holiday,Yes,13112
13/08/2018,1086,23,29.6,63,0.1,2000,21.8,0.0,0.0,0.0,Summer,No Holiday,Yes,11246
27/05/2018,1404,12,23.4,38,2.8,1756,8.2,1.87,0.0,0.0,Spring,No Holiday,Yes,17395
15/08/2018,676,2,29.5,68,0.4,1949,22.9,0.0,0.0,0.0,Summer,Holiday,Yes,16393
05/05/2018,1837,15,23.8,29,4.7,1876,4.6,2.72,0.0,0.0,Spring,No Holiday,Yes,11699
16/02/2018,189,16,3.3,38,3.8,1921,-9.6,1.33,0.0,0.0,Winter,Holiday,Yes,18700
28/02/2018,7,15,4.8,87,2.9,312,2.8,0.08,4.5,0.0,Winter,No Holiday,Yes,16275
09/08/2018,484,12,31.1,63,3.0,1795,23.2,1.14,0.0,0.0,Summer,No Holiday,Yes,17951
15/10/2018,1119,9,12.8,74,0.5,831,8.2,0.31,0.0,0.0,Autumn,No Holiday,Yes,14562
01/09/2018,511,7,21.1,81,1.0,1738,17.7,0.14,0.0,0.0,Autumn,No Holiday,Yes,17909
29/05/2018,477,19,22.3,71,2.5,1268,16.7,0.14,0.0,0.0,Spring,No Holiday,Yes,12935
25/05/2018,819,10,21.4,30,2.5,1730,3.0,2.53,0.0,0.0,Spring,No Holiday,Yes,16589
30/07/2018,575,1,28.5,54,1.1,2000,18.2,0.0,0.0,0.0,Summer,No Holiday,Yes,12809
05/04/2018,38,7,7.1,94,2.2,572,6.1,0.0,1.5,0.0,Spring,No Holiday,Yes,12438
15/03/2018,51,3,16.5,69,2.4,1659,10.7,0.0,0.0,0.0,Spring,No Holiday,Yes,18329
07/08/2018,1826,21,30.3,69,2.2,1834,23.9,0.0,0.0,0.0,Summer,No Holiday,Yes,11982
06/04/2018,312,23,3.8,75,4.1,604,-0.2,0.0,0.0,0.0,Spring,No Holiday,Yes,10866
24/06/2018,870,11,27.1,52,2.1,557,16.3,2.82,0.0,0.0,Summer,No Holiday,Yes,12660
15/11/2018,610,0,7.7,67,0.4,1102,1.9,0.0,0.0,0.0,Autumn,No Holiday,Yes,13056
15/12/2017,221,10,-4.6,52,0.8,648,-12.9,0.34,0.0,0.0,Winter,No Holiday,Yes,15999
05/05/2018,1360,22,19.1,61,2.7,1830,11.3,0.0,0.0,0.0,Spring,No Holiday,Yes,16560
03/01/2018,197,23,-5.9,54,0.8,1968,-13.7,0.0,0.0,0.0,Winter,No Holiday,Yes,13269
09/08/2018,1494,22,27.5,82,0.4,1228,24.1,0.0,0.0,0.0,Summer,No Holiday,Yes,18712
23/03/2018,92,4,2.0,80,0.8,474,-1.0,0.0,0.0,0.0,Spring,No Holiday,Yes,13934
04/04/2018,951,13,16.7,47,1.4,2000,5.3,3.24,0.0,0.0,Spring,No Holiday,Yes,16543
01/11/2018,696,10,8.1,51,0.7,1100,-1.4,1.38,0.0,0.0,Autumn,No Holiday,Yes,14834
08/11/2018,78,3,11.8,86,1.6,1819,9.5,0.0,0.5,0.0,Autumn,No Holiday,Yes,13234
12/04/2018,969,12,17.5,20,4.6,2000,-5.7,3.07,0.0,0.0,Spring,No Holiday,Yes,12145
08/09/2018,285,4,17.2,66,0.6,2000,10.7,0.0,0.0,0.0,Autumn,No Holiday,Yes,13704
27/01/2018,105,9,-15.1,49,1.1,1401,-23.4,0.2,0.0,0.3,Winter,No Holiday,Yes,10114
09/01/2018,190,10,-4.8,57,3.0,1559,-12.0,0.47,0.0,0.5,Winter,No Holiday,Yes,17895
10/03/2018,906,14,9.2,38,2.6,1377,-4.4,2.53,0.0,0.0,Spring,No Holiday,Yes,18043
02/11/2018,560,1,6.6,69,0.0,1512,1.3,0.0,0.0,0.0,Autumn,No Holiday,Yes,12253
16/12/2017,80,4,-5.0,70,2.7,702,-9.6,0.0,0.0,0.0,Winter,No Holiday,Yes,11199
28/04/2018,1875,15,21.1,25,4.1,1885,0.2,2.96,0.0,0.0,Spring,No Holiday,Yes,12421
01/08/2018,622,6,27.8,73,0.9,1971,22.5,0.01,0.0,0.0,Summer,No Holiday,Yes,14749
14/08/2018,615,10,31.7,57,1.3,1875,22.1,1.25,0.0,0.0,Summer,No Holiday,Yes,12325
01/05/2018,705,1,18.3,83,1.1,451,15.3,0.0,0.0,0.0,Spring,Holiday,Yes,16485
07/05/2018,185,4,14.4,85,0.8,1437,11.9,0.0,0.0,0.0,Spring,No Holiday,Yes,16294
12/11/2018,344,1,5.0,67,1.3,2000,-0.6,0.0,0.0,0.0,Autumn,No Holiday,Yes,14883
24/01/2018,34,5,-15.6,29,3.7,2000,-29.6,0.0,0.0,0.9,Winter,No Holiday,Yes,15765
23/03/2018,932,19,8.3,48,3.0,779,-2.0,0.06,0.0,0.0,Spring,No Holiday,Yes,14125
11/11/2018,769,12,10.6,72,2.0,365,5.7,0.29,0.0,0.0,Autumn,No Holiday,Yes,11548
11/07/2018,827,8,25.1,97,0.8,490,24.5,0.26,0.0,0.0,Summer,No Holiday,Yes,11808
09/06/2018,732,2,19.4,84,0.7,382,16.6,0.0,0.0,0.0,Summer,No Holiday,Yes,16531
17/06/2018,2481,19,24.2,62,1.9,1225,16.4,0.39,0.0,0.0,Summer,No Holiday,Yes,14946
16/09/2018,725,9,22.3,84,1.9,751,19.4,0.47,0.0,0.0,Autumn,No Holiday,Yes,18045
07/03/2018,566,9,3.8,58,2.0,1785,-3.7,0.49,0.0,0.0,Spring,No Holiday,Yes,14482
05/11/2018,1664,17,15.7,49,2.0,1252,5.0,0.26,0.0,0.0,Autumn,No Holiday,Yes,17940
29/07/2018,1141,18,35.8,35,1.3,2000,17.9,1.21,0.0,0.0,Summer,No Holiday,Yes,15694
12/05/2018,25,21,15.8,97,0.6,193,15.3,0.0,0.5,0.0,Spring,No Holiday,Yes,11782
10/12/2017,326,0,-0.2,55,1.0,1629,-8.1,0.0,0.0,0.0,Winter,No Holiday,Yes,11978
06/09/2018,2497,18,25.8,58,2.9,2000,16.9,0.16,0.0,0.0,Autumn,No Holiday,Yes,16940
17/05/2018,144,1,22.0,97,2.1,192,21.4,0.0,0.5,0.0,Spring,No Holiday,Yes,12430
12/06/2018,296,5,17.2,87,0.6,2000,15.0,0.0,0.0,0.0,Summer,No Holiday,Yes,13593
05/03/2018,2,3,5.7,92,2.0,458,4.4,0.0,1.5,0.0,Spring,No Holiday,Yes,11162
27/08/2018,2153,18,24.8,83,0.8,1947,21.7,0.26,0.0,0.0,Summer,No Holiday,Yes,17771
01/02/2018,149,1,-5.4,54,1.7,1996,-13.2,0.0,0.0,1.6,Winter,No Holiday,Yes,10518
15/02/2018,236,17,2.4,17,3.1,1990,-20.2,0.78,0.0,0.0,Winter,Holiday,Yes,10910
03/08/2018,530,10,34.3,48,2.5,1822,21.7,2.12,0.0,0.0,Summer,No Holiday,Yes,17348
08/12/2017,354,13,-1.7,28,1.8,1963,-17.8,1.22,0.0,0.0,Winter,No Holiday,Yes,11099
02/08/2018,459,2,31.5,68,0.0,1504,24.8,0.0,0.0,0.0,Summer,No Holiday,Yes,13602
13/03/2018,97,5,6.8,56,0.9,570,-1.3,0.0,0.0,0.0,Spring,No Holiday,Yes,10446
21/03/2018,333,12,4.8,51,2.2,1715,-4.5,1.12,0.0,0.0,Spring,No Holiday,Yes,11183
23/09/2018,489,2,16.0,72,1.3,2000,10.9,0.0,0.0,0.0,Autumn,Holiday,Yes,15732
11/06/2018,807,6,18.6,61,0.8,2000,10.9,0.03,0.0,0.0,Summer,No Holiday,Yes,17107
22/04/2018,278,7,15.0,41,0.3,2000,1.8,0.12,0.0,0.0,Spring,No Holiday,Yes,10133
04/12/2017,341,15,-0.1,25,5.8,2000,-17.8,0.88,0.0,0.0,Winter,No Holiday,Yes,10649
17/08/2018,375,3,22.4,52,1.3,2000,12.0,0.0,0.0,0.0,Summer,No Holiday,Yes,18139
18/02/2018,37,4,-4.1,27,0.6,2000,-20.3,0.0,0.0,0.0,Winter,No Holiday,Yes,13281
29/08/2018,1595,8,25.3,83,3.4,1982,22.1,0.14,0.0,0.0,Summer,No Holiday,Yes,17531
04/07/2018,1432,23,24.7,74,1.4,1596,19.7,0.0,0.0,0.0,Summer,No Holiday,Yes,16106
03/07/2018,2264,21,27.8,72,0.6,2000,22.2,0.0,0.0,0.0,Summer,No Holiday,Yes,14177
30/01/2018,62,23,-1.7,83,1.0,1093,-4.2,0.0,0.0,3.5,Winter,No Holiday,Yes,13273
29/10/2018,1987,18,9.4,51,3.4,2000,-0.2,0.02,0.0,0.0,Autumn,No Holiday,Yes,13120
16/08/2018,902,16,34.5,37,1.9,2000,17.6,2.36,0.0,0.0,Summer,No Holiday,Yes,12786
05/04/2018,46,17,8.0,96,1.4,298,7.3,0.13,1.0,0.0,Spring,No Holiday,Yes,14918
01/09/2018,925,9,24.1,56,2.1,1956,14.7,1.46,0.0,0.0,Autumn,No Holiday,Yes,14392
04/06/2018,2377,21,22.6,62,1.1,1363,14.9,0.0,0.0,0.0,Summer,No Holiday,Yes,14970
02/04/2018,468,0,16.1,80,1.9,605,12.6,0.0,0.0,0.0,Spring,No Holiday,Yes,12045
23/06/2018,1837,16,28.3,48,3.1,1232,16.2,2.41,0.0,0.0,Summer,No Holiday,Yes,11777
31/12/2017,43,0,0.9,95,1.8,63,0.1,0.0,0.2,0.2,Winter,Holiday,Yes,13851
30/08/2018,1473,17,26.8,73,2.6,916,21.5,0.37,0.0,0.0,Summer,No Holiday,Yes,15355
29/11/2018,748,16,5.8,39,2.6,1489,-7.1,0.1,0.0,0.0,Autumn,No Holiday,Yes,12735
15/08/2018,877,16,36.6,39,0.7,2000,20.3,0.44,0.0,0.0,Summer,Holiday,Yes,10079
27/12/2017,133,0,-7.9,37,2.2,2000,-20.0,0.0,0.0,0.0,Winter,No Holiday,Yes,11662
08/01/2018,109,1,0.9,42,0.2,1333,-10.5,0.0,0.0,0.0,Winter,No Holiday,Yes,11525
21/08/2018,957,15,29.5,57,2.0,2000,20.0,2.1,0.0,0.0,Summer,No Holiday,Yes,12023
29/10/2018,1021,9,7.5,53,1.6,1981,-1.4,1.01,0.0,0.0,Autumn,No Holiday,Yes,16612
01/01/2018,178,2,-3.7,42,0.9,2000,-14.7,0.0,0.0,0.0,Winter,Holiday,Yes,15043
25/02/2018,482,13,6.1,22,2.4,1710,-14.0,2.5,0.0,0.0,Winter,No Holiday,Yes,18252
13/08/2018,409,0,28.4,85,1.3,1406,25.6,0.0,0.0,0.0,Summer,No Holiday,Yes,17953
19/09/2018,0,18,24.0,55,2.2,1691,14.3,0.12,0.0,0.0,Autumn,No Holiday,No,16498
13/11/2018,980,15,15.3,37,1.8,1774,0.6,1.5,0.0,0.0,Autumn,No Holiday,Yes,18643
06/08/2018,1537,20,31.3,65,2.0,1586,23.9,0.02,0.0,0.0,Summer,No Holiday,Yes,14615
10/06/2018,942,10,20.2,62,1.8,2000,12.6,0.82,0.0,0.0,Summer,No Holiday,Yes,16890
09/08/2018,740,17,28.8,83,4.0,969,25.6,0.39,1.1,0.0,Summer,No Holiday,Yes,14760
16/07/2018,1014,9,28.0,64,1.0,1682,20.5,1.35,0.0,0.0,Summer,No Holiday,Yes,13509
17/10/2018,1558,20,12.2,47,1.1,2000,1.2,0.0,0.0,0.0,Autumn,No Holiday,Yes,12493
06/11/2018,0,3,9.4,81,0.3,500,6.2,0.0,0.0,0.0,Autumn,No Holiday,No,13686
16/05/2018,291,8,22.4,93,1.2,683,21.2,0.04,0.0,0.0,Spring,No Holiday,Yes,12648
17/01/2018,273,13,8.0,54,1.8,435,-0.7,0.57,0.0,0.0,Winter,No Holiday,Yes,13114
24/09/2018,426,1,16.8,53,2.0,2000,7.1,0.0,0.0,0.0,Autumn,Holiday,Yes,18713
15/12/2017,247,23,-1.3,60,2.5,792,-8.0,0.0,0.0,0.0,Winter,No Holiday,Yes,16959
26/07/2018,706,14,33.0,56,2.5,879,23.0,1.33,0.0,0.0,Summer,No Holiday,Yes,16593
19/02/2018,392,15,6.3,35,2.6,991,-8.0,1.2,0.0,0.0,Winter,No Holiday,Yes,15297
30/01/2018,53,17,-2.4,85,0.3,174,-4.5,0.06,0.0,0.6,Winter,No Holiday,Yes,10193
15/04/2018,183,3,6.4,83,2.3,1158,3.7,0.0,0.0,0.0,Spring,No Holiday,Yes,14694
13/01/2018,168,1,-6.5,45,0.5,1964,-16.4,0.0,0.0,0.0,Winter,No Holiday,Yes,11743
28/10/2018,299,3,6.2,59,0.6,2000,-1.2,0.0,0.0,0.0,Autumn,No Holiday,Yes,10960
09/10/2018,0,2,11.4,65,1.1,2000,5.0,0.0,0.0,0.0,Autumn,Holiday,No,14488
27/11/2018,1023,19,9.3,52,2.7,482,0.0,0.0,0.0,0.0,Autumn,No Holiday,Yes,16469
27/08/2018,44,2,20.3,97,0.7,315,19.8,0.0,1.0,0.0,Summer,No Holiday,Yes,12381
15/04/2018,317,19,11.0,62,2.1,1661,3.9,0.19,0.0,0.0,Spring,No Holiday,Yes,10796
03/07/2018,994,13,31.2,54,1.3,1961,20.7,3.11,0.0,0.0,Summer,No Holiday,Yes,13948
07/05/2018,249,3,14.7,82,0.8,1822,11.6,0.0,0.0,0.0,Spring,No Holiday,Yes,12276
14/06/2018,945,12,21.2,75,0.7,876,16.5,1.07,0.0,0.0,Summer,No Holiday,Yes,13194
07/06/2018,1171,15,29.3,41,2.0,609,14.6,2.63,0.0,0.0,Summer,No Holiday,Yes,15614
27/02/2018,767,8,2.0,51,0.7,990,-7.0,0.0,0.0,0.0,Winter,No Holiday,Yes,13516
16/12/2017,292,14,-3.4,22,4.3,1966,-22.1,1.07,0.0,0.0,Winter,No Holiday,Yes,16168
25/04/2018,1651,20,16.8,29,4.3,1971,-1.3,0.01,0.0,0.0,Spring,No Holiday,Yes,13353
09/12/2017,384,18,2.5,41,1.0,1974,-9.4,0.0,0.0,0.0,Winter,No Holiday,Yes,13216
06/11/2018,0,8,8.7,77,0.7,529,4.8,0.11,0.0,0.0,Autumn,No Holiday,No,10919
25/10/2018,1961,17,19.2,36,0.7,1643,3.7,0.38,0.0,0.0,Autumn,No Holiday,Yes,18478
01/06/2018,1036,11,26.8,38,2.6,1879,11.2,2.99,0.0,0.0,Summer,No Holiday,Yes,18050
26/07/2018,920,16,33.5,57,2.8,989,23.8,1.55,0.0,0.0,Summer,No Holiday,Yes,10673
06/11/2018,0,15,16.3,54,1.6,374,6.9,0.76,0.0,0.0,Autumn,No Holiday,No,16640
17/01/2018,313,22,2.8,74,0.5,309,-1.3,0.0,0.0,0.0,Winter,No Holiday,Yes,16575
21/04/2018,1292,22,16.7,28,1.0,1996,-1.9,0.0,0.0,0.0,Spring,No Holiday,Yes,15115
15/03/2018,15,7,14.3,97,0.3,189,13.8,0.0,0.0,0.0,Spring,No Holiday,Yes,13936
23/10/2018,726,0,11.6,61,0.7,673,4.3,0.0,0.0,0.0,Autumn,No Holiday,Yes,11151
22/02/2018,151,6,-3.0,62,0.8,1996,-9.2,0.0,0.0,0.0,Winter,No Holiday,Yes,15729
24/05/2018,2825,18,22.6,39,2.8,1655,7.9,1.1,0.0,0.0,Spring,No Holiday,Yes,16348
08/02/2018,268,21,-3.3,42,1.1,1596,-14.4,0.0,0.0,0.0,Winter,No Holiday,Yes,14747
22/09/2018,215,6,18.4,95,0.1,752,17.5,0.0,0.0,0.0,Autumn,No Holiday,Yes,12328
31/05/2018,2534,19,25.2,53,3.1,1983,0.0,0.51,0.0,0.0,Spring,No Holiday,Yes,14327
01/05/2018,855,23,19.8,73,0.9,442,14.8,0.0,0.0,0.0,Spring,Holiday,Yes,15405
20/08/2018,1912,8,26.6,54,1.1,1739,16.5,0.75,0.0,0.0,Summer,No Holiday,Yes,10840
04/03/2018,239,10,9.8,90,0.8,335,8.2,0.64,0.0,0.0,Spring,No Holiday,Yes,12264
22/04/2018,842,13,20.5,35,1.1,2000,4.4,1.13,0.0,0.0,Spring,No Holiday,Yes,11214
05/03/2018,578,20,4.3,57,1.3,2000,-3.4,0.0,0.0,0.0,Spring,No Holiday,Yes,14295
31/08/2018,2372,19,26.5,69,2.3,2000,20.3,0.18,0.0,0.0,Summer,No Holiday,Yes,12902
16/08/2018,672,11,33.5,48,2.4,1968,20.9,2.71,0.0,0.0,Summer,No Holiday,Yes,10246
07/11/2018,679,23,12.9,72,1.4,2000,7.9,0.0,0.0,0.0,Autumn,No Holiday,Yes,15264
14/08/2018,944,9,31.0,56,0.8,1945,21.1,1.32,0.0,0.0,Summer,No Holiday,Yes,14094
25/08/2018,2080,18,27.1,56,3.0,1987,17.5,0.87,0.0,0.0,Summer,No Holiday,Yes,16238
20/11/2018,967,16,11.3,21,2.8,1925,-10.2,0.82,0.0,0.0,Autumn,No Holiday,Yes,10174
02/01/2018,69,2,-2.3,62,0.9,1560,-8.6,0.0,0.0,0.0,Winter,No Holiday,Yes,12067
12/08/2018,1156,17,33.7,48,2.3,2000,21.1,0.41,0.0,0.0,Summer,No Holiday,Yes,14879
13/06/2018,847,2,18.4,75,0.6,1986,13.8,0.0,0.0,0.0,Summer,No Holiday,Yes,11285
21/12/2017,265,9,-5.3,88,0.4,463,-6.9,0.21,0.0,2.2,Winter,No Holiday,Yes,17450
15/11/2018,357,6,4.9,76,1.1,800,1.0,0.0,0.0,0.0,Autumn,No Holiday,Yes,10906
22/02/2018,66,4,-2.4,58,0.3,2000,-9.5,0.0,0.0,0.0,Winter,No Holiday,Yes,17132
03/09/2018,731,13,24.9,78,1.5,1910,20.7,0.72,0.0,0.0,Autumn,No Holiday,Yes,15431
21/05/2018,666,0,15.3,29,1.3,2000,-2.6,0.0,0.0,0.0,Spring,No Holiday,Yes,15144
15/08/2018,1507,21,28.6,69,1.3,2000,22.3,0.0,0.0,0.0,Summer,Holiday,Yes,10049
09/12/2017,291,9,-4.7,48,1.0,1784,-14.0,0.23,0.0,0.0,Winter,No Holiday,Yes,10295
25/05/2018,831,0,17.6,57,1.8,943,8.9,0.0,0.0,0.0,Spring,No Holiday,Yes,11307
30/08/2018,846,9,25.0,92,1.1,782,23.6,0.39,0.0,0.0,Summer,No Holiday,Yes,11934
18/09/2018,0,11,24.1,46,2.1,1678,11.7,2.03,0.0,0.0,Autumn,No Holiday,No,11338
20/03/2018,235,6,3.9,43,3.4,2000,-7.5,0.0,0.0,0.0,Spring,No Holiday,Yes,13624
09/07/2018,387,2,22.7,63,0.9,2000,15.2,0.0,0.0,0.0,Summer,No Holiday,Yes,11791
23/04/2018,42,17,9.4,95,1.9,660,8.6,0.11,0.5,0.0,Spring,No Holiday,Yes,10678
13/06/2018,290,5,18.6,76,0.4,1957,14.2,0.0,0.0,0.0,Summer,No Holiday,Yes,10438
16/07/2018,276,3,25.1,85,0.7,1507,22.3,0.0,0.0,0.0,Summer,No Holiday,Yes,18074
17/11/2018,644,9,2.2,53,0.5,1595,-6.4,0.62,0.0,0.0,Autumn,No Holiday,Yes,15937
23/08/2018,908,0,30.7,52,1.3,2000,19.7,0.0,0.0,0.0,Summer,No Holiday,Yes,16828
05/08/2018,401,3,27.3,84,1.7,1089,24.3,0.0,0.0,0.0,Summer,No Holiday,Yes,11956
14/08/2018,1097,7,27.9,71,0.4,2000,22.1,0.13,0.0,0.0,Summer,No Holiday,Yes,12025
03/02/2018,196,14,-5.0,31,4.0,2000,-19.5,2.18,0.0,0.0,Winter,No Holiday,Yes,18259
06/10/2018,1870,17,21.1,64,1.2,2000,14.0,0.4,0.0,0.0,Autumn,No Holiday,Yes,15151
11/08/2018,766,11,31.5,54,2.5,1918,21.0,1.78,0.0,0.0,Summer,No Holiday,Yes,16807
25/10/2018,1316,22,13.6,56,1.0,1611,4.9,0.0,0.0,0.0,Autumn,No Holiday,Yes,10537
06/05/2018,733,0,18.7,64,3.3,1654,11.7,0.0,0.0,0.0,Spring,No Holiday,Yes,16088
11/01/2018,42,5,-11.9,61,1.8,1759,-17.9,0.0,0.0,0.0,Winter,No Holiday,Yes,12940
28/08/2018,200,4,22.6,95,0.4,1919,21.7,0.0,0.0,0.0,Summer,No Holiday,Yes,13856
17/02/2018,34,3,-4.5,28,3.0,2000,-20.3,0.0,0.0,0.0,Winter,Holiday,Yes,15378
06/05/2018,1482,16,19.5,66,1.7,2000,12.9,1.71,0.0,0.0,Spring,No Holiday,Yes,18324
31/12/2017,25,6,-1.3,84,2.4,425,-3.6,0.0,0.0,1.2,Winter,Holiday,Yes,13912
07/04/2018,80,4,1.6,70,3.6,1392,-3.2,0.0,0.1,0.0,Spring,No Holiday,Yes,11967
18/09/2018,0,4,18.3,78,0.4,1906,14.3,0.0,0.0,0.0,Autumn,No Holiday,No,17937
11/05/2018,1185,23,16.2,50,1.6,1327,5.7,0.0,0.0,0.0,Spring,No Holiday,Yes,18291
25/06/2018,878,10,26.4,55,0.9,901,16.6,1.16,0.0,0.0,Summer,No Holiday,Yes,17502
14/05/2018,2906,18,23.6,48,3.1,666,11.9,0.85,0.0,0.0,Spring,No Holiday,Yes,14278
15/06/2018,161,5,17.4,86,1.1,1820,15.0,0.0,0.5,0.0,Summer,No Holiday,Yes,16858
20/08/2018,1241,23,28.5,62,4.9,1882,20.5,0.0,0.0,0.0,Summer,No Holiday,Yes,14960
08/12/2017,362,15,-0.8,26,3.3,1977,-17.9,0.87,0.0,0.0,Winter,No Holiday,Yes,13761
05/11/2018,206,2,8.8,81,0.0,773,5.7,0.0,0.0,0.0,Autumn,No Holiday,Yes,16432
20/07/2018,1869,21,29.8,59,1.4,2000,20.9,0.0,0.0,0.0,Summer,No Holiday,Yes,16588
17/01/2018,55,4,3.0,68,0.5,322,-2.3,0.0,0.0,0.0,Winter,No Holiday,Yes,10002
05/04/2018,87,4,8.8,65,2.5,2000,2.5,0.0,0.0,0.0,Spring,No Holiday,Yes,14627
08/06/2018,1416,15,26.2,51,3.3,1104,15.2,2.87,0.0,0.0,Summer,No Holiday,Yes,11278
02/08/2018,1020,23,32.4,64,1.7,1153,24.7,0.0,0.0,0.0,Summer,No Holiday,Yes,13232
26/05/2018,503,7,15.0,64,0.6,902,8.2,0.46,0.0,0.0,Spring,No Holiday,Yes,14139
20/04/2018,1183,22,18.2,52,1.3,818,8.1,0.0,0.0,0.0,Spring,No Holiday,Yes,12324
08/10/2018,123,4,10.4,61,0.6,2000,3.1,0.0,0.0,0.0,Autumn,No Holiday,Yes,12371
14/04/2018,503,23,8.4,77,3.8,1662,4.5,0.0,0.0,0.0,Spring,No Holiday,Yes,16942
11/01/2018,82,6,-12.0,61,2.3,1709,-18.0,0.0,0.0,0.0,Winter,No Holiday,Yes,18229
02/12/2017,366,23,4.0,56,1.0,1352,-4.0,0.0,0.0,0.0,Winter,No Holiday,Yes,12474
02/10/2018,0,22,15.5,69,0.8,1987,9.8,0.0,0.0,0.0,Autumn,No Holiday,No,16430
13/07/2018,1240,9,26.6,73,2.2,1147,21.3,1.01,0.0,0.0,Summer,No Holiday,Yes,14226
21/05/2018,1832,22,16.9,65,0.3,1281,10.2,0.0,0.0,0.0,Spring,No Holiday,Yes,11765
13/06/2018,2479,18,23.4,63,3.6,1245,15.9,0.5,0.0,0.0,Summer,No Holiday,Yes,10153
02/02/2018,48,5,-6.8,61,0.2,1724,-13.0,0.0,0.0,0.0,Winter,No Holiday,Yes,10511
06/06/2018,332,4,19.2,68,0.8,1181,13.1,0.0,0.0,0.0,Summer,Holiday,Yes,14716
11/01/2018,219,17,-9.3,43,2.8,1900,-19.6,0.28,0.0,0.0,Winter,No Holiday,Yes,10163
28/06/2018,233,4,22.3,88,0.9,298,20.2,0.0,0.0,0.0,Summer,No Holiday,Yes,16867
01/05/2018,2082,18,21.6,67,2.0,584,15.2,0.24,0.0,0.0,Spring,Holiday,Yes,12494
30/03/2018,583,10,16.0,29,1.4,1708,-2.0,1.79,0.0,0.0,Spring,No Holiday,Yes,14399
08/12/2017,233,0,-3.5,49,2.6,1893,-12.6,0.0,0.0,0.0,Winter,No Holiday,Yes,16245
05/01/2018,333,15,1.5,34,2.8,1776,-12.6,0.84,0.0,0.0,Winter,No Holiday,Yes,16114
12/06/2018,1714,16,26.2,47,3.8,1996,13.9,2.45,0.0,0.0,Summer,No Holiday,Yes,17887
16/01/2018,141,2,0.5,72,0.7,385,-3.9,0.0,0.0,0.0,Winter,No Holiday,Yes,11695
13/05/2018,189,2,14.5,97,2.9,359,14.0,0.0,0.1,0.0,Spring,No Holiday,Yes,15782
08/09/2018,511,7,16.0,70,1.1,2000,10.5,0.11,0.0,0.0,Autumn,No Holiday,Yes,11657
25/09/2018,1045,12,21.7,36,2.0,2000,5.9,2.78,0.0,0.0,Autumn,Holiday,Yes,15903
28/08/2018,482,2,23.2,88,0.6,2000,21.0,0.0,0.0,0.0,Summer,No Holiday,Yes,10945
21/02/2018,171,0,-1.4,28,3.4,1990,-17.6,0.0,0.0,0.0,Winter,No Holiday,Yes,11272
31/08/2018,861,0,23.9,75,1.7,1192,19.1,0.0,0.0,0.0,Summer,No Holiday,Yes,13845
16/08/2018,173,4,27.8,69,0.9,2000,21.5,0.0,0.0,0.0,Summer,No Holiday,Yes,18743
14/06/2018,1934,17,24.6,57,1.0,1866,15.5,0.45,0.0,0.0,Summer,No Holiday,Yes,17336
25/10/2018,1154,13,19.4,32,1.1,1787,2.2,2.31,0.0,0.0,Autumn,No Holiday,Yes,12943
06/06/2018,1152,11,25.8,52,2.1,905,15.1,2.84,0.0,0.0,Summer,Holiday,Yes,10366
09/05/2018,2068,8,12.3,53,1.6,2000,2.9,1.09,0.0,0.0,Spring,No Holiday,Yes,14118
08/09/2018,1792,15,26.9,33,2.9,1997,9.2,2.65,0.0,0.0,Autumn,No Holiday,Yes,17405
23/07/2018,655,12,34.1,47,2.3,1862,21.1,2.94,0.0,0.0,Summer,No Holiday,Yes,17928
04/11/2018,1579,15,19.0,25,2.1,1748,-1.5,1.6,0.0,0.0,Autumn,No Holiday,Yes,16208
26/01/2018,54,2,-15.6,33,2.2,2000,-28.2,0.0,0.0,0.5,Winter,No Holiday,Yes,12009
27/07/2018,714,12,33.7,53,1.9,990,22.7,2.5,0.0,0.0,Summer,No Holiday,Yes,16769
01/07/2018,54,5,22.6,86,0.5,1076,20.1,0.0,0.1,0.0,Summer,No Holiday,Yes,11189
10/01/2018,217,12,-5.6,44,4.5,1830,-15.9,1.1,0.0,0.5,Winter,No Holiday,Yes,12181
02/04/2018,1517,20,18.2,65,1.8,1563,11.5,0.0,0.0,0.0,Spring,No Holiday,Yes,17361
06/12/2017,165,21,1.1,92,0.5,235,0.0,0.0,0.7,1.0,Winter,No Holiday,Yes,11344
21/07/2018,729,9,29.6,57,0.9,977,20.1,1.71,0.0,0.0,Summer,No Holiday,Yes,10853
22/09/2018,1430,22,18.6,62,0.6,2000,11.1,0.0,0.0,0.0,Autumn,No Holiday,Yes,13867
09/07/2018,71,12,20.7,83,0.6,1244,17.7,0.32,0.0,0.0,Summer,No Holiday,Yes,18387
14/02/2018,288,11,6.3,67,3.5,1179,0.6,0.52,0.0,0.0,Winter,No Holiday,Yes,12518
25/09/2018,440,8,12.0,61,1.3,1988,4.6,0.6,0.0,0.0,Autumn,Holiday,Yes,12843
28/12/2017,225,10,-3.4,33,1.3,1863,-17.4,0.33,0.0,0.0,Winter,No Holiday,Yes,17504
09/10/2018,0,6,10.8,69,0.8,2000,5.3,0.0,0.0,0.0,Autumn,Holiday,No,11386
15/09/2018,302,3,21.6,80,1.2,2000,17.9,0.0,0.0,0.0,Autumn,No Holiday,Yes,14821
25/03/2018,768,18,14.4,44,2.7,596,2.2,0.6,0.0,0.0,Spring,No Holiday,Yes,17279
14/02/2018,559,18,5.1,34,2.3,1440,-9.5,0.09,0.0,0.0,Winter,No Holiday,Yes,10977
22/06/2018,413,3,19.3,85,1.6,345,16.7,0.0,0.0,0.0,Summer,No Holiday,Yes,13510
07/09/2018,1187,14,25.2,43,3.2,1981,11.7,2.59,0.0,0.0,Autumn,No Holiday,Yes,16549
12/02/2018,475,18,-4.4,46,3.5,2000,-14.3,0.23,0.0,0.0,Winter,No Holiday,Yes,11607
02/01/2018,302,14,1.7,20,4.4,1995,-18.9,0.91,0.0,0.0,Winter,No Holiday,Yes,15934
29/10/2018,979,21,5.7,61,2.3,2000,-1.2,0.0,0.0,0.0,Autumn,No Holiday,Yes,11079
16/05/2018,398,21,21.8,97,1.3,160,21.2,0.0,0.5,0.0,Spring,No Holiday,Yes,10829
01/01/2018,206,0,-3.2,40,0.5,1358,-14.9,0.0,0.0,0.0,Winter,Holiday,Yes,10589
14/10/2018,110,5,7.6,79,0.3,765,4.1,0.0,0.0,0.0,Autumn,No Holiday,Yes,15274
16/11/2018,171,4,7.1,64,0.6,663,0.7,0.0,0.0,0.0,Autumn,No Holiday,Yes,11581
03/03/2018,920,18,13.9,26,1.9,1995,-5.3,0.41,0.0,0.0,Spring,No Holiday,Yes,14542
20/11/2018,955,9,2.3,43,1.2,1892,-9.0,0.52,0.0,0.0,Autumn,No Holiday,Yes,17738
29/12/2017,282,21,1.0,77,1.5,297,-2.5,0.0,0.0,0.0,Winter,No Holiday,Yes,13085
22/11/2018,121,4,0.5,39,1.6,2000,-11.8,0.0,0.0,0.0,Autumn,No Holiday,Yes,11096
31/03/2018,1010,21,13.3,48,1.6,1582,2.5,0.0,0.0,0.0,Spring,No Holiday,Yes,17325
06/03/2018,583,7,-1.0,78,0.6,1484,-4.3,0.0,0.0,0.0,Spring,No Holiday,Yes,10717
07/04/2018,206,7,1.9,51,4.9,1297,-7.1,0.07,0.0,0.0,Spring,No Holiday,Yes,18023
18/03/2018,293,8,5.9,58,1.8,861,-1.7,0.11,0.0,0.0,Spring,No Holiday,Yes,17358
08/11/2018,50,4,10.8,87,1.7,956,8.7,0.0,0.0,0.0,Autumn,No Holiday,Yes,17610
26/11/2018,175,2,2.8,87,1.1,321,0.8,0.0,0.0,0.3,Autumn,No Holiday,Yes,16417
26/05/2018,419,3,15.3,69,0.5,1103,9.6,0.0,0.0,0.0,Spring,No Holiday,Yes,17671
07/11/2018,834,16,15.2,72,1.2,625,10.1,0.4,0.0,0.0,Autumn,No Holiday,Yes,18590
26/03/2018,604,15,17.6,33,3.6,985,1.1,2.44,0.0,0.0,Spring,No Holiday,Yes,11848
15/05/2018,1210,15,29.1,38,1.7,1602,13.3,1.89,0.0,0.0,Spring,No Holiday,Yes,18392
06/08/2018,1548,19,32.2,65,0.8,1894,24.7,0.1,0.0,0.0,Summer,No Holiday,Yes,14435
15/08/2018,761,15,37.4,38,1.4,2000,20.6,1.72,0.0,0.0,Summer,Holiday,Yes,11649
07/06/2018,967,11,23.4,62,1.8,603,15.6,2.87,0.0,0.0,Summer,No Holiday,Yes,14865
19/03/2018,292,10,9.1,77,2.7,1587,5.2,0.27,0.0,0.0,Spring,No Holiday,Yes,18374
21/10/2018,1025,22,12.2,57,0.0,1544,3.9,0.0,0.0,0.0,Autumn,No Holiday,Yes,16012
21/12/2017,243,11,-0.7,62,0.7,519,-7.0,0.77,0.0,2.0,Winter,No Holiday,Yes,12927
22/12/2017,314,22,6.1,70,2.7,806,1.0,0.0,0.0,0.0,Winter,Holiday,Yes,12005
04/09/2018,223,3,20.6,97,0.2,500,20.1,0.0,0.0,0.0,Autumn,No Holiday,Yes,18376
28/06/2018,652,2,22.4,84,0.6,667,19.5,0.0,0.0,0.0,Summer,No Holiday,Yes,11697
13/04/2018,1311,21,16.4,24,2.9,1983,-4.2,0.0,0.0,0.0,Spring,No Holiday,Yes,17829
28/11/2018,128,4,3.9,26,2.4,1071,-13.9,0.0,0.0,0.0,Autumn,No Holiday,Yes,10160
19/02/2018,361,12,4.7,43,2.1,1131,-6.8,1.38,0.0,0.0,Winter,No Holiday,Yes,13625
10/04/2018,1080,16,20.9,34,5.8,2000,4.4,1.37,0.0,0.0,Spring,No Holiday,Yes,11466
04/04/2018,668,23,10.2,58,2.4,2000,2.2,0.0,0.0,0.0,Spring,No Holiday,Yes,18493
07/10/2018,345,7,14.3,89,0.6,1165,12.5,0.03,0.0,0.0,Autumn,No Holiday,Yes,12781
12/12/2017,258,14,-5.4,32,2.0,1930,-19.5,1.12,0.0,0.0,Winter,No Holiday,Yes,12357
23/03/2018,461,10,5.4,64,1.6,637,-0.8,1.7,0.0,0.0,Spring,No Holiday,Yes,11712
14/01/2018,111,2,-3.5,78,1.0,444,-6.7,0.0,0.0,0.0,Winter,No Holiday,Yes,14249
30/07/2018,2016,19,35.2,43,0.9,2000,20.7,0.42,0.0,0.0,Summer,No Holiday,Yes,11586
24/02/2018,63,4,2.7,82,2.8,222,0.0,0.0,0.0,0.0,Winter,No Holiday,Yes,15612
21/02/2018,784,18,1.8,16,3.4,2000,-21.4,0.31,0.0,0.0,Winter,No Holiday,Yes,16518
17/03/2018,103,4,1.3,61,0.7,2000,-5.4,0.0,0.0,0.0,Spring,No Holiday,Yes,10078
01/09/2018,260,5,21.1,87,0.6,1116,18.8,0.0,0.0,0.0,Autumn,No Holiday,Yes,12224
20/06/2018,2246,21,21.6,74,3.3,758,16.7,0.0,0.0,0.0,Summer,No Holiday,Yes,15310
11/04/2018,0,2,12.7,80,3.9,885,9.3,0.0,0.0,0.0,Spring,No Holiday,No,15056
24/03/2018,197,3,5.0,51,0.8,659,-4.3,0.0,0.0,0.0,Spring,No Holiday,Yes,15418
29/11/2018,517,0,2.2,30,0.7,1879,-13.6,0.0,0.0,0.0,Autumn,No Holiday,Yes,16813
27/08/2018,149,13,22.9,92,1.2,459,21.5,1.09,0.5,0.0,Summer,No Holiday,Yes,10454
02/01/2018,208,10,-1.4,50,1.9,1355,-10.5,0.38,0.0,0.0,Winter,No Holiday,Yes,15702
19/01/2018,140,2,-0.3,44,1.7,1295,-11.1,0.0,0.0,0.0,Winter,No Holiday,Yes,17619
20/10/2018,1141,22,12.7,58,0.0,1480,4.6,0.0,0.0,0.0,Autumn,No Holiday,Yes,15728
20/11/2018,861,15,11.9,18,3.3,1848,-11.7,1.32,0.0,0.0,Autumn,No Holiday,Yes,15032
14/03/2018,786,7,14.1,69,1.1,1692,8.4,0.0,0.0,0.0,Spring,No Holiday,Yes,14838
29/04/2018,1635,13,21.9,27,2.2,1055,2.0,3.35,0.0,0.0,Spring,No Holiday,Yes,16523
19/09/2018,0,3,19.7,70,0.5,2000,14.0,0.0,0.0,0.0,Autumn,No Holiday,No,14238
18/06/2018,997,14,29.8,36,2.0,1382,13.1,2.63,0.0,0.0,Summer,No Holiday,Yes,10604
10/01/2018,196,16,-5.4,30,3.9,2000,-20.2,0.69,0.0,0.2,Winter,No Holiday,Yes,18604
13/03/2018,705,14,18.3,43,2.2,1509,5.4,2.43,0.0,0.0,Spring,No Holiday,Yes,14310
17/05/2018,118,0,22.0,97,1.6,152,21.4,0.0,0.5,0.0,Spring,No Holiday,Yes,17154
21/09/2018,47,9,18.2,96,1.3,1251,17.5,0.21,1.0,0.0,Autumn,No Holiday,Yes,11612
11/11/2018,574,9,7.8,72,1.2,360,3.0,0.54,0.0,0.0,Autumn,No Holiday,Yes,11365
02/12/2017,618,16,6.4,48,2.6,1945,-3.8,0.22,0.0,0.0,Winter,No Holiday,Yes,17260
20/04/2018,2268,18,24.7,33,2.3,687,7.3,0.78,0.0,0.0,Spring,No Holiday,Yes,14950
10/03/2018,79,5,0.8,80,0.3,565,-2.2,0.0,0.0,0.0,Spring,No Holiday,Yes,13448
22/07/2018,477,8,27.9,60,0.6,1835,19.4,1.06,0.0,0.0,Summer,No Holiday,Yes,15642
12/02/2018,161,10,-6.7,23,2.4,1938,-24.4,1.25,0.0,0.0,Winter,No Holiday,Yes,14224
19/10/2018,433,2,9.2,72,1.5,2000,4.4,0.0,0.0,0.0,Autumn,No Holiday,Yes,10980
18/06/2018,2515,20,25.7,43,2.1,2000,12.1,0.12,0.0,0.0,Summer,No Holiday,Yes,15289
01/10/2018,856,10,16.3,47,3.6,1815,4.9,1.93,0.0,0.0,Autumn,No Holiday,Yes,18539
15/11/2018,313,2,7.1,68,0.6,1082,1.5,0.0,0.0,0.0,Autumn,No Holiday,Yes,13551
12/12/2017,133,0,-11.0,51,1.1,2000,-19.1,0.0,0.0,0.0,Winter,No Holiday,Yes,16466
10/10/2018,792,10,12.0,61,4.1,1981,4.6,0.86,0.0,0.0,Autumn,No Holiday,Yes,14062
15/09/2018,1210,23,22.9,81,0.9,1550,19.4,0.0,0.0,0.0,Autumn,No Holiday,Yes,16984
14/08/2018,345,3,28.4,73,1.4,1990,23.0,0.0,0.0,0.0,Summer,No Holiday,Yes,18425
25/10/2018,1968,19,16.4,47,1.0,1694,5.0,0.0,0.0,0.0,Autumn,No Holiday,Yes,10209
13/09/2018,1322,9,21.8,64,1.6,2000,14.6,0.52,0.0,0.0,Autumn,No Holiday,Yes,14117
22/06/2018,336,5,18.6,85,1.0,384,16.0,0.0,0.0,0.0,Summer,No Holiday,Yes,11793
06/06/2018,218,5,18.7,73,1.4,1065,13.7,0.0,0.0,0.0,Summer,Holiday,Yes,11051
04/08/2018,304,4,29.5,60,1.2,1774,20.9,0.0,0.0,0.0,Summer,No Holiday,Yes,17314
22/06/2018,902,10,26.3,34,0.9,1792,9.1,2.57,0.0,0.0,Summer,No Holiday,Yes,11992
09/11/2018,0,12,13.9,50,4.1,1964,3.6,2.14,0.0,0.0,Autumn,No Holiday,No,13832
27/09/2018,2098,20,19.5,47,1.2,2000,7.8,0.0,0.0,0.0,Autumn,No Holiday,Yes,10690
29/07/2018,456,8,28.6,63,0.8,1867,20.8,1.0,0.0,0.0,Summer,No Holiday,Yes,17291
19/05/2018,2268,15,23.9,37,1.6,2000,8.3,3.07,0.0,0.0,Spring,No Holiday,Yes,15473
26/12/2017,213,22,-7.2,38,3.1,2000,-19.1,0.0,0.0,0.0,Winter,No Holiday,Yes,15859
09/05/2018,1188,13,20.1,36,1.1,1933,4.5,3.34,0.0,0.0,Spring,No Holiday,Yes,15344
02/07/2018,861,17,25.3,87,0.6,751,22.9,0.49,0.0,0.0,Summer,No Holiday,Yes,15690
12/07/2018,1945,22,25.9,83,0.6,1827,22.7,0.0,0.0,0.0,Summer,No Holiday,Yes,10795
27/07/2018,2183,18,33.7,62,3.2,1082,25.3,0.87,0.0,0.0,Summer,No Holiday,Yes,16703
11/09/2018,1868,22,21.6,52,1.9,2000,11.3,0.0,0.0,0.0,Autumn,No Holiday,Yes,13519
24/05/2018,385,2,12.5,54,0.7,1500,3.4,0.0,0.0,0.0,Spring,No Holiday,Yes,14610
13/02/2018,46,4,-6.4,62,1.8,1978,-12.4,0.0,0.0,0.0,Winter,No Holiday,Yes,13075
09/05/2018,954,10,16.1,43,1.4,1985,3.5,2.41,0.0,0.0,Spring,No Holiday,Yes,16649
17/06/2018,238,5,19.0,85,0.8,567,16.4,0.0,0.0,0.0,Summer,No Holiday,Yes,12944
11/02/2018,103,22,-5.8,57,3.2,1980,-12.9,0.0,0.0,0.0,Winter,No Holiday,Yes,14578
27/05/2018,799,1,19.8,61,1.4,943,12.0,0.0,0.0,0.0,Spring,No Holiday,Yes,18441
04/12/2017,311,10,-1.1,40,4.5,2000,-13.0,0.64,0.0,0.0,Winter,No Holiday,Yes,11395
20/02/2018,764,18,3.2,20,2.9,2000,-17.6,0.16,0.0,0.0,Winter,No Holiday,Yes,10584
12/12/2017,248,16,-6.0,29,2.8,1983,-21.2,0.58,0.0,0.0,Winter,No Holiday,Yes,12449
22/08/2018,760,14,36.2,36,1.5,1985,18.7,2.87,0.0,0.0,Summer,No Holiday,Yes,16638
04/04/2018,1413,16,17.9,42,1.1,2000,4.7,2.25,0.0,0.0,Spring,No Holiday,Yes,11780
29/09/2018,1892,14,26.2,33,1.8,2000,8.6,2.62,0.0,0.0,Autumn,No Holiday,Yes,14945
11/11/2018,228,7,6.4,84,1.3,369,3.8,0.0,0.0,0.0,Autumn,No Holiday,Yes,11470
02/09/2018,1047,23,25.1,65,2.2,2000,18.0,0.0,0.0,0.0,Autumn,No Holiday,Yes,16459
27/09/2018,1189,12,23.2,42,1.4,2000,9.5,2.73,0.0,0.0,Autumn,No Holiday,Yes,18283
27/07/2018,747,1,28.3,78,0.5,1072,24.0,0.0,0.0,0.0,Summer,No Holiday,Yes,16810
28/06/2018,1223,21,21.3,94,0.3,1314,20.2,0.0,0.0,0.0,Summer,No Holiday,Yes,13009
18/10/2018,385,2,8.7,71,0.8,2000,3.7,0.0,0.0,0.0,Autumn,No Holiday,Yes,11380
30/06/2018,1291,17,27.4,75,2.3,616,22.5,0.46,0.0,0.0,Summer,No Holiday,Yes,10928
11/11/2018,395,8,6.3,81,0.8,365,3.2,0.11,0.0,0.0,Autumn,No Holiday,Yes,11844
31/01/2018,60,2,-1.6,80,1.4,1097,-4.6,0.0,0.0,3.5,Winter,No Holiday,Yes,16325
13/03/2018,252,6,7.0,58,0.7,537,-0.7,0.0,0.0,0.0,Spring,No Holiday,Yes,14765
29/08/2018,648,12,27.4,72,4.2,1989,21.8,0.54,0.0,0.0,Summer,No Holiday,Yes,15135
14/04/2018,20,5,9.5,76,0.8,1962,5.4,0.0,0.0,0.0,Spring,No Holiday,Yes,10888
22/03/2018,923,19,6.2,54,1.8,883,-2.4,0.08,0.0,0.0,Spring,No Holiday,Yes,14913
22/12/2017,249,23,5.8,74,2.5,832,1.5,0.0,0.0,0.0,Winter,Holiday,Yes,15946
24/06/2018,2387,20,26.1,49,1.9,1960,14.5,0.1,0.0,0.0,Summer,No Holiday,Yes,18230
19/02/2018,373,14,5.6,38,1.6,1087,-7.6,1.1,0.0,0.0,Winter,No Holiday,Yes,17838
16/06/2018,518,3,17.4,61,1.2,2000,9.7,0.0,0.0,0.0,Summer,No Holiday,Yes,18653
17/12/2017,94,8,-10.7,43,0.9,2000,-20.8,0.0,0.0,0.0,Winter,No Holiday,Yes,13732
28/09/2018,0,5,14.5,60,1.4,2000,6.8,0.0,0.0,0.0,Autumn,No Holiday,No,13413
26/05/2018,1575,15,29.4,30,2.0,882,10.0,2.82,0.0,0.0,Spring,No Holiday,Yes,12071
20/04/2018,973,13,24.2,30,1.5,835,5.5,3.03,0.0,0.0,Spring,No Holiday,Yes,11226
14/01/2018,226,12,1.2,58,0.8,550,-6.1,0.74,0.0,0.0,Winter,No Holiday,Yes,17844
17/02/2018,35,7,-6.8,32,1.6,2000,-20.7,0.0,0.0,0.0,Winter,Holiday,Yes,15059
19/05/2018,213,4,10.5,73,1.2,2000,5.8,0.0,0.0,0.0,Spring,No Holiday,Yes,18610
07/05/2018,2268,18,25.1,32,2.4,1899,7.2,1.1,0.0,0.0,Spring,No Holiday,Yes,18020
19/12/2017,199,9,-5.3,48,2.6,1810,-14.6,0.18,0.0,2.5,Winter,No Holiday,Yes,16503
28/11/2018,681,13,9.2,13,1.6,1776,-17.8,1.86,0.0,0.0,Autumn,No Holiday,Yes,12302
31/05/2018,936,10,20.8,54,1.2,1129,11.1,2.45,0.0,0.0,Spring,No Holiday,Yes,14444
23/11/2018,1548,18,3.9,23,1.0,2000,-15.4,0.0,0.0,0.0,Autumn,No Holiday,Yes,16860
05/01/2018,343,14,1.4,41,2.0,1003,-10.4,0.99,0.0,0.0,Winter,No Holiday,Yes,11841
24/01/2018,82,23,-15.7,43,3.6,2000,-25.4,0.0,0.0,0.7,Winter,No Holiday,Yes,11866
29/06/2018,1552,23,23.5,83,1.4,436,20.4,0.0,0.0,0.0,Summer,No Holiday,Yes,13326
11/08/2018,643,10,31.3,53,1.8,2000,20.5,2.34,0.0,0.0,Summer,No Holiday,Yes,14512
15/03/2018,8,5,14.5,94,2.0,487,13.5,0.0,0.0,0.0,Spring,No Holiday,Yes,12311
26/03/2018,925,17,17.1,31,3.3,1075,-0.1,1.33,0.0,0.0,Spring,No Holiday,Yes,15193
03/03/2018,176,2,0.9,35,0.5,1856,-12.8,0.0,0.0,0.0,Spring,No Holiday,Yes,11805
17/01/2018,360,19,4.2,68,2.4,446,-1.1,0.0,0.0,0.0,Winter,No Holiday,Yes,16169
07/03/2018,509,13,9.9,39,1.9,1911,-3.4,1.61,0.0,0.0,Spring,No Holiday,Yes,14206
09/09/2018,1432,13,27.2,32,1.7,2000,9.0,3.12,0.0,0.0,Autumn,No Holiday,Yes,17867
15/04/2018,1105,12,12.5,53,3.4,1324,3.1,2.52,0.0,0.0,Spring,No Holiday,Yes,15815
16/09/2018,137,6,22.0,90,1.3,471,20.2,0.0,0.0,0.0,Autumn,No Holiday,Yes,10917
03/12/2017,621,15,8.0,73,1.6,433,3.4,0.53,0.0,0.0,Winter,No Holiday,Yes,14390
31/12/2017,65,3,0.3,91,2.0,172,-1.0,0.0,1.0,1.2,Winter,Holiday,Yes,10475
24/05/2018,2334,19,21.1,44,2.6,1512,8.3,0.41,0.0,0.0,Spring,No Holiday,Yes,13703
27/05/2018,2207,19,21.7,38,2.1,1857,6.7,0.27,0.0,0.0,Spring,No Holiday,Yes,17281
07/08/2018,698,15,34.3,49,1.0,1633,22.0,1.62,0.0,0.0,Summer,No Holiday,Yes,11913
29/10/2018,1070,7,4.6,76,0.7,2000,0.7,0.0,0.0,0.0,Autumn,No Holiday,Yes,16271
09/02/2018,238,11,-0.2,31,0.8,1269,-15.3,0.5,0.0,0.0,Winter,No Holiday,Yes,13143
16/11/2018,907,21,6.8,73,2.3,730,2.2,0.0,0.0,0.0,Autumn,No Holiday,Yes,14686
27/08/2018,1560,20,24.4,85,0.7,2000,21.7,0.01,0.0,0.0,Summer,No Holiday,Yes,12537
18/10/2018,1152,13,18.1,43,2.2,2000,5.3,2.3,0.0,0.0,Autumn,No Holiday,Yes,18679
30/07/2018,810,0,29.2,50,1.1,2000,17.7,0.0,0.0,0.0,Summer,No Holiday,Yes,16756
28/11/2018,140,5,3.0,34,1.1,1032,-11.3,0.0,0.0,0.0,Autumn,No Holiday,Yes,12356
10/03/2018,340,8,1.5,73,1.2,466,-2.8,0.11,0.0,0.0,Spring,No Holiday,Yes,12565
12/02/2018,288,17,-3.1,36,4.4,1988,-16.0,0.89,0.0,0.0,Winter,No Holiday,Yes,13435
01/11/2018,852,11,11.1,46,1.6,1518,-0.1,1.84,0.0,0.0,Autumn,No Holiday,Yes,17614
29/12/2017,294,22,0.8,77,1.4,293,-2.7,0.0,0.0,0.0,Winter,No Holiday,Yes,16653
06/12/2017,381,11,1.6,57,1.2,1261,-6.0,0.93,0.0,0.0,Winter,No Holiday,Yes,10969
10/01/2018,207,20,-8.9,41,2.3,2000,-19.7,0.0,0.0,0.0,Winter,No Holiday,Yes,14391
08/12/2017,336,21,-3.3,35,0.5,2000,-16.6,0.0,0.0,0.0,Winter,No Holiday,Yes,12677
21/01/2018,383,17,3.8,20,1.3,2000,-17.1,0.24,0.0,0.0,Winter,No Holiday,Yes,13474
02/01/2018,269,11,-0.4,40,2.3,1633,-12.3,0.66,0.0,0.0,Winter,No Holiday,Yes,11172
12/04/2018,1273,16,18.8,23,4.2,1956,-2.7,2.39,0.0,0.0,Spring,No Holiday,Yes,10293
19/05/2018,1169,23,17.1,37,1.3,2000,2.2,0.0,0.0,0.0,Spring,No Holiday,Yes,14307
11/05/2018,486,6,12.0,83,0.4,321,9.1,0.01,0.0,0.0,Spring,No Holiday,Yes,11026
26/06/2018,199,20,24.1,94,4.5,214,23.0,0.0,0.5,0.0,Summer,No Holiday,Yes,11382
05/11/2018,2357,18,14.5,54,1.3,1343,5.2,0.01,0.0,0.0,Autumn,No Holiday,Yes,13412
25/05/2018,2013,17,23.6,28,3.1,1844,4.0,1.26,0.0,0.0,Spring,No Holiday,Yes,12485
18/01/2018,137,2,3.3,73,1.2,288,-1.0,0.0,0.0,0.0,Winter,No Holiday,Yes,10478
10/08/2018,1293,17,36.3,40,2.7,2000,20.5,1.93,0.0,0.0,Summer,No Holiday,Yes,11693
11/07/2018,1923,17,28.7,71,2.9,1666,22.9,0.71,0.0,0.0,Summer,No Holiday,Yes,10260
26/03/2018,492,12,14.6,53,2.5,348,5.1,2.65,0.0,0.0,Spring,No Holiday,Yes,12853
15/03/2018,39,8,14.1,97,1.1,342,13.6,0.0,0.0,0.0,Spring,No Holiday,Yes,18091
18/02/2018,56,3,-4.5,26,0.0,2000,-21.1,0.0,0.0,0.0,Winter,No Holiday,Yes,11361
01/06/2018,1488,16,29.9,34,3.2,1912,12.3,2.46,0.0,0.0,Summer,No Holiday,Yes,18585
04/04/2018,1096,14,17.9,42,1.3,1981,4.7,3.04,0.0,0.0,Spring,No Holiday,Yes,17337
17/07/2018,797,11,30.4,53,1.8,1359,19.7,2.74,0.0,0.0,Summer,No Holiday,Yes,12010
24/10/2018,940,11,15.7,53,1.0,1172,6.1,1.99,0.0,0.0,Autumn,No Holiday,Yes,18720
13/10/2018,1712,14,19.3,27,1.3,1384,-0.1,2.38,0.0,0.0,Autumn,No Holiday,Yes,17166
20/09/2018,935,23,18.7,80,1.7,2000,15.1,0.0,0.0,0.0,Autumn,No Holiday,Yes,11377
10/05/2018,0,19,15.5,74,3.6,675,10.8,0.35,0.0,0.0,Spring,No Holiday,No,11947
20/05/2018,160,5,12.1,47,1.6,2000,1.1,0.0,0.0,0.0,Spring,No Holiday,Yes,14930
10/12/2017,19,10,0.5,91,0.4,143,-0.8,0.0,0.0,4.3,Winter,No Holiday,Yes,12189
03/01/2018,299,16,-0.4,30,2.0,2000,-15.9,0.62,0.0,0.0,Winter,No Holiday,Yes,14452
18/06/2018,436,2,20.7,76,0.3,920,16.3,0.0,0.0,0.0,Summer,No Holiday,Yes,10777
19/02/2018,533,19,3.6,55,1.6,728,-4.6,0.0,0.0,0.0,Winter,No Holiday,Yes,14315
18/06/2018,2040,17,29.5,36,3.7,1786,12.8,1.94,0.0,0.0,Summer,No Holiday,Yes,16736
04/03/2018,273,11,10.1,88,0.7,453,8.1,0.34,0.0,0.0,Spring,No Holiday,Yes,11464
15/05/2018,170,4,16.1,74,0.8,440,11.4,0.0,0.0,0.0,Spring,No Holiday,Yes,15363
06/09/2018,1851,21,24.6,70,2.5,2000,18.7,0.0,0.0,0.0,Autumn,No Holiday,Yes,12569
27/12/2017,230,12,-5.5,21,2.1,1941,-24.4,1.08,0.0,0.0,Winter,No Holiday,Yes,16793
11/01/2018,152,10,-11.1,46,3.7,1638,-20.4,0.48,0.0,0.0,Winter,No Holiday,Yes,14279
07/07/2018,1579,15,28.7,42,1.3,2000,14.5,2.98,0.0,0.0,Summer,No Holiday,Yes,12057
17/06/2018,2055,21,22.7,66,0.9,1069,16.0,0.0,0.0,0.0,Summer,No Holiday,Yes,17408
20/08/2018,818,0,27.0,62,0.6,2000,19.0,0.0,0.0,0.0,Summer,No Holiday,Yes,11889
12/05/2018,207,4,15.0,61,0.8,867,7.5,0.0,0.0,0.0,Spring,No Holiday,Yes,12008
30/08/2018,214,0,24.7,94,2.8,1270,23.6,0.0,0.0,0.0,Summer,No Holiday,Yes,17246
06/10/2018,1567,20,19.4,67,0.8,2000,13.1,0.0,0.0,0.0,Autumn,No Holiday,Yes,18505
23/08/2018,492,6,28.3,55,1.5,2000,18.3,0.0,0.0,0.0,Summer,No Holiday,Yes,12218
13/04/2018,867,11,16.9,15,1.7,1994,-9.9,1.8,0.0,0.0,Spring,No Holiday,Yes,16419
02/02/2018,187,10,-4.1,43,1.2,1187,-14.8,0.59,0.0,0.0,Winter,No Holiday,Yes,14161
17/10/2018,503,6,8.8,77,0.2,1077,4.9,0.0,0.0,0.0,Autumn,No Holiday,Yes,15211
13/10/2018,512,2,8.0,74,0.5,1786,3.6,0.0,0.0,0.0,Autumn,No Holiday,Yes,11696
13/10/2018,412,7,6.2,83,0.8,1100,3.5,0.01,0.0,0.0,Autumn,No Holiday,Yes,14124
03/10/2018,1744,20,18.6,55,1.5,2000,9.3,0.0,0.0,0.0,Autumn,Holiday,Yes,15632
12/08/2018,820,15,34.9,46,2.0,2000,21.5,1.54,0.0,0.0,Summer,No Holiday,Yes,10595
27/02/2018,357,14,6.3,40,0.8,943,-6.3,0.34,0.0,0.0,Winter,No Holiday,Yes,17562
09/11/2018,0,13,14.0,46,5.3,927,2.5,1.68,0.0,0.0,Autumn,No Holiday,No,16289
18/06/2018,822,10,26.1,53,0.9,554,15.7,2.14,0.0,0.0,Summer,No Holiday,Yes,11078
28/05/2018,3245,18,26.0,39,2.7,1950,10.9,1.07,0.0,0.0,Spring,No Holiday,Yes,11500
26/12/2017,262,12,-1.3,23,4.0,2000,-19.8,1.09,0.0,0.0,Winter,No Holiday,Yes,14668
15/04/2018,464,21,9.6,66,1.7,1850,3.5,0.0,0.0,0.0,Spring,No Holiday,Yes,11439
29/10/2018,906,22,5.1,58,2.2,2000,-2.4,0.0,0.0,0.0,Autumn,No Holiday,Yes,14406
11/02/2018,95,1,-7.0,38,2.6,2000,-18.9,0.0,0.0,0.0,Winter,No Holiday,Yes,18482
01/07/2018,16,22,21.7,97,0.7,540,21.1,0.0,3.5,0.0,Summer,No Holiday,Yes,10938
12/12/2017,46,4,-11.6,47,2.1,1982,-20.6,0.0,0.0,0.0,Winter,No Holiday,Yes,16036
18/09/2018,0,8,18.7,73,0.9,1501,13.7,0.34,0.0,0.0,Autumn,No Holiday,No,17648
04/04/2018,355,0,15.0,96,2.1,141,14.3,0.0,0.1,0.0,Spring,No Holiday,Yes,15735
22/05/2018,443,7,16.3,69,0.7,1750,10.5,0.34,0.0,0.0,Spring,Holiday,Yes,12767
08/08/2018,670,14,33.6,50,3.5,1993,21.7,1.15,0.0,0.0,Summer,No Holiday,Yes,17335
12/12/2017,529,18,-7.7,36,1.0,2000,-20.2,0.0,0.0,0.0,Winter,No Holiday,Yes,17611
20/10/2018,922,23,11.7,58,0.0,1567,3.6,0.0,0.0,0.0,Autumn,No Holiday,Yes,15369
26/05/2018,299,6,14.2,72,0.6,947,9.2,0.04,0.0,0.0,Spring,No Holiday,Yes,16912
30/10/2018,527,23,7.7,50,1.0,1988,-2.0,0.0,0.0,0.0,Autumn,No Holiday,Yes,10662
28/01/2018,21,5,-7.5,33,1.5,2000,-21.0,0.0,0.0,0.0,Winter,No Holiday,Yes,11008
31/03/2018,1025,19,15.3,41,2.0,1751,2.1,0.08,0.0,0.0,Spring,No Holiday,Yes,13606
02/10/2018,0,18,19.2,48,2.2,2000,7.9,0.28,0.0,0.0,Autumn,No Holiday,No,16900
29/05/2018,949,11,23.1,63,2.6,949,15.6,1.68,0.0,0.0,Spring,No Holiday,Yes,15081
08/06/2018,926,0,19.1,82,2.2,874,15.9,0.0,0.0,0.0,Summer,No Holiday,Yes,17430
24/11/2018,386,23,2.8,86,1.2,476,0.6,0.0,0.0,3.0,Autumn,No Holiday,Yes,13707
22/10/2018,1904,17,18.9,35,1.7,720,3.0,0.41,0.0,0.0,Autumn,No Holiday,Yes,15512
12/06/2018,2309,22,20.0,70,1.0,2000,14.3,0.0,0.0,0.0,Summer,No Holiday,Yes,13873
06/10/2018,0,2,16.9,88,2.5,2000,14.8,0.0,1.5,0.0,Autumn,No Holiday,No,16293
12/04/2018,1664,17,18.6,22,3.7,1978,-3.5,1.72,0.0,0.0,Spring,No Holiday,Yes,17324
09/10/2018,0,22,16.7,55,1.9,2000,7.6,0.0,0.0,0.0,Autumn,Holiday,No,11531
18/07/2018,2281,19,30.6,54,2.8,1531,20.2,0.59,0.0,0.0,Summer,No Holiday,Yes,13261
29/07/2018,345,7,26.9,69,0.8,1960,20.7,0.29,0.0,0.0,Summer,No Holiday,Yes,11894
26/08/2018,566,8,22.1,74,1.0,1479,17.2,0.77,0.0,0.0,Summer,No Holiday,Yes,10068
30/11/2018,712,22,2.1,41,1.0,1859,-9.8,0.0,0.0,0.0,Autumn,No Holiday,Yes,17627
10/01/2018,168,11,-6.4,49,4.5,1759,-15.3,0.86,0.0,0.5,Winter,No Holiday,Yes,11218
17/03/2018,193,7,0.5,64,0.8,2000,-5.5,0.01,0.0,0.0,Spring,No Holiday,Yes,11045
16/06/2018,1991,16,28.3,41,2.6,1852,13.7,2.58,0.0,0.0,Summer,No Holiday,Yes,17599
23/08/2018,185,5,28.5,57,0.9,2000,19.1,0.0,0.1,0.0,Summer,No Holiday,Yes,14135
18/03/2018,53,23,7.4,80,1.3,471,4.1,0.0,0.0,0.0,Spring,No Holiday,Yes,16345
09/10/2018,0,1,12.0,58,0.7,2000,3.9,0.0,0.0,0.0,Autumn,Holiday,No,14937
09/03/2018,521,22,2.9,69,1.2,1179,-2.2,0.0,0.0,0.0,Spring,No Holiday,Yes,16686
18/04/2018,260,2,8.7,44,1.6,1684,-2.8,0.0,0.0,0.0,Spring,No Holiday,Yes,10328
21/06/2018,2436,21,23.8,63,1.5,1455,16.3,0.0,0.0,0.0,Summer,No Holiday,Yes,14829
04/05/2018,1260,7,9.5,55,2.1,1912,0.8,0.32,0.0,0.0,Spring,No Holiday,Yes,10671
06/12/2017,405,12,2.4,52,0.9,1224,-6.4,1.08,0.0,0.0,Winter,No Holiday,Yes,17414
20/08/2018,993,9,27.5,54,1.0,1993,17.3,0.81,0.0,0.0,Summer,No Holiday,Yes,15904
28/07/2018,741,13,34.2,58,1.8,933,24.7,1.33,0.0,0.0,Summer,No Holiday,Yes,14653
06/01/2018,222,1,-4.8,54,1.2,1219,-12.7,0.0,0.0,0.0,Winter,No Holiday,Yes,15652
19/04/2018,795,11,16.1,23,2.5,1361,-5.0,2.52,0.0,0.0,Spring,No Holiday,Yes,14887
12/07/2018,2115,21,26.3,81,0.8,1910,22.7,0.0,0.0,0.0,Summer,No Holiday,Yes,17668
27/02/2018,213,1,2.1,44,0.9,1107,-8.9,0.0,0.0,0.0,Winter,No Holiday,Yes,11785
08/06/2018,744,6,18.8,78,2.0,1259,14.8,0.01,0.0,0.0,Summer,No Holiday,Yes,11313
26/06/2018,53,8,20.8,94,1.0,159,19.7,0.05,3.5,0.0,Summer,No Holiday,Yes,16119
06/07/2018,1449,7,22.6,63,1.3,2000,15.1,0.21,0.0,0.0,Summer,No Holiday,Yes,16411
26/02/2018,646,17,8.7,30,3.1,1117,-7.9,0.96,0.0,0.0,Winter,No Holiday,Yes,12503
25/07/2018,1935,20,30.9,67,1.7,1470,24.0,0.05,0.0,0.0,Summer,No Holiday,Yes,13576
25/02/2018,158,8,-1.3,54,0.6,1597,-9.4,0.06,0.0,0.0,Winter,No Holiday,Yes,11489
15/07/2018,1125,16,32.8,52,3.0,1803,21.6,2.28,0.0,0.0,Summer,No Holiday,Yes,13054
02/09/2018,179,5,20.6,65,1.1,2000,13.7,0.0,0.0,0.0,Autumn,No Holiday,Yes,10189
09/09/2018,366,7,15.7,68,0.9,2000,9.8,0.05,0.0,0.0,Autumn,No Holiday,Yes,11813
20/10/2018,1175,11,16.2,39,1.6,1580,2.2,2.05,0.0,0.0,Autumn,No Holiday,Yes,11231
15/08/2018,627,14,37.2,38,0.9,1976,20.5,1.96,0.0,0.0,Summer,Holiday,Yes,10307
19/01/2018,207,1,0.0,43,1.7,1250,-11.1,0.0,0.0,0.0,Winter,No Holiday,Yes,14317
11/06/2018,873,19,19.4,85,1.2,1651,16.8,0.08,0.5,0.0,Summer,No Holiday,Yes,14786
07/03/2018,587,20,8.5,46,1.0,1977,-2.4,0.0,0.0,0.0,Spring,No Holiday,Yes,13207
25/02/2018,612,15,7.5,21,2.7,1900,-13.4,2.22,0.0,0.0,Winter,No Holiday,Yes,11832
15/09/2018,1578,19,23.8,78,2.2,1991,19.7,0.0,0.0,0.0,Autumn,No Holiday,Yes,10317
14/03/2018,82,4,14.0,70,1.5,1648,8.6,0.0,0.0,0.0,Spring,No Holiday,Yes,13424
16/02/2018,30,6,-5.2,42,0.7,1980,-16.1,0.0,0.0,0.0,Winter,Holiday,Yes,16409
23/10/2018,1294,16,16.1,70,1.3,898,10.6,0.83,0.0,0.0,Autumn,No Holiday,Yes,16394
08/02/2018,284,16,2.0,25,2.3,1755,-16.0,1.3,0.0,0.0,Winter,No Holiday,Yes,10369
19/10/2018,1512,20,14.2,56,1.8,2000,5.5,0.0,0.0,0.0,Autumn,No Holiday,Yes,16737
07/10/2018,840,23,12.9,38,1.5,2000,-1.1,0.0,0.0,0.0,Autumn,No Holiday,Yes,12762
14/07/2018,1078,13,30.7,59,2.3,1534,21.7,2.67,0.0,0.0,Summer,No Holiday,Yes,12268
10/06/2018,2431,17,24.6,52,1.3,2000,14.0,0.82,0.0,0.0,Summer,No Holiday,Yes,16183
03/10/2018,1792,19,20.0,49,1.5,2000,8.9,0.0,0.0,0.0,Autumn,Holiday,Yes,14783
25/11/2018,872,16,9.5,56,1.1,678,1.1,0.54,0.0,0.8,Autumn,No Holiday,Yes,13288
12/04/2018,374,1,8.9,40,2.1,2000,-3.9,0.0,0.0,0.0,Spring,No Holiday,Yes,14010
16/06/2018,317,4,16.9,63,1.0,2000,9.8,0.0,0.0,0.0,Summer,No Holiday,Yes,10867
07/06/2018,3221,18,25.6,57,2.7,1217,16.4,0.96,0.0,0.0,Summer,No Holiday,Yes,12570
12/10/2018,409,2,7.1,61,0.6,2000,0.0,0.0,0.0,0.0,Autumn,No Holiday,Yes,10575
01/12/2017,447,14,3.0,26,2.0,2000,-14.6,1.01,0.0,0.0,Winter,No Holiday,Yes,15382
10/04/2018,1004,17,20.6,39,5.6,2000,6.1,0.74,0.0,0.0,Spring,No Holiday,Yes,11445
27/11/2018,815,7,3.6,83,0.9,350,0.9,0.0,0.0,0.0,Autumn,No Holiday,Yes,12087
01/06/2018,554,2,19.0,72,1.4,1258,13.8,0.0,0.0,0.0,Summer,No Holiday,Yes,18552
08/02/2018,160,10,-6.3,46,1.3,1346,-16.0,1.01,0.0,0.0,Winter,No Holiday,Yes,16849
06/11/2018,0,12,14.5,57,0.8,373,6.0,1.08,0.0,0.0,Autumn,No Holiday,No,10925
25/09/2018,667,10,18.0,44,1.3,1984,5.5,1.99,0.0,0.0,Autumn,Holiday,Yes,13209
21/03/2018,319,17,2.5,78,2.0,2000,-0.9,0.25,0.0,0.0,Spring,No Holiday,Yes,15678
31/08/2018,381,2,23.4,79,0.4,1045,19.5,0.0,0.0,0.0,Summer,No Holiday,Yes,12585
09/01/2018,281,21,-4.8,59,0.9,2000,-11.6,0.0,0.0,0.0,Winter,No Holiday,Yes,17832
06/02/2018,59,2,-11.2,36,2.9,1981,-23.3,0.0,0.0,0.0,Winter,No Holiday,Yes,18347
07/02/2018,96,1,-12.3,47,1.9,1837,-21.3,0.0,0.0,0.0,Winter,No Holiday,Yes,17746
20/01/2018,352,16,6.6,42,3.0,355,-5.4,0.48,0.0,0.0,Winter,No Holiday,Yes,18716
06/10/2018,941,14,19.3,79,3.6,2000,15.5,1.36,0.0,0.0,Autumn,No Holiday,Yes,12128
25/09/2018,1309,13,22.9,30,2.0,2000,4.3,2.9,0.0,0.0,Autumn,Holiday,Yes,15337
24/04/2018,710,11,14.1,62,1.6,2000,6.9,1.08,0.0,0.0,Spring,No Holiday,Yes,12783
05/07/2018,568,2,23.6,80,1.5,879,19.9,0.0,0.0,0.0,Summer,No Holiday,Yes,17036
09/02/2018,273,7,-3.6,42,0.9,1258,-14.6,0.0,0.0,0.0,Winter,No Holiday,Yes,10294
26/11/2018,99,4,2.2,93,1.1,265,1.1,0.0,0.0,0.3,Autumn,No Holiday,Yes,14514
08/03/2018,88,8,3.0,94,0.3,444,2.1,0.01,0.0,0.0,Spring,No Holiday,Yes,15506
06/06/2018,1031,1,20.6,63,0.6,1670,13.3,0.0,0.0,0.0,Summer,Holiday,Yes,12163
25/12/2017,185,21,-1.7,51,1.7,2000,-10.5,0.0,0.0,0.0,Winter,Holiday,Yes,17406
07/01/2018,38,6,-5.5,52,0.7,1503,-13.8,0.0,0.0,0.0,Winter,No Holiday,Yes,15343
09/08/2018,1850,18,28.1,86,2.3,1244,25.5,0.28,0.5,0.0,Summer,No Holiday,Yes,12724
18/12/2017,181,16,1.8,76,0.8,410,-1.9,0.47,0.0,2.7,Winter,No Holiday,Yes,18526
25/08/2018,1717,22,23.4,75,1.6,2000,18.7,0.0,0.0,0.0,Summer,No Holiday,Yes,16113
04/08/2018,569,10,32.3,56,1.7,1625,22.3,1.61,0.0,0.0,Summer,No Holiday,Yes,11135
25/06/2018,199,4,21.8,82,0.7,702,18.5,0.0,0.0,0.0,Summer,No Holiday,Yes,14331
23/10/2018,1380,21,12.6,70,1.2,1425,7.2,0.0,0.0,0.0,Autumn,No Holiday,Yes,12602
13/09/2018,2000,21,23.8,67,0.6,2000,17.2,0.0,0.0,0.0,Autumn,No Holiday,Yes,14619
09/03/2018,272,0,3.0,72,2.3,473,-1.5,0.0,0.0,0.0,Spring,No Holiday,Yes,16724
30/10/2018,150,4,1.6,63,0.3,2000,-4.6,0.0,0.0,0.0,Autumn,No Holiday,Yes,14991
27/09/2018,1191,13,23.0,39,1.7,2000,8.2,2.28,0.0,0.0,Autumn,No Holiday,Yes,17769
25/08/2018,2043,19,25.8,62,3.3,2000,17.9,0.27,0.0,0.0,Summer,No Holiday,Yes,15333
31/01/2018,102,10,-2.3,63,1.7,1286,-8.4,0.22,0.0,3.2,Winter,No Holiday,Yes,16482
11/05/2018,1295,15,19.9,47,3.3,484,8.2,1.83,0.0,0.0,Spring,No Holiday,Yes,16018
26/06/2018,113,17,24.0,95,5.0,362,23.1,0.07,2.0,0.0,Summer,No Holiday,Yes,15490
29/09/2018,1076,9,18.3,58,1.4,1958,9.8,1.24,0.0,0.0,Autumn,No Holiday,Yes,12074
13/07/2018,2320,19,29.8,68,2.6,1749,23.2,0.81,0.0,0.0,Summer,No Holiday,Yes,16514
26/09/2018,1937,19,20.7,46,1.0,2000,8.6,0.02,0.0,0.0,Autumn,No Holiday,Yes,12314
16/03/2018,974,19,8.1,36,1.2,2000,-6.1,0.06,0.0,0.0,Spring,No Holiday,Yes,17222
24/12/2017,9,11,4.6,95,0.8,156,3.8,0.05,0.0,0.0,Winter,Holiday,Yes,10150
30/01/2018,254,9,-9.9,49,0.8,1624,-18.6,0.2,0.0,0.0,Winter,No Holiday,Yes,16952
25/08/2018,232,5,23.3,79,1.7,1592,19.4,0.0,0.0,0.0,Summer,No Holiday,Yes,12222
26/08/2018,764,22,21.2,81,1.0,1808,17.8,0.0,1.3,0.0,Summer,No Holiday,Yes,10627
14/01/2018,174,11,-0.5,64,0.7,537,-6.4,0.49,0.0,0.0,Winter,No Holiday,Yes,11155
14/12/2017,277,20,-4.8,43,1.1,1397,-15.4,0.0,0.0,0.0,Winter,No Holiday,Yes,10192
31/10/2018,146,4,5.0,71,1.4,1994,0.1,0.0,0.0,0.0,Autumn,No Holiday,Yes,17787
31/12/2017,240,17,1.7,30,2.9,2000,-14.0,0.22,0.0,0.0,Winter,Holiday,Yes,12747
10/04/2018,133,21,17.5,70,7.3,1634,11.9,0.0,0.5,0.0,Spring,No Holiday,Yes,15229
14/11/2018,779,10,9.6,53,1.4,1818,0.4,1.16,0.0,0.0,Autumn,No Holiday,Yes,12077
29/12/2017,534,17,4.5,59,1.6,384,-2.8,0.14,0.0,0.0,Winter,No Holiday,Yes,11603
20/07/2018,928,16,34.3,45,2.3,1466,20.6,2.47,0.0,0.0,Summer,No Holiday,Yes,17652
02/02/2018,310,15,3.6,26,2.4,1687,-14.1,0.99,0.0,0.0,Winter,No Holiday,Yes,17547
10/06/2018,162,2,19.2,69,1.3,2000,13.3,0.0,0.0,0.0,Summer,No Holiday,Yes,11166
13/08/2018,709,15,34.0,51,1.8,1508,22.4,0.98,0.0,0.0,Summer,No Holiday,Yes,17750
10/02/2018,277,15,2.0,20,4.1,1942,-18.6,1.49,0.0,0.0,Winter,No Holiday,Yes,10089
09/12/2017,296,1,-4.1,49,0.6,2000,-13.2,0.0,0.0,0.0,Winter,No Holiday,Yes,17934
13/09/2018,1200,15,27.8,49,1.4,1963,16.1,1.97,0.0,0.0,Autumn,No Holiday,Yes,13340
25/07/2018,749,11,30.7,63,3.4,1323,22.8,1.13,0.0,0.0,Summer,No Holiday,Yes,17289
28/07/2018,632,12,33.6,62,1.9,820,25.3,1.35,0.0,0.0,Summer,No Holiday,Yes,14751
21/12/2017,178,7,-5.3,90,1.1,311,-6.6,0.0,0.0,2.2,Winter,No Holiday,Yes,14656
19/01/2018,58,4,-0.7,45,1.4,1241,-11.1,0.0,0.0,0.0,Winter,No Holiday,Yes,10650
10/06/2018,1634,22,21.5,55,1.8,2000,12.0,0.0,0.0,0.0,Summer,No Holiday,Yes,11572
31/01/2018,34,4,-2.4,82,1.5,877,-5.0,0.0,0.0,3.5,Winter,No Holiday,Yes,18557
24/04/2018,971,15,16.1,52,1.5,2000,6.2,0.93,0.0,0.0,Spring,No Holiday,Yes,15117
03/10/2018,1113,10,17.3,53,0.7,1406,7.6,1.83,0.0,0.0,Autumn,Holiday,Yes,11704
06/10/2018,6,8,16.6,97,2.0,457,16.1,0.01,9.0,0.0,Autumn,No Holiday,Yes,13014
01/09/2018,992,22,25.1,53,2.0,2000,14.8,0.0,0.0,0.0,Autumn,No Holiday,Yes,10661
28/08/2018,218,5,22.5,96,0.3,1605,21.8,0.0,0.0,0.0,Summer,No Holiday,Yes,13979
03/12/2017,117,3,3.4,71,1.6,1011,-1.3,0.0,0.5,0.0,Winter,No Holiday,Yes,12721
13/05/2018,83,4,13.8,98,2.9,27,13.4,0.0,0.0,0.0,Spring,No Holiday,Yes,15770
04/02/2018,165,12,-8.3,32,1.8,1295,-22.1,1.99,0.0,0.0,Winter,No Holiday,Yes,13283
21/01/2018,223,19,1.3,25,1.3,2000,-16.6,0.0,0.0,0.0,Winter,No Holiday,Yes,15162
12/11/2018,785,11,10.3,40,0.7,1672,-2.7,1.66,0.0,0.0,Autumn,No Holiday,Yes,15910
04/08/2018,1044,18,33.2,52,3.7,1986,22.0,1.14,0.0,0.0,Summer,No Holiday,Yes,11184
21/09/2018,1904,17,21.2,77,1.2,2000,16.9,0.31,0.0,0.0,Autumn,No Holiday,Yes,11145
08/12/2017,71,4,-5.3,53,2.4,1936,-13.4,0.0,0.0,0.0,Winter,No Holiday,Yes,15746
03/05/2018,1946,8,10.5,67,2.3,1221,4.6,0.98,0.0,0.0,Spring,No Holiday,Yes,14547
25/09/2018,558,0,14.7,55,1.6,2000,5.7,0.0,0.0,0.0,Autumn,Holiday,Yes,11206
22/08/2018,993,16,37.4,35,1.3,2000,19.3,2.0,0.0,0.0,Summer,No Holiday,Yes,11112
22/10/2018,202,5,9.4,65,0.8,1659,3.1,0.0,0.0,0.0,Autumn,No Holiday,Yes,12037
28/05/2018,986,11,25.1,45,0.9,1982,12.3,2.9,0.0,0.0,Spring,No Holiday,Yes,10234
29/12/2017,370,13,5.2,58,2.5,435,-2.4,0.81,0.0,0.0,Winter,No Holiday,Yes,11529
09/07/2018,95,21,20.3,96,1.0,1007,19.6,0.0,1.5,0.0,Summer,No Holiday,Yes,13894
07/01/2018,246,19,1.6,35,1.0,1419,-12.2,0.0,0.0,0.0,Winter,No Holiday,Yes,16389
26/05/2018,987,0,17.0,59,1.1,1299,8.9,0.0,0.0,0.0,Spring,No Holiday,Yes,10632
14/03/2018,1025,15,21.7,39,3.3,1979,7.1,2.09,0.0,0.0,Spring,No Holiday,Yes,11544
25/08/2018,2022,20,24.6,65,2.9,2000,17.5,0.0,0.0,0.0,Summer,No Holiday,Yes,11583
29/03/2018,781,7,12.8,82,0.6,370,9.7,0.01,0.0,0.0,Spring,No Holiday,Yes,13027
16/06/2018,892,8,18.7,57,1.0,1956,9.9,1.05,0.0,0.0,Summer,No Holiday,Yes,13858
17/10/2018,739,0,12.3,75,1.2,1332,7.9,0.0,0.0,0.0,Autumn,No Holiday,Yes,10665
01/07/2018,25,17,22.4,96,0.4,1661,21.7,0.21,1.5,0.0,Summer,No Holiday,Yes,11534
15/03/2018,9,4,15.1,86,2.1,877,12.7,0.0,0.0,0.0,Spring,No Holiday,Yes,16489
29/08/2018,583,15,26.9,77,2.5,1937,22.5,0.26,0.0,0.0,Summer,No Holiday,Yes,17993
06/02/2018,227,17,-6.6,29,2.5,2000,-21.7,0.68,0.0,0.0,Winter,No Holiday,Yes,15472
11/03/2018,115,3,4.4,80,1.6,393,1.2,0.0,0.0,0.0,Spring,No Holiday,Yes,14525
30/12/2017,88,7,-0.7,79,0.7,259,-3.8,0.0,0.0,0.0,Winter,No Holiday,Yes,10275
10/03/2018,757,13,8.2,42,3.1,1261,-3.9,2.66,0.0,0.0,Spring,No Holiday,Yes,11618
25/05/2018,201,5,14.3,75,0.6,635,9.9,0.0,0.0,0.0,Spring,No Holiday,Yes,15509
26/09/2018,2270,16,24.4,35,1.8,2000,7.9,1.71,0.0,0.0,Autumn,No Holiday,Yes,16997
13/06/2018,2276,20,22.1,65,1.3,1611,15.2,0.09,0.0,0.0,Summer,No Holiday,Yes,13583
21/01/2018,107,3,-2.0,60,0.5,474,-8.7,0.0,0.0,0.0,Winter,No Holiday,Yes,12973
21/06/2018,1543,7,19.9,74,1.7,683,15.1,0.21,0.0,0.0,Summer,No Holiday,Yes,10826
19/04/2018,930,13,19.2,17,2.2,1448,-6.4,2.89,0.0,0.0,Spring,No Holiday,Yes,17722
16/05/2018,145,2,23.9,69,0.3,531,17.8,0.0,0.2,0.0,Spring,No Holiday,Yes,12227
15/08/2018,850,1,29.6,69,0.4,1942,23.3,0.0,0.0,0.0,Summer,Holiday,Yes,16667
16/09/2018,222,15,23.2,83,1.5,349,20.1,0.77,0.5,0.0,Autumn,No Holiday,Yes,10162
13/05/2018,397,8,14.1,98,1.3,834,13.7,0.26,0.0,0.0,Spring,No Holiday,Yes,15604
06/12/2017,117,2,-3.0,79,0.0,1862,-6.1,0.0,0.0,0.4,Winter,No Holiday,Yes,14467
03/07/2018,818,10,27.6,71,1.6,1870,21.8,2.14,0.0,0.0,Summer,No Holiday,Yes,11990
04/05/2018,624,0,10.0,63,2.1,1653,3.2,0.0,0.0,0.0,Spring,No Holiday,Yes,16621
28/07/2018,656,2,28.8,80,1.9,925,24.9,0.0,0.0,0.0,Summer,No Holiday,Yes,15206
04/10/2018,0,22,19.8,60,1.6,2000,11.8,0.0,0.0,0.0,Autumn,No Holiday,No,17983
18/08/2018,857,11,28.4,35,1.6,2000,11.4,2.82,0.0,0.0,Summer,No Holiday,Yes,16398
06/12/2017,239,17,4.1,60,2.5,1565,-2.9,0.1,0.0,0.0,Winter,No Holiday,Yes,12968
07/01/2018,349,17,2.3,33,0.2,1515,-12.3,0.13,0.0,0.0,Winter,No Holiday,Yes,13664
14/09/2018,1869,20,25.0,61,1.1,2000,16.9,0.0,0.0,0.0,Autumn,No Holiday,Yes,13836
03/11/2018,0,3,7.1,67,0.6,1229,1.3,0.0,0.0,0.0,Autumn,No Holiday,No,12019
25/08/2018,1231,13,28.6,54,2.9,1925,18.3,1.85,0.0,0.0,Summer,No Holiday,Yes,11430
20/11/2018,659,10,5.1,33,1.4,1842,-9.8,1.1,0.0,0.0,Autumn,No Holiday,Yes,11413
25/09/2018,853,11,20.1,40,1.6,1985,6.0,2.47,0.0,0.0,Autumn,Holiday,Yes,16595
04/12/2017,112,2,4.4,87,1.8,207,2.4,0.0,0.0,0.0,Winter,No Holiday,Yes,17932
02/02/2018,65,3,-6.3,63,0.9,1425,-12.2,0.0,0.0,0.0,Winter,No Holiday,Yes,14987
27/02/2018,335,13,5.8,39,0.6,931,-7.1,0.35,0.0,0.0,Winter,No Holiday,Yes,13124
24/10/2018,249,3,9.4,85,1.6,983,6.9,0.0,0.0,0.0,Autumn,No Holiday,Yes,16843
11/02/2018,19,5,-7.8,39,2.8,2000,-19.3,0.0,0.0,0.0,Winter,No Holiday,Yes,10529
01/06/2018,1235,15,29.9,36,3.3,1866,13.2,2.94,0.0,0.0,Summer,No Holiday,Yes,13661
13/09/2018,1713,22,22.8,70,1.0,2000,17.0,0.0,0.0,0.0,Autumn,No Holiday,Yes,10895
04/05/2018,224,3,9.6,66,0.9,1685,3.5,0.0,0.0,0.0,Spring,No Holiday,Yes,12554
28/12/2017,288,11,-2.1,34,1.0,1868,-15.8,0.65,0.0,0.0,Winter,No Holiday,Yes,14280
11/11/2018,690,22,7.0,60,0.0,1948,-0.2,0.0,0.0,0.0,Autumn,No Holiday,Yes,13323
28/05/2018,2140,21,21.8,50,2.1,1950,10.9,0.0,0.0,0.0,Spring,No Holiday,Yes,15481
13/03/2018,309,0,6.4,62,0.7,506,-0.3,0.0,0.0,0.0,Spring,No Holiday,Yes,10066
11/06/2018,1475,17,20.7,72,3.4,2000,15.4,0.11,0.0,0.0,Summer,No Holiday,Yes,12548
18/04/2018,515,0,9.6,44,2.2,1417,-2.0,0.0,0.0,0.0,Spring,No Holiday,Yes,11778
17/10/2018,1200,9,11.2,63,1.1,656,4.4,0.88,0.0,0.0,Autumn,No Holiday,Yes,15334
26/11/2018,115,5,2.1,88,1.4,323,0.3,0.0,0.0,0.3,Autumn,No Holiday,Yes,16181
30/06/2018,859,2,22.2,88,1.0,295,20.1,0.0,0.0,0.0,Summer,No Holiday,Yes,14160
01/01/2018,344,15,3.0,27,2.9,1715,-14.2,0.78,0.0,0.0,Winter,Holiday,Yes,16512
28/03/2018,225,2,11.5,75,1.9,399,7.2,0.0,0.0,0.0,Spring,No Holiday,Yes,12012
20/09/2018,47,6,18.8,85,1.4,412,16.2,0.0,0.5,0.0,Autumn,No Holiday,Yes,14667
14/12/2017,211,23,-5.6,53,1.2,1290,-13.6,0.0,0.0,0.0,Winter,No Holiday,Yes,13088
02/10/2018,0,4,11.2,80,0.3,1236,7.8,0.0,0.0,0.0,Autumn,No Holiday,No,14413
14/08/2018,1165,23,30.3,65,0.4,2000,22.9,0.0,0.0,0.0,Summer,No Holiday,Yes,18467
04/01/2018,262,14,-0.8,32,1.4,1846,-15.4,0.78,0.0,0.0,Winter,No Holiday,Yes,16844
18/01/2018,416,17,2.8,46,2.1,858,-7.6,0.14,0.0,0.0,Winter,No Holiday,Yes,16608
03/04/2018,696,11,19.0,67,1.9,1062,12.7,0.52,0.0,0.0,Spring,No Holiday,Yes,16991
14/06/2018,193,4,21.0,72,0.8,677,15.7,0.0,0.0,0.0,Summer,No Holiday,Yes,16902
26/09/2018,934,23,17.4,46,2.1,2000,5.6,0.0,0.0,0.0,Autumn,No Holiday,Yes,15451
24/11/2018,30,7,1.2,87,1.9,77,-0.7,0.0,0.0,1.3,Autumn,No Holiday,Yes,17499
20/06/2018,1100,11,23.7,56,2.4,1070,14.3,2.33,0.0,0.0,Summer,No Holiday,Yes,11318
27/09/2018,2129,8,14.8,51,1.1,2000,4.7,0.59,0.0,0.0,Autumn,No Holiday,Yes,16380
02/08/2018,676,16,37.9,39,1.6,1757,21.5,1.76,0.0,0.0,Summer,No Holiday,Yes,16216
08/07/2018,1717,22,25.0,57,1.0,2000,15.8,0.0,0.0,0.0,Summer,No Holiday,Yes,16041
10/11/2018,768,11,13.8,63,2.2,416,6.8,1.32,0.0,0.0,Autumn,No Holiday,Yes,14757
24/03/2018,305,2,5.0,50,1.7,669,-4.5,0.0,0.0,0.0,Spring,No Holiday,Yes,11040
11/01/2018,187,14,-7.4,38,3.3,1718,-19.3,1.15,0.0,0.0,Winter,No Holiday,Yes,14698
15/11/2018,942,12,13.8,43,0.9,987,1.4,1.61,0.0,0.0,Autumn,No Holiday,Yes,17368
01/07/2018,9,9,22.1,94,0.9,624,21.0,0.22,1.5,0.0,Summer,No Holiday,Yes,13977
06/08/2018,613,12,33.2,59,2.6,1289,24.0,2.37,0.0,0.0,Summer,No Holiday,Yes,15927
11/02/2018,126,9,-8.6,28,1.5,1786,-23.8,0.49,0.0,0.0,Winter,No Holiday,Yes,17178
28/12/2017,303,15,0.4,57,2.4,1179,-7.1,0.36,0.0,0.0,Winter,No Holiday,Yes,13035
01/10/2018,1799,17,17.2,53,2.9,2000,7.5,0.25,0.0,0.0,Autumn,No Holiday,Yes,11637
25/07/2018,2416,18,32.2,58,2.5,1553,22.8,0.44,0.0,0.0,Summer,No Holiday,Yes,11789
12/05/2018,862,0,16.1,54,1.3,1052,6.7,0.0,0.0,0.0,Spring,No Holiday,Yes,14233
14/06/2018,1153,14,23.8,62,1.2,1282,16.0,1.91,0.0,0.0,Summer,No Holiday,Yes,18416
10/10/2018,1489,20,10.6,48,2.0,2000,0.0,0.0,0.0,0.0,Autumn,No Holiday,Yes,11810
20/09/2018,573,14,19.3,83,2.3,2000,16.3,0.83,0.5,0.0,Autumn,No Holiday,Yes,11788
09/08/2018,659,11,30.8,63,2.4,1919,22.9,0.94,0.0,0.0,Summer,No Holiday,Yes,10318
07/12/2017,552,17,2.1,50,2.0,1434,-7.2,0.15,0.0,0.0,Winter,No Holiday,Yes,14189
22/12/2017,250,1,-1.6,79,0.6,784,-4.7,0.0,0.0,0.8,Winter,Holiday,Yes,11555
11/04/2018,0,7,8.8,85,1.1,438,6.4,0.11,0.0,0.0,Spring,No Holiday,No,18310
14/05/2018,1071,23,18.8,73,0.8,291,13.8,0.0,0.0,0.0,Spring,No Holiday,Yes,16627
02/04/2018,1779,19,19.1,60,3.4,1592,11.1,0.1,0.0,0.0,Spring,No Holiday,Yes,16566
27/04/2018,2577,18,20.3,47,2.5,705,8.6,0.77,0.0,0.0,Spring,No Holiday,Yes,15892
03/06/2018,1556,15,30.7,21,2.5,1876,5.8,2.95,0.0,0.0,Summer,No Holiday,Yes,10411
27/03/2018,866,21,13.4,73,1.5,325,8.6,0.0,0.0,0.0,Spring,No Holiday,Yes,14700
11/06/2018,1033,13,23.7,49,1.2,2000,12.3,1.04,0.0,0.0,Summer,No Holiday,Yes,10386
11/08/2018,830,13,34.1,45,1.5,1993,20.4,2.57,0.0,0.0,Summer,No Holiday,Yes,17015
17/03/2018,718,19,8.8,49,3.2,1207,-1.3,0.05,0.0,0.0,Spring,No Holiday,Yes,10309
09/10/2018,0,8,11.4,66,0.8,1991,5.2,0.18,0.0,0.0,Autumn,Holiday,No,16202
12/04/2018,1142,22,13.5,15,2.2,2000,-12.6,0.0,0.0,0.0,Spring,No Holiday,Yes,10379
05/08/2018,253,4,27.3,83,2.2,1054,24.1,0.0,0.0,0.0,Summer,No Holiday,Yes,11373
13/05/2018,814,23,13.0,89,1.3,326,11.2,0.0,0.0,0.0,Spring,No Holiday,Yes,18391
01/05/2018,1400,22,19.9,75,0.8,516,15.3,0.0,0.0,0.0,Spring,Holiday,Yes,16434
06/12/2017,416,14,5.5,34,1.0,1966,-9.1,0.96,0.0,0.0,Winter,No Holiday,Yes,10681
08/09/2018,2255,18,25.7,38,1.5,2000,10.3,0.64,0.0,0.0,Autumn,No Holiday,Yes,12479
07/01/2018,162,1,-3.9,51,0.2,1535,-12.5,0.0,0.0,0.0,Winter,No Holiday,Yes,11514
27/05/2018,762,9,19.5,43,1.5,1548,0.0,1.02,0.0,0.0,Spring,No Holiday,Yes,10423
02/11/2018,642,0,7.2,64,1.0,1639,0.8,0.0,0.0,0.0,Autumn,No Holiday,Yes,12550
23/06/2018,2175,21,23.8,68,2.2,694,17.5,0.0,0.0,0.0,Summer,No Holiday,Yes,10805
11/10/2018,1685,17,13.2,36,3.6,2000,-1.5,0.55,0.0,0.0,Autumn,No Holiday,Yes,17403
23/10/2018,547,1,11.1,62,0.2,666,4.0,0.0,0.0,0.0,Autumn,No Holiday,Yes,10363
26/11/2018,1524,8,2.0,84,1.1,396,-0.4,0.03,0.0,0.3,Autumn,No Holiday,Yes,17338
27/01/2018,25,5,-15.4,45,0.8,2000,-24.6,0.0,0.0,0.3,Winter,No Holiday,Yes,17697
22/09/2018,93,5,18.8,96,0.2,973,18.1,0.0,6.5,0.0,Autumn,No Holiday,Yes,17981
13/01/2018,133,11,-4.8,70,1.0,1244,-9.4,0.21,0.0,0.6,Winter,No Holiday,Yes,10169
29/06/2018,1175,14,27.8,57,2.1,760,18.4,2.62,0.0,0.0,Summer,No Holiday,Yes,15070
26/11/2018,387,0,3.3,85,1.1,351,1.0,0.0,0.0,0.3,Autumn,No Holiday,Yes,10055
10/05/2018,0,6,11.4,80,1.0,885,8.0,0.02,0.0,0.0,Spring,No Holiday,No,12979
24/01/2018,203,17,-11.8,26,3.5,2000,-27.4,0.39,0.0,0.7,Winter,No Holiday,Yes,17577
06/07/2018,2282,17,26.6,52,2.2,2000,15.9,1.02,0.0,0.0,Summer,No Holiday,Yes,11582
22/06/2018,1087,14,31.6,25,2.3,1780,9.1,3.21,0.0,0.0,Summer,No Holiday,Yes,12095
18/09/2018,0,14,26.1,37,2.3,1749,10.2,1.92,0.0,0.0,Autumn,No Holiday,No,12805
15/12/2017,296,22,-0.1,49,2.0,870,-9.5,0.0,0.0,0.0,Winter,No Holiday,Yes,16502
29/10/2018,326,1,5.1,83,1.1,1989,2.4,0.0,0.0,0.0,Autumn,No Holiday,Yes,13426
07/10/2018,1385,21,14.4,36,1.0,2000,-0.5,0.0,0.0,0.0,Autumn,No Holiday,Yes,14824
30/06/2018,306,18,27.5,79,0.5,1237,23.5,0.65,0.5,0.0,Summer,No Holiday,Yes,17843
05/07/2018,2122,20,25.8,68,1.4,2000,19.4,0.09,0.0,0.0,Summer,No Holiday,Yes,16733
28/07/2018,706,16,28.6,82,3.4,1022,25.2,0.14,0.0,0.0,Summer,No Holiday,Yes,12060
02/02/2018,592,18,0.5,37,3.0,1733,-12.5,0.06,0.0,0.0,Winter,No Holiday,Yes,14234
19/07/2018,2114,20,29.8,62,2.9,1931,21.7,0.08,0.0,0.0,Summer,No Holiday,Yes,18124
08/04/2018,586,11,6.4,29,2.7,2000,-10.3,0.9,0.0,0.0,Spring,No Holiday,Yes,18704
16/05/2018,52,5,22.3,87,0.6,399,20.0,0.0,0.0,0.0,Spring,No Holiday,Yes,12307
19/04/2018,1198,16,19.8,25,4.4,1132,-0.8,2.02,0.0,0.0,Spring,No Holiday,Yes,12255
18/12/2017,281,18,0.0,88,0.6,277,-1.7,0.0,0.0,2.7,Winter,No Holiday,Yes,12054
08/06/2018,299,5,18.6,81,0.8,1205,15.2,0.0,0.0,0.0,Summer,No Holiday,Yes,15348
04/04/2018,22,3,14.3,97,1.2,228,13.8,0.0,7.0,0.0,Spring,No Holiday,Yes,13669
16/10/2018,1216,7,10.2,68,0.4,1493,4.5,0.0,0.0,0.0,Autumn,No Holiday,Yes,15789
13/11/2018,162,5,4.7,72,0.0,1310,0.0,0.0,0.0,0.0,Autumn,No Holiday,Yes,13681
04/10/2018,0,20,21.3,53,1.8,2000,11.3,0.0,0.0,0.0,Autumn,No Holiday,No,13850
12/01/2018,186,22,-6.9,39,1.6,2000,-18.5,0.0,0.0,0.0,Winter,No Holiday,Yes,17050
04/09/2018,324,2,20.9,96,0.4,970,20.2,0.0,0.0,0.0,Autumn,No Holiday,Yes,15227
08/01/2018,253,10,1.3,43,0.8,971,-9.9,0.16,0.0,0.0,Winter,No Holiday,Yes,10240
18/10/2018,185,5,7.8,81,1.1,2000,4.7,0.0,0.0,0.0,Autumn,No Holiday,Yes,15262
19/10/2018,1390,15,19.7,30,3.0,1971,1.6,1.89,0.0,0.0,Autumn,No Holiday,Yes,11931
10/09/2018,176,3,19.7,60,1.9,2000,11.7,0.0,0.0,0.0,Autumn,No Holiday,Yes,13236
08/04/2018,405,9,5.1,46,2.7,1888,-5.5,1.34,0.0,0.0,Spring,No Holiday,Yes,18166
16/07/2018,1425,17,33.0,46,3.1,1926,19.8,1.89,0.0,0.0,Summer,No Holiday,Yes,13682
07/08/2018,278,3,27.6,69,0.9,2000,21.3,0.0,0.0,0.0,Summer,No Holiday,Yes,10100
26/06/2018,783,1,26.7,50,1.8,884,15.4,0.0,0.0,0.0,Summer,No Holiday,Yes,16611
16/02/2018,49,7,-5.4,41,0.3,2000,-16.6,0.0,0.0,0.0,Winter,Holiday,Yes,13846
11/07/2018,1106,15,29.4,68,2.3,1525,22.8,1.29,0.0,0.0,Summer,No Holiday,Yes,10862
22/03/2018,565,11,6.9,46,2.1,1541,-3.9,2.33,0.0,0.0,Spring,No Holiday,Yes,10914
22/04/2018,410,2,15.4,41,0.5,1319,2.1,0.0,0.0,0.0,Spring,No Holiday,Yes,15951
07/09/2018,247,5,20.5,67,1.2,1649,14.1,0.0,0.0,0.0,Autumn,No Holiday,Yes,17357
21/11/2018,623,13,8.0,35,1.3,1895,-6.5,0.5,0.0,0.0,Autumn,No Holiday,Yes,15566
28/09/2018,0,13,19.1,53,1.4,2000,9.2,0.76,0.0,0.0,Autumn,No Holiday,No,12717
25/01/2018,160,14,-10.4,25,2.3,1981,-26.7,1.21,0.0,0.5,Winter,No Holiday,Yes,12397
05/07/2018,1105,16,28.2,71,1.7,2000,22.4,0.96,0.0,0.0,Summer,No Holiday,Yes,10587
17/04/2018,1112,12,18.0,26,2.2,1459,-1.8,3.03,0.0,0.0,Spring,No Holiday,Yes,11961
25/11/2018,355,9,2.3,88,1.1,286,0.5,0.41,0.0,2.5,Autumn,No Holiday,Yes,17255
07/03/2018,97,5,2.5,63,1.3,1987,-3.8,0.0,0.0,0.0,Spring,No Holiday,Yes,12882
19/12/2017,122,0,-1.0,73,2.3,881,-5.2,0.0,0.0,2.6,Winter,No Holiday,Yes,17806
11/06/2018,1307,9,22.2,48,1.7,1889,10.6,1.77,0.0,0.0,Summer,No Holiday,Yes,15989
01/01/2018,225,12,1.5,20,2.8,1992,-19.0,1.03,0.0,0.0,Winter,Holiday,Yes,12118
07/08/2018,1898,19,32.9,56,2.6,1944,22.9,0.4,0.0,0.0,Summer,No Holiday,Yes,15853
19/11/2018,910,22,5.3,39,2.3,1512,-7.5,0.0,0.0,0.0,Autumn,No Holiday,Yes,14141
22/12/2017,248,10,1.4,64,1.0,897,-4.6,0.25,0.0,0.5,Winter,Holiday,Yes,15385
05/07/2018,2594,18,26.8,71,1.2,2000,21.0,0.21,0.0,0.0,Summer,No Holiday,Yes,16116
31/08/2018,987,14,29.3,41,1.9,1928,14.6,3.0,0.0,0.0,Summer,No Holiday,Yes,13227
10/02/2018,132,20,-4.4,19,5.8,2000,-24.6,0.0,0.0,0.0,Winter,No Holiday,Yes,15577
30/03/2018,939,12,19.1,26,1.6,1704,-0.8,2.73,0.0,0.0,Spring,No Holiday,Yes,13782
28/09/2018,0,2,16.0,56,1.5,2000,7.2,0.0,0.0,0.0,Autumn,No Holiday,No,14284
27/02/2018,236,0,2.6,40,1.8,1095,-9.6,0.0,0.0,0.0,Winter,No Holiday,Yes,16144
07/10/2018,255,4,15.1,90,1.2,850,13.4,0.0,0.0,0.0,Autumn,No Holiday,Yes,14232
11/09/2018,435,2,18.9,52,1.1,2000,8.8,0.0,0.0,0.0,Autumn,No Holiday,Yes,16173
09/12/2017,267,0,-3.5,48,0.9,1967,-12.9,0.0,0.0,0.0,Winter,No Holiday,Yes,16527
19/07/2018,672,6,23.3,83,0.2,875,20.2,0.02,0.0,0.0,Summer,No Holiday,Yes,13945
29/10/2018,771,10,9.6,43,1.8,1930,-2.3,1.49,0.0,0.0,Autumn,No Holiday,Yes,11326
12/01/2018,259,17,-6.5,22,1.5,2000,-24.7,0.28,0.0,0.0,Winter,No Holiday,Yes,10278
16/02/2018,36,3,-4.4,37,1.7,1989,-16.9,0.0,0.0,0.0,Winter,Holiday,Yes,16631
31/12/2017,267,13,2.5,36,3.7,1578,-11.0,1.15,0.0,0.7,Winter,Holiday,Yes,10803
09/04/2018,869,13,12.4,32,1.7,1441,-3.8,3.06,0.0,0.0,Spring,No Holiday,Yes,13898
09/05/2018,203,5,9.5,65,0.9,2000,3.2,0.0,0.0,0.0,Spring,No Holiday,Yes,18098
19/01/2018,342,20,1.2,51,0.6,1544,-7.8,0.0,0.0,0.0,Winter,No Holiday,Yes,15740
14/11/2018,963,12,14.2,45,0.9,1531,2.4,1.86,0.0,0.0,Autumn,No Holiday,Yes,16775
11/05/2018,154,4,11.9,85,0.7,315,9.4,0.0,0.0,0.0,Spring,No Holiday,Yes,12988
05/03/2018,184,8,3.6,88,2.3,2000,1.7,0.03,0.0,0.0,Spring,No Holiday,Yes,15977
19/02/2018,139,6,-1.4,46,0.3,1651,-11.5,0.0,0.0,0.0,Winter,No Holiday,Yes,12230
30/05/2018,916,10,21.4,71,1.7,476,15.9,1.43,0.0,0.0,Spring,No Holiday,Yes,13863
21/08/2018,173,3,26.8,62,4.5,1742,18.9,0.0,0.1,0.0,Summer,No Holiday,Yes,11736
20/12/2017,172,1,-7.3,67,1.1,1593,-12.3,0.0,0.0,2.0,Winter,No Holiday,Yes,12297
12/09/2018,1251,15,27.7,41,1.6,1969,13.2,1.98,0.0,0.0,Autumn,No Holiday,Yes,11097
11/10/2018,707,0,7.9,53,0.9,2000,-1.1,0.0,0.0,0.0,Autumn,No Holiday,Yes,11783
03/08/2018,443,2,31.5,68,0.3,1001,24.8,0.0,0.0,0.0,Summer,No Holiday,Yes,17367
22/08/2018,782,1,24.6,79,0.6,1884,20.7,0.0,0.0,0.0,Summer,No Holiday,Yes,12826
13/12/2017,251,13,-5.8,28,2.9,1887,-21.4,1.23,0.0,0.0,Winter,No Holiday,Yes,14812
29/09/2018,1284,11,22.3,50,1.3,2000,11.3,2.36,0.0,0.0,Autumn,No Holiday,Yes,16786
01/02/2018,268,16,1.1,26,2.1,1957,-16.3,0.82,0.0,0.0,Winter,No Holiday,Yes,10456
03/09/2018,264,5,23.9,70,1.5,2000,18.0,0.0,0.0,0.0,Autumn,No Holiday,Yes,17514
17/06/2018,929,1,20.9,79,2.0,932,17.1,0.0,0.0,0.0,Summer,No Holiday,Yes,17103
22/01/2018,683,8,-0.7,32,0.5,1991,-15.3,0.0,0.0,0.0,Winter,No Holiday,Yes,17681
25/02/2018,572,14,7.0,23,2.4,1645,-12.7,2.52,0.0,0.0,Winter,No Holiday,Yes,13333
16/02/2018,114,21,0.1,67,2.5,1451,-5.3,0.0,0.0,0.0,Winter,Holiday,Yes,16222
14/10/2018,1394,12,17.2,33,1.1,1258,0.7,2.28,0.0,0.0,Autumn,No Holiday,Yes,11926
16/01/2018,140,6,1.2,69,0.6,436,-3.8,0.0,0.0,0.0,Winter,No Holiday,Yes,10835
04/02/2018,34,7,-12.4,54,2.5,1790,-19.8,0.0,0.0,0.0,Winter,No Holiday,Yes,11796
20/08/2018,1971,21,29.3,63,3.1,1677,21.5,0.0,0.0,0.0,Summer,No Holiday,Yes,17424
10/02/2018,216,18,-2.0,15,5.6,2000,-25.2,0.13,0.0,0.0,Winter,No Holiday,Yes,17096
07/04/2018,553,11,4.7,26,4.8,1927,-13.2,1.55,0.0,0.0,Spring,No Holiday,Yes,17407
08/07/2018,2266,17,27.4,44,1.7,2000,14.0,1.17,0.0,0.0,Summer,No Holiday,Yes,10522
28/09/2018,0,18,20.4,56,1.7,2000,11.3,0.2,0.0,0.0,Autumn,No Holiday,No,14681
04/11/2018,112,5,6.6,73,0.3,1219,2.0,0.0,0.0,0.0,Autumn,No Holiday,Yes,18660
01/08/2018,569,12,36.8,39,1.3,1944,20.5,2.8,0.0,0.0,Summer,No Holiday,Yes,12205
13/03/2018,678,13,17.1,42,3.2,1305,4.0,2.6,0.0,0.0,Spring,No Holiday,Yes,16874
10/02/2018,237,1,1.7,71,1.2,584,-3.0,0.0,0.0,0.0,Winter,No Holiday,Yes,11322
03/03/2018,588,21,10.3,52,2.2,1843,0.8,0.0,0.0,0.0,Spring,No Holiday,Yes,17041
13/06/2018,1478,11,24.5,51,1.5,1333,13.6,1.97,0.0,0.0,Summer,No Holiday,Yes,14445
05/02/2018,33,3,-11.3,54,0.6,2000,-18.7,0.0,0.0,0.0,Winter,No Holiday,Yes,12069
09/06/2018,766,23,20.7,66,1.6,2000,14.1,0.0,0.0,0.0,Summer,No Holiday,Yes,11066
15/07/2018,715,9,27.0,71,1.0,1518,21.2,0.97,0.0,0.0,Summer,No Holiday,Yes,15897
02/11/2018,1024,7,4.1,75,0.8,1143,0.0,0.0,0.0,0.0,Autumn,No Holiday,Yes,17226
25/10/2018,161,4,8.5,83,1.2,1577,5.7,0.0,0.0,0.0,Autumn,No Holiday,Yes,11371
08/01/2018,112,23,-0.6,62,4.2,936,-6.9,0.0,0.0,1.0,Winter,No Holiday,Yes,18169
30/08/2018,73,5,24.0,97,0.9,1347,23.4,0.0,0.5,0.0,Summer,No Holiday,Yes,11419
24/08/2018,45,5,24.6,88,1.5,1967,22.4,0.0,0.5,0.0,Summer,No Holiday,Yes,18619
01/11/2018,433,6,2.9,75,0.2,1761,-1.1,0.0,0.0,0.0,Autumn,No Holiday,Yes,12535
06/02/2018,106,23,-11.8,46,1.1,1860,-21.1,0.0,0.0,0.0,Winter,No Holiday,Yes,11527
19/01/2018,387,9,-2.1,42,1.3,1519,-13.3,0.17,0.0,0.0,Winter,No Holiday,Yes,10642
19/04/2018,677,23,12.9,51,1.7,1200,2.9,0.0,0.0,0.0,Spring,No Holiday,Yes,10348
24/01/2018,149,15,-10.8,29,3.8,2000,-25.4,1.06,0.0,0.7,Winter,No Holiday,Yes,17283
15/05/2018,848,23,24.8,60,1.0,795,16.5,0.0,0.0,0.0,Spring,No Holiday,Yes,17122
10/02/2018,248,12,2.9,53,4.7,354,-5.7,1.37,0.0,0.0,Winter,No Holiday,Yes,15621
17/01/2018,320,21,3.1,74,1.1,333,-1.0,0.0,0.0,0.0,Winter,No Holiday,Yes,10124
11/03/2018,533,21,5.7,34,1.0,1520,-8.9,0.0,0.0,0.0,Spring,No Holiday,Yes,13092
20/08/2018,992,15,32.9,45,1.9,1877,19.3,1.84,0.0,0.0,Summer,No Holiday,Yes,16966
25/08/2018,1592,16,27.2,58,3.7,1987,18.2,0.99,0.0,0.0,Summer,No Holiday,Yes,17412
16/06/2018,2451,18,28.0,46,2.3,1833,15.2,1.23,0.0,0.0,Summer,No Holiday,Yes,18366
06/05/2018,43,3,16.2,94,1.7,400,15.2,0.0,1.5,0.0,Spring,No Holiday,Yes,15096
27/11/2018,777,21,7.5,35,1.8,656,-7.0,0.0,0.0,0.0,Autumn,No Holiday,Yes,17299
03/08/2018,1105,17,35.8,49,3.9,1633,23.4,1.52,0.0,0.0,Summer,No Holiday,Yes,11597
15/12/2017,464,17,-0.2,39,0.8,1016,-12.5,0.0,0.0,0.0,Winter,No Holiday,Yes,18452
07/10/2018,1188,11,19.1,56,2.4,1802,10.1,2.15,0.0,0.0,Autumn,No Holiday,Yes,15571
30/04/2018,901,11,20.3,52,0.9,468,10.1,1.96,0.0,0.0,Spring,No Holiday,Yes,16346
19/07/2018,1315,7,23.6,75,0.9,856,18.9,0.36,0.0,0.0,Summer,No Holiday,Yes,11046
10/11/2018,589,8,9.3,85,0.3,313,6.9,0.07,0.0,0.0,Autumn,No Holiday,Yes,13010
17/11/2018,735,19,6.0,44,0.8,1758,-5.3,0.0,0.0,0.0,Autumn,No Holiday,Yes,18264
21/09/2018,143,12,19.1,91,2.0,1971,17.5,0.63,0.0,0.0,Autumn,No Holiday,Yes,18510
21/08/2018,876,9,24.4,82,3.0,1847,21.1,0.6,0.0,0.0,Summer,No Holiday,Yes,11673
16/04/2018,226,1,7.6,62,1.2,1885,0.7,0.0,0.0,0.0,Spring,No Holiday,Yes,17666
17/11/2018,151,6,1.0,77,0.6,1259,-2.5,0.0,0.0,0.0,Autumn,No Holiday,Yes,16067
26/10/2018,900,16,14.5,81,1.8,1588,11.2,0.78,0.0,0.0,Autumn,No Holiday,Yes,17890
05/07/2018,1941,22,24.4,67,1.6,2000,17.8,0.0,0.0,0.0,Summer,No Holiday,Yes,12860
05/04/2018,129,9,6.8,89,2.9,2000,5.1,0.07,0.0,0.0,Spring,No Holiday,Yes,13445
22/10/2018,372,1,10.7,57,0.9,1828,2.5,0.0,0.0,0.0,Autumn,No Holiday,Yes,10126
21/09/2018,45,7,17.6,96,1.7,310,16.9,0.0,5.0,0.0,Autumn,No Holiday,Yes,13486
25/09/2018,542,9,15.3,49,1.0,2000,4.6,1.34,0.0,0.0,Autumn,Holiday,Yes,12740
26/04/2018,546,1,12.4,55,1.0,1836,3.5,0.0,0.0,0.0,Spring,No Holiday,Yes,16883
28/08/2018,59,23,22.8,97,1.0,600,22.2,0.0,3.5,0.0,Summer,No Holiday,Yes,12164
02/06/2018,677,2,19.6,60,1.9,1200,11.6,0.0,0.0,0.0,Summer,No Holiday,Yes,17114
17/04/2018,164,3,7.8,49,1.0,1975,-2.2,0.0,0.0,0.0,Spring,No Holiday,Yes,16333
18/02/2018,337,13,3.7,17,1.4,2000,-19.1,1.98,0.0,0.0,Winter,No Holiday,Yes,13387
29/09/2018,290,6,14.6,81,1.0,2000,11.3,0.0,0.0,0.0,Autumn,No Holiday,Yes,16680
04/02/2018,152,13,-8.3,34,4.0,1561,-21.4,2.22,0.0,0.0,Winter,No Holiday,Yes,15003
15/07/2018,946,15,32.9,49,2.6,1631,20.7,2.81,0.0,0.0,Summer,No Holiday,Yes,12930
22/11/2018,164,3,0.6,42,1.1,2000,-10.8,0.0,0.0,0.0,Autumn,No Holiday,Yes,14675
15/01/2018,82,6,4.9,83,3.0,582,2.2,0.0,0.0,0.0,Winter,No Holiday,Yes,11837
16/11/2018,683,0,7.8,57,0.3,792,-0.2,0.0,0.0,0.0,Autumn,No Holiday,Yes,12610
26/04/2018,851,23,12.1,58,1.9,1719,4.0,0.0,0.0,0.0,Spring,No Holiday,Yes,14469
24/01/2018,32,3,-15.2,30,3.4,2000,-28.9,0.0,0.0,0.9,Winter,No Holiday,Yes,15727
14/03/2018,1325,17,20.5,49,3.5,2000,9.4,1.18,0.0,0.0,Spring,No Holiday,Yes,10759
23/01/2018,84,6,-11.5,47,3.2,2000,-20.5,0.0,0.0,1.0,Winter,No Holiday,Yes,18616
25/07/2018,1893,8,28.7,70,3.5,1470,22.6,0.52,0.0,0.0,Summer,No Holiday,Yes,18133
28/03/2018,104,4,10.6,77,0.9,422,6.7,0.0,0.0,0.0,Spring,No Holiday,Yes,13470
05/08/2018,309,8,27.5,95,0.7,404,26.6,0.14,1.6,0.0,Summer,No Holiday,Yes,17506
04/06/2018,2190,17,24.9,46,2.0,1855,12.4,0.91,0.0,0.0,Summer,No Holiday,Yes,15777
24/09/2018,105,5,14.4,66,0.3,2000,8.1,0.0,0.0,0.0,Autumn,Holiday,Yes,16978
12/08/2018,1127,22,28.8,79,0.2,1604,24.7,0.0,0.0,0.0,Summer,No Holiday,Yes,13101
21/10/2018,679,9,10.5,56,1.2,1741,2.0,0.98,0.0,0.0,Autumn,No Holiday,Yes,14250
22/04/2018,384,14,20.7,32,1.5,1996,3.3,0.69,0.0,0.0,Spring,No Holiday,Yes,10127
20/02/2018,164,6,-2.1,82,1.8,381,-4.7,0.0,0.0,0.0,Winter,No Holiday,Yes,15125
12/05/2018,16,9,11.8,95,1.0,168,11.0,0.14,3.0,0.0,Spring,No Holiday,Yes,18250
12/05/2018,19,13,12.6,97,0.6,327,12.1,0.14,3.0,0.0,Spring,No Holiday,Yes,10645
09/06/2018,225,21,22.4,72,1.5,1816,17.0,0.0,0.1,0.0,Summer,No Holiday,Yes,15562
08/02/2018,253,12,-1.5,35,1.2,1551,-15.0,1.9,0.0,0.0,Winter,No Holiday,Yes,10221
26/07/2018,939,0,27.7,78,1.2,1341,23.5,0.0,0.0,0.0,Summer,No Holiday,Yes,16460
23/03/2018,422,23,5.0,42,1.7,717,-6.8,0.0,0.0,0.0,Spring,No Holiday,Yes,12144
11/04/2018,0,9,11.8,59,2.1,975,4.0,1.44,0.0,0.0,Spring,No Holiday,No,13440
26/04/2018,409,2,11.9,57,1.0,1793,3.6,0.0,0.0,0.0,Spring,No Holiday,Yes,11205
17/04/2018,1120,15,19.9,26,3.5,1628,-0.1,2.8,0.0,0.0,Spring,No Holiday,Yes,11329
27/06/2018,164,2,19.6,97,2.6,201,19.1,0.0,0.4,0.0,Summer,No Holiday,Yes,13730
13/09/2018,2003,20,24.6,62,0.9,2000,16.8,0.0,0.0,0.0,Autumn,No Holiday,Yes,11904
25/12/2017,94,8,-4.9,44,3.0,2000,-15.3,0.0,0.0,0.0,Winter,Holiday,Yes,17203
28/07/2018,1095,20,29.2,82,0.4,1000,25.8,0.01,0.0,0.0,Summer,No Holiday,Yes,15884
19/01/2018,471,19,2.0,48,1.8,1519,-7.8,0.0,0.0,0.0,Winter,No Holiday,Yes,16078
11/08/2018,1006,17,35.8,36,2.2,2000,18.3,1.58,0.0,0.0,Summer,No Holiday,Yes,14596
19/07/2018,827,15,33.7,41,2.5,1924,18.6,3.04,0.0,0.0,Summer,No Holiday,Yes,13989
27/02/2018,402,15,6.7,48,0.8,817,-3.5,0.39,0.0,0.0,Winter,No Holiday,Yes,13938
13/11/2018,1188,16,14.2,37,2.0,1783,-0.3,0.91,0.0,0.0,Autumn,No Holiday,Yes,14123
02/08/2018,605,15,36.6,44,1.5,1771,22.3,1.13,0.0,0.0,Summer,No Holiday,Yes,16625
29/11/2018,1635,8,0.8,44,1.7,1439,-10.0,0.02,0.0,0.0,Autumn,No Holiday,Yes,16728
21/09/2018,23,6,17.6,95,1.7,974,16.7,0.0,1.5,0.0,Autumn,No Holiday,Yes,13380
02/01/2018,344,7,-3.2,69,0.5,1249,-8.0,0.0,0.0,0.0,Winter,No Holiday,Yes,14323
29/03/2018,1194,17,20.3,48,2.8,635,8.9,1.14,0.0,0.0,Spring,No Holiday,Yes,13163
25/10/2018,266,3,9.1,79,0.2,1689,5.6,0.0,0.0,0.0,Autumn,No Holiday,Yes,16882
30/12/2017,45,18,3.0,84,1.7,137,0.5,0.0,0.3,0.0,Winter,No Holiday,Yes,13461
03/06/2018,673,2,18.6,60,1.8,1841,10.6,0.0,0.0,0.0,Summer,No Holiday,Yes,15057
03/07/2018,2398,20,28.8,72,0.9,2000,23.2,0.11,0.0,0.0,Summer,No Holiday,Yes,15413
15/07/2018,443,3,24.8,86,0.2,1354,22.2,0.0,0.0,0.0,Summer,No Holiday,Yes,13397
11/01/2018,227,9,-12.0,53,2.6,1781,-19.6,0.16,0.0,0.0,Winter,No Holiday,Yes,14601
11/12/2017,111,1,-3.4,36,3.8,2000,-16.3,0.0,0.0,0.0,Winter,No Holiday,Yes,16074
16/01/2018,277,16,5.8,50,0.9,547,-3.8,0.11,0.0,0.0,Winter,No Holiday,Yes,10409
26/01/2018,64,6,-17.4,40,1.6,2000,-27.7,0.0,0.0,0.5,Winter,No Holiday,Yes,12751
24/12/2017,132,19,1.1,68,4.4,695,-4.1,0.0,0.0,0.0,Winter,Holiday,Yes,11245
09/03/2018,537,21,3.5,69,1.4,1177,-1.6,0.0,0.0,0.0,Spring,No Holiday,Yes,12435
27/12/2017,216,23,-6.3,39,0.9,2000,-18.0,0.0,0.0,0.0,Winter,No Holiday,Yes,15497
08/10/2018,711,0,12.3,44,0.8,2000,0.3,0.0,0.0,0.0,Autumn,No Holiday,Yes,12094
13/09/2018,655,6,20.3,71,1.6,2000,14.8,0.0,0.0,0.0,Autumn,No Holiday,Yes,17124
02/08/2018,265,5,30.7,57,0.9,2000,21.1,0.0,0.0,0.0,Summer,No Holiday,Yes,10063
01/02/2018,194,11,-2.6,33,1.5,1830,-16.6,0.95,0.0,1.4,Winter,No Holiday,Yes,16607
15/09/2018,829,8,21.7,78,0.3,2000,17.6,0.21,0.0,0.0,Autumn,No Holiday,Yes,15648
23/11/2018,800,9,-1.5,33,0.9,1962,-15.7,0.57,0.0,0.0,Autumn,No Holiday,Yes,18017
06/12/2017,222,22,1.3,92,0.6,233,0.1,0.0,0.0,1.0,Winter,No Holiday,Yes,11001
15/10/2018,272,2,11.8,82,0.7,1262,8.8,0.0,0.0,0.0,Autumn,No Holiday,Yes,11732
08/05/2018,1135,12,21.5,44,2.1,1986,8.7,3.15,0.0,0.0,Spring,No Holiday,Yes,12418
25/11/2018,75,6,1.7,95,0.7,220,0.9,0.0,0.0,2.5,Autumn,No Holiday,Yes,10383
19/08/2018,2186,19,29.7,55,2.5,2000,19.6,0.23,0.0,0.0,Summer,No Holiday,Yes,10331
25/12/2017,260,17,-0.7,29,2.0,2000,-16.5,0.21,0.0,0.0,Winter,Holiday,Yes,14572
04/06/2018,351,2,20.1,49,0.8,1978,9.0,0.0,0.0,0.0,Summer,No Holiday,Yes,11238
15/06/2018,1461,15,26.7,40,1.6,1995,11.9,2.42,0.0,0.0,Summer,No Holiday,Yes,15938
11/07/2018,2328,19,28.2,72,1.6,1745,22.6,0.13,0.0,0.0,Summer,No Holiday,Yes,18321
23/12/2017,453,17,7.7,67,0.9,264,1.9,0.11,0.0,0.0,Winter,No Holiday,Yes,18558
30/12/2017,234,1,-0.5,83,0.7,244,-3.0,0.0,0.0,0.0,Winter,No Holiday,Yes,10266
17/03/2018,1111,13,10.9,32,1.2,1772,-5.1,2.22,0.0,0.0,Spring,No Holiday,Yes,13988
25/04/2018,1958,19,18.2,36,3.5,2000,2.8,0.29,0.0,0.0,Spring,No Holiday,Yes,10521
28/05/2018,641,6,16.2,0,0.5,1588,9.3,0.05,0.0,0.0,Spring,No Holiday,Yes,13700
31/01/2018,188,22,-4.2,48,1.0,2000,-13.5,0.0,0.0,1.6,Winter,No Holiday,Yes,13245
07/08/2018,201,4,27.3,68,0.7,2000,20.8,0.0,0.0,0.0,Summer,No Holiday,Yes,10064
09/05/2018,2405,19,18.8,47,2.8,1988,7.2,0.4,0.0,0.0,Spring,No Holiday,Yes,15079
30/12/2017,42,23,1.4,92,1.9,73,0.2,0.0,0.0,0.0,Winter,No Holiday,Yes,14415
29/01/2018,27,3,-9.8,43,2.8,1963,-20.0,0.0,0.0,0.0,Winter,No Holiday,Yes,13958
20/08/2018,281,5,25.7,68,0.8,1395,19.3,0.0,0.0,0.0,Summer,No Holiday,Yes,12333
09/06/2018,1156,10,25.8,49,1.3,1442,14.2,2.42,0.0,0.0,Summer,No Holiday,Yes,16681
06/04/2018,1114,18,5.9,43,5.3,859,-5.7,0.62,0.0,0.0,Spring,No Holiday,Yes,13458
14/12/2017,279,7,-10.9,57,1.1,1387,-17.7,0.0,0.0,0.0,Winter,No Holiday,Yes,10856
10/08/2018,484,2,26.9,84,0.8,1007,23.9,0.0,0.0,0.0,Summer,No Holiday,Yes,13729
28/12/2017,260,23,0.1,63,1.1,1003,-6.1,0.0,0.0,0.0,Winter,No Holiday,Yes,10528
27/05/2018,2044,20,20.6,41,2.3,1788,6.8,0.09,0.0,0.0,Spring,No Holiday,Yes,15617
10/03/2018,381,9,2.7,71,1.3,418,-2.0,0.3,0.0,0.0,Spring,No Holiday,Yes,13224
24/09/2018,141,4,14.9,68,0.9,2000,9.0,0.0,0.0,0.0,Autumn,Holiday,Yes,14721
04/07/2018,316,5,24.2,86,0.2,2000,21.7,0.0,0.0,0.0,Summer,No Holiday,Yes,16297
26/08/2018,243,6,20.4,88,0.6,1064,18.3,0.0,0.0,0.0,Summer,No Holiday,Yes,18011
23/08/2018,215,22,26.6,84,1.7,1815,23.6,0.0,1.5,0.0,Summer,No Holiday,Yes,13123
28/08/2018,653,1,23.1,94,0.6,2000,22.0,0.0,0.0,0.0,Summer,No Holiday,Yes,18156
22/09/2018,1743,19,21.3,43,2.8,2000,8.2,0.02,0.0,0.0,Autumn,No Holiday,Yes,18640
13/10/2018,1402,12,16.6,36,0.7,1442,1.4,2.45,0.0,0.0,Autumn,No Holiday,Yes,14494
02/10/2018,0,7,10.4,81,0.3,1956,7.2,0.02,0.0,0.0,Autumn,No Holiday,No,16296
01/07/2018,17,18,22.2,96,1.2,673,21.5,0.09,3.5,0.0,Summer,No Holiday,Yes,16554
11/08/2018,355,6,26.5,69,0.8,2000,20.3,0.0,0.0,0.0,Summer,No Holiday,Yes,16795
06/06/2018,1251,23,20.1,77,3.1,797,15.9,0.0,0.0,0.0,Summer,Holiday,Yes,12801
08/08/2018,260,5,27.9,84,0.0,1172,24.9,0.0,0.0,0.0,Summer,No Holiday,Yes,13849
04/12/2017,379,11,-0.5,41,4.1,1799,-12.1,0.94,0.0,0.0,Winter,No Holiday,Yes,18709
14/06/2018,94,7,19.4,97,0.9,272,18.9,0.0,13.5,0.0,Summer,No Holiday,Yes,16471
21/03/2018,80,5,1.3,40,2.3,2000,-10.8,0.0,0.0,0.0,Spring,No Holiday,Yes,11092
29/10/2018,184,2,4.7,81,1.0,1918,1.7,0.0,0.0,0.0,Autumn,No Holiday,Yes,13831
20/05/2018,2145,19,20.8,24,2.0,2000,-0.5,0.56,0.0,0.0,Spring,No Holiday,Yes,14042
19/05/2018,526,2,11.1,74,1.9,2000,6.6,0.0,0.0,0.0,Spring,No Holiday,Yes,12044
28/02/2018,116,3,5.3,55,1.7,488,-3.0,0.0,0.0,0.0,Winter,No Holiday,Yes,14343
06/01/2018,356,13,0.9,28,2.4,1895,-15.6,1.18,0.0,0.0,Winter,No Holiday,Yes,12796
26/01/2018,36,5,-16.9,38,2.3,2000,-27.9,0.0,0.0,0.5,Winter,No Holiday,Yes,16601
27/12/2017,262,7,-10.1,38,2.3,2000,-21.7,0.0,0.0,0.0,Winter,No Holiday,Yes,13670
16/01/2018,51,4,0.8,65,0.7,502,-5.0,0.0,0.0,0.0,Winter,No Holiday,Yes,15723
07/11/2018,1176,19,13.8,81,1.5,760,10.5,0.0,0.0,0.0,Autumn,No Holiday,Yes,18007
12/02/2018,103,0,-7.7,52,3.2,1982,-15.8,0.0,0.0,0.0,Winter,No Holiday,Yes,11259
29/06/2018,2103,22,24.2,80,1.3,500,20.5,0.0,0.0,0.0,Summer,No Holiday,Yes,12028
18/12/2017,44,11,-2.9,85,1.2,243,-5.0,0.06,0.0,4.8,Winter,No Holiday,Yes,11627
04/01/2018,57,3,-7.4,54,1.7,1968,-15.1,0.0,0.0,0.0,Winter,No Holiday,Yes,11147
18/11/2018,719,20,7.4,50,0.7,1499,-2.3,0.0,0.0,0.0,Autumn,No Holiday,Yes,12245
09/05/2018,34,1,11.3,58,1.3,2000,3.3,0.0,0.0,0.0,Spring,No Holiday,Yes,15511
04/05/2018,352,2,9.6,65,1.5,1654,3.3,0.0,0.0,0.0,Spring,No Holiday,Yes,13736
21/05/2018,1118,9,17.7,27,1.3,2000,-1.5,2.02,0.0,0.0,Spring,No Holiday,Yes,18034
27/10/2018,775,20,7.6,44,4.2,2000,-3.8,0.0,0.0,0.0,Autumn,No Holiday,Yes,12591
21/07/2018,1288,23,28.8,56,1.6,2000,19.1,0.0,0.0,0.0,Summer,No Holiday,Yes,10468
18/01/2018,68,5,2.6,82,2.0,229,-0.1,0.0,0.0,0.0,Winter,No Holiday,Yes,10325
29/05/2018,1184,12,23.1,64,2.6,1250,15.9,1.35,0.0,0.0,Spring,No Holiday,Yes,17125
27/09/2018,2189,17,24.3,31,1.5,2000,6.0,1.17,0.0,0.0,Autumn,No Holiday,Yes,14049
29/04/2018,1814,14,21.6,28,3.3,1172,2.2,2.93,0.0,0.0,Spring,No Holiday,Yes,17586
27/01/2018,207,17,-4.6,26,1.9,2000,-21.2,0.39,0.0,0.0,Winter,No Holiday,Yes,12757
28/09/2018,0,0,17.1,52,1.4,2000,7.1,0.0,0.0,0.0,Autumn,No Holiday,No,15443
17/03/2018,1514,15,13.2,23,2.8,1696,-7.5,2.52,0.0,0.0,Spring,No Holiday,Yes,18487
30/05/2018,1280,15,24.3,52,3.0,1447,13.8,2.55,0.0,0.0,Spring,No Holiday,Yes,14797
27/09/2018,1305,14,24.6,34,1.5,2000,7.6,2.74,0.0,0.0,Autumn,No Holiday,Yes,17360
05/06/2018,1646,23,21.9,56,0.7,1898,12.7,0.0,0.0,0.0,Summer,No Holiday,Yes,18175
29/05/2018,1121,22,19.9,85,1.7,559,17.2,0.0,0.0,0.0,Spring,No Holiday,Yes,18605
15/05/2018,1458,16,28.8,37,2.4,1629,12.6,1.44,0.0,0.0,Spring,No Holiday,Yes,10991
01/09/2018,514,3,21.6,87,0.3,1579,19.3,0.0,0.0,0.0,Autumn,No Holiday,Yes,12179
13/04/2018,1641,19,16.9,19,0.5,2000,-6.9,0.06,0.0,0.0,Spring,No Holiday,Yes,18459
18/03/2018,73,6,5.7,54,1.7,1208,-2.9,0.0,0.0,0.0,Spring,No Holiday,Yes,17446
21/07/2018,682,14,36.3,34,1.3,1493,17.9,3.17,0.0,0.0,Summer,No Holiday,Yes,16160
29/10/2018,1377,19,8.1,53,3.7,2000,-0.9,0.0,0.0,0.0,Autumn,No Holiday,Yes,13342
23/12/2017,99,7,5.1,82,0.7,334,2.2,0.0,0.0,0.0,Winter,No Holiday,Yes,12653
31/12/2017,39,7,-1.8,86,1.7,367,-3.8,0.0,0.0,1.2,Winter,Holiday,Yes,13620
24/07/2018,332,3,28.2,65,0.3,1999,20.9,0.0,0.0,0.0,Summer,No Holiday,Yes,15984
20/10/2018,1407,19,14.6,48,1.9,1998,3.6,0.0,0.0,0.0,Autumn,No Holiday,Yes,18038
16/06/2018,1144,9,20.4,54,1.5,2000,10.7,1.88,0.0,0.0,Summer,No Holiday,Yes,12834
24/04/2018,1215,22,10.4,43,0.7,2000,-1.6,0.0,0.0,0.0,Spring,No Holiday,Yes,14696
29/06/2018,2225,21,25.2,75,1.4,644,20.4,0.0,0.0,0.0,Summer,No Holiday,Yes,10703
24/05/2018,1902,20,20.0,46,2.6,1414,8.0,0.05,0.0,0.0,Spring,No Holiday,Yes,16922
04/07/2018,2637,19,28.2,64,2.8,1978,20.7,0.5,0.0,0.0,Summer,No Holiday,Yes,12726
13/04/2018,982,9,13.2,22,1.1,2000,-8.0,0.93,0.0,0.0,Spring,No Holiday,Yes,16510
14/08/2018,2305,18,33.7,53,2.4,2000,22.7,0.78,0.0,0.0,Summer,No Holiday,Yes,12926
22/05/2018,1119,10,20.7,55,1.8,1698,11.3,1.43,0.0,0.0,Spring,Holiday,Yes,12598
27/10/2018,713,8,7.7,62,2.4,1985,0.8,0.23,0.0,0.0,Autumn,No Holiday,Yes,16529
18/09/2018,0,7,17.8,76,0.5,1729,13.5,0.08,0.0,0.0,Autumn,No Holiday,No,17640
28/05/2018,1258,15,28.4,43,3.1,900,14.6,2.28,0.0,0.0,Spring,No Holiday,Yes,12121
23/05/2018,871,10,17.9,56,3.3,1919,8.9,2.63,0.0,0.0,Spring,No Holiday,Yes,18623
20/10/2018,1760,15,21.3,24,1.5,1832,-0.1,1.91,0.0,0.0,Autumn,No Holiday,Yes,13019
02/11/2018,1023,12,14.9,40,1.1,1288,1.4,2.06,0.0,0.0,Autumn,No Holiday,Yes,16916
08/11/2018,158,1,11.9,77,1.1,1634,7.9,0.0,0.0,0.0,Autumn,No Holiday,Yes,13531
11/11/2018,370,2,7.9,85,1.1,275,5.5,0.0,0.0,0.0,Autumn,No Holiday,Yes,13181
11/04/2018,0,4,10.2,83,3.5,554,7.4,0.0,0.0,0.0,Spring,No Holiday,No,17420
20/12/2017,239,9,-6.7,62,1.1,1749,-12.7,0.09,0.0,2.0,Winter,No Holiday,Yes,12558
23/11/2018,582,10,1.3,27,0.9,1856,-15.6,1.13,0.0,0.0,Autumn,No Holiday,Yes,13656
23/05/2018,1183,14,22.0,33,3.4,1966,4.9,3.41,0.0,0.0,Spring,No Holiday,Yes,13833
12/04/2018,1074,15,19.4,24,3.9,2000,-1.7,2.86,0.0,0.0,Spring,No Holiday,Yes,11826
25/05/2018,1209,23,17.6,55,0.5,1362,8.4,0.0,0.0,0.0,Spring,No Holiday,Yes,14515
19/09/2018,0,6,19.0,76,0.3,1488,14.6,0.0,0.0,0.0,Autumn,No Holiday,No,13680
21/08/2018,2830,18,30.3,56,1.7,2000,20.5,0.8,0.0,0.0,Summer,No Holiday,Yes,18332
23/12/2017,188,8,5.1,83,0.9,297,2.4,0.0,0.0,0.0,Winter,No Holiday,Yes,16189
24/08/2018,62,3,24.8,87,2.2,1286,22.4,0.0,1.0,0.0,Summer,No Holiday,Yes,11966
24/09/2018,1433,16,22.0,31,2.7,2000,4.0,1.87,0.0,0.0,Autumn,Holiday,Yes,17301
14/07/2018,1169,0,25.7,85,0.4,1519,22.9,0.0,0.0,0.0,Summer,No Holiday,Yes,12777
26/10/2018,680,22,10.5,72,2.4,2000,5.6,0.0,0.0,0.0,Autumn,No Holiday,Yes,12148
24/04/2018,157,1,10.1,83,1.6,2000,7.3,0.0,0.0,0.0,Spring,No Holiday,Yes,10532
18/10/2018,1122,14,18.7,39,1.3,2000,4.4,1.66,0.0,0.0,Autumn,No Holiday,Yes,10648
13/07/2018,1013,12,28.3,68,1.9,1546,21.8,1.35,0.0,0.0,Summer,No Holiday,Yes,17735
02/04/2018,2401,18,20.7,54,4.1,1484,11.0,0.5,0.0,0.0,Spring,No Holiday,Yes,11681
05/04/2018,75,18,7.6,96,2.0,660,6.9,0.04,0.0,0.0,Spring,No Holiday,Yes,13475
24/09/2018,1145,21,16.8,58,1.2,2000,8.4,0.0,0.0,0.0,Autumn,Holiday,Yes,13646
21/10/2018,724,23,11.8,56,0.0,1655,3.2,0.0,0.0,0.0,Autumn,No Holiday,Yes,13071
26/10/2018,147,14,12.7,95,1.9,255,11.9,0.09,5.5,0.0,Autumn,No Holiday,Yes,16727
04/12/2017,353,22,-5.3,45,2.5,2000,-15.3,0.0,0.0,0.0,Winter,No Holiday,Yes,15440
28/06/2018,344,3,22.4,86,0.6,618,19.9,0.0,0.0,0.0,Summer,No Holiday,Yes,12190
01/10/2018,1258,15,19.0,40,3.8,1983,5.0,1.96,0.0,0.0,Autumn,No Holiday,Yes,13373
03/01/2018,160,0,-4.3,38,1.4,2000,-16.5,0.0,0.0,0.0,Winter,No Holiday,Yes,13538
21/02/2018,469,17,3.1,14,3.7,2000,-21.9,1.0,0.0,0.0,Winter,No Holiday,Yes,12080
01/09/2018,1075,0,23.2,83,0.5,1887,20.1,0.0,0.0,0.0,Autumn,No Holiday,Yes,13444
31/05/2018,2047,17,27.2,42,2.9,1828,13.1,1.79,0.0,0.0,Spring,No Holiday,Yes,12705
12/08/2018,703,1,29.4,58,1.5,2000,20.2,0.0,0.0,0.0,Summer,No Holiday,Yes,10909
13/08/2018,151,4,27.1,91,0.9,585,25.4,0.0,0.0,0.0,Summer,No Holiday,Yes,16351
06/10/2018,2012,18,20.5,66,1.2,2000,13.9,0.16,0.0,0.0,Autumn,No Holiday,Yes,14379
16/10/2018,1203,15,19.9,31,2.0,1613,2.2,1.57,0.0,0.0,Autumn,No Holiday,Yes,16081
19/07/2018,231,4,24.0,87,0.9,582,21.6,0.0,0.0,0.0,Summer,No Holiday,Yes,10664
06/06/2018,351,6,18.5,73,1.1,1028,13.5,0.06,0.0,0.0,Summer,Holiday,Yes,18755
04/12/2017,285,0,4.2,88,0.6,216,2.3,0.0,0.0,0.0,Winter,No Holiday,Yes,15597
19/09/2018,0,1,20.5,64,0.4,2000,13.4,0.0,0.0,0.0,Autumn,No Holiday,No,10461
13/04/2018,112,4,9.7,29,1.8,2000,-7.5,0.0,0.0,0.0,Spring,No Holiday,Yes,11556
03/01/2018,286,15,-1.1,29,2.8,1976,-16.9,0.96,0.0,0.0,Winter,No Holiday,Yes,16863
06/12/2017,442,13,4.2,47,1.1,1469,-6.1,1.1,0.0,0.0,Winter,No Holiday,Yes,18055
04/10/2018,0,8,13.9,68,0.9,1912,8.0,0.34,0.0,0.0,Autumn,No Holiday,No,14002
19/09/2018,0,17,25.0,44,1.3,1883,11.8,0.36,0.0,0.0,Autumn,No Holiday,No,10900
16/04/2018,733,23,9.7,33,0.4,2000,-5.8,0.0,0.0,0.0,Spring,No Holiday,Yes,15540
11/05/2018,1881,8,13.1,78,1.2,330,9.3,0.41,0.0,0.0,Spring,No Holiday,Yes,17917
13/08/2018,1065,7,27.0,86,0.9,718,24.4,0.22,0.0,0.0,Summer,No Holiday,Yes,15733
05/04/2018,84,13,7.7,95,1.9,442,6.9,0.4,0.0,0.0,Spring,No Holiday,Yes,17905
21/12/2017,79,3,-2.9,89,1.3,288,-4.4,0.0,0.0,2.2,Winter,No Holiday,Yes,10779
12/11/2018,702,23,6.9,60,0.8,1610,-0.3,0.0,0.0,0.0,Autumn,No Holiday,Yes,12596
08/09/2018,956,9,19.9,51,0.6,1906,9.4,1.46,0.0,0.0,Autumn,No Holiday,Yes,12007
08/07/2018,1517,14,27.1,41,1.4,1941,12.7,3.24,0.0,0.0,Summer,No Holiday,Yes,12411
11/11/2018,711,20,8.2,53,0.6,1621,-0.8,0.0,0.0,0.0,Autumn,No Holiday,Yes,10045
23/11/2018,191,3,-1.2,45,1.1,2000,-11.6,0.0,0.0,0.0,Autumn,No Holiday,Yes,10243
01/04/2018,485,9,13.5,66,1.8,934,7.2,0.16,0.0,0.0,Spring,No Holiday,Yes,18429
18/12/2017,137,15,1.6,73,0.9,421,-2.7,0.6,0.0,3.2,Winter,No Holiday,Yes,11630
13/04/2018,156,5,9.1,34,0.9,2000,-5.9,0.0,0.0,0.0,Spring,No Holiday,Yes,14223
19/10/2018,981,11,16.4,35,1.1,2000,0.8,2.13,0.0,0.0,Autumn,No Holiday,Yes,10462
18/03/2018,106,4,5.6,55,0.4,1115,-2.7,0.0,0.0,0.0,Spring,No Holiday,Yes,15208
01/06/2018,1421,7,18.1,64,0.6,923,11.1,0.47,0.0,0.0,Summer,No Holiday,Yes,14272
02/07/2018,832,18,24.9,87,1.9,1742,22.5,0.25,0.0,0.0,Summer,No Holiday,Yes,11296
04/11/2018,747,10,11.1,51,0.8,679,1.3,1.38,0.0,0.0,Autumn,No Holiday,Yes,10727
16/04/2018,107,3,6.4,67,1.4,1668,0.7,0.0,0.0,0.0,Spring,No Holiday,Yes,16479
24/06/2018,1064,14,31.6,34,2.9,1050,13.8,3.12,0.0,0.0,Summer,No Holiday,Yes,10375
25/03/2018,571,19,12.6,59,2.5,384,4.7,0.08,0.0,0.0,Spring,No Holiday,Yes,14828
09/07/2018,68,19,20.4,94,1.1,1769,19.3,0.14,0.5,0.0,Summer,No Holiday,Yes,15674
04/06/2018,1243,9,23.3,37,0.4,1336,7.7,1.28,0.0,0.0,Summer,No Holiday,Yes,12208
21/09/2018,2235,18,20.9,77,0.6,2000,16.7,0.23,0.0,0.0,Autumn,No Holiday,Yes,12519
22/07/2018,772,1,27.3,60,0.8,2000,18.8,0.0,0.0,0.0,Summer,No Holiday,Yes,13268
21/09/2018,122,2,19.1,78,1.3,2000,15.1,0.0,0.0,0.0,Autumn,No Holiday,Yes,12063
18/08/2018,1121,14,31.0,31,1.8,1999,11.8,2.8,0.0,0.0,Summer,No Holiday,Yes,14197
15/02/2018,276,15,3.8,17,3.2,2000,-19.0,1.97,0.0,0.0,Winter,Holiday,Yes,12874
11/03/2018,212,8,2.8,82,1.2,240,0.0,0.19,0.0,0.0,Spring,No Holiday,Yes,12403
15/05/2018,2248,19,26.9,49,0.9,1063,15.2,0.1,0.0,0.0,Spring,No Holiday,Yes,10937
07/07/2018,331,4,20.0,63,1.8,2000,12.7,0.0,0.0,0.0,Summer,No Holiday,Yes,15143
20/07/2018,2419,18,33.9,42,2.0,1969,19.1,1.25,0.0,0.0,Summer,No Holiday,Yes,10542
30/07/2018,363,2,28.0,57,1.2,2000,18.6,0.0,0.0,0.0,Summer,No Holiday,Yes,11187
31/03/2018,489,8,10.4,65,0.8,979,4.0,0.41,0.0,0.0,Spring,No Holiday,Yes,14282
23/07/2018,542,1,30.0,52,1.5,1774,19.0,0.0,0.0,0.0,Summer,No Holiday,Yes,14621
22/01/2018,281,13,3.9,33,0.6,1249,-10.9,0.19,0.0,0.0,Winter,No Holiday,Yes,10205
15/09/2018,1017,10,24.4,65,1.6,1972,17.3,1.42,0.0,0.0,Autumn,No Holiday,Yes,17973
16/01/2018,250,15,6.3,40,0.3,498,-6.3,0.19,0.0,0.0,Winter,No Holiday,Yes,10449
16/11/2018,1956,18,9.9,74,2.6,492,5.4,0.0,0.0,0.0,Autumn,No Holiday,Yes,14338
27/10/2018,478,2,9.5,58,3.0,2000,1.6,0.0,0.0,0.0,Autumn,No Holiday,Yes,14257
22/06/2018,1648,23,22.9,34,1.1,1810,6.1,0.0,0.0,0.0,Summer,No Holiday,Yes,17530
31/01/2018,96,1,-1.6,81,1.1,1141,-4.4,0.0,0.0,3.5,Winter,No Holiday,Yes,13329
16/02/2018,77,1,-3.6,35,2.0,1943,-16.8,0.0,0.0,0.0,Winter,Holiday,Yes,10252
24/03/2018,513,20,7.1,83,3.3,203,4.4,0.0,0.0,0.0,Spring,No Holiday,Yes,14402
10/10/2018,82,4,14.3,92,2.0,714,13.0,0.0,0.0,0.0,Autumn,No Holiday,Yes,15929
07/12/2017,62,4,1.6,92,0.7,119,0.4,0.0,0.0,0.9,Winter,No Holiday,Yes,12594
12/12/2017,270,21,-8.8,43,1.4,1999,-19.1,0.0,0.0,0.0,Winter,No Holiday,Yes,10270
09/03/2018,686,16,9.6,38,1.7,1052,-4.0,1.71,0.0,0.0,Spring,No Holiday,Yes,13869
04/11/2018,720,0,9.1,63,0.6,1292,2.4,0.0,0.0,0.0,Autumn,No Holiday,Yes,15819
30/01/2018,214,7,-11.3,57,0.9,1984,-18.1,0.0,0.0,0.0,Winter,No Holiday,Yes,18099
14/05/2018,1251,7,12.6,85,0.4,292,10.1,0.23,0.0,0.0,Spring,No Holiday,Yes,10083
12/08/2018,387,3,28.5,62,1.6,2000,20.5,0.0,0.0,0.0,Summer,No Holiday,Yes,16385
03/02/2018,35,4,-5.6,74,4.0,387,-9.5,0.0,0.0,0.2,Winter,No Holiday,Yes,18202
01/07/2018,211,4,22.7,85,0.7,1547,20.0,0.0,0.0,0.0,Summer,No Holiday,Yes,15185
16/04/2018,973,13,16.6,30,2.3,1876,-1.0,3.21,0.0,0.0,Spring,No Holiday,Yes,17065
05/10/2018,735,1,18.6,66,1.7,2000,12.1,0.0,0.0,0.0,Autumn,No Holiday,Yes,17128
08/02/2018,195,23,-4.3,44,0.7,1247,-14.7,0.0,0.0,0.0,Winter,No Holiday,Yes,13480
22/10/2018,1464,16,19.7,34,1.6,688,3.3,0.88,0.0,0.0,Autumn,No Holiday,Yes,15918
22/10/2018,1360,22,12.7,60,0.0,680,5.1,0.0,0.0,0.0,Autumn,No Holiday,Yes,12510
19/02/2018,314,11,4.3,44,2.3,1091,-6.9,1.77,0.0,0.0,Winter,No Holiday,Yes,17433
28/01/2018,67,3,-7.7,49,1.8,1573,-16.5,0.0,0.0,0.0,Winter,No Holiday,Yes,13673
17/06/2018,1394,0,21.5,76,1.4,1015,17.0,0.0,0.0,0.0,Summer,No Holiday,Yes,16567
07/10/2018,1987,14,20.2,42,2.8,1832,6.8,1.87,0.0,0.0,Autumn,No Holiday,Yes,17561
29/11/2018,319,2,2.1,28,0.4,1981,-14.5,0.0,0.0,0.0,Autumn,No Holiday,Yes,11146
14/04/2018,513,1,14.1,25,1.8,2000,-5.6,0.0,0.0,0.0,Spring,No Holiday,Yes,13200
11/06/2018,918,0,20.3,58,1.4,2000,11.7,0.0,0.0,0.0,Summer,No Holiday,Yes,13178
30/06/2018,933,10,25.1,73,0.9,358,19.9,0.66,0.0,0.0,Summer,No Holiday,Yes,10541
18/05/2018,864,23,13.2,68,1.8,2000,7.4,0.0,0.0,0.0,Spring,No Holiday,Yes,16070
07/09/2018,1213,12,24.2,50,3.8,2000,13.1,2.85,0.0,0.0,Autumn,No Holiday,Yes,11171
08/06/2018,2314,17,26.9,49,2.3,1210,15.2,1.72,0.0,0.0,Summer,No Holiday,Yes,10951
28/11/2018,608,11,5.7,15,1.1,1419,-19.0,0.98,0.0,0.0,Autumn,No Holiday,Yes,11995
03/11/2018,0,11,14.5,42,1.6,890,1.7,1.85,0.0,0.0,Autumn,No Holiday,No,11308
28/03/2018,1035,21,14.2,70,0.8,723,8.7,0.0,0.0,0.0,Spring,No Holiday,Yes,11153
16/02/2018,150,20,0.2,61,1.9,1956,-6.4,0.0,0.0,0.0,Winter,Holiday,Yes,11899
11/09/2018,1240,23,20.9,53,1.8,2000,10.9,0.0,0.0,0.0,Autumn,No Holiday,Yes,17404
11/12/2017,557,18,-7.9,43,3.3,2000,-18.3,0.0,0.0,0.0,Winter,No Holiday,Yes,15474
30/05/2018,1732,22,17.3,76,1.7,801,13.0,0.0,0.0,0.0,Spring,No Holiday,Yes,15773
06/09/2018,215,4,21.6,87,0.4,951,19.3,0.0,0.0,0.0,Autumn,No Holiday,Yes,17595
22/08/2018,289,5,23.4,82,0.4,2000,20.1,0.0,0.0,0.0,Summer,No Holiday,Yes,16715
04/08/2018,703,13,33.6,54,3.7,1754,23.0,2.56,0.0,0.0,Summer,No Holiday,Yes,13386
25/11/2018,184,3,2.6,88,0.9,319,0.8,0.0,0.0,2.8,Autumn,No Holiday,Yes,13419
30/01/2018,170,10,-7.5,42,0.9,1705,-18.2,0.55,0.0,0.0,Winter,No Holiday,Yes,15911
14/04/2018,43,10,7.7,94,1.0,685,6.7,0.28,1.5,0.0,Spring,No Holiday,Yes,13215
19/07/2018,1993,8,25.5,65,0.9,833,18.4,1.1,0.0,0.0,Summer,No Holiday,Yes,15021
20/04/2018,1080,15,26.1,27,1.8,581,5.6,2.59,0.0,0.0,Spring,No Holiday,Yes,15780
16/04/2018,700,10,12.4,34,1.2,1943,-3.0,2.24,0.0,0.0,Spring,No Holiday,Yes,18131
09/07/2018,186,11,20.6,82,1.0,2000,17.4,0.29,0.3,0.0,Summer,No Holiday,Yes,16920
18/01/2018,339,21,0.8,45,1.5,1184,-9.8,0.0,0.0,0.0,Winter,No Holiday,Yes,13455
07/07/2018,2020,17,28.9,45,1.4,2000,15.7,1.89,0.0,0.0,Summer,No Holiday,Yes,17908
11/10/2018,2000,8,7.0,56,3.1,1971,-1.1,0.44,0.0,0.0,Autumn,No Holiday,Yes,18449
24/05/2018,1174,15,23.5,36,3.2,1786,7.5,2.91,0.0,0.0,Spring,No Holiday,Yes,16364
12/03/2018,47,4,2.8,52,0.6,1249,-6.1,0.0,0.0,0.0,Spring,No Holiday,Yes,10614
08/10/2018,1838,20,15.5,45,2.2,2000,3.6,0.0,0.0,0.0,Autumn,No Holiday,Yes,17180
03/12/2017,443,18,6.0,84,1.9,327,3.4,0.0,0.0,0.0,Winter,No Holiday,Yes,12647
05/02/2018,52,1,-11.2,54,1.0,2000,-18.6,0.0,0.0,0.0,Winter,No Holiday,Yes,17766
12/08/2018,704,13,34.0,47,1.4,2000,21.0,2.24,0.0,0.0,Summer,No Holiday,Yes,10424
27/01/2018,195,16,-3.7,25,2.6,1839,-20.9,0.74,0.0,0.0,Winter,No Holiday,Yes,15558
27/05/2018,341,7,17.6,0,1.4,1219,8.7,0.34,0.0,0.0,Spring,No Holiday,Yes,13401
12/09/2018,2012,21,23.2,57,1.1,2000,14.2,0.0,0.0,0.0,Autumn,No Holiday,Yes,14479
25/02/2018,37,5,-0.7,41,0.9,1442,-12.3,0.0,0.0,0.0,Winter,No Holiday,Yes,10460
03/02/2018,60,3,-4.4,80,4.3,346,-7.3,0.0,0.1,0.1,Winter,No Holiday,Yes,15991
29/06/2018,956,11,24.8,74,1.8,644,19.8,1.41,0.0,0.0,Summer,No Holiday,Yes,15317
22/10/2018,513,6,9.2,65,0.8,1689,2.9,0.0,0.0,0.0,Autumn,No Holiday,Yes,14361
14/02/2018,51,4,1.1,67,1.7,1506,-4.3,0.0,0.0,0.0,Winter,No Holiday,Yes,10007
22/08/2018,784,12,33.9,45,1.4,1923,20.2,2.95,0.0,0.0,Summer,No Holiday,Yes,16473
09/09/2018,1662,14,28.2,29,2.0,2000,8.4,3.09,0.0,0.0,Autumn,No Holiday,Yes,15460
14/03/2018,412,0,13.6,79,2.2,862,10.0,0.0,0.0,0.0,Spring,No Holiday,Yes,16109
17/06/2018,1819,22,22.2,70,0.5,1056,16.4,0.0,0.0,0.0,Summer,No Holiday,Yes,11194
18/02/2018,310,18,2.8,25,3.0,2000,-15.3,0.22,0.0,0.0,Winter,No Holiday,Yes,16095
08/09/2018,1096,10,22.2,43,0.9,1891,9.0,2.09,0.0,0.0,Autumn,No Holiday,Yes,13274
25/12/2017,237,18,-1.6,33,2.0,2000,-15.8,0.0,0.0,0.0,Winter,Holiday,Yes,13586
10/08/2018,892,9,29.0,64,0.8,1987,21.4,1.45,0.0,0.0,Summer,No Holiday,Yes,12526
25/11/2018,496,22,4.2,82,0.9,405,1.3,0.0,0.0,0.4,Autumn,No Holiday,Yes,17101
22/07/2018,522,10,32.2,50,0.8,1881,20.4,2.29,0.0,0.0,Summer,No Holiday,Yes,11709
10/05/2018,0,1,13.9,66,1.0,1960,7.6,0.0,0.0,0.0,Spring,No Holiday,No,14672
20/10/2018,154,5,8.1,76,0.6,1309,4.1,0.0,0.0,0.0,Autumn,No Holiday,Yes,10628
01/07/2018,368,3,22.7,86,0.7,1455,20.2,0.0,0.0,0.0,Summer,No Holiday,Yes,14877
15/03/2018,289,14,12.1,97,2.0,177,11.6,0.2,0.0,0.0,Spring,No Holiday,Yes,15594
03/11/2018,0,21,11.1,69,0.9,619,5.6,0.0,0.0,0.0,Autumn,No Holiday,No,16355
18/06/2018,746,18,29.2,35,2.7,1900,12.1,1.27,0.0,0.0,Summer,No Holiday,Yes,11511
06/11/2018,0,22,12.3,73,1.2,277,7.5,0.0,0.0,0.0,Autumn,No Holiday,No,14964
21/11/2018,118,5,6.8,86,0.5,692,4.6,0.0,0.0,0.0,Autumn,No Holiday,Yes,14243
18/09/2018,0,3,18.7,76,0.5,1916,14.3,0.0,0.0,0.0,Autumn,No Holiday,No,17835
08/03/2018,533,21,3.1,74,3.2,465,-1.0,0.0,0.0,0.0,Spring,No Holiday,Yes,13230
18/09/2018,0,16,26.4,34,2.5,1953,9.2,1.6,0.0,0.0,Autumn,No Holiday,No,17824
21/09/2018,127,8,17.8,97,2.0,1284,17.3,0.09,4.0,0.0,Autumn,No Holiday,Yes,10772
24/07/2018,1773,22,29.8,66,3.2,1511,22.7,0.0,0.0,0.0,Summer,No Holiday,Yes,17151
10/10/2018,152,5,13.6,89,2.7,990,11.8,0.0,0.0,0.0,Autumn,No Holiday,Yes,18335
02/02/2018,241,20,-1.3,51,2.4,1481,-10.1,0.0,0.0,0.0,Winter,No Holiday,Yes,11141
04/04/2018,505,10,10.7,81,1.4,2000,7.5,0.57,0.0,0.0,Spring,No Holiday,Yes,10157
16/07/2018,1934,22,27.2,69,1.7,2000,21.0,0.0,0.0,0.0,Summer,No Holiday,Yes,12905
16/11/2018,939,7,6.6,64,0.5,701,0.2,0.0,0.0,0.0,Autumn,No Holiday,Yes,16539
26/09/2018,453,2,16.6,54,1.5,2000,7.2,0.0,0.0,0.0,Autumn,No Holiday,Yes,12461
14/10/2018,775,9,10.1,60,0.8,726,2.6,1.02,0.0,0.0,Autumn,No Holiday,Yes,16424
02/01/2018,108,1,-2.1,56,0.8,1732,-9.7,0.0,0.0,0.0,Winter,No Holiday,Yes,13630
28/06/2018,561,0,22.2,84,1.1,482,19.3,0.0,0.0,0.0,Summer,No Holiday,Yes,14695
06/02/2018,171,15,-5.9,25,3.1,1936,-22.8,1.93,0.0,0.0,Winter,No Holiday,Yes,14103
19/06/2018,766,1,20.9,66,0.8,1528,14.3,0.0,0.0,0.0,Summer,No Holiday,Yes,14994
20/02/2018,319,22,0.5,22,2.9,2000,-18.8,0.0,0.0,0.0,Winter,No Holiday,Yes,14462
10/01/2018,387,8,-7.9,67,2.6,1896,-12.9,0.0,0.0,0.7,Winter,No Holiday,Yes,10448
23/01/2018,106,23,-14.3,38,4.0,2000,-25.5,0.0,0.0,0.9,Winter,No Holiday,Yes,13315
15/02/2018,148,20,-0.4,27,2.2,2000,-17.1,0.0,0.0,0.0,Winter,Holiday,Yes,15831
11/01/2018,38,3,-11.2,59,2.9,1872,-17.6,0.0,0.0,0.0,Winter,No Holiday,Yes,14840
13/03/2018,1749,18,15.7,68,3.3,1473,9.8,0.39,0.0,0.0,Spring,No Holiday,Yes,13151
24/12/2017,12,6,4.9,84,1.3,159,2.4,0.0,0.1,0.0,Winter,Holiday,Yes,12027
19/01/2018,702,18,2.9,45,1.6,1629,-7.8,0.04,0.0,0.0,Winter,No Holiday,Yes,12429
28/12/2017,301,13,0.8,46,1.4,1598,-9.5,0.8,0.0,0.0,Winter,No Holiday,Yes,17759
07/04/2018,925,15,7.6,36,5.0,1928,-6.5,1.39,0.0,0.0,Spring,No Holiday,Yes,18360
07/06/2018,2002,17,28.2,51,3.3,879,17.0,1.73,0.0,0.0,Summer,No Holiday,Yes,11906
09/12/2017,289,22,-0.5,55,0.6,1655,-8.4,0.0,0.0,0.0,Winter,No Holiday,Yes,15803
09/09/2018,644,8,17.4,56,0.8,2000,8.5,0.49,0.0,0.0,Autumn,No Holiday,Yes,10554
08/12/2017,230,1,-3.7,50,2.5,1902,-12.6,0.0,0.0,0.0,Winter,No Holiday,Yes,17797
24/04/2018,35,3,9.6,94,1.3,523,8.6,0.0,2.4,0.0,Spring,No Holiday,Yes,14349
29/04/2018,307,7,9.9,59,0.7,1707,2.2,0.25,0.0,0.0,Spring,No Holiday,Yes,15500
01/10/2018,262,2,13.9,56,2.4,2000,5.2,0.0,0.0,0.0,Autumn,No Holiday,Yes,18197
24/07/2018,1193,23,29.3,66,2.8,1854,22.2,0.0,0.0,0.0,Summer,No Holiday,Yes,16721
27/08/2018,104,10,21.7,97,1.0,1249,21.1,0.29,2.5,0.0,Summer,No Holiday,Yes,17997
24/09/2018,885,13,20.9,30,3.5,2000,2.6,2.93,0.0,0.0,Autumn,Holiday,Yes,11985
06/08/2018,455,1,28.7,80,1.5,1295,24.8,0.0,0.0,0.0,Summer,No Holiday,Yes,18460
21/07/2018,684,2,26.4,72,0.2,1766,20.9,0.0,0.0,0.0,Summer,No Holiday,Yes,10282
08/03/2018,290,11,4.5,82,2.0,1226,1.6,0.73,0.0,0.0,Spring,No Holiday,Yes,12851
26/07/2018,614,11,30.2,67,1.5,1003,23.3,0.87,0.0,0.0,Summer,No Holiday,Yes,15422
24/01/2018,125,20,-14.3,37,1.3,2000,-25.8,0.0,0.0,0.7,Winter,No Holiday,Yes,11502
11/10/2018,1070,9,8.4,49,2.6,2000,-1.7,1.17,0.0,0.0,Autumn,No Holiday,Yes,11481
18/08/2018,952,12,29.8,33,1.5,1936,11.7,3.14,0.0,0.0,Summer,No Holiday,Yes,16690
21/05/2018,1273,23,16.3,70,0.7,1293,10.8,0.0,0.0,0.0,Spring,No Holiday,Yes,17748
08/10/2018,1206,7,9.2,72,1.0,2000,4.4,0.01,0.0,0.0,Autumn,No Holiday,Yes,17948
21/11/2018,838,21,4.6,44,1.1,1859,-6.6,0.0,0.0,0.0,Autumn,No Holiday,Yes,12226
17/02/2018,133,21,-2.3,38,2.3,2000,-14.7,0.0,0.0,0.0,Winter,Holiday,Yes,15396
17/11/2018,644,20,5.4,43,2.7,1913,-6.2,0.0,0.0,0.0,Autumn,No Holiday,Yes,16972
25/10/2018,1528,16,20.4,32,0.9,1720,3.1,0.84,0.0,0.0,Autumn,No Holiday,Yes,11729
27/11/2018,593,23,5.8,34,2.6,763,-8.8,0.0,0.0,0.0,Autumn,No Holiday,Yes,15372
01/05/2018,306,6,17.8,85,0.6,265,15.2,0.0,0.0,0.0,Spring,Holiday,Yes,16004
07/11/2018,71,5,11.1,95,0.2,117,10.3,0.0,0.0,0.0,Autumn,No Holiday,Yes,17078
17/06/2018,324,6,18.9,83,0.3,576,15.9,0.05,0.0,0.0,Summer,No Holiday,Yes,10843
05/10/2018,221,4,17.7,57,1.3,2000,9.0,0.0,0.0,0.0,Autumn,No Holiday,Yes,14934
25/10/2018,2070,8,7.9,76,1.2,1290,3.9,0.25,0.0,0.0,Autumn,No Holiday,Yes,10005
12/10/2018,1106,9,8.6,50,0.8,1785,-1.2,1.13,0.0,0.0,Autumn,No Holiday,Yes,14555
20/06/2018,2440,8,20.6,77,1.2,566,16.4,0.53,0.0,0.0,Summer,No Holiday,Yes,12293
27/09/2018,207,5,13.9,60,0.6,2000,6.2,0.0,0.0,0.0,Autumn,No Holiday,Yes,15124
22/05/2018,406,3,15.5,0,0.7,1420,10.4,0.0,0.0,0.0,Spring,Holiday,Yes,14942
02/09/2018,2069,17,28.8,47,2.0,1998,16.3,1.0,0.0,0.0,Autumn,No Holiday,Yes,15761
02/04/2018,818,12,20.8,50,2.0,1240,9.9,1.82,0.0,0.0,Spring,No Holiday,Yes,13995
10/02/2018,79,4,1.9,74,1.2,514,-2.2,0.0,0.0,0.0,Winter,No Holiday,Yes,14854
30/10/2018,1005,7,1.3,65,1.2,2000,-4.5,0.0,0.0,0.0,Autumn,No Holiday,Yes,17589
10/10/2018,55,2,14.4,91,0.4,402,12.9,0.0,4.5,0.0,Autumn,No Holiday,Yes,10976
26/06/2018,65,15,21.5,97,0.6,311,20.9,0.21,4.5,0.0,Summer,No Holiday,Yes,10801
24/01/2018,71,6,-15.7,29,2.5,2000,-29.7,0.0,0.0,0.9,Winter,No Holiday,Yes,14008
20/01/2018,118,3,-0.9,65,0.2,1359,-6.6,0.0,0.0,0.0,Winter,No Holiday,Yes,12018
15/12/2017,329,14,-0.7,39,0.8,826,-12.9,0.35,0.0,0.0,Winter,No Holiday,Yes,13083
20/07/2018,805,13,32.4,54,2.4,708,21.8,2.5,0.0,0.0,Summer,No Holiday,Yes,16247
07/09/2018,1119,13,24.3,50,2.9,2000,13.2,2.37,0.0,0.0,Autumn,No Holiday,Yes,12937
03/05/2018,871,12,14.1,59,3.9,1870,6.1,1.12,0.0,0.0,Spring,No Holiday,Yes,11824
29/06/2018,883,7,22.0,97,0.9,269,21.4,0.03,0.0,0.0,Summer,No Holiday,Yes,15182
25/10/2018,2632,18,17.3,39,1.3,1641,3.1,0.03,0.0,0.0,Autumn,No Holiday,Yes,16303
09/04/2018,2401,18,14.8,24,1.3,1514,-5.6,0.69,0.0,0.0,Spring,No Holiday,Yes,17119
14/06/2018,154,5,20.3,84,3.2,518,17.5,0.0,0.0,0.0,Summer,No Holiday,Yes,14061
25/01/2018,79,23,-14.9,35,2.8,2000,-26.9,0.0,0.0,0.5,Winter,No Holiday,Yes,17945
03/07/2018,1948,22,26.9,78,0.6,1806,22.7,0.0,0.0,0.0,Summer,No Holiday,Yes,10299
28/01/2018,134,19,-6.0,31,3.6,2000,-20.4,0.0,0.0,0.0,Winter,No Holiday,Yes,16547
22/11/2018,691,22,1.1,33,2.5,2000,-13.4,0.0,0.0,0.0,Autumn,No Holiday,Yes,11197
14/09/2018,349,3,21.0,76,0.7,1995,16.6,0.0,0.0,0.0,Autumn,No Holiday,Yes,17322
26/09/2018,1249,22,18.1,43,1.7,2000,5.3,0.0,0.0,0.0,Autumn,No Holiday,Yes,12929
26/05/2018,1851,21,21.7,58,1.3,1173,13.0,0.0,0.0,0.0,Spring,No Holiday,Yes,15402
21/09/2018,78,10,18.4,96,2.0,1124,17.7,0.32,1.0,0.0,Autumn,No Holiday,Yes,17056
13/06/2018,657,7,19.4,69,0.3,1277,13.5,0.42,0.0,0.0,Summer,No Holiday,Yes,15653
15/09/2018,1465,13,25.8,65,1.0,1996,18.7,1.12,0.0,0.0,Autumn,No Holiday,Yes,15922
18/08/2018,1398,16,31.8,33,2.1,2000,13.5,1.88,0.0,0.0,Summer,No Holiday,Yes,10031
03/06/2018,977,11,26.7,30,1.1,1782,7.6,2.83,0.0,0.0,Summer,No Holiday,Yes,14466
19/07/2018,2245,19,31.6,58,2.3,1556,22.3,0.56,0.0,0.0,Summer,No Holiday,Yes,14236
05/12/2017,462,9,-7.6,31,1.3,1974,-21.8,0.21,0.0,0.0,Winter,No Holiday,Yes,13585
20/12/2017,190,19,-1.5,81,1.8,751,-4.3,0.0,0.0,2.2,Winter,No Holiday,Yes,18597
11/06/2018,1629,7,19.1,59,1.1,2000,10.8,0.38,0.0,0.0,Summer,No Holiday,Yes,17873
05/12/2017,269,10,-5.5,26,2.8,1967,-22.0,0.64,0.0,0.0,Winter,No Holiday,Yes,10326
30/04/2018,742,10,19.5,54,1.1,451,9.9,1.88,0.0,0.0,Spring,No Holiday,Yes,13692
16/03/2018,710,21,5.8,43,1.8,2000,-5.8,0.0,0.0,0.0,Spring,No Holiday,Yes,15121
07/07/2018,545,3,20.4,59,1.0,2000,12.1,0.0,0.0,0.0,Summer,No Holiday,Yes,10580
11/10/2018,1221,22,8.8,55,1.6,2000,0.2,0.0,0.0,0.0,Autumn,No Holiday,Yes,12516
10/01/2018,40,3,-6.1,70,1.1,2000,-10.6,0.0,0.3,0.8,Winter,No Holiday,Yes,16614
26/09/2018,880,0,17.0,51,1.5,2000,6.7,0.0,0.0,0.0,Autumn,No Holiday,Yes,12197
05/03/2018,23,1,7.0,88,2.5,2000,5.1,0.0,0.0,0.0,Spring,No Holiday,Yes,18470
05/09/2018,937,11,26.4,47,2.9,2000,14.1,2.38,0.0,0.0,Autumn,No Holiday,Yes,10817
02/02/2018,267,7,-7.4,62,1.5,1909,-13.4,0.0,0.0,0.0,Winter,No Holiday,Yes,15192
07/10/2018,189,6,14.8,89,0.2,1490,12.9,0.0,0.0,0.0,Autumn,No Holiday,Yes,18057
23/05/2018,1167,13,20.9,33,3.9,1853,4.0,3.52,0.0,0.0,Spring,No Holiday,Yes,11574
27/01/2018,96,10,-12.3,35,0.6,1497,-24.6,0.6,0.0,0.3,Winter,No Holiday,Yes,12578
15/11/2018,489,1,7.3,64,0.3,1150,0.9,0.0,0.0,0.0,Autumn,No Holiday,Yes,15584
10/05/2018,0,14,21.2,47,3.7,1142,9.4,3.22,0.0,0.0,Spring,No Holiday,No,16108
04/11/2018,1001,21,11.8,62,0.7,1030,4.7,0.0,0.0,0.0,Autumn,No Holiday,Yes,14381
25/01/2018,349,8,-16.4,32,3.3,2000,-29.2,0.01,0.0,0.6,Winter,No Holiday,Yes,15688
20/05/2018,347,3,13.5,41,1.0,2000,0.4,0.0,0.0,0.0,Spring,No Holiday,Yes,10621
07/01/2018,236,21,1.2,39,0.6,1378,-11.2,0.0,0.0,0.0,Winter,No Holiday,Yes,11405
12/07/2018,982,9,26.5,82,2.7,815,23.1,0.57,0.0,0.0,Summer,No Holiday,Yes,12454
15/02/2018,270,14,2.9,14,4.3,2000,-22.0,2.29,0.0,0.0,Winter,Holiday,Yes,15131
12/04/2018,504,0,9.5,40,2.4,1987,-3.4,0.0,0.0,0.0,Spring,No Holiday,Yes,15469
12/01/2018,92,6,-14.9,45,2.3,2000,-24.2,0.0,0.0,0.0,Winter,No Holiday,Yes,12212
01/01/2018,206,20,-0.3,40,1.2,1936,-12.2,0.0,0.0,0.0,Winter,Holiday,Yes,18353
03/03/2018,630,19,12.7,32,2.3,2000,-3.6,0.01,0.0,0.0,Spring,No Holiday,Yes,12833
13/03/2018,1215,8,8.0,48,0.4,711,-2.3,0.12,0.0,0.0,Spring,No Holiday,Yes,18141
12/04/2018,1054,7,7.6,54,1.7,1690,-1.1,0.13,0.0,0.0,Spring,No Holiday,Yes,13447
21/11/2018,611,10,6.9,39,0.5,1977,-6.1,0.36,0.0,0.0,Autumn,No Holiday,Yes,18504
12/10/2018,225,3,6.5,69,0.3,1981,1.2,0.0,0.0,0.0,Autumn,No Holiday,Yes,14642
17/09/2018,160,4,20.0,81,2.0,1313,16.6,0.0,0.0,0.0,Autumn,No Holiday,Yes,10374
05/12/2017,334,14,-1.1,28,0.0,2000,-17.3,0.0,0.0,0.0,Winter,No Holiday,Yes,10557
09/01/2018,245,7,-5.9,57,3.1,1686,-13.0,0.0,0.0,0.8,Winter,No Holiday,Yes,17261
31/03/2018,264,7,9.5,72,0.2,1017,4.6,0.04,0.0,0.0,Spring,No Holiday,Yes,18633
02/01/2018,315,9,-3.1,66,0.2,1168,-8.5,0.12,0.0,0.0,Winter,No Holiday,Yes,16893
17/09/2018,2056,17,27.3,43,2.6,2000,13.6,1.25,0.0,0.0,Autumn,No Holiday,Yes,10177
19/04/2018,1054,22,13.4,49,1.1,1326,2.8,0.0,0.0,0.0,Spring,No Holiday,Yes,13032
26/02/2018,402,7,-3.1,68,0.8,1417,-8.1,0.0,0.0,0.0,Winter,No Holiday,Yes,17497
16/07/2018,2636,18,32.3,47,3.0,1961,19.5,1.26,0.0,0.0,Summer,No Holiday,Yes,12641
20/03/2018,719,17,4.9,43,4.3,2000,-6.6,0.42,0.0,0.0,Spring,No Holiday,Yes,14352
16/05/2018,399,22,21.9,97,1.5,164,21.3,0.0,0.0,0.0,Spring,No Holiday,Yes,10714
03/09/2018,211,3,24.2,70,0.3,2000,18.3,0.0,0.0,0.0,Autumn,No Holiday,Yes,13292
26/04/2018,1933,8,11.7,62,0.6,956,4.6,0.62,0.0,0.0,Spring,No Holiday,Yes,16256
05/08/2018,188,5,27.3,84,0.8,1067,24.3,0.0,0.0,0.0,Summer,No Holiday,Yes,17876
05/11/2018,1115,7,7.0,86,1.1,455,4.8,0.0,0.0,0.0,Autumn,No Holiday,Yes,11280
13/02/2018,96,6,-7.1,70,1.0,1977,-11.6,0.0,0.0,0.0,Winter,No Holiday,Yes,10244
21/07/2018,945,1,27.0,74,1.1,1833,21.9,0.0,0.0,0.0,Summer,No Holiday,Yes,12715
12/06/2018,1657,23,19.5,72,0.6,1989,14.3,0.0,0.0,0.0,Summer,No Holiday,Yes,18048
17/06/2018,2429,20,23.1,67,2.1,1060,16.6,0.03,0.0,0.0,Summer,No Holiday,Yes,12361
16/11/2018,262,3,7.4,63,0.6,699,0.8,0.0,0.0,0.0,Autumn,No Holiday,Yes,15106
25/06/2018,264,3,22.0,83,0.5,684,18.9,0.0,0.0,0.0,Summer,No Holiday,Yes,16604
19/05/2018,1872,20,20.9,34,1.4,2000,4.4,0.03,0.0,0.0,Spring,No Holiday,Yes,10135
18/12/2017,160,22,1.5,82,2.4,537,-1.2,0.0,0.0,2.6,Winter,No Holiday,Yes,16468
11/09/2018,2369,8,17.8,53,1.4,2000,8.0,0.51,0.0,0.0,Autumn,No Holiday,Yes,13662
30/09/2018,0,2,17.3,68,0.7,2000,11.3,0.0,0.0,0.0,Autumn,No Holiday,No,18316
29/12/2017,363,12,4.3,62,1.6,472,-2.3,0.52,0.0,0.0,Winter,No Holiday,Yes,18731
03/06/2018,2349,18,29.3,25,2.4,1973,7.2,1.23,0.0,0.0,Summer,No Holiday,Yes,13243
20/12/2017,142,0,-6.5,63,1.5,1666,-12.3,0.0,0.0,2.0,Winter,No Holiday,Yes,11940
11/05/2018,1999,19,17.1,51,2.5,1223,6.8,0.06,0.0,0.0,Spring,No Holiday,Yes,16042
12/09/2018,297,3,18.4,57,1.3,2000,9.7,0.0,0.0,0.0,Autumn,No Holiday,Yes,16196
10/01/2018,78,1,-5.6,75,1.7,1982,-9.3,0.0,0.0,0.8,Winter,No Holiday,Yes,12132
28/04/2018,1945,16,20.4,25,4.7,1990,-0.3,2.45,0.0,0.0,Spring,No Holiday,Yes,15114
02/07/2018,104,8,20.8,96,0.4,1627,20.1,0.11,1.5,0.0,Summer,No Holiday,Yes,13592
17/08/2018,2008,21,27.1,43,1.6,2000,13.4,0.0,0.0,0.0,Summer,No Holiday,Yes,15496
03/12/2017,85,8,3.2,92,1.8,244,2.0,0.0,0.0,0.0,Winter,No Holiday,Yes,14099
25/11/2018,430,10,4.0,76,1.3,404,0.1,0.93,0.0,2.4,Autumn,No Holiday,Yes,16102
04/04/2018,1374,20,12.8,56,2.0,2000,4.2,0.0,0.0,0.0,Spring,No Holiday,Yes,12865
08/05/2018,767,23,12.2,57,1.9,2000,3.9,0.0,0.0,0.0,Spring,No Holiday,Yes,16799
24/09/2018,1442,17,21.6,32,3.1,2000,4.1,1.2,0.0,0.0,Autumn,Holiday,Yes,15306
02/03/2018,135,6,-6.4,50,1.5,1593,-15.1,0.0,0.0,0.0,Spring,No Holiday,Yes,18494
28/09/2018,0,15,20.3,52,1.3,2000,10.1,1.15,0.0,0.0,Autumn,No Holiday,No,11273
29/11/2018,645,13,5.3,26,2.1,1604,-12.7,0.21,0.0,0.0,Autumn,No Holiday,Yes,14176
11/04/2018,0,3,11.6,81,3.1,687,8.4,0.0,0.0,0.0,Spring,No Holiday,No,18424
05/05/2018,247,6,12.3,55,2.1,1972,3.5,0.02,0.0,0.0,Spring,No Holiday,Yes,12191
31/01/2018,171,13,-0.8,39,2.6,1853,-13.0,0.54,0.0,2.8,Winter,No Holiday,Yes,16436
13/12/2017,267,12,-6.5,30,2.9,1945,-21.2,1.17,0.0,0.0,Winter,No Holiday,Yes,15411
03/10/2018,278,6,11.4,84,0.3,1742,8.7,0.0,0.0,0.0,Autumn,Holiday,Yes,11963
01/09/2018,861,10,26.0,54,1.5,2000,15.9,2.13,0.0,0.0,Autumn,No Holiday,Yes,10525
17/11/2018,456,2,2.9,77,1.8,853,-0.7,0.0,0.0,0.0,Autumn,No Holiday,Yes,14743
06/07/2018,2557,19,25.0,52,2.2,2000,14.4,0.37,0.0,0.0,Summer,No Holiday,Yes,15849
16/07/2018,469,2,25.4,84,0.6,1340,22.4,0.0,0.0,0.0,Summer,No Holiday,Yes,16505
01/06/2018,1440,23,21.8,49,1.6,1965,10.6,0.0,0.0,0.0,Summer,No Holiday,Yes,12629
13/04/2018,1095,12,18.2,15,1.6,2000,-8.9,2.27,0.0,0.0,Spring,No Holiday,Yes,12131
28/01/2018,111,10,-5.9,35,1.9,1940,-18.9,0.53,0.0,0.0,Winter,No Holiday,Yes,10813
14/09/2018,567,22,24.0,73,2.1,1541,18.8,0.0,0.0,0.0,Autumn,No Holiday,Yes,10602
01/02/2018,293,15,0.7,25,3.0,1987,-17.1,1.12,0.0,0.0,Winter,No Holiday,Yes,11859
10/03/2018,305,1,2.0,75,1.0,658,-1.9,0.0,0.0,0.0,Spring,No Holiday,Yes,15764
08/12/2017,780,8,-7.0,59,0.8,1559,-13.6,0.01,0.0,0.0,Winter,No Holiday,Yes,18031
09/07/2018,206,4,21.4,63,1.5,2000,14.0,0.0,0.0,0.0,Summer,No Holiday,Yes,13226
17/05/2018,17,20,21.3,97,2.8,388,20.7,0.0,12.5,0.0,Spring,No Holiday,Yes,14013
03/05/2018,1061,9,12.8,52,3.9,1614,3.1,1.65,0.0,0.0,Spring,No Holiday,Yes,17264
23/01/2018,228,9,-13.3,36,3.5,2000,-25.2,0.19,0.0,1.0,Winter,No Holiday,Yes,17660
05/11/2018,346,1,9.3,78,0.1,828,5.6,0.0,0.0,0.0,Autumn,No Holiday,Yes,15536
31/10/2018,798,23,6.4,60,1.8,1930,-0.8,0.0,0.0,0.0,Autumn,No Holiday,Yes,17882
09/05/2018,1242,12,18.7,39,1.9,1925,4.4,3.21,0.0,0.0,Spring,No Holiday,Yes,14855
20/03/2018,518,16,5.6,42,4.2,2000,-6.3,0.81,0.0,0.0,Spring,No Holiday,Yes,15867
09/12/2017,237,2,-4.7,50,0.7,1983,-13.5,0.0,0.0,0.0,Winter,No Holiday,Yes,18440
06/07/2018,1075,0,23.5,65,1.9,2000,16.5,0.0,0.0,0.0,Summer,No Holiday,Yes,18013
20/06/2018,1002,10,22.2,70,3.1,740,16.4,1.44,0.0,0.0,Summer,No Holiday,Yes,17171
29/01/2018,177,15,-5.2,27,4.5,1927,-21.3,1.06,0.0,0.0,Winter,No Holiday,Yes,10692
17/11/2018,1037,13,10.9,32,2.1,1581,-5.1,1.85,0.0,0.0,Autumn,No Holiday,Yes,16822
22/10/2018,1064,13,19.4,35,1.2,678,3.5,1.73,0.0,0.0,Autumn,No Holiday,Yes,10610
24/01/2018,164,7,-15.9,30,3.0,2000,-29.5,0.0,0.0,0.9,Winter,No Holiday,Yes,15792
19/10/2018,184,4,8.1,76,0.3,2000,4.1,0.0,0.0,0.0,Autumn,No Holiday,Yes,14872
23/04/2018,6,5,9.2,95,2.3,404,8.4,0.0,2.5,0.0,Spring,No Holiday,Yes,13449
12/07/2018,517,2,26.3,84,0.3,1361,23.3,0.0,0.0,0.0,Summer,No Holiday,Yes,17964
15/08/2018,1500,20,28.4,69,1.5,2000,22.1,0.01,0.0,0.0,Summer,Holiday,Yes,15997
05/07/2018,267,4,23.5,80,0.4,924,19.8,0.0,0.0,0.0,Summer,No Holiday,Yes,13990
24/10/2018,453,6,8.1,88,0.9,831,6.2,0.0,0.0,0.0,Autumn,No Holiday,Yes,13134
10/04/2018,102,4,7.5,48,1.0,1458,-2.8,0.0,0.0,0.0,Spring,No Holiday,Yes,17442
16/03/2018,1176,8,3.8,56,2.4,2000,-4.1,0.32,0.0,0.0,Spring,No Holiday,Yes,10869
06/01/2018,271,18,-0.6,37,1.6,1797,-13.5,0.01,0.0,0.0,Winter,No Holiday,Yes,12021
23/04/2018,14,15,9.5,96,2.2,350,8.8,0.31,1.5,0.0,Spring,No Holiday,Yes,16528
09/11/2018,0,16,14.3,59,3.6,858,6.3,0.72,0.0,0.0,Autumn,No Holiday,No,15066
18/10/2018,165,4,8.1,78,0.6,2000,4.4,0.0,0.0,0.0,Autumn,No Holiday,Yes,15247
22/03/2018,600,7,0.6,85,1.5,1321,-1.6,0.01,0.0,0.0,Spring,No Holiday,Yes,12434
24/07/2018,673,6,27.2,71,0.8,1920,21.4,0.02,0.0,0.0,Summer,No Holiday,Yes,12225
16/02/2018,243,15,4.0,26,3.5,2000,-13.8,1.75,0.0,0.0,Winter,Holiday,Yes,12924
09/08/2018,628,13,29.7,80,1.7,1312,25.8,0.73,0.4,0.0,Summer,No Holiday,Yes,12156
14/06/2018,289,3,20.8,73,0.7,756,15.7,0.0,0.0,0.0,Summer,No Holiday,Yes,11478
07/09/2018,2365,19,22.6,39,2.8,2000,7.9,0.14,0.0,0.0,Autumn,No Holiday,Yes,14351
13/12/2017,240,14,-4.7,27,2.9,1883,-20.8,1.12,0.0,0.0,Winter,No Holiday,Yes,15876
16/10/2018,1425,22,13.6,71,0.6,1457,8.4,0.0,0.0,0.0,Autumn,No Holiday,Yes,11558
29/09/2018,1229,23,18.6,59,0.7,2000,10.4,0.0,0.0,0.0,Autumn,No Holiday,Yes,14298
24/11/2018,335,2,2.5,29,1.8,2000,-13.7,0.0,0.0,0.0,Autumn,No Holiday,Yes,17229
12/03/2018,662,7,3.0,53,0.5,1094,-5.6,0.0,0.0,0.0,Spring,No Holiday,Yes,18330
28/02/2018,305,12,7.6,48,2.6,600,-2.7,0.39,0.0,0.0,Winter,No Holiday,Yes,11100
22/04/2018,103,16,19.1,52,0.9,1583,9.0,0.37,0.0,0.0,Spring,No Holiday,Yes,14839
02/09/2018,1511,22,25.7,64,1.1,2000,18.3,0.0,0.0,0.0,Autumn,No Holiday,Yes,13382
29/09/2018,1037,0,16.6,69,1.0,2000,10.8,0.0,0.0,0.0,Autumn,No Holiday,Yes,16312
05/02/2018,110,6,-11.5,40,2.3,2000,-22.4,0.0,0.0,0.0,Winter,No Holiday,Yes,18682
15/01/2018,230,23,2.4,63,0.6,443,-3.9,0.0,0.0,0.0,Winter,No Holiday,Yes,17696
23/07/2018,1241,7,29.3,58,0.8,2000,20.1,0.23,0.0,0.0,Summer,No Holiday,Yes,16339
23/05/2018,2069,17,22.4,39,3.2,1943,7.7,1.9,0.0,0.0,Spring,No Holiday,Yes,13016
11/06/2018,194,4,18.8,60,1.0,2000,10.8,0.0,0.0,0.0,Summer,No Holiday,Yes,14814
06/03/2018,616,15,10.1,24,1.8,1839,-9.6,2.12,0.0,0.0,Spring,No Holiday,Yes,16659
15/08/2018,547,10,33.5,49,1.0,1937,21.3,2.09,0.0,0.0,Summer,Holiday,Yes,10458
22/08/2018,1556,22,32.1,47,2.0,2000,19.3,0.0,0.0,0.0,Summer,No Holiday,Yes,11971
06/06/2018,2163,19,24.9,56,3.1,1469,15.5,0.51,0.0,0.0,Summer,Holiday,Yes,16889
09/06/2018,963,8,21.9,62,0.9,1071,14.2,1.03,0.0,0.0,Summer,No Holiday,Yes,13253
23/02/2018,470,17,7.9,68,4.2,352,2.3,0.27,0.0,0.0,Winter,No Holiday,Yes,12202
06/11/2018,0,20,13.2,73,1.1,246,8.4,0.0,0.0,0.0,Autumn,No Holiday,No,14451
04/02/2018,90,1,-10.5,48,3.1,2000,-19.4,0.0,0.0,0.0,Winter,No Holiday,Yes,10631
18/11/2018,258,3,2.5,49,0.2,2000,-7.1,0.0,0.0,0.0,Autumn,No Holiday,Yes,18102
31/10/2018,227,3,5.6,69,0.1,2000,0.3,0.0,0.0,0.0,Autumn,No Holiday,Yes,15609
13/02/2018,252,11,-0.3,40,3.4,1728,-12.2,1.73,0.0,0.0,Winter,No Holiday,Yes,13291
04/07/2018,234,4,24.7,82,0.3,2000,21.4,0.0,0.0,0.0,Summer,No Holiday,Yes,13462
23/01/2018,184,11,-11.7,27,4.0,1935,-26.9,0.94,0.0,1.0,Winter,No Holiday,Yes,13727
02/06/2018,1094,11,27.3,35,2.3,1537,10.4,2.98,0.0,0.0,Summer,No Holiday,Yes,15663
19/04/2018,1039,15,20.2,21,4.8,1161,-2.8,2.53,0.0,0.0,Spring,No Holiday,Yes,13126
21/05/2018,467,6,11.4,0,0.9,2000,-2.0,0.03,0.0,0.0,Spring,No Holiday,Yes,18540
28/11/2018,1099,17,7.6,23,2.9,1678,-12.2,0.25,0.0,0.0,Autumn,No Holiday,Yes,10723
08/01/2018,159,6,0.8,45,0.7,1268,-9.8,0.0,0.0,0.0,Winter,No Holiday,Yes,15749
26/12/2017,65,5,-2.9,77,0.8,1833,-6.3,0.0,0.0,0.0,Winter,No Holiday,Yes,11869
11/07/2018,1052,14,29.2,67,2.8,1725,22.4,1.13,0.0,0.0,Summer,No Holiday,Yes,11320
12/05/2018,669,1,15.9,51,1.8,866,5.7,0.0,0.0,0.0,Spring,No Holiday,Yes,14404
22/07/2018,569,13,36.7,33,1.8,1911,17.7,3.24,0.0,0.0,Summer,No Holiday,Yes,10190
29/05/2018,1592,16,23.6,66,4.2,1208,16.8,0.89,0.0,0.0,Spring,No Holiday,Yes,15858
08/03/2018,683,19,4.5,72,2.7,529,-0.1,0.03,0.0,0.0,Spring,No Holiday,Yes,12985
06/12/2017,87,5,-3.6,76,0.0,1934,-7.2,0.0,0.0,0.4,Winter,No Holiday,Yes,13766
12/07/2018,3016,18,27.5,77,2.1,1897,23.0,0.46,0.0,0.0,Summer,No Holiday,Yes,12415
27/10/2018,1118,13,10.6,38,4.6,2000,-3.1,1.63,0.0,0.0,Autumn,No Holiday,Yes,15298
03/12/2017,152,9,3.5,91,1.8,231,2.1,0.02,2.5,0.0,Winter,No Holiday,Yes,16847
01/10/2018,1057,23,13.4,69,3.7,2000,7.8,0.0,0.0,0.0,Autumn,No Holiday,Yes,14247
20/07/2018,2084,19,32.9,44,2.0,1985,19.0,0.59,0.0,0.0,Summer,No Holiday,Yes,13780
23/06/2018,1322,0,22.7,36,1.5,2000,6.8,0.0,0.0,0.0,Summer,No Holiday,Yes,16281
03/11/2018,0,19,13.4,62,1.6,740,6.2,0.0,0.0,0.0,Autumn,No Holiday,No,10959
19/08/2018,1546,22,27.7,62,0.6,2000,19.7,0.0,0.0,0.0,Summer,No Holiday,Yes,11828
08/02/2018,286,15,1.4,25,2.2,1686,-16.5,1.81,0.0,0.0,Winter,No Holiday,Yes,18748
12/10/2018,531,1,7.6,63,1.2,2000,0.9,0.0,0.0,0.0,Autumn,No Holiday,Yes,12207
20/09/2018,301,13,18.9,89,2.6,586,17.0,0.58,0.0,0.0,Autumn,No Holiday,Yes,11817
28/09/2018,0,9,16.5,50,1.2,2000,6.0,0.66,0.0,0.0,Autumn,No Holiday,No,12056
17/07/2018,1955,8,25.8,69,0.8,969,19.6,1.06,0.0,0.0,Summer,No Holiday,Yes,16987
01/05/2018,1898,17,22.0,65,2.4,589,15.1,0.47,0.0,0.0,Spring,Holiday,Yes,18021
11/10/2018,218,3,6.7,71,1.0,2000,1.8,0.0,0.0,0.0,Autumn,No Holiday,Yes,17946
27/10/2018,585,1,9.9,62,3.5,2000,2.9,0.0,0.0,0.0,Autumn,No Holiday,Yes,17686
29/03/2018,714,12,18.2,55,2.3,594,9.0,2.24,0.0,0.0,Spring,No Holiday,Yes,17139
26/10/2018,556,7,12.6,63,0.8,1265,5.7,0.0,0.0,0.0,Autumn,No Holiday,Yes,16150
29/07/2018,473,10,32.4,48,1.9,1952,19.9,2.33,0.0,0.0,Summer,No Holiday,Yes,13778
06/08/2018,1956,18,32.8,63,1.3,1799,24.8,0.31,0.0,0.0,Summer,No Holiday,Yes,17965
06/04/2018,50,1,7.2,95,0.2,683,6.4,0.0,0.5,0.0,Spring,No Holiday,Yes,17827
07/06/2018,1939,22,20.9,71,1.0,763,15.4,0.0,0.0,0.0,Summer,No Holiday,Yes,17639
22/11/2018,271,2,1.3,44,1.9,2000,-9.6,0.0,0.0,0.0,Autumn,No Holiday,Yes,15973
14/07/2018,909,9,27.0,70,1.1,1393,21.0,1.15,0.0,0.0,Summer,No Holiday,Yes,13580
21/11/2018,788,7,6.5,85,0.8,536,4.1,0.0,0.0,0.0,Autumn,No Holiday,Yes,14881
19/06/2018,1700,16,26.1,46,3.0,1728,13.5,1.55,0.0,0.0,Summer,No Holiday,Yes,17456
07/10/2018,1049,0,16.3,86,0.3,2000,13.9,0.0,0.0,0.0,Autumn,No Holiday,Yes,13665
19/02/2018,59,5,-1.8,44,0.5,1862,-12.4,0.0,0.0,0.0,Winter,No Holiday,Yes,10623
09/10/2018,0,15,18.3,40,1.2,2000,4.4,0.33,0.0,0.0,Autumn,Holiday,No,16277
14/03/2018,813,12,19.9,44,2.7,1874,7.2,2.22,0.0,0.0,Spring,No Holiday,Yes,18153
11/10/2018,2378,18,12.1,40,2.4,1854,-1.1,0.18,0.0,0.0,Autumn,No Holiday,Yes,13316
14/11/2018,1063,15,15.9,30,0.7,1823,-1.6,1.34,0.0,0.0,Autumn,No Holiday,Yes,15067
03/04/2018,532,0,16.8,69,0.8,1395,11.0,0.0,0.0,0.0,Spring,No Holiday,Yes,17320
08/02/2018,57,3,-8.6,64,0.9,1754,-14.1,0.0,0.0,0.0,Winter,No Holiday,Yes,13622
12/11/2018,931,9,5.2,55,1.4,1752,-3.1,0.67,0.0,0.0,Autumn,No Holiday,Yes,14098
19/12/2017,78,6,-4.3,70,1.6,1169,-8.9,0.0,0.0,2.6,Winter,No Holiday,Yes,15742
08/07/2018,867,10,22.5,48,1.6,1940,10.9,2.33,0.0,0.0,Summer,No Holiday,Yes,17670
12/09/2018,2443,19,25.4,50,0.6,2000,14.2,0.07,0.0,0.0,Autumn,No Holiday,Yes,16673
24/03/2018,460,22,6.5,85,2.3,167,4.1,0.0,0.0,0.0,Spring,No Holiday,Yes,17437
20/12/2017,466,8,-7.8,65,1.1,1738,-13.2,0.0,0.0,2.0,Winter,No Holiday,Yes,14587
12/07/2018,1811,8,26.3,84,2.1,973,23.3,0.48,0.0,0.0,Summer,No Holiday,Yes,17755
10/01/2018,214,21,-9.4,47,2.0,2000,-18.6,0.0,0.0,0.0,Winter,No Holiday,Yes,15641
18/07/2018,1596,17,32.6,46,2.8,1560,19.4,1.95,0.0,0.0,Summer,No Holiday,Yes,11352
16/07/2018,732,0,26.5,81,0.9,1650,22.9,0.0,0.0,0.0,Summer,No Holiday,Yes,10582
01/10/2018,1137,14,19.3,36,3.5,1986,3.8,2.28,0.0,0.0,Autumn,No Holiday,Yes,10341
16/12/2017,296,13,-3.7,23,4.0,1980,-21.8,1.12,0.0,0.0,Winter,No Holiday,Yes,10776
24/08/2018,948,19,23.6,86,3.0,1275,21.1,0.04,0.0,0.0,Summer,No Holiday,Yes,10365
20/11/2018,798,13,11.6,20,1.3,1821,-10.6,1.87,0.0,0.0,Autumn,No Holiday,Yes,14917
19/08/2018,926,12,30.9,37,1.8,1858,14.5,2.98,0.0,0.0,Summer,No Holiday,Yes,10531
28/01/2018,225,14,-1.5,20,3.0,1992,-21.6,1.09,0.0,0.0,Winter,No Holiday,Yes,11909
23/04/2018,81,0,10.7,94,2.6,477,9.7,0.0,2.0,0.0,Spring,No Holiday,Yes,11487
15/06/2018,1593,23,19.6,55,1.4,2000,10.3,0.0,0.0,0.0,Summer,No Holiday,Yes,11920
16/10/2018,1811,17,18.4,38,1.8,1565,3.8,0.5,0.0,0.0,Autumn,No Holiday,Yes,14213
11/11/2018,189,4,6.9,82,0.5,337,4.0,0.0,0.0,0.0,Autumn,No Holiday,Yes,11766
26/02/2018,786,8,-2.9,63,0.7,1386,-8.9,0.11,0.0,0.0,Winter,No Holiday,Yes,15979
18/07/2018,982,9,27.2,59,0.4,948,18.4,1.18,0.0,0.0,Summer,No Holiday,Yes,12251
17/08/2018,276,4,22.1,54,1.6,2000,12.3,0.0,0.0,0.0,Summer,No Holiday,Yes,18004
26/11/2018,1708,18,9.5,56,0.5,628,1.1,0.0,0.0,0.0,Autumn,No Holiday,Yes,18262
29/08/2018,57,18,23.9,96,0.2,991,23.2,0.0,1.5,0.0,Summer,No Holiday,Yes,16283
07/05/2018,895,10,17.5,63,0.6,1916,10.3,0.96,0.0,0.0,Spring,No Holiday,Yes,14630
21/01/2018,216,11,1.9,25,1.0,1493,-16.1,0.78,0.0,0.0,Winter,No Holiday,Yes,13438
05/04/2018,99,21,7.3,96,1.5,749,6.6,0.0,1.0,0.0,Spring,No Holiday,Yes,16812
17/08/2018,904,12,30.3,30,1.9,1981,10.7,3.17,0.0,0.0,Summer,No Holiday,Yes,18665
20/04/2018,970,14,25.9,28,2.2,808,5.9,2.92,0.0,0.0,Spring,No Holiday,Yes,16964
20/04/2018,414,6,11.2,63,0.7,821,4.4,0.0,0.0,0.0,Spring,No Holiday,Yes,15639
20/09/2018,898,20,19.1,77,2.2,1834,14.9,0.0,0.0,0.0,Autumn,No Holiday,Yes,18379
30/11/2018,149,5,-0.7,66,0.5,1336,-6.2,0.0,0.0,0.0,Autumn,No Holiday,Yes,16768
07/07/2018,1764,16,28.9,44,1.6,1998,15.4,2.2,0.0,0.0,Summer,No Holiday,Yes,13824
11/07/2018,240,1,24.6,96,0.5,443,23.9,0.0,0.5,0.0,Summer,No Holiday,Yes,17142
06/09/2018,562,23,23.9,71,4.7,1982,18.3,0.0,0.0,0.0,Autumn,No Holiday,Yes,12797
21/06/2018,1083,0,20.0,83,2.6,547,17.0,0.0,0.0,0.0,Summer,No Holiday,Yes,15721
20/10/2018,1949,17,19.2,23,1.5,2000,-2.4,0.62,0.0,0.0,Autumn,No Holiday,Yes,16986
04/02/2018,77,23,-10.3,48,2.0,2000,-19.2,0.0,0.0,0.0,Winter,No Holiday,Yes,10176
14/02/2018,292,7,1.3,66,1.1,1534,-4.3,0.0,0.0,0.0,Winter,No Holiday,Yes,12428
10/01/2018,61,0,-5.2,82,0.8,152,-7.7,0.0,0.5,0.5,Winter,No Holiday,Yes,18671
12/11/2018,1472,17,11.8,43,1.8,1685,-0.3,0.34,0.0,0.0,Autumn,No Holiday,Yes,17893
15/05/2018,944,11,24.8,36,1.8,973,8.7,2.7,0.0,0.0,Spring,No Holiday,Yes,13557
23/12/2017,282,0,5.8,75,1.9,788,1.7,0.0,0.0,0.0,Winter,No Holiday,Yes,15865
30/08/2018,1707,19,25.1,74,2.1,1105,20.1,0.0,0.5,0.0,Summer,No Holiday,Yes,10047
01/11/2018,154,5,3.3,72,0.0,1946,-1.2,0.0,0.0,0.0,Autumn,No Holiday,Yes,10046
19/10/2018,1190,13,18.9,33,1.8,2000,2.2,2.43,0.0,0.0,Autumn,No Holiday,Yes,11323
14/09/2018,249,5,20.7,77,0.9,2000,16.5,0.0,0.0,0.0,Autumn,No Holiday,Yes,14604
30/06/2018,1235,14,27.5,69,0.5,736,21.2,1.84,0.0,0.0,Summer,No Holiday,Yes,11713
06/10/2018,20,11,17.5,95,2.0,1214,16.6,0.35,3.5,0.0,Autumn,No Holiday,Yes,16405
27/01/2018,103,23,-7.6,42,1.2,1760,-18.3,0.0,0.0,0.0,Winter,No Holiday,Yes,11584
23/07/2018,960,16,34.8,47,2.2,1839,21.8,1.32,0.0,0.0,Summer,No Holiday,Yes,11034
07/02/2018,199,14,-3.5,20,1.5,1976,-23.2,2.02,0.0,0.0,Winter,No Holiday,Yes,12275
25/08/2018,318,6,23.5,79,2.0,1439,19.6,0.0,0.0,0.0,Summer,No Holiday,Yes,10514
05/08/2018,1411,19,30.9,68,3.3,1821,24.2,0.52,0.0,0.0,Summer,No Holiday,Yes,13785
17/08/2018,842,1,23.4,47,2.1,2000,11.4,0.0,0.0,0.0,Summer,No Holiday,Yes,18567
05/09/2018,2177,20,24.5,64,2.0,2000,17.2,0.0,0.0,0.0,Autumn,No Holiday,Yes,15416
17/06/2018,2330,17,25.6,58,3.3,865,16.7,0.66,0.0,0.0,Summer,No Holiday,Yes,15322
23/10/2018,81,11,13.0,70,5.0,989,7.6,0.5,0.0,0.0,Autumn,No Holiday,Yes,10279
22/05/2018,58,21,17.0,85,1.1,597,14.4,0.0,0.5,0.0,Spring,Holiday,Yes,16305
01/02/2018,542,18,-1.0,28,1.9,2000,-17.2,0.08,0.0,0.0,Winter,No Holiday,Yes,10993
13/12/2017,278,16,-4.5,26,2.2,2000,-21.1,0.56,0.0,0.0,Winter,No Holiday,Yes,13854
02/11/2018,2314,18,14.6,42,1.4,1428,1.8,0.02,0.0,0.0,Autumn,No Holiday,Yes,13078
18/06/2018,1590,7,20.6,76,0.5,786,16.2,0.3,0.0,0.0,Summer,No Holiday,Yes,16594
22/12/2017,309,21,6.1,70,2.2,763,1.0,0.0,0.0,0.0,Winter,Holiday,Yes,15888
02/02/2018,159,1,-5.2,56,0.9,1973,-12.6,0.0,0.0,0.0,Winter,No Holiday,Yes,10761
28/01/2018,30,6,-7.8,35,1.9,2000,-20.6,0.0,0.0,0.0,Winter,No Holiday,Yes,10214
28/08/2018,281,3,22.9,93,0.6,2000,21.7,0.0,0.0,0.0,Summer,No Holiday,Yes,18146
28/05/2018,134,4,17.2,0,0.4,1619,8.8,0.0,0.0,0.0,Spring,No Holiday,Yes,17231
02/05/2018,63,12,17.3,95,0.7,155,16.4,0.16,3.5,0.0,Spring,No Holiday,Yes,12811
01/09/2018,1678,16,30.5,41,1.4,1930,15.7,1.95,0.0,0.0,Autumn,No Holiday,Yes,16115
22/06/2018,2146,17,30.4,28,2.9,1834,9.8,1.9,0.0,0.0,Summer,No Holiday,Yes,11219
12/11/2018,1084,15,13.8,34,2.4,1438,-1.8,1.45,0.0,0.0,Autumn,No Holiday,Yes,10358
03/04/2018,388,6,16.8,74,1.2,1265,12.1,0.0,0.0,0.0,Spring,No Holiday,Yes,18544
13/05/2018,220,7,13.7,98,1.6,468,13.3,0.1,0.0,0.0,Spring,No Holiday,Yes,10885
02/10/2018,0,3,11.8,78,0.3,1843,8.0,0.0,0.0,0.0,Autumn,No Holiday,No,12895
31/03/2018,264,3,10.7,74,1.7,712,6.2,0.0,0.0,0.0,Spring,No Holiday,Yes,17834
17/05/2018,78,2,21.8,97,1.3,175,21.2,0.0,1.0,0.0,Spring,No Holiday,Yes,13709
14/11/2018,362,6,5.1,76,1.1,1195,1.2,0.0,0.0,0.0,Autumn,No Holiday,Yes,14428
01/05/2018,1644,21,20.2,74,1.3,554,15.4,0.0,0.0,0.0,Spring,Holiday,Yes,11561
23/12/2017,473,16,8.2,64,1.0,281,1.7,0.32,0.0,0.0,Winter,No Holiday,Yes,18674
27/02/2018,310,23,5.3,53,1.5,582,-3.5,0.0,0.0,0.0,Winter,No Holiday,Yes,11017
19/12/2017,55,3,-2.8,58,1.6,1315,-9.9,0.0,0.0,2.6,Winter,No Holiday,Yes,15785
07/11/2018,1062,20,13.3,77,1.6,833,9.3,0.0,0.0,0.0,Autumn,No Holiday,Yes,10686
27/11/2018,616,10,6.4,71,1.0,385,1.5,0.37,0.0,0.0,Autumn,No Holiday,Yes,10833
11/03/2018,1154,14,11.6,20,2.7,1647,-10.6,2.69,0.0,0.0,Spring,No Holiday,Yes,13427
20/10/2018,997,10,13.0,49,0.5,1685,2.5,1.61,0.0,0.0,Autumn,No Holiday,Yes,10831
27/05/2018,1730,14,24.2,36,4.0,1907,8.1,2.16,0.0,0.0,Spring,No Holiday,Yes,11169
03/12/2017,385,21,4.7,87,1.2,247,2.7,0.0,0.0,0.0,Winter,No Holiday,Yes,16929
10/03/2018,74,6,1.1,78,1.1,538,-2.3,0.0,0.0,0.0,Spring,No Holiday,Yes,14761
03/05/2018,1401,20,12.6,47,3.2,1935,1.5,0.02,0.0,0.0,Spring,No Holiday,Yes,12513
12/08/2018,1225,18,33.4,49,1.6,1971,21.2,0.25,0.0,0.0,Summer,No Holiday,Yes,16054
24/07/2018,688,13,36.4,41,1.3,1655,21.0,2.86,0.0,0.0,Summer,No Holiday,Yes,11853
04/05/2018,1021,11,17.2,35,3.6,1731,1.5,2.93,0.0,0.0,Spring,No Holiday,Yes,11203
31/08/2018,868,11,26.7,51,2.7,1925,15.7,2.65,0.0,0.0,Summer,No Holiday,Yes,14705
15/06/2018,2460,17,26.1,45,1.4,2000,13.2,1.26,0.0,0.0,Summer,No Holiday,Yes,18240
04/03/2018,475,14,11.2,83,1.1,518,8.4,0.45,0.0,0.0,Spring,No Holiday,Yes,16258
20/08/2018,1285,7,25.4,60,1.4,1879,17.0,0.16,0.0,0.0,Summer,No Holiday,Yes,11690
22/01/2018,60,5,0.0,32,0.7,2000,-14.7,0.0,0.0,0.0,Winter,No Holiday,Yes,10855
13/09/2018,1303,23,22.4,73,0.3,1980,17.3,0.0,0.0,0.0,Autumn,No Holiday,Yes,13130
27/01/2018,122,19,-7.1,33,2.0,1887,-20.6,0.0,0.0,0.0,Winter,No Holiday,Yes,15907
26/03/2018,1031,19,14.3,37,3.1,1247,-0.2,0.1,0.0,0.0,Spring,No Holiday,Yes,16835
11/06/2018,232,3,18.8,61,1.3,2000,11.1,0.0,0.0,0.0,Summer,No Holiday,Yes,18221
04/10/2018,0,9,16.7,58,1.8,1821,8.3,1.22,0.0,0.0,Autumn,No Holiday,No,16792
24/02/2018,232,21,0.7,31,1.3,1923,-14.5,0.0,0.0,0.0,Winter,No Holiday,Yes,10492
09/01/2018,302,20,-4.9,59,0.6,1992,-11.6,0.0,0.0,0.0,Winter,No Holiday,Yes,11773
31/05/2018,1343,23,20.5,62,2.2,1903,12.9,0.0,0.0,0.0,Spring,No Holiday,Yes,10687
07/07/2018,2235,21,23.4,52,1.4,2000,12.9,0.0,0.0,0.0,Summer,No Holiday,Yes,11493
04/09/2018,987,14,27.4,52,3.8,1998,16.6,2.67,0.0,0.0,Autumn,No Holiday,Yes,12146
28/03/2018,1288,19,16.0,60,2.8,1436,8.2,0.06,0.0,0.0,Spring,No Holiday,Yes,10744
08/05/2018,1457,16,22.0,41,1.7,2000,8.1,2.04,0.0,0.0,Spring,No Holiday,Yes,15228
23/12/2017,59,5,5.0,81,1.2,425,2.0,0.0,0.0,0.0,Winter,No Holiday,Yes,12442
04/04/2018,1209,15,17.9,44,2.2,2000,5.4,2.79,0.0,0.0,Spring,No Holiday,Yes,11943
07/11/2018,1003,22,13.2,74,1.4,1407,8.6,0.0,0.0,0.0,Autumn,No Holiday,Yes,10088
26/07/2018,306,5,27.4,78,0.8,1301,23.2,0.0,0.0,0.0,Summer,No Holiday,Yes,18414
22/03/2018,247,1,1.6,85,2.0,952,-0.6,0.0,0.0,0.0,Spring,No Holiday,Yes,14032
11/08/2018,1469,20,32.8,47,1.9,2000,19.9,0.01,0.0,0.0,Summer,No Holiday,Yes,14065
31/03/2018,618,10,14.7,53,0.9,831,5.2,1.59,0.0,0.0,Spring,No Holiday,Yes,17286
09/02/2018,407,19,3.3,58,1.7,1024,-4.1,0.0,0.0,0.0,Winter,No Holiday,Yes,15942
05/08/2018,499,11,31.2,63,2.6,1695,23.3,1.99,0.0,0.0,Summer,No Holiday,Yes,10273
24/02/2018,306,19,2.1,27,2.8,1883,-15.0,0.01,0.0,0.0,Winter,No Holiday,Yes,14291
04/02/2018,60,2,-10.5,49,2.0,2000,-19.1,0.0,0.0,0.0,Winter,No Holiday,Yes,15285
17/02/2018,169,19,-1.5,32,2.5,2000,-16.0,0.0,0.0,0.0,Winter,Holiday,Yes,11030
29/01/2018,62,1,-9.8,47,1.3,1934,-19.0,0.0,0.0,0.0,Winter,No Holiday,Yes,14178
28/07/2018,875,1,29.1,79,1.3,975,25.0,0.0,0.0,0.0,Summer,No Holiday,Yes,14443
22/03/2018,243,0,1.6,86,1.7,1141,-0.4,0.0,0.0,0.0,Spring,No Holiday,Yes,11347
11/02/2018,58,3,-7.2,43,2.0,2000,-17.6,0.0,0.0,0.0,Winter,No Holiday,Yes,10567
03/03/2018,215,23,9.4,74,1.6,559,4.9,0.0,0.0,0.0,Spring,No Holiday,Yes,12143
24/05/2018,1455,16,23.5,36,4.0,1763,7.5,2.42,0.0,0.0,Spring,No Holiday,Yes,10871
18/12/2017,36,10,-3.7,87,1.0,541,-5.5,0.03,0.0,4.8,Winter,No Holiday,Yes,14533
30/05/2018,507,0,19.1,84,1.6,540,16.3,0.0,0.0,0.0,Spring,No Holiday,Yes,14217
24/09/2018,310,9,17.0,43,2.1,1993,4.3,1.36,0.0,0.0,Autumn,Holiday,Yes,15063
14/05/2018,377,1,12.4,94,1.3,307,11.4,0.0,0.0,0.0,Spring,No Holiday,Yes,16299
13/12/2017,310,7,-11.7,53,1.6,1998,-19.3,0.0,0.0,0.0,Winter,No Holiday,Yes,14885
07/03/2018,505,14,9.8,38,0.9,1908,-3.8,0.93,0.0,0.0,Spring,No Holiday,Yes,14600
18/11/2018,592,0,3.6,49,0.8,1990,-6.1,0.0,0.0,0.0,Autumn,No Holiday,Yes,15952
24/05/2018,1226,9,17.6,30,1.1,1531,0.0,1.79,0.0,0.0,Spring,No Holiday,Yes,18398
19/05/2018,1290,11,19.0,44,1.4,2000,6.4,3.12,0.0,0.0,Spring,No Holiday,Yes,16610
11/02/2018,181,15,-2.6,31,2.7,1987,-17.4,1.36,0.0,0.0,Winter,No Holiday,Yes,18378
01/03/2018,160,9,0.1,78,4.9,615,-3.2,0.09,0.0,0.0,Spring,Holiday,Yes,10380
07/02/2018,155,10,-9.6,39,0.7,1580,-21.0,1.06,0.0,0.0,Winter,No Holiday,Yes,13420
14/07/2018,2023,20,29.2,63,1.7,1988,21.4,0.1,0.0,0.0,Summer,No Holiday,Yes,13031
21/09/2018,809,0,18.9,78,2.1,2000,14.9,0.0,0.0,0.0,Autumn,No Holiday,Yes,14646
01/09/2018,1523,23,24.4,54,1.6,2000,14.4,0.0,0.0,0.0,Autumn,No Holiday,Yes,12868
30/01/2018,47,5,-11.3,53,1.6,1979,-19.0,0.0,0.0,0.0,Winter,No Holiday,Yes,14365
25/01/2018,130,15,-9.7,28,3.7,2000,-24.8,1.0,0.0,0.5,Winter,No Holiday,Yes,11872
17/06/2018,944,9,22.5,66,1.2,605,15.8,0.97,0.0,0.0,Summer,No Holiday,Yes,13930
02/12/2017,385,19,5.0,52,2.3,1666,-4.0,0.0,0.0,0.0,Winter,No Holiday,Yes,12561
08/10/2018,2787,18,18.1,39,1.0,2000,3.9,0.21,0.0,0.0,Autumn,No Holiday,Yes,10235
12/09/2018,949,0,20.2,54,1.2,2000,10.5,0.0,0.0,0.0,Autumn,No Holiday,Yes,13136
18/09/2018,0,10,22.7,54,1.0,1619,12.9,1.74,0.0,0.0,Autumn,No Holiday,No,15217
16/11/2018,834,11,11.9,44,2.1,791,0.0,1.22,0.0,0.0,Autumn,No Holiday,Yes,16540
11/12/2017,86,5,-5.6,38,3.2,1974,-17.6,0.0,0.0,0.0,Winter,No Holiday,Yes,13862
01/12/2017,405,21,-0.8,81,0.8,1687,-3.6,0.0,0.0,0.0,Winter,No Holiday,Yes,17230
21/04/2018,628,1,15.5,60,1.1,658,7.7,0.0,0.0,0.0,Spring,No Holiday,Yes,11136
17/09/2018,1092,14,26.7,40,3.3,1822,11.9,2.8,0.0,0.0,Autumn,No Holiday,Yes,14616
31/10/2018,963,14,11.9,34,2.4,1835,-3.4,2.12,0.0,0.0,Autumn,No Holiday,Yes,18280
08/09/2018,227,5,16.7,70,0.8,2000,11.1,0.0,0.0,0.0,Autumn,No Holiday,Yes,15602
05/07/2018,2309,19,26.7,69,1.4,2000,20.5,0.36,0.0,0.0,Summer,No Holiday,Yes,18578
19/01/2018,334,7,-2.0,49,1.9,1281,-11.3,0.0,0.0,0.0,Winter,No Holiday,Yes,15014
06/08/2018,219,3,28.6,81,1.1,1105,25.0,0.0,0.0,0.0,Summer,No Holiday,Yes,10564
04/04/2018,1284,8,10.3,86,2.5,2000,8.0,0.15,0.0,0.0,Spring,No Holiday,Yes,18301
15/11/2018,1416,17,13.7,38,1.4,884,-0.3,0.29,0.0,0.0,Autumn,No Holiday,Yes,18019
25/05/2018,531,6,13.8,74,0.7,644,9.2,0.05,0.0,0.0,Spring,No Holiday,Yes,14429
18/02/2018,92,8,-4.8,31,0.8,2000,-19.3,0.02,0.0,0.0,Winter,No Holiday,Yes,17267
02/05/2018,327,13,17.2,96,0.9,275,16.5,0.26,4.0,0.0,Spring,No Holiday,Yes,10968
21/04/2018,122,5,13.0,70,0.5,385,7.6,0.0,0.0,0.0,Spring,No Holiday,Yes,14722
28/04/2018,808,10,17.4,46,1.8,734,5.6,2.27,0.0,0.0,Spring,No Holiday,Yes,13298
19/04/2018,1534,17,20.1,27,1.9,1088,0.4,1.38,0.0,0.0,Spring,No Holiday,Yes,17025
29/10/2018,1274,17,10.0,43,4.9,2000,-2.0,0.43,0.0,0.0,Autumn,No Holiday,Yes,18435
13/07/2018,1321,7,25.0,83,1.0,1350,21.9,0.13,0.0,0.0,Summer,No Holiday,Yes,16870
25/06/2018,785,6,21.3,81,0.7,604,17.8,0.05,0.0,0.0,Summer,No Holiday,Yes,10999
04/10/2018,0,4,13.3,75,0.4,1792,8.9,0.0,0.0,0.0,Autumn,No Holiday,No,13376
28/01/2018,206,13,-2.4,22,2.5,1866,-21.2,1.16,0.0,0.0,Winter,No Holiday,Yes,13042
12/07/2018,1355,23,25.5,84,0.8,1906,22.5,0.0,0.0,0.0,Summer,No Holiday,Yes,10742
12/03/2018,771,21,8.7,49,1.7,464,-1.4,0.0,0.0,0.0,Spring,No Holiday,Yes,16285
25/10/2018,193,5,7.8,85,0.9,1542,5.4,0.0,0.0,0.0,Autumn,No Holiday,Yes,10378
17/12/2017,266,17,-3.8,35,2.4,2000,-17.0,0.17,0.0,0.0,Winter,No Holiday,Yes,15535
20/02/2018,265,10,1.1,38,3.1,1184,-11.6,1.13,0.0,0.0,Winter,No Holiday,Yes,10356
25/05/2018,2227,19,22.0,40,1.6,1658,7.7,0.47,0.0,0.0,Spring,No Holiday,Yes,14554
29/10/2018,436,6,4.7,76,0.6,2000,0.8,0.0,0.0,0.0,Autumn,No Holiday,Yes,16895
11/08/2018,1274,18,34.4,40,1.8,2000,18.8,0.65,0.0,0.0,Summer,No Holiday,Yes,10231
17/02/2018,117,23,-2.9,31,3.8,2000,-17.7,0.0,0.0,0.0,Winter,Holiday,Yes,15828
08/03/2018,12,3,3.8,90,0.8,448,2.3,0.0,2.0,0.0,Spring,No Holiday,Yes,18122
30/09/2018,0,19,17.1,35,2.9,2000,1.4,0.0,0.0,0.0,Autumn,No Holiday,No,14157
06/01/2018,218,22,-2.6,47,1.6,1492,-12.3,0.0,0.0,0.0,Winter,No Holiday,Yes,15002
13/09/2018,240,4,20.7,69,1.3,2000,14.8,0.0,0.0,0.0,Autumn,No Holiday,Yes,18721
25/09/2018,1955,16,24.2,28,1.7,2000,4.5,1.86,0.0,0.0,Autumn,Holiday,Yes,10846
04/12/2017,338,14,0.1,27,4.5,2000,-16.7,1.09,0.0,0.0,Winter,No Holiday,Yes,11052
11/04/2018,0,17,16.2,22,4.1,2000,-5.5,1.73,0.0,0.0,Spring,No Holiday,No,14902
19/09/2018,0,21,21.7,63,1.8,1078,14.3,0.0,0.1,0.0,Autumn,No Holiday,No,14371
27/10/2018,1054,18,8.9,39,3.5,2000,-4.3,0.05,0.0,0.0,Autumn,No Holiday,Yes,17287
30/06/2018,858,12,25.2,94,2.8,166,24.1,0.39,6.4,0.0,Summer,No Holiday,Yes,16569
22/10/2018,2111,8,9.7,58,0.6,1559,1.8,0.22,0.0,0.0,Autumn,No Holiday,Yes,11321
08/01/2018,67,5,0.8,42,1.0,1394,-10.6,0.0,0.0,0.0,Winter,No Holiday,Yes,10476
23/05/2018,25,1,15.3,97,3.2,178,14.8,0.0,3.0,0.0,Spring,No Holiday,Yes,18292
09/12/2017,569,15,5.2,30,2.0,1963,-11.0,0.84,0.0,0.0,Winter,No Holiday,Yes,12825
28/01/2018,217,15,-1.9,23,4.3,2000,-20.3,0.7,0.0,0.0,Winter,No Holiday,Yes,11200
03/09/2018,532,14,25.6,77,0.8,1930,21.2,0.78,0.0,0.0,Autumn,No Holiday,Yes,16520
02/08/2018,1579,8,31.6,50,1.1,1943,19.9,0.76,0.0,0.0,Summer,No Holiday,Yes,15288
06/10/2018,529,13,17.7,89,5.0,2000,15.8,0.62,0.5,0.0,Autumn,No Holiday,Yes,12153
12/04/2018,829,11,16.2,30,2.4,1700,-1.4,2.68,0.0,0.0,Spring,No Holiday,Yes,13423
20/07/2018,822,12,32.6,51,2.1,800,21.1,3.21,0.0,0.0,Summer,No Holiday,Yes,17761
16/03/2018,683,9,5.2,51,1.7,2000,-4.1,1.08,0.0,0.0,Spring,No Holiday,Yes,17485
05/06/2018,1058,13,28.6,34,2.0,1274,11.1,2.82,0.0,0.0,Summer,No Holiday,Yes,13404
18/06/2018,1373,22,22.9,56,1.3,1927,13.6,0.0,0.0,0.0,Summer,No Holiday,Yes,18406
14/12/2017,247,11,-6.1,38,1.0,1587,-18.1,0.52,0.0,0.0,Winter,No Holiday,Yes,14605
30/12/2017,183,17,3.8,64,0.9,250,-2.3,0.01,0.0,0.0,Winter,No Holiday,Yes,12206
02/05/2018,555,8,17.5,94,0.9,203,16.5,0.06,0.0,0.0,Spring,No Holiday,Yes,11050
17/08/2018,2353,19,31.0,31,1.5,2000,11.8,0.34,0.0,0.0,Summer,No Holiday,Yes,18270
30/07/2018,609,10,32.0,50,2.1,1992,20.2,2.34,0.0,0.0,Summer,No Holiday,Yes,16483
15/07/2018,223,5,24.5,85,0.7,1345,21.8,0.0,0.0,0.0,Summer,No Holiday,Yes,18453
10/05/2018,0,22,12.3,85,2.3,452,9.8,0.0,0.0,0.0,Spring,No Holiday,No,18393
30/07/2018,1130,7,26.8,59,1.1,2000,18.1,0.28,0.0,0.0,Summer,No Holiday,Yes,13133
30/10/2018,1883,8,1.4,58,0.9,1883,-5.9,0.15,0.0,0.0,Autumn,No Holiday,Yes,14170
09/02/2018,78,3,-5.2,48,0.7,1309,-14.5,0.0,0.0,0.0,Winter,No Holiday,Yes,15936
07/09/2018,988,11,23.8,51,3.5,1970,13.0,2.62,0.0,0.0,Autumn,No Holiday,Yes,12741
28/01/2018,157,18,-4.9,35,3.7,2000,-18.0,0.04,0.0,0.0,Winter,No Holiday,Yes,16652
14/08/2018,681,1,28.9,71,1.2,1982,23.1,0.0,0.0,0.0,Summer,No Holiday,Yes,14097
08/10/2018,192,3,10.8,59,0.5,2000,3.0,0.0,0.0,0.0,Autumn,No Holiday,Yes,11562
06/05/2018,1848,18,20.2,66,1.0,2000,13.6,1.1,0.0,0.0,Spring,No Holiday,Yes,18298
25/09/2018,1583,20,19.3,45,0.4,2000,7.0,0.0,0.0,0.0,Autumn,Holiday,Yes,18336
23/03/2018,128,3,1.9,81,1.1,525,-1.0,0.0,0.0,0.0,Spring,No Holiday,Yes,10559
18/07/2018,776,15,32.9,46,2.5,1248,19.7,2.9,0.0,0.0,Summer,No Holiday,Yes,15668
27/09/2018,488,1,16.1,53,1.4,2000,6.5,0.0,0.0,0.0,Autumn,No Holiday,Yes,10093
30/09/2018,0,8,16.2,69,1.1,2000,10.4,0.54,0.0,0.0,Autumn,No Holiday,No,14677
07/02/2018,116,0,-12.3,47,0.4,1848,-21.3,0.0,0.0,0.0,Winter,No Holiday,Yes,14789
13/11/2018,1910,8,4.7,68,0.5,1032,-0.7,0.06,0.0,0.0,Autumn,No Holiday,Yes,14869
29/07/2018,266,6,26.4,76,0.4,1813,21.8,0.01,0.0,0.0,Summer,No Holiday,Yes,14248
24/07/2018,834,16,34.9,51,2.0,1221,23.2,0.76,0.0,0.0,Summer,No Holiday,Yes,13953
15/04/2018,401,8,7.0,78,0.9,656,3.4,0.56,0.0,0.0,Spring,No Holiday,Yes,17885
10/12/2017,9,6,-0.5,90,0.9,91,-1.9,0.0,2.5,2.7,Winter,No Holiday,Yes,16515
28/07/2018,461,3,28.5,81,1.2,911,24.9,0.0,0.0,0.0,Summer,No Holiday,Yes,15852
27/05/2018,555,2,19.0,62,1.8,974,11.5,0.0,0.0,0.0,Spring,No Holiday,Yes,15220
27/01/2018,103,21,-7.9,35,2.6,1878,-20.7,0.0,0.0,0.0,Winter,No Holiday,Yes,12820
21/11/2018,867,9,6.4,53,0.7,1486,-2.5,0.21,0.0,0.0,Autumn,No Holiday,Yes,14069
13/05/2018,72,5,13.5,98,0.8,105,13.1,0.0,0.0,0.0,Spring,No Holiday,Yes,16730
20/04/2018,1578,19,22.9,35,1.8,714,6.6,0.22,0.0,0.0,Spring,No Holiday,Yes,18368
13/01/2018,42,6,-6.4,59,0.6,887,-13.1,0.0,0.0,0.0,Winter,No Holiday,Yes,16002
01/04/2018,579,0,12.1,70,0.8,1050,6.7,0.0,0.0,0.0,Spring,No Holiday,Yes,16558
07/08/2018,273,5,27.1,69,0.9,2000,20.9,0.0,0.0,0.0,Summer,No Holiday,Yes,15736
26/03/2018,983,8,6.4,90,1.4,117,4.8,0.13,0.0,0.0,Spring,No Holiday,Yes,18537
25/09/2018,105,5,11.5,70,0.5,2000,6.2,0.0,0.0,0.0,Autumn,Holiday,Yes,15912
24/06/2018,561,8,21.3,78,0.7,351,17.3,0.51,0.0,0.0,Summer,No Holiday,Yes,15906
06/08/2018,162,4,28.4,82,0.5,1144,25.0,0.0,0.0,0.0,Summer,No Holiday,Yes,15656
21/09/2018,1493,22,19.7,82,0.5,2000,16.5,0.0,0.0,0.0,Autumn,No Holiday,Yes,16391
16/07/2018,745,15,33.4,44,3.1,1928,19.4,2.95,0.0,0.0,Summer,No Holiday,Yes,12533
12/03/2018,604,9,4.8,43,1.0,1200,-6.7,0.18,0.0,0.0,Spring,No Holiday,Yes,11123
19/02/2018,646,8,-1.2,51,0.8,1800,-10.0,0.05,0.0,0.0,Winter,No Holiday,Yes,15180
28/02/2018,332,11,7.1,50,2.2,534,-2.6,0.33,0.0,0.0,Winter,No Holiday,Yes,16907
01/07/2018,17,21,21.8,97,0.6,692,21.2,0.0,3.5,0.0,Summer,No Holiday,Yes,15048
12/01/2018,419,8,-15.1,44,1.2,2000,-24.6,0.0,0.0,0.0,Winter,No Holiday,Yes,15822
30/07/2018,688,13,34.7,43,1.3,2000,20.2,2.05,0.0,0.0,Summer,No Holiday,Yes,16936
24/03/2018,916,17,11.1,66,4.2,367,4.9,1.18,0.0,0.0,Spring,No Holiday,Yes,10479
24/01/2018,211,19,-13.8,32,2.2,2000,-26.9,0.0,0.0,0.7,Winter,No Holiday,Yes,16573
05/06/2018,927,0,20.5,71,2.8,1204,15.0,0.0,0.0,0.0,Summer,No Holiday,Yes,12088
28/05/2018,335,2,16.5,58,0.3,1759,8.1,0.0,0.0,0.0,Spring,No Holiday,Yes,14897
16/01/2018,221,10,2.7,60,0.5,392,-4.3,0.18,0.0,0.0,Winter,No Holiday,Yes,16544
05/12/2017,812,8,-8.1,36,1.6,2000,-20.5,0.01,0.0,0.0,Winter,No Holiday,Yes,16100
12/12/2017,65,5,-11.6,45,2.8,1951,-21.1,0.0,0.0,0.0,Winter,No Holiday,Yes,11490
16/02/2018,84,23,-2.0,51,3.2,1336,-10.8,0.0,0.0,0.0,Winter,Holiday,Yes,11235
07/09/2018,2260,8,20.5,78,2.5,1250,16.5,0.32,0.0,0.0,Autumn,No Holiday,Yes,13738
03/06/2018,1248,0,19.7,55,2.0,1986,10.3,0.0,0.0,0.0,Summer,No Holiday,Yes,10027
17/09/2018,227,2,20.3,81,1.9,1234,16.9,0.0,0.1,0.0,Autumn,No Holiday,Yes,15393
16/03/2018,923,15,11.9,32,1.9,1976,-4.3,2.62,0.0,0.0,Spring,No Holiday,Yes,16981
28/12/2017,163,2,-6.6,34,1.8,2000,-19.8,0.0,0.0,0.0,Winter,No Holiday,Yes,11118
19/02/2018,819,18,4.7,43,2.4,938,-6.8,0.19,0.0,0.0,Winter,No Holiday,Yes,15276
12/01/2018,173,14,-7.2,28,2.3,1990,-22.6,1.14,0.0,0.0,Winter,No Holiday,Yes,17250
08/04/2018,709,12,6.9,30,1.8,1994,-9.5,0.85,0.0,0.0,Spring,No Holiday,Yes,11406
22/12/2017,326,14,5.9,55,0.6,779,-2.4,0.48,0.0,0.0,Winter,Holiday,Yes,16347
16/10/2018,1618,21,14.3,72,1.0,1374,9.3,0.0,0.0,0.0,Autumn,No Holiday,Yes,17029
30/08/2018,80,2,24.7,96,1.0,337,24.0,0.0,6.5,0.0,Summer,No Holiday,Yes,17571
22/10/2018,1122,14,20.6,30,2.2,839,2.3,1.69,0.0,0.0,Autumn,No Holiday,Yes,15517
24/05/2018,922,11,21.5,30,2.9,1779,3.1,2.92,0.0,0.0,Spring,No Holiday,Yes,17719
21/01/2018,189,10,-1.3,37,0.8,1070,-14.1,0.47,0.0,0.0,Winter,No Holiday,Yes,10987
25/10/2018,919,23,12.5,59,0.8,1602,4.6,0.0,0.0,0.0,Autumn,No Holiday,Yes,13588
23/04/2018,233,23,9.8,87,1.9,2000,7.7,0.0,0.0,0.0,Spring,No Holiday,Yes,12819
14/05/2018,1095,12,20.0,62,1.8,428,12.4,2.38,0.0,0.0,Spring,No Holiday,Yes,10637
25/08/2018,808,9,25.3,72,2.4,1220,19.8,1.08,0.0,0.0,Summer,No Holiday,Yes,15529
10/01/2018,158,7,-8.0,70,1.8,2000,-12.5,0.0,0.0,0.7,Winter,No Holiday,Yes,14235
26/01/2018,108,22,-14.6,40,1.8,1746,-25.2,0.0,0.0,0.3,Winter,No Holiday,Yes,11802
16/07/2018,2241,21,28.0,64,1.5,2000,20.5,0.0,0.0,0.0,Summer,No Holiday,Yes,12612
11/01/2018,98,0,-10.3,54,2.4,1988,-17.8,0.0,0.0,0.0,Winter,No Holiday,Yes,18678
04/02/2018,124,19,-7.7,31,3.3,2000,-21.9,0.0,0.0,0.0,Winter,No Holiday,Yes,11774
01/11/2018,1561,19,10.5,49,1.2,1965,0.2,0.0,0.0,0.0,Autumn,No Holiday,Yes,10030
31/07/2018,579,14,36.4,35,1.3,1967,18.4,2.46,0.0,0.0,Summer,No Holiday,Yes,11021
17/08/2018,1466,23,25.2,47,1.2,2000,13.0,0.0,0.0,0.0,Summer,No Holiday,Yes,15254
04/03/2018,9,23,8.7,91,2.9,957,7.3,0.0,0.0,0.0,Spring,No Holiday,Yes,18145
08/03/2018,375,12,5.6,72,3.0,1700,0.9,0.89,0.0,0.0,Spring,No Holiday,Yes,18519
13/07/2018,999,14,29.5,62,2.7,1941,21.4,1.79,0.0,0.0,Summer,No Holiday,Yes,16184
25/12/2017,59,6,-4.1,50,3.0,2000,-13.0,0.0,0.0,0.0,Winter,Holiday,Yes,17754
27/01/2018,36,4,-15.3,47,0.8,1868,-24.0,0.0,0.0,0.3,Winter,No Holiday,Yes,14192
16/07/2018,703,6,24.0,85,0.9,1569,21.3,0.02,0.0,0.0,Summer,No Holiday,Yes,18257
07/04/2018,399,8,2.4,44,4.3,1375,-8.6,0.41,0.0,0.0,Spring,No Holiday,Yes,14359
27/06/2018,1015,11,23.4,73,1.3,827,18.2,2.38,0.0,0.0,Summer,No Holiday,Yes,17949
20/12/2017,228,13,-1.3,43,1.0,1777,-12.3,0.8,0.0,1.7,Winter,No Holiday,Yes,17080
16/07/2018,1285,23,26.6,75,1.5,1996,21.7,0.0,0.0,0.0,Summer,No Holiday,Yes,18492
29/05/2018,841,0,20.6,54,2.6,1737,0.0,0.0,0.0,0.0,Spring,No Holiday,Yes,18572
08/11/2018,148,8,10.6,89,1.5,689,8.8,0.02,0.0,0.0,Autumn,No Holiday,Yes,11893
20/03/2018,69,4,4.4,44,3.1,2000,-6.8,0.0,0.0,0.0,Spring,No Holiday,Yes,15005
13/06/2018,1111,9,22.6,59,1.6,1030,14.1,1.8,0.0,0.0,Summer,No Holiday,Yes,14500
05/12/2017,198,1,-6.5,41,2.8,2000,-17.6,0.0,0.0,0.0,Winter,No Holiday,Yes,16366
26/11/2018,563,23,5.4,78,1.5,404,1.8,0.0,0.0,0.0,Autumn,No Holiday,Yes,15890
12/02/2018,202,12,-4.6,32,4.2,1874,-18.8,1.43,0.0,0.0,Winter,No Holiday,Yes,12675
14/05/2018,167,3,11.9,95,1.5,180,11.1,0.0,0.0,0.0,Spring,No Holiday,Yes,12243
13/02/2018,281,12,1.0,41,3.3,1794,-10.8,2.11,0.0,0.0,Winter,No Holiday,Yes,18118
06/02/2018,87,1,-10.9,36,3.3,2000,-23.0,0.0,0.0,0.0,Winter,No Holiday,Yes,12750
25/06/2018,2456,20,28.8,54,1.1,964,18.5,0.09,0.0,0.0,Summer,No Holiday,Yes,11973
21/11/2018,474,14,6.7,47,2.4,2000,-3.8,0.42,0.0,0.0,Autumn,No Holiday,Yes,13478
24/11/2018,435,17,2.9,85,1.6,1000,0.6,0.2,0.0,3.5,Autumn,No Holiday,Yes,15527
26/08/2018,1596,19,22.7,69,1.9,2000,16.7,0.08,0.0,0.0,Summer,No Holiday,Yes,12062
26/04/2018,1124,7,10.7,68,0.8,1093,5.0,0.27,0.0,0.0,Spring,No Holiday,Yes,13484
01/07/2018,15,23,21.5,97,1.5,523,20.9,0.0,5.0,0.0,Summer,No Holiday,Yes,15428
15/02/2018,112,9,-3.5,30,1.5,1980,-18.6,0.0,0.0,0.0,Winter,Holiday,Yes,14210
27/07/2018,295,5,27.2,86,0.8,657,24.6,0.0,0.0,0.0,Summer,No Holiday,Yes,12884
02/05/2018,299,22,10.4,85,3.7,1671,7.9,0.0,0.0,0.0,Spring,No Holiday,Yes,18041
27/04/2018,361,2,11.2,58,1.4,1255,3.2,0.0,0.0,0.0,Spring,No Holiday,Yes,16949
30/06/2018,1070,1,22.6,85,0.3,323,19.9,0.0,0.0,0.0,Summer,No Holiday,Yes,13368
03/05/2018,762,10,13.8,47,4.8,1561,2.6,1.64,0.0,0.0,Spring,No Holiday,Yes,14637
24/12/2017,44,5,5.1,82,0.6,185,2.2,0.0,0.0,0.0,Winter,Holiday,Yes,17605
25/10/2018,1188,12,18.2,37,1.4,1861,3.2,2.25,0.0,0.0,Autumn,No Holiday,Yes,11209
28/12/2017,103,6,-5.5,24,0.5,2000,-22.9,0.0,0.0,0.0,Winter,No Holiday,Yes,11173
04/11/2018,1355,13,18.3,26,1.2,1503,-1.5,2.17,0.0,0.0,Autumn,No Holiday,Yes,16400
06/06/2018,1940,16,27.9,47,2.8,824,15.5,2.36,0.0,0.0,Summer,Holiday,Yes,13184
02/03/2018,427,20,1.2,35,2.5,1977,-12.6,0.0,0.0,0.0,Spring,No Holiday,Yes,13208
13/03/2018,616,9,9.4,44,0.3,743,-2.2,0.33,0.0,0.0,Spring,No Holiday,Yes,14107
10/04/2018,212,23,15.1,83,4.1,1147,12.2,0.0,3.0,0.0,Spring,No Holiday,Yes,12963
03/03/2018,229,1,0.6,36,0.4,1933,-12.7,0.0,0.0,0.0,Spring,No Holiday,Yes,15823
26/09/2018,1653,20,20.0,46,2.0,2000,8.0,0.0,0.0,0.0,Autumn,No Holiday,Yes,16774
27/10/2018,898,10,9.5,46,3.7,1871,-1.5,1.49,0.0,0.0,Autumn,No Holiday,Yes,13446
28/04/2018,1404,13,21.2,31,2.8,1295,3.3,3.25,0.0,0.0,Spring,No Holiday,Yes,17185
18/10/2018,458,6,7.6,82,0.3,1933,4.7,0.0,0.0,0.0,Autumn,No Holiday,Yes,14782
08/01/2018,53,3,0.9,43,0.4,1261,-10.2,0.0,0.0,0.0,Winter,No Holiday,Yes,15881
18/08/2018,1003,13,31.1,30,1.5,2000,11.4,3.24,0.0,0.0,Summer,No Holiday,Yes,16683
04/11/2018,1690,16,18.4,25,3.2,1909,-2.0,1.05,0.0,0.0,Autumn,No Holiday,Yes,13807
26/07/2018,1994,19,32.3,63,2.1,1037,24.3,0.41,0.0,0.0,Summer,No Holiday,Yes,12749
27/06/2018,254,1,20.0,96,3.0,182,19.3,0.0,0.1,0.0,Summer,No Holiday,Yes,17428
19/11/2018,745,11,9.8,51,0.5,781,0.1,1.42,0.0,0.0,Autumn,No Holiday,Yes,13168
09/09/2018,1291,22,21.8,54,1.6,2000,12.0,0.0,0.0,0.0,Autumn,No Holiday,Yes,18455
18/11/2018,1039,17,8.7,42,1.7,1576,-3.5,0.18,0.0,0.0,Autumn,No Holiday,Yes,11090
08/11/2018,56,15,11.4,96,2.0,910,10.7,0.07,9.5,0.0,Autumn,No Holiday,Yes,13595
06/02/2018,94,6,-12.5,40,3.4,1991,-23.3,0.0,0.0,0.0,Winter,No Holiday,Yes,11944
15/06/2018,2337,21,21.4,54,1.5,2000,11.6,0.0,0.0,0.0,Summer,No Holiday,Yes,10237
09/04/2018,1163,8,1.0,97,0.9,148,0.5,0.22,0.0,0.0,Spring,No Holiday,Yes,16165
31/01/2018,214,15,-0.5,30,2.3,1997,-15.9,0.45,0.0,2.2,Winter,No Holiday,Yes,14219
25/07/2018,995,9,29.4,66,2.5,1308,22.3,0.91,0.0,0.0,Summer,No Holiday,Yes,15177
02/07/2018,381,14,23.3,96,0.3,434,22.6,0.53,0.0,0.0,Summer,No Holiday,Yes,12559
01/10/2018,1777,21,14.6,66,4.0,2000,8.3,0.0,0.0,0.0,Autumn,No Holiday,Yes,13501
05/10/2018,329,3,18.0,61,1.8,2000,10.3,0.0,0.0,0.0,Autumn,No Holiday,Yes,16140
27/05/2018,821,10,21.6,33,2.0,1697,0.0,1.86,0.0,0.0,Spring,No Holiday,Yes,10274
22/02/2018,356,15,5.0,49,4.4,1138,-4.8,0.96,0.0,0.0,Winter,No Holiday,Yes,13997
26/02/2018,308,23,2.8,39,0.7,1065,-9.8,0.0,0.0,0.0,Winter,No Holiday,Yes,12475
25/08/2018,886,1,23.0,82,2.1,1922,19.7,0.0,0.0,0.0,Summer,No Holiday,Yes,17679
03/03/2018,1025,14,14.4,14,1.4,1833,-12.8,2.66,0.0,0.0,Spring,No Holiday,Yes,13515
14/05/2018,2236,19,22.7,56,1.8,598,13.4,0.31,0.0,0.0,Spring,No Holiday,Yes,14793
15/06/2018,609,6,17.2,83,1.3,2000,14.2,0.07,0.0,0.0,Summer,No Holiday,Yes,14989
09/11/2018,0,18,12.3,69,2.1,623,6.7,0.01,0.0,0.0,Autumn,No Holiday,No,18236
12/08/2018,526,11,32.8,49,2.8,2000,20.6,2.87,0.0,0.0,Summer,No Holiday,Yes,17897
17/07/2018,1340,23,26.6,76,1.6,936,22.0,0.0,0.0,0.0,Summer,No Holiday,Yes,18641
12/04/2018,772,23,12.6,16,1.7,2000,-12.6,0.0,0.0,0.0,Spring,No Holiday,Yes,18178
09/06/2018,1102,9,24.0,55,1.8,1411,14.3,1.81,0.0,0.0,Summer,No Holiday,Yes,16441
13/08/2018,1358,17,33.2,55,2.7,1600,22.9,0.55,0.0,0.0,Summer,No Holiday,Yes,12296
05/04/2018,436,0,9.5,61,1.7,2000,2.3,0.0,0.0,0.0,Spring,No Holiday,Yes,11109
17/02/2018,80,8,-7.1,30,1.7,1991,-21.7,0.04,0.0,0.0,Winter,Holiday,Yes,15352
30/08/2018,1142,16,27.6,68,2.1,1038,21.1,1.46,0.0,0.0,Summer,No Holiday,Yes,16433
24/03/2018,855,14,12.7,55,3.4,378,3.8,2.42,0.0,0.0,Spring,No Holiday,Yes,10636
04/09/2018,2491,19,25.1,49,3.1,2000,13.6,0.18,0.0,0.0,Autumn,No Holiday,Yes,10412
31/07/2018,1613,22,31.6,66,3.0,2000,24.4,0.0,0.0,0.0,Summer,No Holiday,Yes,16780
19/06/2018,1363,15,26.7,42,2.6,1634,12.7,1.89,0.0,0.0,Summer,No Holiday,Yes,17631
03/10/2018,1849,13,22.5,40,2.6,1854,8.2,2.64,0.0,0.0,Autumn,Holiday,Yes,11922
15/03/2018,411,17,10.9,98,1.3,222,10.5,0.09,0.0,0.0,Spring,No Holiday,Yes,13220
14/03/2018,1371,8,14.2,67,0.9,1812,8.1,0.06,0.0,0.0,Spring,No Holiday,Yes,18575
17/02/2018,273,15,1.0,14,4.6,2000,-23.5,2.12,0.0,0.0,Winter,Holiday,Yes,16039
10/07/2018,909,11,23.2,82,1.1,1991,19.9,0.47,0.0,0.0,Summer,No Holiday,Yes,15163
09/12/2017,298,20,0.8,51,1.4,1848,-8.2,0.0,0.0,0.0,Winter,No Holiday,Yes,13962
11/04/2018,0,18,15.2,21,2.9,2000,-7.0,0.94,0.0,0.0,Spring,No Holiday,No,12881
05/03/2018,718,16,11.0,39,1.2,2000,-2.4,1.96,0.0,0.0,Spring,No Holiday,Yes,16584
27/10/2018,146,5,8.0,65,1.6,2000,1.8,0.0,0.0,0.0,Autumn,No Holiday,Yes,17553
14/12/2017,189,10,-7.7,43,0.9,1555,-18.1,0.35,0.0,0.0,Winter,No Holiday,Yes,10073
19/06/2018,3556,18,24.1,57,2.9,1301,15.0,0.56,0.0,0.0,Summer,No Holiday,Yes,14083
08/07/2018,2070,16,27.9,39,1.2,2000,12.6,2.16,0.0,0.0,Summer,No Holiday,Yes,10618
05/03/2018,9,2,6.3,89,2.2,1456,4.6,0.0,0.0,0.0,Spring,No Holiday,Yes,15650
26/10/2018,144,9,12.0,86,0.8,405,9.7,0.07,0.5,0.0,Autumn,No Holiday,Yes,18096
24/11/2018,499,0,2.4,32,1.7,2000,-12.6,0.0,0.0,0.0,Autumn,No Holiday,Yes,15636
12/07/2018,938,0,26.7,79,0.9,1590,22.7,0.0,0.0,0.0,Summer,No Holiday,Yes,12903
30/09/2018,0,3,17.0,70,0.9,2000,11.4,0.0,0.0,0.0,Autumn,No Holiday,No,15567
25/03/2018,359,10,8.4,65,1.8,229,2.1,1.67,0.0,0.0,Spring,No Holiday,Yes,16970
14/09/2018,1088,12,25.3,56,1.2,1960,15.8,1.35,0.0,0.0,Autumn,No Holiday,Yes,12861
25/10/2018,1192,14,20.6,31,1.4,1562,2.8,1.7,0.0,0.0,Autumn,No Holiday,Yes,12953
15/10/2018,914,23,14.1,74,1.5,486,9.5,0.0,0.0,0.0,Autumn,No Holiday,Yes,14215
12/11/2018,886,14,14.2,33,1.5,1374,-1.8,1.84,0.0,0.0,Autumn,No Holiday,Yes,14915
21/03/2018,184,15,2.2,85,1.3,2000,0.0,0.41,0.5,0.0,Spring,No Holiday,Yes,13466
14/03/2018,226,2,13.8,70,1.3,1363,8.4,0.0,0.0,0.0,Spring,No Holiday,Yes,18698
30/04/2018,1456,22,18.4,78,1.6,377,14.4,0.0,0.0,0.0,Spring,No Holiday,Yes,10549
18/06/2018,1557,19,28.1,38,2.6,2000,12.4,0.63,0.0,0.0,Summer,No Holiday,Yes,16740
04/06/2018,1249,15,25.5,43,2.9,1996,11.9,1.71,0.0,0.0,Summer,No Holiday,Yes,17636
26/09/2018,2170,15,24.7,35,1.2,2000,8.1,2.28,0.0,0.0,Autumn,No Holiday,Yes,14612
31/01/2018,156,14,-0.7,33,2.7,1984,-15.0,0.56,0.0,2.5,Winter,No Holiday,Yes,14590
17/01/2018,537,8,2.6,70,0.6,296,-2.3,0.0,0.0,0.0,Winter,No Holiday,Yes,12768
22/11/2018,848,7,-1.0,43,1.8,2000,-12.0,0.0,0.0,0.0,Autumn,No Holiday,Yes,14741
09/04/2018,1232,21,10.3,38,0.5,1433,-3.4,0.0,0.0,0.0,Spring,No Holiday,Yes,16507
24/07/2018,218,4,27.8,67,0.2,1982,21.1,0.0,0.0,0.0,Summer,No Holiday,Yes,17916
04/04/2018,1041,22,10.9,58,1.5,2000,2.9,0.0,0.0,0.0,Spring,No Holiday,Yes,11271
05/03/2018,782,19,5.8,53,1.7,2000,-3.0,0.02,0.0,0.0,Spring,No Holiday,Yes,17186
26/12/2017,156,23,-7.5,37,3.1,2000,-19.7,0.0,0.0,0.0,Winter,No Holiday,Yes,13187
09/06/2018,1890,15,29.6,40,2.5,1546,14.5,1.96,0.0,0.0,Summer,No Holiday,Yes,13128
30/10/2018,982,9,3.7,49,1.9,1961,-6.0,0.89,0.0,0.0,Autumn,No Holiday,Yes,12821
25/11/2018,663,18,7.3,72,0.7,530,2.5,0.0,0.0,0.4,Autumn,No Holiday,Yes,13835
16/08/2018,631,6,27.5,72,1.1,2000,21.9,0.0,0.0,0.0,Summer,No Holiday,Yes,10477
15/10/2018,1659,20,15.9,81,2.8,250,12.6,0.0,0.0,0.0,Autumn,No Holiday,Yes,10077
10/11/2018,957,19,12.1,67,1.5,430,6.1,0.0,0.0,0.0,Autumn,No Holiday,Yes,15309
17/08/2018,304,5,21.8,55,1.9,2000,12.3,0.0,0.0,0.0,Summer,No Holiday,Yes,12566
22/11/2018,678,13,6.5,26,2.4,1974,-11.6,1.84,0.0,0.0,Autumn,No Holiday,Yes,14173
22/04/2018,24,21,12.0,86,2.3,681,9.7,0.0,2.5,0.0,Spring,No Holiday,Yes,17540
12/02/2018,33,4,-8.6,31,3.5,2000,-22.7,0.0,0.0,0.0,Winter,No Holiday,Yes,17999
29/08/2018,243,2,24.2,91,3.6,1735,22.6,0.0,0.0,0.0,Summer,No Holiday,Yes,13115
29/11/2018,825,9,1.8,37,0.9,1310,-11.3,0.31,0.0,0.0,Autumn,No Holiday,Yes,12818
07/12/2017,754,8,-0.2,96,0.8,173,-0.7,0.01,0.0,0.8,Winter,No Holiday,Yes,12016
17/12/2017,157,19,-5.6,39,1.1,2000,-17.3,0.0,0.0,0.0,Winter,No Holiday,Yes,11143
18/11/2018,92,5,2.3,53,0.6,1763,-6.3,0.0,0.0,0.0,Autumn,No Holiday,Yes,13228
05/06/2018,3227,18,27.1,40,2.8,1811,12.3,1.0,0.0,0.0,Summer,No Holiday,Yes,10526
04/01/2018,340,9,-7.9,48,1.2,1926,-17.0,0.14,0.0,0.0,Winter,No Holiday,Yes,18509
13/08/2018,651,14,33.6,55,1.1,1375,23.3,0.94,0.0,0.0,Summer,No Holiday,Yes,13809
05/07/2018,326,5,23.5,80,0.3,838,19.8,0.0,0.0,0.0,Summer,No Holiday,Yes,14101
07/10/2018,932,10,18.1,56,2.6,1720,9.1,1.79,0.0,0.0,Autumn,No Holiday,Yes,17947
04/05/2018,1256,22,12.7,55,2.0,1775,3.8,0.0,0.0,0.0,Spring,No Holiday,Yes,17930
13/02/2018,200,10,-2.4,41,1.5,1905,-13.8,1.19,0.0,0.0,Winter,No Holiday,Yes,13374
19/11/2018,785,12,10.3,38,1.2,1130,-3.4,1.08,0.0,0.0,Autumn,No Holiday,Yes,16646
03/12/2017,563,14,7.6,76,1.2,422,3.6,0.69,0.0,0.0,Winter,No Holiday,Yes,18359
04/06/2018,1008,11,26.1,37,2.4,1079,10.2,2.79,0.0,0.0,Summer,No Holiday,Yes,11384
20/05/2018,2143,16,22.2,23,2.2,2000,0.0,1.66,0.0,0.0,Spring,No Holiday,Yes,16705
17/04/2018,1920,8,8.7,49,0.8,1520,-1.4,0.68,0.0,0.0,Spring,No Holiday,Yes,12162
14/12/2017,171,0,-9.5,50,0.6,1953,-18.0,0.0,0.0,0.0,Winter,No Holiday,Yes,11154
15/10/2018,1413,16,20.3,44,2.2,793,7.6,1.09,0.0,0.0,Autumn,No Holiday,Yes,12476
29/06/2018,227,3,22.3,96,1.2,290,21.6,0.0,0.1,0.0,Summer,No Holiday,Yes,15212
07/06/2018,606,1,19.1,86,1.8,522,16.6,0.0,0.0,0.0,Summer,No Holiday,Yes,12654
17/09/2018,1083,12,25.2,50,1.7,1710,14.0,2.83,0.0,0.0,Autumn,No Holiday,Yes,18595
08/09/2018,1944,20,22.8,45,2.0,2000,10.2,0.0,0.0,0.0,Autumn,No Holiday,Yes,16167
23/06/2018,1483,13,27.9,41,3.9,1649,13.4,2.08,0.0,0.0,Summer,No Holiday,Yes,18333
19/05/2018,2140,19,22.6,34,1.5,2000,5.9,0.51,0.0,0.0,Spring,No Holiday,Yes,15965
10/09/2018,1779,22,21.7,50,1.6,2000,10.8,0.0,0.0,0.0,Autumn,No Holiday,Yes,12854
23/02/2018,312,15,8.2,62,0.6,291,1.3,1.22,0.0,0.0,Winter,No Holiday,Yes,10069
06/10/2018,5,7,16.5,97,2.3,364,16.0,0.0,9.5,0.0,Autumn,No Holiday,Yes,15750
15/10/2018,393,1,12.2,80,1.4,1283,8.8,0.0,0.0,0.0,Autumn,No Holiday,Yes,12123
25/10/2018,1596,20,15.3,50,0.5,1647,4.9,0.0,0.0,0.0,Autumn,No Holiday,Yes,13811
20/10/2018,522,2,10.1,78,0.1,1887,6.4,0.0,0.0,0.0,Autumn,No Holiday,Yes,14957
07/03/2018,1032,8,2.6,63,1.6,1857,-3.7,0.14,0.0,0.0,Spring,No Holiday,Yes,16754
06/09/2018,1089,15,27.8,48,3.0,1880,15.7,0.93,0.0,0.0,Autumn,No Holiday,Yes,12444
17/12/2017,168,21,-6.5,45,0.7,2000,-16.4,0.0,0.0,0.0,Winter,No Holiday,Yes,12210
07/06/2018,2649,19,24.0,60,2.8,1379,15.7,0.38,0.0,0.0,Summer,No Holiday,Yes,12049
09/04/2018,1038,15,14.2,24,1.8,1743,-6.1,2.6,0.0,0.0,Spring,No Holiday,Yes,17790
11/08/2018,694,15,35.0,41,1.5,2000,19.7,2.4,0.0,0.0,Summer,No Holiday,Yes,12873
15/07/2018,1466,18,32.2,55,2.4,1769,22.0,1.28,0.0,0.0,Summer,No Holiday,Yes,16199
25/03/2018,331,9,6.3,73,1.3,218,1.8,0.79,0.0,0.0,Spring,No Holiday,Yes,14060
13/03/2018,668,7,7.2,56,0.5,545,-1.0,0.0,0.0,0.0,Spring,No Holiday,Yes,14461
22/10/2018,175,3,10.2,60,1.0,1796,2.7,0.0,0.0,0.0,Autumn,No Holiday,Yes,17812
14/10/2018,429,2,9.1,68,0.3,921,3.4,0.0,0.0,0.0,Autumn,No Holiday,Yes,15429
30/09/2018,0,16,21.2,28,3.2,2000,1.9,1.77,0.0,0.0,Autumn,No Holiday,No,13211
25/01/2018,22,4,-15.9,37,2.4,1985,-27.2,0.0,0.0,0.7,Winter,No Holiday,Yes,12737
17/11/2018,994,12,9.1,34,1.0,1802,-5.9,1.95,0.0,0.0,Autumn,No Holiday,Yes,15666
06/02/2018,193,20,-9.6,34,2.6,2000,-22.5,0.0,0.0,0.0,Winter,No Holiday,Yes,10156
05/10/2018,28,16,17.1,97,1.7,382,16.6,0.15,6.0,0.0,Autumn,No Holiday,Yes,17788
28/08/2018,25,12,25.2,89,1.4,340,23.2,0.32,2.0,0.0,Summer,No Holiday,Yes,16637
07/11/2018,639,0,11.9,74,1.6,287,7.4,0.0,0.0,0.0,Autumn,No Holiday,Yes,11742
08/12/2017,355,12,-2.0,30,1.4,1728,-17.3,1.14,0.0,0.0,Winter,No Holiday,Yes,10277
28/02/2018,285,10,6.5,53,2.0,518,-2.4,0.21,0.0,0.0,Winter,No Holiday,Yes,15545
14/09/2018,1456,7,20.5,76,1.3,2000,16.1,0.06,0.0,0.0,Autumn,No Holiday,Yes,13878
07/01/2018,122,8,-5.3,53,1.1,1411,-13.4,0.0,0.0,0.0,Winter,No Holiday,Yes,15231
08/03/2018,17,5,3.1,90,1.2,974,1.6,0.0,0.0,0.0,Spring,No Holiday,Yes,13409
30/04/2018,1019,13,23.3,45,1.8,684,10.6,2.96,0.0,0.0,Spring,No Holiday,Yes,10704
15/12/2017,682,18,0.1,43,0.9,1485,-11.0,0.0,0.0,0.0,Winter,No Holiday,Yes,14971
12/10/2018,940,23,9.8,66,0.5,1979,3.7,0.0,0.0,0.0,Autumn,No Holiday,Yes,14625
23/07/2018,2112,19,32.6,58,3.2,1962,23.2,0.45,0.0,0.0,Summer,No Holiday,Yes,10452
24/03/2018,354,23,6.4,85,2.3,155,4.0,0.0,0.0,0.0,Spring,No Holiday,Yes,14685
06/11/2018,0,18,14.0,71,1.5,201,8.8,0.01,0.0,0.0,Autumn,No Holiday,No,15480
21/09/2018,972,14,21.4,76,1.4,2000,16.9,1.5,0.5,0.0,Autumn,No Holiday,Yes,11830
22/09/2018,875,1,19.5,83,1.5,1459,16.5,0.0,0.0,0.0,Autumn,No Holiday,Yes,17773
27/11/2018,317,6,3.8,83,0.7,337,1.1,0.0,0.0,0.0,Autumn,No Holiday,Yes,11276
25/01/2018,178,19,-12.7,33,3.7,2000,-25.6,0.0,0.0,0.5,Winter,No Holiday,Yes,17736
09/01/2018,558,18,-3.8,58,1.7,1996,-10.8,0.01,0.0,0.0,Winter,No Holiday,Yes,11882
12/07/2018,1296,16,28.1,74,2.8,1559,23.0,1.06,0.0,0.0,Summer,No Holiday,Yes,17374
17/09/2018,2276,8,18.9,77,0.6,1109,14.7,0.56,0.0,0.0,Autumn,No Holiday,Yes,15854
09/08/2018,1731,8,28.6,75,1.2,1588,23.7,0.56,0.0,0.0,Summer,No Holiday,Yes,13040
02/06/2018,1044,10,25.5,33,1.1,1815,0.0,2.52,0.0,0.0,Summer,No Holiday,Yes,10763
11/06/2018,2375,8,20.7,55,1.5,2000,11.3,1.23,0.0,0.0,Summer,No Holiday,Yes,16458
09/12/2017,169,3,-4.3,47,0.6,1992,-13.9,0.0,0.0,0.0,Winter,No Holiday,Yes,14916
10/01/2018,150,10,-6.9,53,3.2,1576,-14.8,0.52,0.0,0.6,Winter,No Holiday,Yes,11163
13/09/2018,2021,17,27.9,51,1.4,2000,16.8,1.19,0.0,0.0,Autumn,No Holiday,Yes,11571
06/05/2018,16,8,15.2,97,1.0,414,14.7,0.08,2.0,0.0,Spring,No Holiday,Yes,11937
20/01/2018,283,18,4.6,55,3.2,232,-3.6,0.03,0.0,0.0,Winter,No Holiday,Yes,11983
04/02/2018,154,18,-7.0,26,4.1,2000,-23.3,0.16,0.0,0.0,Winter,No Holiday,Yes,16163
10/07/2018,373,23,24.9,87,0.5,658,22.5,0.0,0.0,0.0,Summer,No Holiday,Yes,15998
09/05/2018,556,6,9.2,64,1.0,2000,2.7,0.02,0.0,0.0,Spring,No Holiday,Yes,15401
21/12/2017,84,6,-4.8,91,1.1,266,-6.0,0.0,0.0,2.2,Winter,No Holiday,Yes,18757
17/09/2018,246,5,19.4,84,1.6,1252,16.6,0.0,0.0,0.0,Autumn,No Holiday,Yes,15775
27/09/2018,1222,23,17.7,51,1.4,2000,7.4,0.0,0.0,0.0,Autumn,No Holiday,Yes,14385
24/02/2018,462,17,4.9,28,3.1,1477,-12.1,0.77,0.0,0.0,Winter,No Holiday,Yes,17054
21/07/2018,727,13,35.2,34,1.8,1636,16.9,3.21,0.0,0.0,Summer,No Holiday,Yes,15112
29/10/2018,737,12,10.8,49,2.7,2000,0.4,1.45,0.0,0.0,Autumn,No Holiday,Yes,14660
10/03/2018,328,0,2.1,74,1.4,970,-2.0,0.0,0.0,0.0,Spring,No Holiday,Yes,10043
20/07/2018,1041,0,26.7,80,1.4,1465,22.9,0.0,0.0,0.0,Summer,No Holiday,Yes,16475
31/03/2018,163,4,10.4,73,1.7,801,5.7,0.0,0.0,0.0,Spring,No Holiday,Yes,11359
15/03/2018,204,12,13.3,97,2.9,771,12.8,0.19,2.0,0.0,Spring,No Holiday,Yes,17487
17/12/2017,216,12,-4.9,25,2.6,1966,-21.9,1.08,0.0,0.0,Winter,No Holiday,Yes,16660
30/05/2018,238,3,18.4,86,0.6,360,16.0,0.0,0.0,0.0,Spring,No Holiday,Yes,11988
13/05/2018,2329,15,19.7,63,2.5,941,12.4,2.01,0.0,0.0,Spring,No Holiday,Yes,17691
07/08/2018,658,14,34.0,50,1.2,1744,22.1,1.68,0.0,0.0,Summer,No Holiday,Yes,17136
22/08/2018,1117,23,31.2,50,1.8,2000,19.5,0.0,0.0,0.0,Summer,No Holiday,Yes,14268
21/10/2018,1976,16,20.2,24,2.5,1881,-1.0,1.31,0.0,0.0,Autumn,No Holiday,Yes,15608
16/06/2018,1330,11,23.4,46,1.6,1954,11.1,2.96,0.0,0.0,Summer,No Holiday,Yes,14799
01/06/2018,265,4,18.1,76,1.8,561,13.7,0.0,0.0,0.0,Summer,No Holiday,Yes,15696
22/03/2018,752,16,10.3,34,3.8,1850,-4.9,1.93,0.0,0.0,Spring,No Holiday,Yes,10470
19/10/2018,2631,18,16.6,40,2.4,2000,2.9,0.11,0.0,0.0,Autumn,No Holiday,Yes,13314
21/11/2018,936,20,5.1,43,0.7,1928,-6.4,0.0,0.0,0.0,Autumn,No Holiday,Yes,14136
25/02/2018,124,2,-1.5,46,1.1,1744,-11.6,0.0,0.0,0.0,Winter,No Holiday,Yes,17774
23/04/2018,10,11,8.9,91,2.2,437,7.5,0.29,1.5,0.0,Spring,No Holiday,Yes,11538
11/03/2018,1205,16,11.9,25,2.7,1424,-7.5,1.83,0.0,0.0,Spring,No Holiday,Yes,14169
22/11/2018,382,1,2.1,39,3.2,1299,-10.4,0.0,0.0,0.0,Autumn,No Holiday,Yes,11675
02/05/2018,327,21,10.5,94,2.8,1627,9.5,0.0,1.0,0.0,Spring,No Holiday,Yes,10229
12/08/2018,260,4,28.1,63,0.8,2000,20.3,0.0,0.0,0.0,Summer,No Holiday,Yes,18432
26/06/2018,49,7,21.2,87,0.8,376,18.9,0.03,1.5,0.0,Summer,No Holiday,Yes,12880
07/08/2018,842,0,28.8,72,0.8,2000,23.2,0.0,0.0,0.0,Summer,No Holiday,Yes,18444
22/03/2018,212,6,0.8,88,1.0,900,-0.9,0.0,0.0,0.0,Spring,No Holiday,Yes,16561
25/09/2018,1747,15,24.1,26,1.6,2000,3.3,2.38,0.0,0.0,Autumn,Holiday,Yes,10199
04/12/2017,200,6,1.2,76,3.7,371,-2.5,0.0,0.1,0.0,Winter,No Holiday,Yes,17464
24/08/2018,916,18,23.8,95,2.7,1938,22.9,0.11,1.5,0.0,Summer,No Holiday,Yes,13909
13/12/2017,120,2,-10.4,53,1.8,1949,-18.1,0.0,0.0,0.0,Winter,No Holiday,Yes,14448
18/05/2018,697,14,16.7,88,1.5,1760,14.6,0.72,0.0,0.0,Spring,No Holiday,Yes,12534
18/08/2018,316,4,22.6,55,1.4,2000,13.0,0.0,0.0,0.0,Summer,No Holiday,Yes,12254
05/03/2018,211,9,3.7,85,1.8,2000,1.4,0.17,0.0,0.0,Spring,No Holiday,Yes,14047
14/05/2018,1124,14,23.1,56,1.6,391,13.8,2.67,0.0,0.0,Spring,No Holiday,Yes,13685
02/02/2018,293,14,3.2,26,2.2,1499,-14.5,1.16,0.0,0.0,Winter,No Holiday,Yes,13560
21/08/2018,57,5,23.8,86,3.6,420,21.3,0.0,1.0,0.0,Summer,No Holiday,Yes,14503
18/06/2018,917,0,21.3,74,1.4,963,16.4,0.0,0.0,0.0,Summer,No Holiday,Yes,16642
04/11/2018,188,4,6.9,70,1.5,1314,1.7,0.0,0.0,0.0,Autumn,No Holiday,Yes,12983
23/06/2018,2101,17,28.1,49,3.2,1117,16.3,1.62,0.0,0.0,Summer,No Holiday,Yes,15809
20/05/2018,524,8,14.1,38,1.0,2000,0.0,0.72,0.0,0.0,Spring,No Holiday,Yes,11054
06/01/2018,245,11,-1.6,35,2.1,1812,-15.1,0.87,0.0,0.0,Winter,No Holiday,Yes,17376
15/04/2018,1229,13,13.5,46,3.4,1325,2.0,2.71,0.0,0.0,Spring,No Holiday,Yes,16960
22/03/2018,75,4,1.3,87,2.2,937,-0.6,0.0,0.0,0.0,Spring,No Holiday,Yes,10261
04/05/2018,521,6,9.0,57,1.7,1903,0.9,0.0,0.0,0.0,Spring,No Holiday,Yes,16228
23/01/2018,169,14,-10.4,30,4.3,2000,-24.6,1.22,0.0,1.0,Winter,No Holiday,Yes,16980
23/03/2018,1611,18,9.7,36,3.6,948,-4.6,0.37,0.0,0.0,Spring,No Holiday,Yes,16374
19/03/2018,326,14,10.1,59,3.3,2000,2.4,0.57,0.0,0.0,Spring,No Holiday,Yes,10433
21/09/2018,24,5,17.8,93,1.8,2000,16.6,0.0,0.5,0.0,Autumn,No Holiday,Yes,15664
19/10/2018,162,5,7.7,73,0.0,2000,3.1,0.0,0.0,0.0,Autumn,No Holiday,Yes,17724
07/05/2018,1717,21,19.6,64,1.5,1297,12.5,0.0,0.0,0.0,Spring,No Holiday,Yes,14366
23/02/2018,295,20,6.4,77,2.8,316,2.6,0.0,0.0,0.0,Winter,No Holiday,Yes,13103
23/05/2018,152,5,14.6,87,2.2,2000,12.4,0.0,0.0,0.0,Spring,No Holiday,Yes,10167
19/06/2018,317,5,19.4,77,0.8,831,15.2,0.0,0.0,0.0,Summer,No Holiday,Yes,17994
09/01/2018,75,2,-2.9,66,3.3,1515,-8.3,0.0,0.0,1.0,Winter,No Holiday,Yes,13366
26/03/2018,798,21,11.6,54,1.5,693,2.5,0.0,0.0,0.0,Spring,No Holiday,Yes,10447
29/09/2018,2021,19,22.5,43,0.4,2000,9.2,0.0,0.0,0.0,Autumn,No Holiday,Yes,10147
15/02/2018,58,4,-1.9,34,3.0,2000,-15.7,0.0,0.0,0.0,Winter,Holiday,Yes,11815
14/12/2017,294,14,-2.7,28,0.7,1857,-18.7,0.65,0.0,0.0,Winter,No Holiday,Yes,15680
20/04/2018,891,23,17.3,57,0.6,807,8.6,0.0,0.0,0.0,Spring,No Holiday,Yes,12249
12/07/2018,159,4,26.1,85,0.6,1081,23.3,0.0,0.0,0.0,Summer,No Holiday,Yes,12914
17/09/2018,531,0,21.0,82,1.8,958,17.8,0.0,0.0,0.0,Autumn,No Holiday,Yes,15100
06/03/2018,504,12,8.5,34,1.9,1876,-6.4,2.55,0.0,0.0,Spring,No Holiday,Yes,17160
11/05/2018,1496,16,19.1,54,3.2,542,9.5,0.94,0.0,0.0,Spring,No Holiday,Yes,10346
17/12/2017,278,15,-2.5,28,2.0,2000,-18.5,0.85,0.0,0.0,Winter,No Holiday,Yes,15722
19/11/2018,1233,17,8.7,48,1.7,965,-1.7,0.25,0.0,0.0,Autumn,No Holiday,Yes,16327
27/01/2018,33,6,-15.3,47,0.7,1921,-24.0,0.0,0.0,0.3,Winter,No Holiday,Yes,16596
08/05/2018,1280,7,15.3,60,2.0,2000,7.5,0.35,0.0,0.0,Spring,No Holiday,Yes,13146
31/08/2018,1869,17,29.1,49,2.8,1969,17.2,1.57,0.0,0.0,Summer,No Holiday,Yes,11570
01/01/2018,154,23,-1.6,51,0.7,1882,-10.4,0.0,0.0,0.0,Winter,Holiday,Yes,12917
05/01/2018,170,1,-5.1,51,1.5,1550,-13.6,0.0,0.0,0.0,Winter,No Holiday,Yes,14363
07/02/2018,45,5,-13.0,53,0.7,1810,-20.5,0.0,0.0,0.0,Winter,No Holiday,Yes,12878
06/04/2018,508,20,4.3,59,4.6,991,-3.0,0.0,0.0,0.0,Spring,No Holiday,Yes,10684
16/12/2017,291,15,-3.3,22,5.0,2000,-22.0,0.86,0.0,0.0,Winter,No Holiday,Yes,12246
31/07/2018,1719,21,32.7,51,2.8,2000,21.2,0.0,0.0,0.0,Summer,No Holiday,Yes,16143
08/06/2018,525,2,18.6,84,2.5,619,15.8,0.0,0.0,0.0,Summer,No Holiday,Yes,12386
30/03/2018,1045,20,14.3,63,2.6,936,7.3,0.0,0.0,0.0,Spring,No Holiday,Yes,16244
07/02/2018,200,22,-6.8,50,1.7,1856,-15.5,0.0,0.0,0.0,Winter,No Holiday,Yes,16958
18/02/2018,404,16,5.1,16,1.8,1998,-18.7,1.17,0.0,0.0,Winter,No Holiday,Yes,18692
23/05/2018,2035,8,14.6,70,3.1,2000,9.1,1.28,0.0,0.0,Spring,No Holiday,Yes,10658
19/02/2018,50,4,-1.9,44,0.7,1907,-12.5,0.0,0.0,0.0,Winter,No Holiday,Yes,12213
22/04/2018,13,22,11.6,89,2.0,469,9.8,0.0,4.0,0.0,Spring,No Holiday,Yes,12104
26/09/2018,1972,14,24.1,33,1.3,2000,6.8,2.52,0.0,0.0,Autumn,No Holiday,Yes,15941
23/01/2018,351,18,-11.5,43,2.4,2000,-21.6,0.05,0.0,0.9,Winter,No Holiday,Yes,14505
26/02/2018,65,5,-2.5,73,0.8,1134,-6.6,0.0,0.0,0.0,Winter,No Holiday,Yes,17055
04/01/2018,306,22,-3.6,46,1.3,1689,-13.5,0.0,0.0,0.0,Winter,No Holiday,Yes,11069
16/03/2018,455,23,4.2,47,1.3,2000,-6.1,0.0,0.0,0.0,Spring,No Holiday,Yes,18150
22/10/2018,1593,20,14.5,51,1.4,751,4.4,0.0,0.0,0.0,Autumn,No Holiday,Yes,18421
09/05/2018,114,4,10.0,64,1.5,2000,3.4,0.0,0.0,0.0,Spring,No Holiday,Yes,17607
11/01/2018,352,18,-10.4,43,2.3,1985,-20.6,0.02,0.0,0.0,Winter,No Holiday,Yes,15171
02/03/2018,284,23,0.3,38,0.2,1895,-12.3,0.0,0.0,0.0,Spring,No Holiday,Yes,14027
27/10/2018,197,6,7.4,66,2.3,2000,1.4,0.0,0.0,0.0,Autumn,No Holiday,Yes,11451
27/05/2018,208,4,17.9,59,1.3,1261,9.7,0.0,0.0,0.0,Spring,No Holiday,Yes,11428
02/06/2018,2238,21,22.1,44,2.5,2000,9.2,0.0,0.0,0.0,Summer,No Holiday,Yes,10699
23/09/2018,644,1,16.4,66,0.1,2000,10.0,0.0,0.0,0.0,Autumn,Holiday,Yes,13799
07/10/2018,2255,17,19.4,32,3.2,2000,2.2,0.63,0.0,0.0,Autumn,No Holiday,Yes,14586
09/05/2018,928,9,14.4,46,1.2,1899,2.9,1.77,0.0,0.0,Spring,No Holiday,Yes,10519
02/10/2018,0,10,16.7,58,2.4,1554,8.3,1.81,0.0,0.0,Autumn,No Holiday,No,17866
12/09/2018,1234,9,20.8,48,1.1,2000,9.3,1.38,0.0,0.0,Autumn,No Holiday,Yes,10245
29/11/2018,195,3,1.9,33,0.9,1994,-12.7,0.0,0.0,0.0,Autumn,No Holiday,Yes,11912
10/11/2018,679,1,11.2,78,1.1,467,7.4,0.0,0.0,0.0,Autumn,No Holiday,Yes,10142
21/08/2018,402,10,24.8,82,3.2,1732,21.5,0.34,0.0,0.0,Summer,No Holiday,Yes,15634
13/07/2018,1782,17,30.1,65,1.8,1923,22.7,1.36,0.0,0.0,Summer,No Holiday,Yes,18206
13/04/2018,1359,20,16.2,22,0.9,2000,-5.5,0.0,0.0,0.0,Spring,No Holiday,Yes,17680
01/03/2018,190,23,-4.0,52,3.4,1272,-12.4,0.0,0.0,0.0,Spring,Holiday,Yes,16695
02/11/2018,251,3,5.7,72,0.8,1368,1.0,0.0,0.0,0.0,Autumn,No Holiday,Yes,17326
10/05/2018,0,16,19.6,54,3.9,1154,10.0,2.41,0.0,0.0,Spring,No Holiday,No,12351
08/07/2018,1442,13,26.1,45,1.8,2000,13.2,3.33,0.0,0.0,Summer,No Holiday,Yes,15744
28/11/2018,842,20,4.8,29,0.6,1756,-11.7,0.0,0.0,0.0,Autumn,No Holiday,Yes,17009
25/10/2018,729,0,10.5,75,0.3,1800,6.2,0.0,0.0,0.0,Autumn,No Holiday,Yes,16976
15/07/2018,803,12,30.1,58,1.6,1491,20.9,2.15,0.0,0.0,Summer,No Holiday,Yes,17822
29/12/2017,252,10,1.9,65,0.3,562,-3.9,0.17,0.0,0.0,Winter,No Holiday,Yes,12808
01/02/2018,459,8,-8.6,59,1.0,1948,-15.1,0.01,0.0,1.6,Winter,No Holiday,Yes,10115
30/06/2018,382,4,21.7,93,0.1,244,20.5,0.0,0.0,0.0,Summer,No Holiday,Yes,17641
19/12/2017,189,13,-2.2,25,3.2,1970,-19.6,1.17,0.0,2.2,Winter,No Holiday,Yes,12676
23/03/2018,1216,8,2.6,77,1.3,567,-1.0,0.21,0.0,0.0,Spring,No Holiday,Yes,17064
25/01/2018,78,0,-15.9,43,3.8,2000,-25.6,0.0,0.0,0.7,Winter,No Holiday,Yes,12608
08/05/2018,712,0,16.4,72,0.8,1046,11.3,0.0,0.0,0.0,Spring,No Holiday,Yes,10250
30/01/2018,54,3,-10.7,42,1.4,2000,-21.1,0.0,0.0,0.0,Winter,No Holiday,Yes,11784
03/04/2018,2134,18,18.9,68,3.3,1326,12.8,0.12,0.0,0.0,Spring,No Holiday,Yes,12274
23/09/2018,1148,21,19.1,38,2.1,2000,4.4,0.0,0.0,0.0,Autumn,Holiday,Yes,17987
16/07/2018,2362,20,29.3,58,2.4,2000,20.1,0.09,0.0,0.0,Summer,No Holiday,Yes,16292
22/01/2018,323,12,3.9,28,0.9,1383,-12.9,0.6,0.0,0.0,Winter,No Holiday,Yes,10316
09/01/2018,52,3,-3.4,67,3.2,1420,-8.6,0.0,0.0,0.9,Winter,No Holiday,Yes,15955
01/04/2018,322,2,11.7,72,0.6,915,6.8,0.0,0.0,0.0,Spring,No Holiday,Yes,12242
01/01/2018,298,14,3.7,24,2.1,1906,-15.0,1.01,0.0,0.0,Winter,Holiday,Yes,17541
11/01/2018,181,15,-8.3,42,3.8,1745,-18.9,0.93,0.0,0.0,Winter,No Holiday,Yes,10039
19/05/2018,1573,12,20.5,42,2.1,2000,7.1,3.42,0.0,0.0,Spring,No Holiday,Yes,15341
08/04/2018,191,2,2.2,49,1.9,2000,-7.4,0.0,0.0,0.0,Spring,No Holiday,Yes,15127
24/02/2018,263,1,4.0,83,1.7,235,1.3,0.0,0.0,0.0,Winter,No Holiday,Yes,13644
11/05/2018,1556,22,16.2,54,1.1,1327,6.8,0.0,0.0,0.0,Spring,No Holiday,Yes,12959
01/05/2018,187,4,18.0,85,0.3,275,15.4,0.0,0.0,0.0,Spring,Holiday,Yes,13052
17/11/2018,626,0,4.2,76,2.1,870,0.3,0.0,0.0,0.0,Autumn,No Holiday,Yes,12718
14/01/2018,149,0,-4.4,81,0.7,414,-7.1,0.0,0.0,0.0,Winter,No Holiday,Yes,18295
28/08/2018,870,0,23.5,88,0.6,2000,21.3,0.0,0.0,0.0,Summer,No Holiday,Yes,16985
21/08/2018,2364,19,29.2,62,1.7,2000,21.1,0.31,0.0,0.0,Summer,No Holiday,Yes,17961
16/09/2018,1073,20,21.1,88,1.7,404,19.0,0.0,0.0,0.0,Autumn,No Holiday,Yes,13629
18/12/2017,128,23,0.1,81,2.9,551,-2.7,0.0,0.0,2.6,Winter,No Holiday,Yes,17845
29/12/2017,67,5,0.7,66,0.7,687,-4.9,0.0,0.0,0.0,Winter,No Holiday,Yes,17398
26/05/2018,992,9,20.6,43,1.1,1104,7.5,1.84,0.0,0.0,Spring,No Holiday,Yes,12795
16/03/2018,85,4,5.7,62,2.4,2000,-1.0,0.0,0.0,0.0,Spring,No Holiday,Yes,10108
25/06/2018,968,11,27.8,46,1.3,912,15.1,1.77,0.0,0.0,Summer,No Holiday,Yes,10822
28/04/2018,795,9,15.1,56,1.7,493,6.3,1.57,0.0,0.0,Spring,No Holiday,Yes,10198
18/10/2018,1191,7,7.7,81,0.4,1992,4.6,0.0,0.0,0.0,Autumn,No Holiday,Yes,14188
11/11/2018,111,5,6.8,83,0.6,341,4.1,0.0,0.0,0.0,Autumn,No Holiday,Yes,15825
23/11/2018,719,14,6.3,16,2.9,2000,-17.7,1.67,0.0,0.0,Autumn,No Holiday,Yes,16759
06/01/2018,61,4,-5.9,61,1.1,1260,-12.2,0.0,0.0,0.0,Winter,No Holiday,Yes,14507
23/02/2018,36,4,1.1,96,2.5,241,0.5,0.0,0.0,3.9,Winter,No Holiday,Yes,15734
02/09/2018,802,10,25.0,47,1.5,2000,12.8,2.17,0.0,0.0,Autumn,No Holiday,Yes,15156
26/05/2018,1164,11,24.8,34,0.9,1439,7.8,2.92,0.0,0.0,Spring,No Holiday,Yes,16951
11/12/2017,212,10,-5.3,32,4.5,2000,-19.4,0.62,0.0,0.0,Winter,No Holiday,Yes,10402
01/02/2018,240,12,-1.1,31,1.3,1869,-16.1,1.2,0.0,1.3,Winter,No Holiday,Yes,17381
30/08/2018,81,3,24.1,97,2.5,1989,23.5,0.0,1.5,0.0,Summer,No Holiday,Yes,13895
27/12/2017,142,1,-8.2,39,1.8,2000,-19.7,0.0,0.0,0.0,Winter,No Holiday,Yes,12114
18/03/2018,587,11,8.5,49,0.7,718,-1.6,0.76,0.0,0.0,Spring,No Holiday,Yes,16268
12/07/2018,322,3,26.2,83,0.3,1294,23.0,0.0,0.0,0.0,Summer,No Holiday,Yes,18515
05/04/2018,220,2,9.0,63,2.1,2000,2.3,0.0,0.0,0.0,Spring,No Holiday,Yes,16911
09/02/2018,308,20,3.0,61,1.9,842,-3.8,0.0,0.0,0.0,Winter,No Holiday,Yes,12688
09/11/2018,0,10,11.3,68,4.7,1984,5.5,0.44,0.0,0.0,Autumn,No Holiday,No,16848
22/12/2017,301,12,4.5,56,0.8,836,-3.5,0.71,0.0,0.0,Winter,Holiday,Yes,15047
10/04/2018,933,15,21.4,33,4.8,1998,4.4,1.63,0.0,0.0,Spring,No Holiday,Yes,17445
19/03/2018,387,13,10.1,61,3.7,1504,2.9,0.38,0.0,0.0,Spring,No Holiday,Yes,11642
12/08/2018,707,23,28.7,81,0.4,1586,25.1,0.0,0.0,0.0,Summer,No Holiday,Yes,15331
11/04/2018,0,13,15.6,38,4.7,1558,1.3,3.32,0.0,0.0,Spring,No Holiday,No,12900
12/10/2018,168,4,6.2,71,1.1,2000,1.3,0.0,0.0,0.0,Autumn,No Holiday,Yes,13192
11/07/2018,991,13,28.7,69,2.6,1546,22.4,1.02,0.0,0.0,Summer,No Holiday,Yes,18750
26/02/2018,521,15,10.3,23,2.1,1317,-9.9,2.09,0.0,0.0,Winter,No Holiday,Yes,16675
29/01/2018,166,13,-6.9,23,4.6,1963,-24.6,1.28,0.0,0.0,Winter,No Holiday,Yes,18497
15/10/2018,638,0,12.6,78,1.3,1427,8.8,0.0,0.0,0.0,Autumn,No Holiday,Yes,13336
06/11/2018,0,9,10.1,68,0.2,578,4.4,0.33,0.0,0.0,Autumn,No Holiday,No,11737
22/06/2018,912,1,20.2,75,1.4,525,15.6,0.0,0.0,0.0,Summer,No Holiday,Yes,18354
07/04/2018,225,1,2.6,67,2.7,1053,-2.9,0.0,0.0,0.0,Spring,No Holiday,Yes,13167
10/04/2018,149,3,8.1,48,0.8,1455,-2.2,0.0,0.0,0.0,Spring,No Holiday,Yes,15218
20/11/2018,934,7,0.5,53,1.1,2000,-7.9,0.0,0.0,0.0,Autumn,No Holiday,Yes,18016
13/09/2018,968,0,21.9,62,1.0,1822,14.2,0.0,0.0,0.0,Autumn,No Holiday,Yes,17355
04/07/2018,1450,7,24.6,78,0.5,2000,20.5,0.33,0.0,0.0,Summer,No Holiday,Yes,12592
17/04/2018,421,1,9.0,36,1.0,1994,-5.3,0.0,0.0,0.0,Spring,No Holiday,Yes,14342
19/02/2018,357,22,1.0,69,0.7,525,-4.0,0.0,0.0,0.0,Winter,No Holiday,Yes,13204
13/07/2018,887,11,27.5,70,2.4,1719,21.5,1.07,0.0,0.0,Summer,No Holiday,Yes,10087
23/02/2018,39,5,1.0,91,0.7,257,-0.3,0.0,0.0,3.8,Winter,No Holiday,Yes,13689
21/07/2018,1132,0,27.5,73,1.1,1834,22.2,0.0,0.0,0.0,Summer,No Holiday,Yes,10992
25/01/2018,34,5,-15.8,37,2.7,2000,-27.1,0.0,0.0,0.7,Winter,No Holiday,Yes,17669
15/10/2018,2635,18,18.0,66,2.3,554,11.5,0.1,0.0,0.0,Autumn,No Holiday,Yes,16352
01/12/2017,339,10,-3.5,24,1.2,1996,-21.2,0.65,0.0,0.0,Winter,No Holiday,Yes,10520
01/06/2018,672,6,17.5,76,1.2,1161,13.2,0.05,0.0,0.0,Summer,No Holiday,Yes,17821
27/03/2018,705,7,8.5,67,0.7,475,2.7,0.02,0.0,0.0,Spring,No Holiday,Yes,17684
13/02/2018,294,7,-7.2,70,1.9,1946,-11.7,0.0,0.0,0.0,Winter,No Holiday,Yes,10276
11/04/2018,0,8,9.7,77,1.6,519,5.8,0.68,0.0,0.0,Spring,No Holiday,No,14209
23/03/2018,724,20,6.7,48,2.6,774,-3.5,0.0,0.0,0.0,Spring,No Holiday,Yes,15646
26/01/2018,140,15,-11.4,27,3.3,1805,-26.7,0.0,0.0,0.4,Winter,No Holiday,Yes,11315
03/08/2018,600,15,37.4,44,3.2,1499,23.0,2.71,0.0,0.0,Summer,No Holiday,Yes,12872
25/08/2018,1797,17,26.9,60,2.8,2000,18.4,0.77,0.0,0.0,Summer,No Holiday,Yes,11449
23/12/2017,235,10,5.4,82,1.2,215,2.5,0.13,0.0,0.0,Winter,No Holiday,Yes,12799
02/01/2018,655,8,-3.4,71,0.8,1179,-7.9,0.0,0.0,0.0,Winter,No Holiday,Yes,11367
27/07/2018,905,16,35.0,55,2.8,835,24.6,1.56,0.0,0.0,Summer,No Holiday,Yes,14746
21/05/2018,165,3,13.0,0,0.8,2000,-2.5,0.0,0.0,0.0,Spring,No Holiday,Yes,11915
26/12/2017,180,10,-2.2,36,4.1,1930,-15.2,0.53,0.0,0.0,Winter,No Holiday,Yes,12256
07/05/2018,1414,12,22.9,35,0.8,1948,6.6,3.05,0.0,0.0,Spring,No Holiday,Yes,10807
12/06/2018,385,2,17.7,87,1.2,2000,15.5,0.0,0.0,0.0,Summer,No Holiday,Yes,10188
22/07/2018,587,2,26.8,63,0.6,2000,19.1,0.0,0.0,0.0,Summer,No Holiday,Yes,13129
03/07/2018,349,0,23.2,98,0.2,927,22.8,0.0,0.5,0.0,Summer,No Holiday,Yes,15933
02/09/2018,940,11,26.5,44,1.4,1958,13.2,2.62,0.0,0.0,Autumn,No Holiday,Yes,17215
14/06/2018,715,1,20.8,72,1.0,912,15.5,0.0,0.0,0.0,Summer,No Holiday,Yes,10998
07/07/2018,1050,10,24.0,49,1.7,2000,12.6,2.48,0.0,0.0,Summer,No Holiday,Yes,12286
13/10/2018,1037,10,12.6,50,1.4,1712,2.4,1.68,0.0,0.0,Autumn,No Holiday,Yes,18138
07/02/2018,34,4,-13.1,54,0.7,1369,-20.4,0.0,0.0,0.0,Winter,No Holiday,Yes,18729
27/12/2017,93,2,-8.6,37,1.5,2000,-20.7,0.0,0.0,0.0,Winter,No Holiday,Yes,10443
23/07/2018,739,15,35.4,46,2.2,1861,22.0,2.48,0.0,0.0,Summer,No Holiday,Yes,12306
15/09/2018,1284,12,25.4,63,0.9,2000,17.8,1.01,0.0,0.0,Autumn,No Holiday,Yes,12746
19/07/2018,1536,17,34.0,44,2.3,1891,20.0,1.95,0.0,0.0,Summer,No Holiday,Yes,11564
22/12/2017,323,20,5.9,67,1.3,779,0.2,0.0,0.0,0.0,Winter,Holiday,Yes,14988
07/09/2018,1346,7,20.3,74,1.8,1372,15.5,0.07,0.0,0.0,Autumn,No Holiday,Yes,15071
08/09/2018,1179,11,24.2,41,1.5,1818,10.1,2.62,0.0,0.0,Autumn,No Holiday,Yes,13517
28/04/2018,777,0,13.3,70,1.6,473,7.9,0.0,0.0,0.0,Spring,No Holiday,Yes,15909
18/11/2018,1054,14,10.1,37,2.4,1723,-3.9,1.24,0.0,0.0,Autumn,No Holiday,Yes,11300
13/02/2018,295,15,3.7,40,5.3,1950,-8.6,1.96,0.0,0.0,Winter,No Holiday,Yes,18658
19/10/2018,653,1,9.8,68,1.7,2000,4.1,0.0,0.0,0.0,Autumn,No Holiday,Yes,13493
23/09/2018,1502,16,24.6,29,4.0,1988,5.3,1.73,0.0,0.0,Autumn,Holiday,Yes,14129
21/05/2018,1820,16,22.7,42,1.9,2000,9.1,1.13,0.0,0.0,Spring,No Holiday,Yes,11621
11/12/2017,266,21,-9.7,51,2.5,2000,-17.9,0.0,0.0,0.0,Winter,No Holiday,Yes,11510
07/02/2018,214,7,-13.2,56,0.9,1665,-20.1,0.0,0.0,0.0,Winter,No Holiday,Yes,14912
07/09/2018,1363,23,19.4,50,2.8,2000,8.6,0.0,0.0,0.0,Autumn,No Holiday,Yes,11399
10/03/2018,345,23,5.1,75,1.4,950,1.0,0.0,0.0,0.0,Spring,No Holiday,Yes,16407
03/08/2018,585,13,36.8,44,1.8,1625,22.5,1.79,0.0,0.0,Summer,No Holiday,Yes,16904
27/05/2018,608,8,18.3,51,2.0,1366,7.9,0.7,0.0,0.0,Spring,No Holiday,Yes,11409
23/05/2018,34,2,15.0,97,2.5,236,14.5,0.0,3.0,0.0,Spring,No Holiday,Yes,17508
08/03/2018,555,15,9.2,53,3.3,1896,0.1,2.23,0.0,0.0,Spring,No Holiday,Yes,11734
29/07/2018,760,16,36.0,33,1.4,2000,17.1,1.97,0.0,0.0,Summer,No Holiday,Yes,18491
21/10/2018,534,8,7.9,67,1.1,1210,2.1,0.28,0.0,0.0,Autumn,No Holiday,Yes,11415
05/12/2017,393,22,-2.8,49,0.0,2000,-12.0,0.0,0.0,0.0,Winter,No Holiday,Yes,18568
28/01/2018,72,8,-8.1,43,1.7,1943,-18.5,0.0,0.0,0.0,Winter,No Holiday,Yes,14334
21/09/2018,28,3,18.5,88,1.2,659,16.4,0.0,1.5,0.0,Autumn,No Holiday,Yes,18277
14/06/2018,1047,0,21.1,69,0.5,1086,15.1,0.0,0.0,0.0,Summer,No Holiday,Yes,10480
05/06/2018,2404,21,23.3,51,1.7,1654,12.5,0.0,0.0,0.0,Summer,No Holiday,Yes,18313
17/12/2017,31,5,-9.7,41,3.1,2000,-20.5,0.0,0.0,0.0,Winter,No Holiday,Yes,11974
17/03/2018,520,9,3.4,49,1.6,1950,-6.3,1.03,0.0,0.0,Spring,No Holiday,Yes,13892
30/12/2017,274,12,3.2,64,0.8,258,-2.9,0.47,0.0,0.0,Winter,No Holiday,Yes,14938
13/05/2018,1571,21,14.1,86,0.9,535,11.7,0.0,0.0,0.0,Spring,No Holiday,Yes,15821
29/05/2018,1103,13,24.2,58,1.5,1030,15.4,1.66,0.0,0.0,Spring,No Holiday,Yes,17038
21/08/2018,2057,21,26.8,72,0.4,1985,21.3,0.0,0.0,0.0,Summer,No Holiday,Yes,10601
14/07/2018,787,8,26.1,74,0.7,1254,21.0,0.87,0.0,0.0,Summer,No Holiday,Yes,14890
18/05/2018,29,5,17.8,98,1.0,457,17.4,0.0,0.5,0.0,Spring,No Holiday,Yes,14287
01/08/2018,362,3,29.1,64,0.5,1997,21.5,0.0,0.0,0.0,Summer,No Holiday,Yes,12723
18/04/2018,845,11,15.5,22,1.4,1762,-6.1,2.82,0.0,0.0,Spring,No Holiday,Yes,18461
14/05/2018,552,6,12.1,89,0.3,252,10.3,0.02,0.0,0.0,Spring,No Holiday,Yes,10038
04/12/2017,515,17,-1.3,26,5.3,2000,-18.3,0.18,0.0,0.0,Winter,No Holiday,Yes,17274
22/05/2018,29,22,16.8,87,0.6,447,14.6,0.0,0.5,0.0,Spring,Holiday,Yes,10535
10/12/2017,152,22,-1.0,56,4.7,2000,-8.6,0.0,0.0,0.0,Winter,No Holiday,Yes,14397
12/05/2018,24,17,14.3,98,0.7,270,13.9,0.08,1.5,0.0,Spring,No Holiday,Yes,15359
10/09/2018,691,6,18.7,64,0.9,2000,11.7,0.0,0.0,0.0,Autumn,No Holiday,Yes,17366
23/04/2018,82,21,9.4,94,2.1,869,8.4,0.0,1.5,0.0,Spring,No Holiday,Yes,18026
27/01/2018,41,3,-15.3,43,0.8,1963,-25.0,0.0,0.0,0.3,Winter,No Holiday,Yes,12950
16/01/2018,409,19,4.6,57,1.0,432,-3.2,0.0,0.0,0.0,Winter,No Holiday,Yes,12457
13/11/2018,912,13,13.5,43,2.2,1687,1.1,1.92,0.0,0.0,Autumn,No Holiday,Yes,18723
11/09/2018,261,3,18.2,52,1.5,2000,8.1,0.0,0.0,0.0,Autumn,No Holiday,Yes,17475
21/05/2018,3069,18,21.6,48,2.5,1884,10.1,0.61,0.0,0.0,Spring,No Holiday,Yes,15495
21/10/2018,622,1,10.6,60,0.5,1642,3.1,0.0,0.0,0.0,Autumn,No Holiday,Yes,12174
10/05/2018,0,10,17.3,52,2.3,1235,7.3,2.38,0.0,0.0,Spring,No Holiday,No,13708
08/04/2018,101,6,0.9,52,1.1,2000,-7.8,0.0,0.0,0.0,Spring,No Holiday,Yes,16602
06/10/2018,0,4,16.9,89,2.7,1577,15.0,0.0,2.5,0.0,Autumn,No Holiday,No,10685
18/11/2018,645,11,7.6,35,0.8,1695,-6.9,1.25,0.0,0.0,Autumn,No Holiday,Yes,17198
17/07/2018,2770,18,31.3,55,2.5,1550,21.1,1.2,0.0,0.0,Summer,No Holiday,Yes,17698
25/11/2018,813,17,9.0,59,0.7,677,1.4,0.1,0.0,0.4,Autumn,No Holiday,Yes,15799
28/04/2018,905,23,12.3,51,1.0,1648,2.4,0.0,0.0,0.0,Spring,No Holiday,Yes,14293
13/03/2018,912,22,13.5,81,2.8,933,10.2,0.0,0.0,0.0,Spring,No Holiday,Yes,12441
03/07/2018,906,11,29.2,66,1.4,1953,22.1,2.72,0.0,0.0,Summer,No Holiday,Yes,17177
28/06/2018,65,17,22.2,92,1.2,254,20.8,0.11,4.9,0.0,Summer,No Holiday,Yes,18741
02/01/2018,293,12,0.9,29,1.9,1761,-15.1,0.88,0.0,0.0,Winter,No Holiday,Yes,15364
25/10/2018,1513,21,14.5,50,0.7,1741,4.1,0.0,0.0,0.0,Autumn,No Holiday,Yes,10565
26/05/2018,837,1,16.2,63,0.7,1328,9.1,0.0,0.0,0.0,Spring,No Holiday,Yes,13969
06/08/2018,752,16,34.6,55,2.5,1650,24.2,2.01,0.0,0.0,Summer,No Holiday,Yes,14776
22/06/2018,1284,9,24.2,47,1.2,822,12.1,1.94,0.0,0.0,Summer,No Holiday,Yes,11501
22/03/2018,999,17,9.6,38,3.2,1606,-4.0,1.35,0.0,0.0,Spring,No Holiday,Yes,14603
16/09/2018,813,10,22.9,74,1.3,1162,18.0,0.84,0.0,0.0,Autumn,No Holiday,Yes,18758
02/07/2018,17,2,21.2,97,0.8,1018,20.6,0.0,2.0,0.0,Summer,No Holiday,Yes,13554
13/02/2018,256,13,2.6,40,3.5,1854,-9.6,2.28,0.0,0.0,Winter,No Holiday,Yes,12756
24/04/2018,1118,16,15.5,52,1.7,2000,5.6,0.7,0.0,0.0,Spring,No Holiday,Yes,18067
13/04/2018,1662,17,18.1,16,1.4,2000,-8.1,0.45,0.0,0.0,Spring,No Holiday,Yes,16151
02/06/2018,1253,12,28.3,30,3.0,1675,9.0,3.29,0.0,0.0,Summer,No Holiday,Yes,14464
17/10/2018,600,1,11.5,74,1.2,1305,7.0,0.0,0.0,0.0,Autumn,No Holiday,Yes,18458
15/07/2018,1924,21,28.1,74,3.1,1840,23.0,0.0,0.0,0.0,Summer,No Holiday,Yes,16248
13/10/2018,835,0,9.1,69,0.9,1885,3.7,0.0,0.0,0.0,Autumn,No Holiday,Yes,11220
02/08/2018,562,12,36.6,41,2.0,1866,21.2,2.58,0.0,0.0,Summer,No Holiday,Yes,14633
03/10/2018,440,7,11.2,85,0.3,1593,8.7,0.02,0.0,0.0,Autumn,Holiday,Yes,10613
20/09/2018,761,1,20.0,59,1.1,1999,11.7,0.0,0.0,0.0,Autumn,No Holiday,Yes,13483
26/04/2018,930,11,18.1,42,2.7,1112,4.9,2.17,0.0,0.0,Spring,No Holiday,Yes,17329
28/01/2018,104,9,-7.8,41,1.8,1923,-18.7,0.17,0.0,0.0,Winter,No Holiday,Yes,10731
27/12/2017,242,21,-6.4,34,1.2,2000,-19.7,0.0,0.0,0.0,Winter,No Holiday,Yes,16161
27/09/2018,1801,22,17.9,50,1.0,2000,7.3,0.0,0.0,0.0,Autumn,No Holiday,Yes,13472
07/09/2018,1915,21,20.6,48,2.1,2000,9.1,0.0,0.0,0.0,Autumn,No Holiday,Yes,17391
15/12/2017,68,5,-7.5,64,0.9,989,-13.1,0.0,0.0,0.0,Winter,No Holiday,Yes,16752
05/02/2018,170,14,-6.4,24,4.6,1970,-23.7,2.23,0.0,0.0,Winter,No Holiday,Yes,14305
27/03/2018,960,17,18.4,54,3.2,605,8.9,1.05,0.0,0.0,Spring,No Holiday,Yes,11998
09/02/2018,659,18,4.1,40,2.1,1327,-8.3,0.1,0.0,0.0,Winter,No Holiday,Yes,12931
07/12/2017,218,1,1.5,92,0.4,227,0.3,0.0,0.0,0.9,Winter,No Holiday,Yes,10291
22/01/2018,73,2,-0.2,33,1.4,2000,-14.5,0.0,0.0,0.0,Winter,No Holiday,Yes,12844
28/11/2018,798,15,10.5,16,2.7,1509,-14.3,1.29,0.0,0.0,Autumn,No Holiday,Yes,11772
20/09/2018,137,5,19.5,74,1.8,1421,14.7,0.0,0.0,0.0,Autumn,No Holiday,Yes,13395
25/02/2018,589,17,6.9,25,2.9,1795,-11.8,1.07,0.0,0.0,Winter,No Holiday,Yes,15681
07/01/2018,62,4,-5.1,60,0.7,1377,-11.6,0.0,0.0,0.0,Winter,No Holiday,Yes,14905
22/06/2018,3365,18,29.3,27,3.4,1977,8.3,1.24,0.0,0.0,Summer,No Holiday,Yes,12583
14/01/2018,304,14,3.7,53,0.6,592,-5.0,0.74,0.0,0.0,Winter,No Holiday,Yes,12015
01/02/2018,143,23,-4.5,55,0.4,1908,-12.1,0.0,0.0,0.0,Winter,No Holiday,Yes,11539
20/05/2018,1846,20,19.0,26,1.5,2000,-0.9,0.02,0.0,0.0,Spring,No Holiday,Yes,17306
01/04/2018,1156,13,17.9,60,2.2,1248,10.0,0.86,0.0,0.0,Spring,No Holiday,Yes,10112
06/06/2018,1444,13,27.3,52,3.1,613,16.5,3.21,0.0,0.0,Summer,Holiday,Yes,14511
30/10/2018,903,14,10.7,33,1.7,2000,-4.9,2.12,0.0,0.0,Autumn,No Holiday,Yes,12709
04/01/2018,281,15,-1.2,31,0.8,1732,-16.2,0.47,0.0,0.0,Winter,No Holiday,Yes,18556
03/01/2018,297,12,-3.4,32,3.1,1706,-17.7,1.02,0.0,0.0,Winter,No Holiday,Yes,15870
27/12/2017,81,3,-9.1,37,1.0,2000,-21.1,0.0,0.0,0.0,Winter,No Holiday,Yes,15076
20/08/2018,255,3,26.1,65,0.6,2000,18.9,0.0,0.0,0.0,Summer,No Holiday,Yes,18622
06/11/2018,0,17,15.3,63,1.2,260,8.2,0.23,0.0,0.0,Autumn,No Holiday,No,10357
29/09/2018,1781,21,20.1,54,1.2,2000,10.4,0.0,0.0,0.0,Autumn,No Holiday,Yes,11144
26/09/2018,1529,21,18.9,43,2.0,2000,6.0,0.0,0.0,0.0,Autumn,No Holiday,Yes,16178
10/09/2018,2147,17,26.6,40,1.4,2000,11.8,0.69,0.0,0.0,Autumn,No Holiday,Yes,15456
13/03/2018,572,23,13.4,81,2.6,958,10.1,0.0,0.0,0.0,Spring,No Holiday,Yes,12233
07/08/2018,2274,18,34.6,50,3.1,1821,22.6,1.0,0.0,0.0,Summer,No Holiday,Yes,15051
15/06/2018,717,1,20.6,65,1.2,2000,13.7,0.0,0.0,0.0,Summer,No Holiday,Yes,11663
27/01/2018,84,8,-15.9,58,0.9,1369,-22.2,0.0,0.0,0.3,Winter,No Holiday,Yes,11806
26/09/2018,598,8,16.7,60,2.0,2000,8.8,0.2,0.0,0.0,Autumn,No Holiday,Yes,15700
04/09/2018,1083,9,21.6,81,2.3,1669,18.1,1.2,0.0,0.0,Autumn,No Holiday,Yes,16550
15/08/2018,429,7,28.6,71,0.6,1797,22.8,0.17,0.0,0.0,Summer,Holiday,Yes,18696
15/11/2018,899,14,15.1,33,1.5,1045,-1.0,1.31,0.0,0.0,Autumn,No Holiday,Yes,16084
18/05/2018,116,1,19.0,97,1.5,278,18.5,0.0,1.0,0.0,Spring,No Holiday,Yes,18593
26/10/2018,376,6,12.6,64,1.3,1348,5.9,0.0,0.0,0.0,Autumn,No Holiday,Yes,16865
08/03/2018,23,1,4.7,86,0.7,717,2.5,0.0,0.0,0.0,Spring,No Holiday,Yes,14017
22/08/2018,727,13,35.3,41,2.1,1925,20.0,3.1,0.0,0.0,Summer,No Holiday,Yes,10505
30/09/2018,0,23,14.1,53,2.1,2000,4.6,0.0,0.0,0.0,Autumn,No Holiday,No,14376
18/07/2018,1944,8,25.8,71,0.4,760,20.1,0.93,0.0,0.0,Summer,No Holiday,Yes,16903
20/10/2018,1649,14,20.0,22,1.6,1950,-2.3,2.29,0.0,0.0,Autumn,No Holiday,Yes,12414
09/11/2018,0,19,11.9,71,2.7,589,6.7,0.0,0.0,0.0,Autumn,No Holiday,No,15848
10/05/2018,0,11,18.3,51,3.1,1015,7.9,2.84,0.0,0.0,Spring,No Holiday,No,13310
18/07/2018,2188,21,28.0,69,1.8,1140,21.7,0.0,0.0,0.0,Summer,No Holiday,Yes,17311
08/04/2018,59,5,1.3,51,1.6,2000,-7.7,0.0,0.0,0.0,Spring,No Holiday,Yes,18040
13/02/2018,406,19,2.4,57,3.2,1995,-5.2,0.0,0.0,0.0,Winter,No Holiday,Yes,11471
08/11/2018,174,7,10.9,88,1.8,1866,8.9,0.0,0.0,0.0,Autumn,No Holiday,Yes,16864
28/08/2018,581,6,22.5,90,0.6,1149,20.7,0.0,0.0,0.0,Summer,No Holiday,Yes,13377
23/02/2018,32,3,0.9,97,1.2,243,0.4,0.0,3.7,4.1,Winter,No Holiday,Yes,12921
04/10/2018,0,3,13.6,75,0.8,1960,9.2,0.0,0.0,0.0,Autumn,No Holiday,No,16093
18/07/2018,778,13,32.1,51,2.3,776,20.6,2.96,0.0,0.0,Summer,No Holiday,Yes,12832
14/04/2018,612,19,9.5,76,2.3,2000,5.4,0.02,0.0,0.0,Spring,No Holiday,Yes,17849
03/12/2017,303,23,3.9,90,1.3,194,2.4,0.0,0.0,0.0,Winter,No Holiday,Yes,13161
07/10/2018,1608,19,16.6,36,1.4,2000,1.4,0.0,0.0,0.0,Autumn,No Holiday,Yes,14658
18/11/2018,114,6,1.9,53,0.4,1813,-6.6,0.0,0.0,0.0,Autumn,No Holiday,Yes,12889
26/02/2018,512,21,3.3,36,1.4,1110,-10.3,0.0,0.0,0.0,Winter,No Holiday,Yes,16019
04/07/2018,1021,12,30.5,58,2.5,1741,21.2,2.26,0.0,0.0,Summer,No Holiday,Yes,16155
10/12/2017,165,20,0.6,57,3.9,1954,-6.9,0.0,0.0,0.0,Winter,No Holiday,Yes,16131
02/10/2018,0,13,20.4,36,2.6,1776,4.8,2.71,0.0,0.0,Autumn,No Holiday,No,12061
29/01/2018,186,12,-7.3,23,3.8,1903,-24.9,1.17,0.0,0.0,Winter,No Holiday,Yes,14273
17/07/2018,1062,16,32.0,51,2.4,1402,20.5,2.55,0.0,0.0,Summer,No Holiday,Yes,17874
28/06/2018,1040,13,27.2,68,1.8,1575,20.7,1.1,0.0,0.0,Summer,No Holiday,Yes,12597
31/03/2018,108,5,9.8,73,0.8,1098,5.1,0.0,0.0,0.0,Spring,No Holiday,Yes,10025
29/08/2018,490,14,26.8,77,3.5,1965,22.4,0.11,0.0,0.0,Summer,No Holiday,Yes,11962
03/08/2018,1103,23,30.2,62,0.8,1708,22.1,0.0,0.0,0.0,Summer,No Holiday,Yes,15570
06/06/2018,562,3,19.6,68,1.7,1260,13.5,0.0,0.0,0.0,Summer,Holiday,Yes,11256
06/06/2018,2162,18,26.6,52,2.5,1368,15.9,1.09,0.0,0.0,Summer,Holiday,Yes,16656
24/03/2018,1025,15,12.4,58,4.1,404,4.3,2.26,0.0,0.0,Spring,No Holiday,Yes,11524
17/03/2018,562,22,7.0,55,2.7,1041,-1.4,0.0,0.0,0.0,Spring,No Holiday,Yes,12011
28/01/2018,178,17,-3.8,32,5.2,2000,-18.1,0.25,0.0,0.0,Winter,No Holiday,Yes,11930
23/02/2018,354,16,8.3,60,2.7,354,0.9,0.36,0.0,0.0,Winter,No Holiday,Yes,13152
27/08/2018,231,14,23.3,89,1.5,1435,21.3,1.23,0.5,0.0,Summer,No Holiday,Yes,13720
01/03/2018,61,7,2.6,89,4.3,320,0.9,0.0,0.0,0.0,Spring,Holiday,Yes,12974
15/08/2018,227,5,28.6,73,0.8,1808,23.2,0.0,0.0,0.0,Summer,Holiday,Yes,17234
25/12/2017,274,14,-0.4,31,2.0,2000,-15.5,1.1,0.0,0.0,Winter,Holiday,Yes,15449
21/01/2018,170,23,-0.4,32,0.6,2000,-15.1,0.0,0.0,0.0,Winter,No Holiday,Yes,15802
17/12/2017,223,13,-4.5,25,3.2,1989,-21.6,1.14,0.0,0.0,Winter,No Holiday,Yes,16003
27/04/2018,562,1,11.5,57,1.8,1471,3.2,0.0,0.0,0.0,Spring,No Holiday,Yes,11327
13/03/2018,815,15,18.6,47,3.3,1560,7.0,2.08,0.0,0.0,Spring,No Holiday,Yes,11459
10/08/2018,697,11,31.9,53,1.2,2000,21.1,2.33,0.0,0.0,Summer,No Holiday,Yes,10858
07/05/2018,2191,15,24.6,38,2.1,1478,9.3,1.85,0.0,0.0,Spring,No Holiday,Yes,15187
05/05/2018,2014,17,23.6,29,3.9,1948,4.5,1.68,0.0,0.0,Spring,No Holiday,Yes,11455
20/02/2018,727,8,-2.1,71,1.7,610,-6.6,0.06,0.0,0.0,Winter,No Holiday,Yes,18211
21/03/2018,320,22,1.2,87,0.9,1802,-0.7,0.0,0.0,0.0,Spring,No Holiday,Yes,16372
20/11/2018,1857,18,9.1,31,2.0,1932,-7.1,0.0,0.0,0.0,Autumn,No Holiday,Yes,13300
21/11/2018,755,16,6.1,53,0.5,2000,-2.7,0.21,0.0,0.0,Autumn,No Holiday,Yes,17227
08/09/2018,1505,13,26.1,32,3.0,1985,8.1,3.06,0.0,0.0,Autumn,No Holiday,Yes,12539
04/06/2018,1085,13,27.4,30,2.0,1768,8.2,3.03,0.0,0.0,Summer,No Holiday,Yes,17914
10/03/2018,931,15,8.1,36,4.7,1964,-6.1,2.23,0.0,0.0,Spring,No Holiday,Yes,12876
14/05/2018,1171,15,24.0,59,1.6,353,15.4,2.24,0.0,0.0,Spring,No Holiday,Yes,16193
27/05/2018,1004,11,22.3,33,1.8,1853,0.0,1.54,0.0,0.0,Spring,No Holiday,Yes,12977
28/05/2018,1124,13,27.7,39,1.9,1882,12.4,3.33,0.0,0.0,Spring,No Holiday,Yes,14896
16/07/2018,727,13,33.0,51,2.5,1100,21.5,3.09,0.0,0.0,Summer,No Holiday,Yes,13573
06/02/2018,217,9,-12.3,39,3.7,1984,-23.4,0.45,0.0,0.0,Winter,No Holiday,Yes,16891
11/08/2018,1022,0,29.8,63,2.0,2000,21.9,0.0,0.0,0.0,Summer,No Holiday,Yes,15173
21/04/2018,1511,14,25.0,14,3.8,1858,-4.3,3.29,0.0,0.0,Spring,No Holiday,Yes,18214
30/09/2018,0,13,21.1,42,4.6,1954,7.6,2.74,0.0,0.0,Autumn,No Holiday,No,17904
04/04/2018,19,5,11.9,97,3.4,305,11.4,0.0,3.0,0.0,Spring,No Holiday,Yes,17492
15/08/2018,925,18,32.8,63,2.3,1546,24.8,0.89,0.1,0.0,Summer,Holiday,Yes,16330
15/12/2017,285,7,-7.0,63,0.6,865,-12.8,0.0,0.0,0.0,Winter,No Holiday,Yes,18431
17/01/2018,272,7,2.5,71,0.9,289,-2.2,0.0,0.0,0.0,Winter,No Holiday,Yes,13526
05/12/2017,381,7,-7.5,33,2.2,2000,-21.0,0.0,0.0,0.0,Winter,No Holiday,Yes,12999
28/06/2018,944,19,20.9,97,1.0,1747,20.3,0.19,0.0,0.0,Summer,No Holiday,Yes,11752
01/07/2018,740,1,22.7,87,0.5,1072,20.4,0.0,0.0,0.0,Summer,No Holiday,Yes,18654
30/11/2018,764,20,3.4,37,2.3,2000,-9.9,0.0,0.0,0.0,Autumn,No Holiday,Yes,18371
26/03/2018,415,10,10.0,70,1.0,187,4.7,1.57,0.0,0.0,Spring,No Holiday,Yes,17362
28/09/2018,0,21,17.8,66,1.1,2000,11.3,0.0,0.0,0.0,Autumn,No Holiday,No,10251
04/05/2018,1155,9,14.1,42,1.9,1893,1.3,1.78,0.0,0.0,Spring,No Holiday,Yes,18381
28/02/2018,426,7,5.5,59,2.8,448,-1.8,0.0,0.0,0.0,Winter,No Holiday,Yes,16157
01/02/2018,37,4,-7.1,56,1.8,1841,-14.4,0.0,0.0,1.6,Winter,No Holiday,Yes,15715
19/10/2018,491,6,7.2,77,0.5,2000,3.4,0.0,0.0,0.0,Autumn,No Holiday,Yes,10254
02/09/2018,2118,18,27.9,52,1.7,2000,17.1,0.2,0.0,0.0,Autumn,No Holiday,Yes,18550
11/03/2018,596,19,7.8,28,1.9,1982,-9.6,0.04,0.0,0.0,Spring,No Holiday,Yes,13111
21/05/2018,200,5,11.9,0,1.3,2000,-2.7,0.0,0.0,0.0,Spring,No Holiday,Yes,10810
23/06/2018,1064,10,25.8,35,1.5,1900,9.1,1.66,0.0,0.0,Summer,No Holiday,Yes,15967
09/04/2018,197,0,3.2,84,0.6,785,0.7,0.0,0.0,0.0,Spring,No Holiday,Yes,12187
30/08/2018,768,12,27.0,74,2.5,915,21.9,0.94,0.0,0.0,Summer,No Holiday,Yes,15235
07/09/2018,2183,17,24.5,37,3.2,2000,8.8,1.04,0.0,0.0,Autumn,No Holiday,Yes,17570
10/04/2018,1702,8,9.6,38,1.4,1527,-4.0,0.58,0.0,0.0,Spring,No Holiday,Yes,11770
20/05/2018,473,2,13.9,43,0.9,2000,1.5,0.0,0.0,0.0,Spring,No Holiday,Yes,11573
07/03/2018,134,2,2.6,50,1.3,1962,-6.8,0.0,0.0,0.0,Spring,No Holiday,Yes,12532
12/08/2018,261,6,27.2,66,0.9,2000,20.2,0.0,0.0,0.0,Summer,No Holiday,Yes,15161
27/02/2018,897,18,6.6,62,0.8,522,-0.1,0.05,0.0,0.0,Winter,No Holiday,Yes,17596
03/03/2018,306,8,0.4,38,1.8,1564,-12.3,0.16,0.0,0.0,Spring,No Holiday,Yes,13955
27/03/2018,764,22,12.9,75,1.3,326,8.5,0.0,0.0,0.0,Spring,No Holiday,Yes,15094
22/12/2017,320,13,5.4,55,1.2,820,-2.9,0.66,0.0,0.0,Winter,Holiday,Yes,13284
30/01/2018,253,12,-3.2,32,2.7,1900,-17.5,1.01,0.0,0.0,Winter,No Holiday,Yes,11871
19/09/2018,0,5,19.3,73,0.9,1782,14.3,0.0,0.0,0.0,Autumn,No Holiday,No,12685
05/10/2018,44,20,16.5,96,2.7,1047,15.8,0.0,1.0,0.0,Autumn,No Holiday,Yes,12955
09/04/2018,1185,16,15.3,24,1.5,1534,-5.1,2.0,0.0,0.0,Spring,No Holiday,Yes,17573
14/02/2018,160,23,-0.3,35,2.1,1577,-13.9,0.0,0.0,0.0,Winter,No Holiday,Yes,11463
20/07/2018,1888,20,30.9,51,2.2,2000,19.5,0.07,0.0,0.0,Summer,No Holiday,Yes,16809
16/11/2018,886,12,13.4,48,2.3,962,2.5,1.64,0.0,0.0,Autumn,No Holiday,Yes,15645
05/10/2018,17,14,17.2,95,1.6,553,16.3,0.48,2.5,0.0,Autumn,No Holiday,Yes,17906
01/04/2018,110,6,12.4,61,0.4,1131,5.0,0.0,0.0,0.0,Spring,No Holiday,Yes,17214
19/12/2017,390,8,-5.2,58,2.2,1594,-12.1,0.0,0.0,2.5,Winter,No Holiday,Yes,18180
30/06/2018,625,3,21.9,88,0.9,274,19.8,0.0,0.0,0.0,Summer,No Holiday,Yes,12359
20/12/2017,209,12,-3.2,49,1.3,1723,-12.4,0.53,0.0,1.9,Winter,No Holiday,Yes,15164
03/06/2018,659,8,20.3,47,1.5,1785,8.6,1.05,0.0,0.0,Summer,No Holiday,Yes,10927
05/08/2018,223,7,27.5,86,1.8,485,24.9,0.03,0.4,0.0,Summer,No Holiday,Yes,17076
11/11/2018,578,11,10.7,68,0.4,341,5.0,0.54,0.0,0.0,Autumn,No Holiday,Yes,18195
07/02/2018,469,8,-13.3,60,0.6,1598,-19.4,0.02,0.0,0.0,Winter,No Holiday,Yes,12584
08/09/2018,1978,19,24.0,41,1.9,2000,9.9,0.1,0.0,0.0,Autumn,No Holiday,Yes,10101
20/05/2018,1999,15,21.0,28,1.7,2000,1.7,1.16,0.0,0.0,Spring,No Holiday,Yes,11757
11/04/2018,0,23,9.7,45,2.0,1969,-1.6,0.0,0.0,0.0,Spring,No Holiday,No,18565
14/07/2018,1039,12,30.2,58,2.3,1359,21.0,2.64,0.0,0.0,Summer,No Holiday,Yes,15073
18/03/2018,1128,15,12.0,37,0.8,879,-2.2,1.09,0.0,0.0,Spring,No Holiday,Yes,16263
06/01/2018,105,7,-6.6,65,1.0,1320,-12.0,0.0,0.0,0.0,Winter,No Holiday,Yes,12972
14/06/2018,2962,18,24.0,61,1.5,1935,16.0,0.26,0.0,0.0,Summer,No Holiday,Yes,13127
07/07/2018,1191,0,21.5,56,1.8,2000,12.3,0.0,0.0,0.0,Summer,No Holiday,Yes,17923
17/01/2018,310,12,8.1,51,1.4,367,-1.4,0.75,0.0,0.0,Winter,No Holiday,Yes,13828
29/04/2018,2019,15,22.8,24,3.3,1138,1.1,2.79,0.0,0.0,Spring,No Holiday,Yes,15184
28/05/2018,2060,17,26.9,45,3.5,990,13.9,1.64,0.0,0.0,Spring,No Holiday,Yes,17094
17/06/2018,1979,15,27.3,51,2.6,598,16.2,2.4,0.0,0.0,Summer,No Holiday,Yes,15312
01/05/2018,166,5,18.0,85,0.8,346,15.4,0.0,0.0,0.0,Spring,Holiday,Yes,16908
21/10/2018,1464,19,14.9,46,1.4,1455,3.3,0.0,0.0,0.0,Autumn,No Holiday,Yes,12486
11/10/2018,1000,13,13.5,32,5.0,1990,-2.9,2.56,0.0,0.0,Autumn,No Holiday,Yes,12343
19/04/2018,42,1,9.3,45,0.8,1263,-2.0,0.0,0.0,0.0,Spring,No Holiday,Yes,10569
20/11/2018,1269,17,9.8,28,2.4,1983,-7.8,0.29,0.0,0.0,Autumn,No Holiday,Yes,15703
26/09/2018,923,10,19.4,47,2.3,2000,7.7,1.45,0.0,0.0,Autumn,No Holiday,Yes,18456
01/02/2018,103,2,-5.5,53,2.1,1980,-13.5,0.0,0.0,1.6,Winter,No Holiday,Yes,10635
18/10/2018,1165,9,10.9,60,0.9,1997,3.4,0.93,0.0,0.0,Autumn,No Holiday,Yes,13195
19/06/2018,1230,13,26.6,46,2.9,1482,14.0,2.31,0.0,0.0,Summer,No Holiday,Yes,10958
23/11/2018,401,1,-0.6,44,2.3,2000,-11.3,0.0,0.0,0.0,Autumn,No Holiday,Yes,17574
17/03/2018,384,8,1.3,57,1.0,1974,-6.2,0.32,0.0,0.0,Spring,No Holiday,Yes,12666
20/04/2018,1206,16,25.7,30,3.4,600,6.8,2.07,0.0,0.0,Spring,No Holiday,Yes,11343
06/03/2018,82,3,0.1,71,0.4,2000,-4.5,0.0,0.0,0.0,Spring,No Holiday,Yes,16939
07/08/2018,855,16,35.4,45,2.6,1529,21.6,1.84,0.0,0.0,Summer,No Holiday,Yes,17840
10/08/2018,658,14,35.1,44,1.6,2000,21.0,2.25,0.0,0.0,Summer,No Holiday,Yes,17219
22/04/2018,486,10,16.3,62,0.8,1639,8.9,0.27,0.3,0.0,Spring,No Holiday,Yes,13837
12/09/2018,1551,7,16.8,61,1.3,2000,9.2,0.06,0.0,0.0,Autumn,No Holiday,Yes,17220
14/02/2018,101,3,1.1,65,1.0,1596,-4.7,0.0,0.0,0.0,Winter,No Holiday,Yes,16517
14/03/2018,552,10,15.7,58,1.3,1980,7.4,0.69,0.0,0.0,Spring,No Holiday,Yes,10698
26/10/2018,185,4,12.6,60,0.6,1648,5.0,0.0,0.0,0.0,Autumn,No Holiday,Yes,15109
19/04/2018,139,10,14.7,29,1.7,1070,-3.1,2.07,0.0,0.0,Spring,No Holiday,Yes,16334
01/07/2018,586,2,22.7,87,0.5,1187,20.4,0.0,0.0,0.0,Summer,No Holiday,Yes,16711
02/05/2018,76,5,18.4,87,0.8,209,16.1,0.0,0.4,0.0,Spring,No Holiday,Yes,13808
13/02/2018,328,16,3.9,41,4.0,1973,-8.1,1.24,0.0,0.0,Winter,No Holiday,Yes,16025
31/01/2018,137,9,-3.3,77,1.2,916,-6.7,0.1,0.0,3.4,Winter,No Holiday,Yes,17334
08/03/2018,64,7,3.0,90,0.7,578,1.5,0.0,0.0,0.0,Spring,No Holiday,Yes,18299
09/06/2018,1934,18,27.3,42,1.2,2000,13.2,0.19,0.0,0.0,Summer,No Holiday,Yes,16914
03/04/2018,156,3,17.0,74,1.7,1294,12.3,0.0,0.0,0.0,Spring,No Holiday,Yes,13654
16/04/2018,401,0,8.3,59,2.1,1912,0.7,0.0,0.0,0.0,Spring,No Holiday,Yes,13180
02/09/2018,1986,19,27.3,54,1.5,2000,17.1,0.05,0.0,0.0,Autumn,No Holiday,Yes,17280
15/09/2018,1613,20,23.5,80,1.7,1621,19.8,0.0,0.0,0.0,Autumn,No Holiday,Yes,18350
27/11/2018,623,11,7.9,64,1.2,383,1.4,0.87,0.0,0.0,Autumn,No Holiday,Yes,14785
19/03/2018,28,2,6.6,86,0.6,416,4.4,0.0,0.0,0.0,Spring,No Holiday,Yes,11714
22/06/2018,1073,13,30.6,26,1.2,1792,8.9,3.17,0.0,0.0,Summer,No Holiday,Yes,16798
10/07/2018,174,5,20.6,97,0.6,2000,20.1,0.0,0.0,0.0,Summer,No Holiday,Yes,15049
17/02/2018,250,17,0.6,17,3.3,2000,-21.7,0.79,0.0,0.0,Winter,Holiday,Yes,18667
17/07/2018,2273,21,27.9,69,1.9,1194,21.6,0.0,0.0,0.0,Summer,No Holiday,Yes,10082
25/04/2018,536,0,8.9,55,0.7,2000,0.3,0.0,0.0,0.0,Spring,No Holiday,Yes,15554
02/03/2018,414,22,0.5,38,0.9,1907,-12.2,0.0,0.0,0.0,Spring,No Holiday,Yes,14301
21/07/2018,1655,20,31.5,53,1.8,2000,20.7,0.08,0.0,0.0,Summer,No Holiday,Yes,17869
09/12/2017,76,6,-5.1,53,0.9,1975,-13.2,0.0,0.0,0.0,Winter,No Holiday,Yes,11957
20/02/2018,358,20,1.8,19,3.1,2000,-19.4,0.0,0.0,0.0,Winter,No Holiday,Yes,13015
19/06/2018,1224,12,25.8,48,1.5,1487,13.9,2.31,0.0,0.0,Summer,No Holiday,Yes,13337
19/10/2018,783,0,10.3,67,1.5,2000,4.4,0.0,0.0,0.0,Autumn,No Holiday,Yes,16363
23/05/2018,436,6,13.9,83,3.2,2000,11.0,0.04,0.0,0.0,Spring,No Holiday,Yes,13760
14/11/2018,612,0,7.0,54,0.9,1862,-1.6,0.0,0.0,0.0,Autumn,No Holiday,Yes,16242
21/08/2018,1530,8,24.0,84,3.5,1975,21.1,0.47,0.0,0.0,Summer,No Holiday,Yes,17254
04/11/2018,1596,17,16.9,33,2.2,1972,0.5,0.43,0.0,0.0,Autumn,No Holiday,Yes,16186
23/02/2018,321,21,6.0,79,2.7,306,2.6,0.0,0.0,0.0,Winter,No Holiday,Yes,14362
24/07/2018,671,12,34.5,50,1.4,1901,22.5,1.89,0.0,0.0,Summer,No Holiday,Yes,12755
25/08/2018,1516,15,28.1,53,4.5,1953,17.6,1.6,0.0,0.0,Summer,No Holiday,Yes,10504
28/09/2018,0,23,16.6,69,1.0,2000,10.8,0.0,0.0,0.0,Autumn,No Holiday,No,12848
03/11/2018,0,7,5.2,79,1.3,894,1.8,0.0,0.0,0.0,Autumn,No Holiday,No,13122
16/10/2018,854,10,14.4,45,0.6,1206,2.6,1.28,0.0,0.0,Autumn,No Holiday,Yes,17783
02/12/2017,308,1,-2.2,86,0.6,990,-4.2,0.0,0.0,0.0,Winter,No Holiday,Yes,12330
20/01/2018,56,5,-0.3,62,0.6,862,-6.7,0.0,0.0,0.0,Winter,No Holiday,Yes,12665
08/12/2017,350,14,-1.3,27,3.1,1906,-17.9,1.12,0.0,0.0,Winter,No Holiday,Yes,14510
21/06/2018,922,10,23.9,57,2.1,977,14.8,2.54,0.0,0.0,Summer,No Holiday,Yes,12637
26/02/2018,46,4,-2.3,69,1.1,1411,-7.2,0.0,0.0,0.0,Winter,No Holiday,Yes,14427
28/07/2018,248,5,28.1,84,0.5,754,25.1,0.0,0.0,0.0,Summer,No Holiday,Yes,14038
08/10/2018,1603,16,20.3,25,1.8,2000,-0.3,1.15,0.0,0.0,Autumn,No Holiday,Yes,14330
24/03/2018,424,8,4.5,49,0.4,580,-5.3,0.19,0.0,0.0,Spring,No Holiday,Yes,18311
31/03/2018,1072,12,18.2,38,4.2,1189,3.6,2.41,0.0,0.0,Spring,No Holiday,Yes,14999
17/11/2018,129,5,1.1,75,0.6,1270,-2.8,0.0,0.0,0.0,Autumn,No Holiday,Yes,16146
18/12/2017,52,9,-4.3,89,1.0,59,-5.8,0.0,1.6,4.0,Winter,No Holiday,Yes,18187
14/05/2018,1997,8,13.8,79,0.9,313,10.2,0.44,0.0,0.0,Spring,No Holiday,Yes,12185
16/04/2018,1753,17,18.7,21,2.5,1871,-4.1,1.65,0.0,0.0,Spring,No Holiday,Yes,15089
09/09/2018,2368,18,26.0,35,0.3,2000,9.3,0.2,0.0,0.0,Autumn,No Holiday,Yes,16947
27/02/2018,261,10,3.3,47,0.7,818,-6.9,0.22,0.0,0.0,Winter,No Holiday,Yes,13764
17/01/2018,314,16,8.3,54,1.2,330,-0.4,0.44,0.0,0.0,Winter,No Holiday,Yes,12462
01/03/2018,358,13,1.4,37,4.0,1681,-11.7,2.95,0.0,0.0,Spring,Holiday,Yes,14545
24/09/2018,216,3,15.5,63,0.3,2000,8.4,0.0,0.0,0.0,Autumn,Holiday,Yes,18626
24/12/2017,110,22,0.2,69,2.7,565,-4.8,0.0,0.0,0.0,Winter,Holiday,Yes,14848
14/11/2018,1137,16,15.2,40,2.7,1371,1.6,0.87,0.0,0.0,Autumn,No Holiday,Yes,10430
06/03/2018,567,14,9.2,27,2.9,1880,-8.8,2.32,0.0,0.0,Spring,No Holiday,Yes,18524
06/02/2018,175,16,-5.9,24,3.5,2000,-23.2,1.44,0.0,0.0,Winter,No Holiday,Yes,14037
21/08/2018,1112,16,30.4,53,2.0,1990,19.7,1.82,0.0,0.0,Summer,No Holiday,Yes,13431
25/01/2018,105,10,-15.3,33,2.4,2000,-27.9,0.56,0.0,0.6,Winter,No Holiday,Yes,13359
13/08/2018,212,2,28.1,78,0.9,1191,23.8,0.0,0.0,0.0,Summer,No Holiday,Yes,12588
22/07/2018,438,3,26.3,63,0.2,2000,18.6,0.0,0.0,0.0,Summer,No Holiday,Yes,18527
26/07/2018,774,15,33.1,58,1.9,882,23.7,0.87,0.0,0.0,Summer,No Holiday,Yes,15061
22/02/2018,352,12,4.8,47,2.6,1373,-5.5,1.72,0.0,0.0,Winter,No Holiday,Yes,18194
27/12/2017,269,16,-3.2,23,2.7,2000,-21.4,0.57,0.0,0.0,Winter,No Holiday,Yes,11652
25/04/2018,1141,13,20.8,23,1.7,1467,-1.1,3.18,0.0,0.0,Spring,No Holiday,Yes,10024
02/11/2018,1568,19,12.8,40,1.4,1870,-0.4,0.0,0.0,0.0,Autumn,No Holiday,Yes,16317
02/02/2018,115,6,-7.0,62,1.3,1830,-13.0,0.0,0.0,0.0,Winter,No Holiday,Yes,10973
08/02/2018,277,20,-2.8,40,1.5,1593,-14.5,0.0,0.0,0.0,Winter,No Holiday,Yes,11133
12/03/2018,463,11,9.2,33,1.1,892,-6.2,1.54,0.0,0.0,Spring,No Holiday,Yes,15129
19/12/2017,55,5,-3.9,66,0.7,1209,-9.3,0.0,0.0,2.6,Winter,No Holiday,Yes,15394
08/04/2018,325,0,2.9,46,2.2,2000,-7.6,0.0,0.0,0.0,Spring,No Holiday,Yes,11694
02/09/2018,1759,21,26.2,62,2.3,2000,18.3,0.0,0.0,0.0,Autumn,No Holiday,Yes,16663
30/05/2018,505,6,18.6,84,0.7,316,15.8,0.01,0.0,0.0,Spring,No Holiday,Yes,18594
30/03/2018,1406,8,11.5,60,1.6,550,3.9,0.42,0.0,0.0,Spring,No Holiday,Yes,18334
12/11/2018,419,6,3.8,69,0.0,1995,-1.3,0.0,0.0,0.0,Autumn,No Holiday,Yes,17098
15/09/2018,1273,16,24.4,74,0.6,1996,19.4,0.13,0.0,0.0,Autumn,No Holiday,Yes,16635
12/12/2017,580,8,-12.3,52,1.3,1914,-20.1,0.0,0.0,0.0,Winter,No Holiday,Yes,18695
06/06/2018,2145,20,23.4,64,1.8,1144,16.1,0.07,0.0,0.0,Summer,Holiday,Yes,11707
14/11/2018,1047,7,5.2,78,0.3,1182,1.6,0.0,0.0,0.0,Autumn,No Holiday,Yes,17622
26/04/2018,1123,14,21.6,28,3.1,1414,2.2,2.84,0.0,0.0,Spring,No Holiday,Yes,11553
14/05/2018,581,0,12.7,89,1.2,340,10.9,0.0,0.0,0.0,Spring,No Holiday,Yes,11407
11/05/2018,724,0,12.5,84,1.5,334,9.8,0.0,0.0,0.0,Spring,No Holiday,Yes,16087
15/03/2018,65,11,13.9,98,1.4,296,13.5,0.13,0.0,0.0,Spring,No Holiday,Yes,16999
14/03/2018,878,14,21.1,42,4.3,2000,7.6,2.49,0.0,0.0,Spring,No Holiday,Yes,12501
23/03/2018,682,13,10.9,36,2.1,1073,-3.6,2.87,0.0,0.0,Spring,No Holiday,Yes,14480
27/03/2018,586,12,16.7,47,2.4,620,5.3,1.76,0.0,0.0,Spring,No Holiday,Yes,17515
12/02/2018,45,2,-8.3,49,2.7,2000,-17.1,0.0,0.0,0.0,Winter,No Holiday,Yes,16231
02/12/2017,611,14,7.3,35,1.3,1955,-7.1,0.99,0.0,0.0,Winter,No Holiday,Yes,10972
17/11/2018,1018,15,8.9,34,2.9,1787,-6.1,0.52,0.0,0.0,Autumn,No Holiday,Yes,14115
23/11/2018,679,21,2.2,28,0.8,2000,-14.4,0.0,0.0,0.0,Autumn,No Holiday,Yes,15475
15/09/2018,1566,22,23.1,79,0.6,1891,19.2,0.0,0.0,0.0,Autumn,No Holiday,Yes,10223
04/08/2018,594,2,29.9,59,1.9,1902,21.0,0.0,0.0,0.0,Summer,No Holiday,Yes,14358
14/12/2017,612,18,-3.5,35,1.1,1414,-16.7,0.0,0.0,0.0,Winter,No Holiday,Yes,14635
10/08/2018,853,16,36.4,40,3.2,2000,20.6,2.59,0.0,0.0,Summer,No Holiday,Yes,11362
12/04/2018,952,9,11.5,43,1.7,1818,-0.6,1.43,0.0,0.0,Spring,No Holiday,Yes,16988
26/11/2018,943,20,7.3,66,0.5,516,1.3,0.0,0.0,0.0,Autumn,No Holiday,Yes,10256
10/01/2018,63,2,-5.7,72,1.2,1925,-9.9,0.0,0.0,0.8,Winter,No Holiday,Yes,16446
04/03/2018,34,4,8.8,95,0.2,218,8.0,0.0,0.0,0.0,Spring,No Holiday,Yes,11035
06/04/2018,572,14,7.4,56,3.5,461,-0.8,1.04,0.0,0.0,Spring,No Holiday,Yes,10680
02/02/2018,303,12,0.9,37,1.5,1283,-12.1,1.12,0.0,0.0,Winter,No Holiday,Yes,10674
07/11/2018,697,12,13.2,77,1.3,589,9.2,0.5,0.0,0.0,Autumn,No Holiday,Yes,11083
03/06/2018,2514,19,27.4,29,2.4,2000,7.7,0.5,0.0,0.0,Summer,No Holiday,Yes,14110
19/08/2018,264,4,23.6,61,0.3,2000,15.6,0.0,0.0,0.0,Summer,No Holiday,Yes,11431
24/02/2018,259,10,0.8,60,2.9,497,-6.0,0.71,0.0,0.0,Winter,No Holiday,Yes,18592
19/04/2018,996,14,20.5,17,3.1,1512,-5.4,2.83,0.0,0.0,Spring,No Holiday,Yes,10453
03/09/2018,153,4,24.0,70,1.2,2000,18.1,0.0,0.0,0.0,Autumn,No Holiday,Yes,17509
02/01/2018,304,21,-2.6,28,2.0,2000,-18.6,0.0,0.0,0.0,Winter,No Holiday,Yes,15019
31/05/2018,328,3,15.0,84,1.3,473,12.3,0.0,0.0,0.0,Spring,No Holiday,Yes,13272
22/09/2018,1273,12,24.2,43,2.2,1798,10.8,2.31,0.0,0.0,Autumn,No Holiday,Yes,14863
13/09/2018,2329,8,20.9,68,1.3,2000,14.7,0.18,0.0,0.0,Autumn,No Holiday,Yes,12563
16/06/2018,1783,14,27.1,40,1.8,1779,12.3,3.26,0.0,0.0,Summer,No Holiday,Yes,15872
05/04/2018,18,5,8.3,81,2.0,1060,5.2,0.0,0.1,0.0,Spring,No Holiday,Yes,13331
23/04/2018,5,6,9.1,95,2.7,373,8.3,0.0,7.0,0.0,Spring,No Holiday,Yes,10986
07/03/2018,550,12,9.6,39,1.8,1982,-3.7,2.09,0.0,0.0,Spring,No Holiday,Yes,16142
02/12/2017,334,10,-0.4,57,1.6,1309,-7.8,0.8,0.0,0.0,Winter,No Holiday,Yes,12788
26/07/2018,644,10,29.5,68,1.8,946,22.9,0.54,0.0,0.0,Summer,No Holiday,Yes,16128
26/08/2018,681,10,26.3,53,1.6,2000,15.9,2.19,0.0,0.0,Summer,No Holiday,Yes,15576
03/06/2018,193,5,17.1,66,0.3,1370,10.6,0.0,0.0,0.0,Summer,No Holiday,Yes,18655
05/11/2018,520,0,10.1,75,0.0,922,5.8,0.0,0.0,0.0,Autumn,No Holiday,Yes,13928
09/11/2018,0,7,10.4,81,3.0,1741,7.2,0.0,0.0,0.0,Autumn,No Holiday,No,11666
19/05/2018,436,7,11.4,0,1.4,2000,4.5,0.46,0.0,0.0,Spring,No Holiday,Yes,18097
26/07/2018,966,9,29.1,69,1.0,853,22.8,0.67,0.0,0.0,Summer,No Holiday,Yes,13791
19/03/2018,27,5,6.2,89,1.5,338,4.5,0.0,0.0,0.0,Spring,No Holiday,Yes,13258
11/07/2018,964,12,28.1,73,2.1,1326,22.7,0.87,0.0,0.0,Summer,No Holiday,Yes,18490
18/11/2018,759,19,7.9,45,1.0,1602,-3.3,0.0,0.0,0.0,Autumn,No Holiday,Yes,13403
14/11/2018,1001,14,16.1,32,1.4,1703,-0.6,1.8,0.0,0.0,Autumn,No Holiday,Yes,16884
11/04/2018,0,19,13.2,28,2.9,2000,-4.9,0.22,0.0,0.0,Spring,No Holiday,No,10711
22/09/2018,810,9,19.7,78,1.3,740,15.7,1.17,0.0,0.0,Autumn,No Holiday,Yes,12215
01/11/2018,362,2,4.4,64,1.4,2000,-1.8,0.0,0.0,0.0,Autumn,No Holiday,Yes,16220
14/08/2018,643,6,27.8,71,0.1,2000,22.0,0.0,0.0,0.0,Summer,No Holiday,Yes,14179
26/12/2017,252,20,-6.1,32,4.7,2000,-20.1,0.0,0.0,0.0,Winter,No Holiday,Yes,13884
12/02/2018,109,6,-9.5,36,1.5,2000,-21.8,0.0,0.0,0.0,Winter,No Holiday,Yes,15397
23/07/2018,238,3,29.6,50,2.1,1970,18.0,0.0,0.0,0.0,Summer,No Holiday,Yes,13864
15/07/2018,1247,17,32.7,52,3.0,1872,21.5,1.96,0.0,0.0,Summer,No Holiday,Yes,17817
15/01/2018,555,18,5.2,44,1.3,647,-6.0,0.0,0.0,0.0,Winter,No Holiday,Yes,11965
28/06/2018,1030,14,27.1,72,3.0,1126,21.6,0.91,0.0,0.0,Summer,No Holiday,Yes,17500
26/08/2018,426,3,21.6,85,0.1,1982,18.9,0.0,0.0,0.0,Summer,No Holiday,Yes,15147
12/10/2018,2618,18,14.3,46,1.3,2000,2.8,0.16,0.0,0.0,Autumn,No Holiday,Yes,11857
25/12/2017,181,20,-2.1,49,1.7,2000,-11.4,0.0,0.0,0.0,Winter,Holiday,Yes,16026
01/11/2018,1115,22,8.3,61,0.2,1809,1.2,0.0,0.0,0.0,Autumn,No Holiday,Yes,13099
25/12/2017,100,3,-2.3,52,3.4,1947,-10.8,0.0,0.0,0.0,Winter,Holiday,Yes,14090
15/03/2018,567,21,10.4,96,2.7,499,9.7,0.0,0.0,0.0,Spring,No Holiday,Yes,18201
08/11/2018,26,23,11.5,96,3.0,691,10.8,0.0,0.0,0.0,Autumn,No Holiday,Yes,15752
16/10/2018,950,23,12.9,78,0.6,1201,9.1,0.0,0.0,0.0,Autumn,No Holiday,Yes,17417
19/06/2018,527,2,20.2,71,1.2,1414,14.7,0.0,0.0,0.0,Summer,No Holiday,Yes,15439
04/05/2018,935,23,12.4,58,2.5,1843,4.3,0.0,0.0,0.0,Spring,No Holiday,Yes,16487
15/07/2018,632,2,25.1,85,1.1,1379,22.3,0.0,0.0,0.0,Summer,No Holiday,Yes,12484
04/04/2018,15,2,14.5,97,2.2,179,14.0,0.0,3.5,0.0,Spring,No Holiday,Yes,16806
03/07/2018,233,3,22.8,98,0.0,1734,22.4,0.0,0.0,0.0,Summer,No Holiday,Yes,12075
31/01/2018,144,11,-1.5,46,2.5,1906,-11.6,0.56,0.0,3.0,Winter,No Holiday,Yes,16404
15/11/2018,782,10,8.6,57,0.6,1102,0.5,0.77,0.0,0.0,Autumn,No Holiday,Yes,16306
26/10/2018,1003,20,12.2,67,5.4,1956,6.2,0.0,0.0,0.0,Autumn,No Holiday,Yes,12329
23/06/2018,1445,14,28.0,46,3.6,1401,15.2,2.88,0.0,0.0,Summer,No Holiday,Yes,17251
24/02/2018,379,18,3.5,30,2.9,1726,-12.4,0.31,0.0,0.0,Winter,No Holiday,Yes,11948
12/03/2018,801,20,9.4,50,2.1,391,-0.5,0.0,0.0,0.0,Spring,No Holiday,Yes,12529
22/10/2018,110,4,10.0,62,0.6,1759,3.0,0.0,0.0,0.0,Autumn,No Holiday,Yes,17782
07/07/2018,273,5,19.8,63,1.4,2000,12.5,0.0,0.0,0.0,Summer,No Holiday,Yes,12957
20/03/2018,516,13,8.0,37,3.4,2000,-5.8,1.96,0.0,0.0,Spring,No Holiday,Yes,14802
25/05/2018,610,1,16.9,61,1.0,844,9.3,0.0,0.0,0.0,Spring,No Holiday,Yes,16862
22/02/2018,730,18,3.9,56,4.0,1004,-4.0,0.18,0.0,0.0,Winter,No Holiday,Yes,17379
19/11/2018,968,16,9.7,43,2.7,1012,-2.2,0.37,0.0,0.0,Autumn,No Holiday,Yes,16617
15/11/2018,1061,22,8.7,53,0.4,764,-0.3,0.0,0.0,0.0,Autumn,No Holiday,Yes,18117
20/10/2018,1707,18,16.6,41,2.4,1811,3.2,0.04,0.0,0.0,Autumn,No Holiday,Yes,11653
28/05/2018,2252,20,23.0,49,2.4,1905,11.7,0.07,0.0,0.0,Spring,No Holiday,Yes,12120
21/07/2018,883,16,36.8,30,2.8,1756,16.3,2.41,0.0,0.0,Summer,No Holiday,Yes,13059
09/06/2018,2355,17,28.2,39,2.9,1653,12.9,0.7,0.0,0.0,Summer,No Holiday,Yes,11634
29/07/2018,403,3,27.4,73,0.6,1893,22.1,0.0,0.0,0.0,Summer,No Holiday,Yes,18702
26/07/2018,1823,8,28.3,72,0.8,1165,22.7,0.34,0.0,0.0,Summer,No Holiday,Yes,12867
13/11/2018,2159,18,11.3,42,1.2,1846,-1.1,0.01,0.0,0.0,Autumn,No Holiday,Yes,17813
24/09/2018,754,12,20.3,34,2.6,2000,3.9,2.85,0.0,0.0,Autumn,Holiday,Yes,10655
21/05/2018,113,4,12.4,0,0.8,2000,-3.4,0.0,0.0,0.0,Spring,No Holiday,Yes,12627
09/07/2018,670,8,20.7,73,0.8,2000,15.6,0.3,0.2,0.0,Summer,No Holiday,Yes,16272
07/02/2018,228,13,-4.5,23,2.6,1937,-22.5,2.12,0.0,0.0,Winter,No Holiday,Yes,17315
15/12/2017,279,11,-2.9,46,1.0,809,-12.9,0.42,0.0,0.0,Winter,No Holiday,Yes,15350
19/09/2018,0,16,25.6,41,1.2,1594,11.3,0.65,0.0,0.0,Autumn,No Holiday,No,15434
18/01/2018,50,4,3.3,80,2.1,232,0.1,0.0,0.0,0.0,Winter,No Holiday,Yes,12046
08/07/2018,1237,12,25.0,46,1.9,1943,12.5,2.93,0.0,0.0,Summer,No Holiday,Yes,13159
01/03/2018,33,6,3.0,96,2.7,303,2.4,0.0,0.4,0.0,Spring,Holiday,Yes,14140
08/01/2018,318,15,3.9,33,1.8,1293,-10.9,0.39,0.0,0.0,Winter,No Holiday,Yes,14944
18/01/2018,95,3,3.6,74,1.7,273,-0.6,0.0,0.0,0.0,Winter,No Holiday,Yes,14922
19/07/2018,1068,0,25.9,76,1.3,984,21.3,0.0,0.0,0.0,Summer,No Holiday,Yes,16241
25/11/2018,420,0,2.7,86,1.2,422,0.5,0.0,0.0,3.0,Autumn,No Holiday,Yes,10894
26/07/2018,252,4,27.7,75,1.0,1360,22.8,0.0,0.0,0.0,Summer,No Holiday,Yes,17714
13/12/2017,271,22,-8.9,39,0.1,2000,-20.3,0.0,0.0,0.0,Winter,No Holiday,Yes,14473
14/09/2018,936,10,23.3,65,1.4,1996,16.3,0.76,0.0,0.0,Autumn,No Holiday,Yes,13060
09/06/2018,535,3,19.1,84,0.6,421,16.3,0.0,0.0,0.0,Summer,No Holiday,Yes,11204
01/04/2018,1409,16,18.2,69,3.2,625,12.4,0.87,0.0,0.0,Spring,No Holiday,Yes,13248
30/03/2018,184,3,10.3,68,0.7,887,4.6,0.0,0.0,0.0,Spring,No Holiday,Yes,14093
15/04/2018,513,9,8.6,66,1.7,881,2.5,1.16,0.0,0.0,Spring,No Holiday,Yes,11722
25/12/2017,169,23,-1.0,55,1.9,2000,-8.9,0.0,0.0,0.0,Winter,Holiday,Yes,17317
25/01/2018,71,6,-16.1,33,3.0,2000,-28.7,0.0,0.0,0.7,Winter,No Holiday,Yes,12743
09/12/2017,56,5,-4.7,49,0.8,1999,-13.8,0.0,0.0,0.0,Winter,No Holiday,Yes,14731
26/08/2018,1399,17,23.5,58,1.2,2000,14.7,0.52,0.0,0.0,Summer,No Holiday,Yes,14277
05/04/2018,79,23,7.1,96,1.3,1497,6.5,0.0,0.5,0.0,Spring,No Holiday,Yes,18172
02/04/2018,359,6,14.9,81,0.4,580,11.6,0.0,0.0,0.0,Spring,No Holiday,Yes,16578
25/11/2018,88,5,2.1,94,0.4,248,1.2,0.0,0.0,2.5,Autumn,No Holiday,Yes,17643
21/12/2017,49,5,-4.3,91,1.5,233,-5.5,0.0,0.0,2.2,Winter,No Holiday,Yes,14302
28/09/2018,0,4,14.7,62,1.5,2000,7.4,0.0,0.0,0.0,Autumn,No Holiday,No,18179
09/04/2018,644,11,7.5,54,0.9,1013,-1.2,2.49,0.0,0.0,Spring,No Holiday,Yes,12032
07/07/2018,1921,22,22.6,51,1.7,2000,11.9,0.0,0.0,0.0,Summer,No Holiday,Yes,10904
14/04/2018,253,2,13.5,27,1.6,2000,-5.1,0.0,0.0,0.0,Spring,No Holiday,Yes,15685
27/02/2018,342,11,4.8,41,0.8,792,-7.3,0.53,0.0,0.0,Winter,No Holiday,Yes,12891
09/11/2018,0,23,10.9,76,1.2,456,6.8,0.0,0.0,0.0,Autumn,No Holiday,No,17635
20/10/2018,891,0,11.3,71,1.2,1997,6.2,0.0,0.0,0.0,Autumn,No Holiday,Yes,15498
13/11/2018,890,12,12.8,45,1.8,1170,1.1,1.82,0.0,0.0,Autumn,No Holiday,Yes,12383
19/07/2018,393,3,24.4,85,0.6,678,21.7,0.0,0.0,0.0,Summer,No Holiday,Yes,15726
03/03/2018,1238,15,16.0,14,2.2,1828,-11.5,2.33,0.0,0.0,Spring,No Holiday,Yes,10186
06/09/2018,1525,17,26.6,63,3.0,2000,18.9,0.43,0.0,0.0,Autumn,No Holiday,Yes,14449
06/12/2017,78,3,-3.2,78,0.0,1808,-6.4,0.0,0.2,0.4,Winter,No Holiday,Yes,15029
14/08/2018,1306,17,34.7,51,3.0,2000,23.0,1.22,0.0,0.0,Summer,No Holiday,Yes,14813
05/09/2018,2312,8,21.2,69,1.9,2000,15.2,0.74,0.0,0.0,Autumn,No Holiday,Yes,16048
14/11/2018,892,11,12.1,49,0.8,1827,1.6,1.61,0.0,0.0,Autumn,No Holiday,Yes,17673
21/08/2018,1277,23,25.6,75,0.1,1892,20.8,0.0,0.0,0.0,Summer,No Holiday,Yes,15326
16/03/2018,715,13,10.4,38,2.4,1959,-3.3,2.99,0.0,0.0,Spring,No Holiday,Yes,18170
23/01/2018,55,3,-8.6,68,3.3,2000,-13.4,0.0,0.0,1.0,Winter,No Holiday,Yes,16218
25/12/2017,160,0,-0.6,64,2.4,1010,-6.5,0.0,0.0,0.0,Winter,Holiday,Yes,17129
27/04/2018,427,6,9.9,66,1.5,931,3.8,0.0,0.0,0.0,Spring,No Holiday,Yes,14804
07/02/2018,83,2,-12.5,50,1.0,1722,-20.8,0.0,0.0,0.0,Winter,No Holiday,Yes,15574
02/11/2018,1251,15,18.6,31,1.4,1575,1.1,1.63,0.0,0.0,Autumn,No Holiday,Yes,10647
03/03/2018,71,6,0.5,42,0.9,1543,-10.9,0.0,0.0,0.0,Spring,No Holiday,Yes,17014
19/03/2018,91,6,6.5,88,1.2,417,4.6,0.0,0.2,0.0,Spring,No Holiday,Yes,11797
24/11/2018,151,4,3.0,26,1.6,2000,-14.6,0.0,0.0,0.0,Autumn,No Holiday,Yes,17157
11/06/2018,1491,18,19.8,80,3.9,2000,16.2,0.12,0.0,0.0,Summer,No Holiday,Yes,10536
13/06/2018,1088,1,18.9,77,0.7,1987,14.7,0.0,0.0,0.0,Summer,No Holiday,Yes,10574
16/12/2017,143,20,-6.6,37,3.4,2000,-18.9,0.0,0.0,0.0,Winter,No Holiday,Yes,17507
28/08/2018,670,10,25.4,75,0.7,1995,20.6,0.96,0.0,0.0,Summer,No Holiday,Yes,17350
07/09/2018,185,4,20.8,66,1.5,1719,14.2,0.0,0.0,0.0,Autumn,No Holiday,Yes,18535
26/05/2018,1985,19,24.9,46,3.1,1341,12.4,0.43,0.0,0.0,Spring,No Holiday,Yes,11745
06/05/2018,181,1,18.2,71,1.6,1328,12.8,0.0,0.0,0.0,Spring,No Holiday,Yes,15816
03/08/2018,1511,21,31.2,63,1.7,1537,23.3,0.0,0.0,0.0,Summer,No Holiday,Yes,14417
10/10/2018,90,3,14.3,95,1.0,967,13.5,0.0,2.5,0.0,Autumn,No Holiday,Yes,10669
14/04/2018,52,11,8.1,94,1.2,802,7.1,0.39,0.5,0.0,Spring,No Holiday,Yes,12101
01/08/2018,1441,20,34.5,62,2.8,1701,26.1,0.02,0.0,0.0,Summer,No Holiday,Yes,17022
16/09/2018,123,5,22.2,90,1.4,514,20.4,0.0,0.0,0.0,Autumn,No Holiday,Yes,10355
02/03/2018,388,12,1.8,26,2.2,1556,-15.7,2.61,0.0,0.0,Spring,No Holiday,Yes,12758
07/10/2018,1516,12,19.8,46,2.5,1837,7.8,2.3,0.0,0.0,Autumn,No Holiday,Yes,10854
03/11/2018,0,8,5.4,75,0.4,905,1.3,0.11,0.0,0.0,Autumn,No Holiday,No,17606
28/09/2018,0,6,14.4,61,1.2,2000,6.9,0.0,0.0,0.0,Autumn,No Holiday,No,11769
04/06/2018,1354,23,21.4,68,2.7,972,15.2,0.0,0.0,0.0,Summer,No Holiday,Yes,13346
27/12/2017,228,15,-3.1,16,2.2,2000,-25.4,0.9,0.0,0.0,Winter,No Holiday,Yes,11262
25/05/2018,1161,14,26.0,23,2.3,1923,3.2,2.92,0.0,0.0,Spring,No Holiday,Yes,13416
22/05/2018,18,23,16.3,96,1.1,198,15.6,0.0,2.5,0.0,Spring,Holiday,Yes,14431
07/05/2018,170,5,14.2,85,0.5,1412,11.7,0.0,0.0,0.0,Spring,No Holiday,Yes,12759
12/02/2018,253,21,-4.3,59,3.0,1239,-11.1,0.0,0.0,0.0,Winter,No Holiday,Yes,14914
21/11/2018,112,3,6.5,87,1.0,710,4.4,0.0,1.0,0.0,Autumn,No Holiday,Yes,16117
21/12/2017,248,21,-0.4,74,0.6,1065,-4.4,0.0,0.0,0.8,Winter,No Holiday,Yes,13450
14/11/2018,135,5,5.3,72,0.2,1278,0.6,0.0,0.0,0.0,Autumn,No Holiday,Yes,14048
22/11/2018,883,9,0.2,28,1.9,1932,-16.2,0.57,0.0,0.0,Autumn,No Holiday,Yes,15427
05/09/2018,1039,13,27.3,46,4.8,1983,14.6,2.92,0.0,0.0,Autumn,No Holiday,Yes,18042
08/10/2018,1358,14,20.2,24,1.5,2000,-1.0,1.8,0.0,0.0,Autumn,No Holiday,Yes,17058
08/12/2017,500,17,-2.4,30,2.7,2000,-17.6,0.18,0.0,0.0,Winter,No Holiday,Yes,17339
28/06/2018,266,5,22.1,93,0.4,333,20.9,0.0,0.0,0.0,Summer,No Holiday,Yes,18396
20/03/2018,297,0,6.3,42,3.3,2000,-5.6,0.0,0.0,0.0,Spring,No Holiday,Yes,13371
21/02/2018,162,1,-2.2,31,1.1,1970,-17.0,0.0,0.0,0.0,Winter,No Holiday,Yes,15676
10/12/2017,181,19,1.6,53,4.0,2000,-6.9,0.0,0.0,0.0,Winter,No Holiday,Yes,13678
10/05/2018,0,21,12.6,85,2.4,460,10.1,0.0,0.0,0.0,Spring,No Holiday,No,17117
25/11/2018,700,12,6.9,59,0.9,669,-0.5,1.31,0.0,2.2,Autumn,No Holiday,Yes,14618
16/04/2018,1145,15,18.4,25,2.0,1809,-2.0,2.8,0.0,0.0,Spring,No Holiday,Yes,17601
22/07/2018,1688,20,33.3,50,2.3,1706,21.4,0.1,0.0,0.0,Summer,No Holiday,Yes,10228
31/01/2018,34,5,-2.8,83,0.6,946,-5.2,0.0,0.0,3.5,Winter,No Holiday,Yes,11345
27/05/2018,1071,23,17.9,53,1.9,1774,8.1,0.0,0.0,0.0,Spring,No Holiday,Yes,16969
05/12/2017,216,0,-6.1,42,2.6,2000,-16.9,0.0,0.0,0.0,Winter,No Holiday,Yes,12089
16/10/2018,914,11,16.5,39,0.7,1351,2.4,1.68,0.0,0.0,Autumn,No Holiday,Yes,11480
26/09/2018,355,3,16.5,57,1.6,2000,7.9,0.0,0.0,0.0,Autumn,No Holiday,Yes,15450
29/03/2018,1260,19,17.5,61,2.2,758,9.8,0.11,0.0,0.0,Spring,No Holiday,Yes,15072
20/11/2018,790,14,12.3,16,2.5,1797,-12.8,1.69,0.0,0.0,Autumn,No Holiday,Yes,17745
04/09/2018,486,1,21.3,97,1.1,570,20.7,0.0,0.0,0.0,Autumn,No Holiday,Yes,17966
29/03/2018,466,0,13.4,77,1.5,537,9.4,0.0,0.0,0.0,Spring,No Holiday,Yes,15763
22/11/2018,332,6,-1.0,41,0.7,2000,-12.6,0.0,0.0,0.0,Autumn,No Holiday,Yes,13753
27/07/2018,1565,20,30.7,73,2.8,1310,25.2,0.04,0.0,0.0,Summer,No Holiday,Yes,14266
16/01/2018,318,7,1.1,69,0.6,418,-3.9,0.0,0.0,0.0,Winter,No Holiday,Yes,12048
24/04/2018,68,2,10.1,83,1.4,2000,7.3,0.0,0.1,0.0,Spring,No Holiday,Yes,15245
13/05/2018,141,3,14.2,98,1.5,135,13.8,0.0,0.2,0.0,Spring,No Holiday,Yes,10922
22/05/2018,2000,13,22.7,52,1.0,1399,12.3,0.94,0.0,0.0,Spring,Holiday,Yes,13506
03/05/2018,1663,19,13.3,49,3.6,1919,2.7,0.45,0.0,0.0,Spring,No Holiday,Yes,12857
02/06/2018,475,3,18.9,63,1.5,1007,11.6,0.0,0.0,0.0,Summer,No Holiday,Yes,18268
20/09/2018,89,9,18.2,93,1.4,572,17.0,0.18,1.0,0.0,Autumn,No Holiday,Yes,18430
09/01/2018,107,1,-1.9,69,5.0,791,-6.8,0.0,0.0,1.0,Winter,No Holiday,Yes,15249
18/07/2018,780,12,31.2,51,2.0,1101,19.8,2.96,0.0,0.0,Summer,No Holiday,Yes,10778
25/07/2018,2039,19,31.7,60,2.3,1492,22.9,0.23,0.0,0.0,Summer,No Holiday,Yes,10890
01/03/2018,28,4,1.6,97,1.1,636,1.1,0.0,0.0,0.0,Spring,Holiday,Yes,15304
01/12/2017,490,9,-6.5,27,0.5,1928,-22.4,0.23,0.0,0.0,Winter,No Holiday,Yes,10175
24/07/2018,1820,8,29.9,59,0.8,1727,21.0,1.03,0.0,0.0,Summer,No Holiday,Yes,12782
27/12/2017,315,19,-5.5,31,2.1,2000,-19.9,0.0,0.0,0.0,Winter,No Holiday,Yes,10211
31/05/2018,646,6,14.3,82,0.7,653,11.2,0.05,0.0,0.0,Spring,No Holiday,Yes,18747
15/09/2018,1474,14,25.7,67,1.2,2000,19.1,0.9,0.0,0.0,Autumn,No Holiday,Yes,11013
07/11/2018,1171,8,11.3,89,1.1,279,9.5,0.01,0.0,0.0,Autumn,No Holiday,Yes,17480
12/06/2018,1573,7,17.1,77,1.5,1748,13.0,0.49,0.0,0.0,Summer,No Holiday,Yes,13297
05/05/2018,1551,21,19.3,57,3.1,1924,10.5,0.0,0.0,0.0,Spring,No Holiday,Yes,12445
08/11/2018,136,6,10.6,90,1.6,1065,9.0,0.0,1.5,0.0,Autumn,No Holiday,Yes,13795
01/08/2018,475,14,38.7,38,2.4,1943,21.8,3.12,0.0,0.0,Summer,No Holiday,Yes,10566
29/03/2018,614,23,12.7,75,1.6,475,8.3,0.0,0.0,0.0,Spring,No Holiday,Yes,13577
18/01/2018,190,1,3.2,72,1.9,306,-1.3,0.0,0.0,0.0,Winter,No Holiday,Yes,10915
29/10/2018,117,4,5.6,66,0.7,2000,-0.2,0.0,0.0,0.0,Autumn,No Holiday,Yes,11485
11/08/2018,881,1,29.0,67,1.1,2000,22.2,0.0,0.0,0.0,Summer,No Holiday,Yes,11839
10/02/2018,151,19,-3.1,14,5.1,2000,-26.9,0.0,0.0,0.0,Winter,No Holiday,Yes,18232
26/02/2018,455,14,9.9,25,1.5,1401,-9.2,2.43,0.0,0.0,Winter,No Holiday,Yes,17732
24/02/2018,203,8,0.0,77,2.8,289,-3.5,0.06,0.0,0.0,Winter,No Holiday,Yes,16790
05/05/2018,1097,23,19.1,62,3.6,1757,11.6,0.0,0.0,0.0,Spring,No Holiday,Yes,17971
20/06/2018,1266,15,27.9,45,3.6,1558,14.8,3.04,0.0,0.0,Summer,No Holiday,Yes,10281
05/09/2018,493,2,20.6,72,0.9,2000,15.3,0.0,0.0,0.0,Autumn,No Holiday,Yes,15194
14/01/2018,81,8,-3.8,79,0.8,412,-6.9,0.0,0.0,0.0,Winter,No Holiday,Yes,13631
28/08/2018,64,22,22.9,97,1.3,2000,22.3,0.0,0.5,0.0,Summer,No Holiday,Yes,13900
14/08/2018,920,16,36.3,41,2.4,1957,20.9,1.85,0.0,0.0,Summer,No Holiday,Yes,11559
14/02/2018,241,10,5.2,65,3.9,1313,-0.8,0.56,0.0,0.0,Winter,No Holiday,Yes,16888
13/12/2017,109,6,-11.9,57,1.1,1974,-18.7,0.0,0.0,0.0,Winter,No Holiday,Yes,11605
13/01/2018,156,21,-4.1,79,0.7,522,-7.2,0.0,0.0,0.0,Winter,No Holiday,Yes,12514
24/10/2018,162,4,9.0,87,0.6,972,6.9,0.0,0.0,0.0,Autumn,No Holiday,Yes,10767
10/06/2018,138,5,18.4,70,1.4,2000,12.8,0.0,0.0,0.0,Summer,No Holiday,Yes,15446
07/09/2018,345,1,21.6,77,2.6,1777,17.3,0.0,0.0,0.0,Autumn,No Holiday,Yes,16623
05/07/2018,1406,23,23.9,66,1.5,2000,17.1,0.0,0.0,0.0,Summer,No Holiday,Yes,13860
21/08/2018,49,4,25.3,70,6.9,925,19.4,0.0,0.4,0.0,Summer,No Holiday,Yes,17583
31/07/2018,1097,23,31.0,65,0.5,2000,23.6,0.0,0.0,0.0,Summer,No Holiday,Yes,11671
29/04/2018,1060,11,19.6,28,2.0,1695,0.5,2.79,0.0,0.0,Spring,No Holiday,Yes,15174
26/08/2018,348,23,20.8,84,0.9,1078,17.9,0.0,0.5,0.0,Summer,No Holiday,Yes,13464
17/07/2018,763,13,31.1,53,3.2,1162,20.3,2.63,0.0,0.0,Summer,No Holiday,Yes,14576
11/06/2018,1107,11,23.2,52,1.4,2000,12.7,1.53,0.0,0.0,Summer,No Holiday,Yes,17632
13/03/2018,1224,19,14.1,77,2.0,1240,10.1,0.04,0.0,0.0,Spring,No Holiday,Yes,12667
03/08/2018,784,9,33.0,50,1.7,1722,21.1,1.49,0.0,0.0,Summer,No Holiday,Yes,11579
10/11/2018,877,20,11.3,74,1.2,350,6.8,0.0,0.0,0.0,Autumn,No Holiday,Yes,12898
09/04/2018,623,23,9.6,43,1.2,1333,-2.3,0.0,0.0,0.0,Spring,No Holiday,Yes,17576
14/09/2018,2253,8,21.4,70,1.5,1986,15.6,0.38,0.0,0.0,Autumn,No Holiday,Yes,15338
21/08/2018,1663,17,30.8,52,2.3,1953,19.8,1.49,0.0,0.0,Summer,No Holiday,Yes,14712
22/02/2018,308,11,2.7,44,0.9,1761,-8.3,1.45,0.0,0.0,Winter,No Holiday,Yes,15038
02/12/2017,359,20,4.6,51,1.2,1585,-4.6,0.0,0.0,0.0,Winter,No Holiday,Yes,16381
31/03/2018,972,20,14.0,45,1.6,1729,2.2,0.0,0.0,0.0,Spring,No Holiday,Yes,11939
28/12/2017,319,20,-0.3,62,1.3,1040,-6.7,0.0,0.0,0.0,Winter,No Holiday,Yes,18615
17/08/2018,844,11,28.8,33,2.2,1951,10.9,2.85,0.0,0.0,Summer,No Holiday,Yes,17137
16/10/2018,2716,18,16.9,47,1.4,1637,5.5,0.11,0.0,0.0,Autumn,No Holiday,Yes,12138
09/11/2018,0,14,15.0,49,2.8,518,4.3,1.53,0.0,0.0,Autumn,No Holiday,No,12165
01/08/2018,1929,18,37.8,47,3.8,1931,24.5,1.09,0.0,0.0,Summer,No Holiday,Yes,17147
18/06/2018,383,5,20.0,80,0.3,824,16.4,0.0,0.0,0.0,Summer,No Holiday,Yes,11740
09/07/2018,104,17,20.3,93,1.4,1684,19.1,0.32,1.0,0.0,Summer,No Holiday,Yes,18602
29/07/2018,636,1,28.0,71,0.6,1799,22.2,0.0,0.0,0.0,Summer,No Holiday,Yes,12440
11/10/2018,541,1,7.3,59,0.1,2000,-0.1,0.0,0.0,0.0,Autumn,No Holiday,Yes,12382
30/04/2018,1711,21,19.1,73,1.2,413,14.1,0.0,0.0,0.0,Spring,No Holiday,Yes,18115
14/11/2018,757,23,8.4,65,0.8,1216,2.1,0.0,0.0,0.0,Autumn,No Holiday,Yes,11240
03/02/2018,210,15,-4.5,31,4.3,1979,-19.1,1.91,0.0,0.0,Winter,No Holiday,Yes,14868
02/03/2018,65,5,-6.1,49,1.0,1621,-15.1,0.0,0.0,0.0,Spring,No Holiday,Yes,16633
26/12/2017,220,21,-6.6,39,3.2,2000,-18.2,0.0,0.0,0.0,Winter,No Holiday,Yes,13465
03/02/2018,182,0,-2.5,69,2.2,1366,-7.4,0.0,0.0,0.0,Winter,No Holiday,Yes,13666
21/04/2018,307,3,14.2,62,1.4,583,7.0,0.0,0.0,0.0,Spring,No Holiday,Yes,15748
21/06/2018,709,6,19.5,80,1.6,709,15.9,0.04,0.0,0.0,Summer,No Holiday,Yes,13076
18/11/2018,443,1,3.2,54,1.2,1968,-5.2,0.0,0.0,0.0,Autumn,No Holiday,Yes,16856
09/03/2018,444,11,5.9,51,0.7,1866,-3.4,0.91,0.0,0.0,Spring,No Holiday,Yes,11718
31/08/2018,652,1,23.7,77,1.1,1099,19.4,0.0,0.0,0.0,Summer,No Holiday,Yes,12593
27/07/2018,507,14,34.1,57,1.8,667,24.3,1.13,0.0,0.0,Summer,No Holiday,Yes,17555
06/07/2018,2273,8,23.2,60,1.7,2000,14.9,0.58,0.0,0.0,Summer,No Holiday,Yes,10952
28/11/2018,846,21,4.2,31,1.1,1741,-11.4,0.0,0.0,0.0,Autumn,No Holiday,Yes,14076
16/05/2018,248,14,22.0,96,2.9,1327,21.3,0.39,0.0,0.0,Spring,No Holiday,Yes,14418
10/05/2018,0,15,20.4,51,4.0,946,9.9,2.87,0.0,0.0,Spring,No Holiday,No,12342
26/10/2018,327,3,12.8,57,0.5,1715,4.4,0.0,0.0,0.0,Autumn,No Holiday,Yes,13540
04/03/2018,157,9,8.8,97,1.3,196,8.3,0.2,0.2,0.0,Spring,No Holiday,Yes,17239
06/05/2018,7,6,15.1,97,0.3,225,14.6,0.0,3.0,0.0,Spring,No Holiday,Yes,12736
31/08/2018,436,6,22.9,83,0.0,1239,19.8,0.0,0.0,0.0,Summer,No Holiday,Yes,15377
22/09/2018,1409,13,24.9,32,3.9,2000,7.0,2.57,0.0,0.0,Autumn,No Holiday,Yes,13888
08/02/2018,270,13,0.3,30,1.4,1697,-15.2,2.11,0.0,0.0,Winter,No Holiday,Yes,18269
25/11/2018,570,20,5.5,77,0.7,490,1.7,0.0,0.0,0.4,Autumn,No Holiday,Yes,11134
30/01/2018,72,20,-1.5,91,1.7,270,-2.7,0.0,0.0,3.3,Winter,No Holiday,Yes,14104
21/01/2018,258,20,0.3,27,0.4,2000,-16.5,0.0,0.0,0.0,Winter,No Holiday,Yes,13296
29/06/2018,913,10,24.4,76,2.1,617,19.8,1.58,0.0,0.0,Summer,No Holiday,Yes,11541
14/09/2018,810,23,22.3,87,1.1,1810,20.0,0.0,0.5,0.0,Autumn,No Holiday,Yes,15036
17/04/2018,110,4,7.6,52,0.4,1935,-1.6,0.0,0.0,0.0,Spring,No Holiday,Yes,13810
06/01/2018,283,12,0.0,35,2.3,1672,-13.6,1.07,0.0,0.0,Winter,No Holiday,Yes,10014
06/05/2018,1737,17,20.2,62,1.1,2000,12.6,1.74,0.0,0.0,Spring,No Holiday,Yes,12761
15/02/2018,273,16,3.2,16,3.0,2000,-20.2,1.45,0.0,0.0,Winter,Holiday,Yes,15662
08/01/2018,149,0,0.9,42,1.1,1271,-10.5,0.0,0.0,0.0,Winter,No Holiday,Yes,15981
20/01/2018,232,22,1.5,48,2.4,422,-8.3,0.0,0.0,0.0,Winter,No Holiday,Yes,14536
08/04/2018,159,7,0.9,54,0.8,2000,-7.3,0.11,0.0,0.0,Spring,No Holiday,Yes,11132
31/08/2018,794,10,25.5,53,2.3,1843,15.2,1.81,0.0,0.0,Summer,No Holiday,Yes,10360
16/03/2018,660,22,4.9,46,0.8,2000,-5.7,0.0,0.0,0.0,Spring,No Holiday,Yes,10933
06/11/2018,0,2,9.7,78,0.0,619,6.0,0.0,0.0,0.0,Autumn,No Holiday,No,17862
31/07/2018,665,15,37.8,34,1.8,1965,19.2,2.81,0.0,0.0,Summer,No Holiday,Yes,16791
01/03/2018,212,21,-3.0,50,3.7,1301,-11.9,0.0,0.0,0.0,Spring,Holiday,Yes,18340
18/10/2018,1804,17,16.9,44,1.6,2000,4.5,0.44,0.0,0.0,Autumn,No Holiday,Yes,17493
26/10/2018,1228,19,12.9,66,2.5,1997,6.6,0.0,0.0,0.0,Autumn,No Holiday,Yes,15871
21/10/2018,172,6,7.6,75,0.6,1181,3.4,0.0,0.0,0.0,Autumn,No Holiday,Yes,17501
12/02/2018,236,7,-9.5,35,1.1,2000,-22.1,0.0,0.0,0.0,Winter,No Holiday,Yes,16481
20/06/2018,3384,18,27.0,55,3.1,1246,17.1,1.26,0.0,0.0,Summer,No Holiday,Yes,17312
10/03/2018,91,4,0.9,81,0.6,620,-1.9,0.0,0.0,0.0,Spring,No Holiday,Yes,10782
06/11/2018,0,0,10.0,73,0.5,700,5.3,0.0,0.0,0.0,Autumn,No Holiday,No,10226
06/09/2018,1438,7,20.9,83,0.4,1388,17.8,0.09,0.0,0.0,Autumn,No Holiday,Yes,14020
26/05/2018,1683,22,21.2,60,1.0,1192,13.1,0.0,0.0,0.0,Spring,No Holiday,Yes,17307
04/06/2018,299,5,19.2,56,0.9,1772,10.2,0.0,0.0,0.0,Summer,No Holiday,Yes,15015
04/06/2018,742,6,18.9,53,0.3,1871,9.1,0.04,0.0,0.0,Summer,No Holiday,Yes,13343
26/06/2018,26,14,21.0,97,0.7,381,20.4,0.26,2.5,0.0,Summer,No Holiday,Yes,18596
28/02/2018,8,20,2.7,96,1.5,1479,2.1,0.0,0.0,0.0,Winter,No Holiday,Yes,12119
26/07/2018,1868,21,30.0,74,2.7,1056,24.8,0.0,0.0,0.0,Summer,No Holiday,Yes,18083
29/09/2018,848,8,15.7,65,1.2,2000,9.1,0.54,0.0,0.0,Autumn,No Holiday,Yes,15339
09/07/2018,900,0,24.2,61,1.7,2000,16.1,0.0,0.0,0.0,Summer,No Holiday,Yes,13104
07/10/2018,372,3,15.5,88,1.7,1998,13.5,0.0,0.0,0.0,Autumn,No Holiday,Yes,11477
19/05/2018,2355,17,24.5,35,1.8,1927,8.0,1.93,0.0,0.0,Spring,No Holiday,Yes,15880
07/06/2018,914,10,22.0,69,2.0,488,16.0,2.04,0.0,0.0,Summer,No Holiday,Yes,14626
09/11/2018,0,1,11.4,89,2.6,1376,9.6,0.0,0.0,0.0,Autumn,No Holiday,No,14410
16/01/2018,342,21,4.3,56,0.7,434,-3.7,0.0,0.0,0.0,Winter,No Holiday,Yes,11723
09/10/2018,0,20,17.0,49,1.4,2000,6.1,0.0,0.0,0.0,Autumn,Holiday,No,14579
29/01/2018,282,19,-7.1,40,3.2,2000,-18.4,0.0,0.0,0.0,Winter,No Holiday,Yes,14996
10/12/2017,148,23,-1.4,43,4.3,2000,-12.3,0.0,0.0,0.0,Winter,No Holiday,Yes,11845
24/09/2018,296,8,15.4,52,2.2,1985,5.5,0.49,0.0,0.0,Autumn,Holiday,Yes,18086
18/07/2018,1354,23,26.4,76,0.6,959,21.8,0.0,0.0,0.0,Summer,No Holiday,Yes,16259
02/01/2018,41,3,-2.5,62,0.4,1626,-8.7,0.0,0.0,0.0,Winter,No Holiday,Yes,16955
28/10/2018,670,21,7.6,75,1.1,2000,3.4,0.0,0.0,0.0,Autumn,No Holiday,Yes,17511
15/06/2018,1004,10,22.0,56,1.5,1989,12.8,1.91,0.0,0.0,Summer,No Holiday,Yes,15607
14/01/2018,49,6,-4.3,79,1.1,433,-7.4,0.0,0.0,0.0,Winter,No Holiday,Yes,14719
26/02/2018,161,6,-2.7,72,0.5,1253,-7.0,0.0,0.0,0.0,Winter,No Holiday,Yes,13415
12/10/2018,412,6,5.8,67,1.1,2000,0.1,0.0,0.0,0.0,Autumn,No Holiday,Yes,10029
13/12/2017,183,1,-10.2,52,1.6,1997,-18.2,0.0,0.0,0.0,Winter,No Holiday,Yes,17372
28/10/2018,624,20,8.2,82,2.8,2000,5.3,0.0,0.0,0.0,Autumn,No Holiday,Yes,15908
10/07/2018,1209,7,21.1,95,0.4,2000,20.2,0.14,0.0,0.0,Summer,No Holiday,Yes,16866
05/10/2018,531,6,17.7,55,1.5,2000,8.5,0.0,0.0,0.0,Autumn,No Holiday,Yes,12586
18/02/2018,156,10,-1.8,23,0.6,2000,-20.2,0.8,0.0,0.0,Winter,No Holiday,Yes,11456
08/11/2018,122,2,11.8,84,1.6,1874,9.1,0.0,0.0,0.0,Autumn,No Holiday,Yes,17143
30/11/2018,642,11,5.3,43,1.8,1177,-6.2,1.38,0.0,0.0,Autumn,No Holiday,Yes,12417
31/03/2018,824,11,16.7,45,1.9,1054,4.6,2.07,0.0,0.0,Spring,No Holiday,Yes,18534
16/07/2018,688,11,31.5,51,2.1,1498,20.1,2.83,0.0,0.0,Summer,No Holiday,Yes,15349
02/02/2018,379,19,-0.5,43,2.5,1666,-11.5,0.0,0.0,0.0,Winter,No Holiday,Yes,10755
13/03/2018,626,12,15.5,47,3.3,1303,4.2,2.44,0.0,0.0,Spring,No Holiday,Yes,15030
25/04/2018,148,5,6.0,63,0.5,1984,-0.5,0.0,0.0,0.0,Spring,No Holiday,Yes,17618
03/12/2017,273,11,5.1,87,1.4,321,3.1,0.25,0.0,0.0,Winter,No Holiday,Yes,16726
29/11/2018,652,15,6.5,32,2.6,1321,-9.0,0.35,0.0,0.0,Autumn,No Holiday,Yes,17390
16/08/2018,808,0,28.4,68,0.9,2000,21.9,0.0,0.0,0.0,Summer,No Holiday,Yes,13158
09/10/2018,0,17,18.4,39,2.1,2000,4.1,0.45,0.0,0.0,Autumn,Holiday,No,13721
24/03/2018,456,9,6.5,40,2.5,588,-6.1,0.69,0.0,0.0,Spring,No Holiday,Yes,15483
22/04/2018,63,18,16.1,73,1.3,1298,11.2,0.11,0.5,0.0,Spring,No Holiday,Yes,13231
11/10/2018,1389,20,10.2,46,0.2,2000,-0.9,0.0,0.0,0.0,Autumn,No Holiday,Yes,16846
29/12/2017,292,20,1.7,73,0.5,332,-2.6,0.0,0.0,0.0,Winter,No Holiday,Yes,18286
30/06/2018,310,6,22.1,85,0.5,303,19.4,0.01,0.1,0.0,Summer,No Holiday,Yes,14564
23/09/2018,202,4,16.2,69,0.7,2000,10.4,0.0,0.0,0.0,Autumn,Holiday,Yes,15772
17/07/2018,803,12,30.8,57,2.3,940,21.2,2.52,0.0,0.0,Summer,No Holiday,Yes,11620
11/11/2018,660,17,8.9,57,3.0,1149,0.8,0.03,0.0,0.0,Autumn,No Holiday,Yes,15595
27/08/2018,27,4,20.5,97,0.1,257,20.0,0.0,3.5,0.0,Summer,No Holiday,Yes,16378
11/10/2018,1054,15,13.0,39,3.7,2000,-0.6,1.09,0.0,0.0,Autumn,No Holiday,Yes,16187
28/12/2017,285,22,0.0,63,1.3,968,-6.2,0.0,0.0,0.0,Winter,No Holiday,Yes,15514
21/09/2018,1288,15,21.8,76,1.4,2000,17.3,1.2,0.0,0.0,Autumn,No Holiday,Yes,11186
23/11/2018,129,5,-2.4,37,0.5,2000,-15.1,0.0,0.0,0.0,Autumn,No Holiday,Yes,10693
20/10/2018,1249,21,13.3,55,2.0,1554,4.4,0.0,0.0,0.0,Autumn,No Holiday,Yes,16533
27/10/2018,1076,12,10.4,41,4.9,1966,-2.3,1.33,0.0,0.0,Autumn,No Holiday,Yes,18318
06/07/2018,723,6,22.4,65,1.6,2000,15.4,0.01,0.0,0.0,Summer,No Holiday,Yes,11635
27/01/2018,192,15,-3.7,26,2.2,1739,-20.4,1.04,0.0,0.0,Winter,No Holiday,Yes,13565
27/01/2018,125,11,-9.6,33,1.1,1748,-22.9,0.9,0.0,0.3,Winter,No Holiday,Yes,17081
15/01/2018,171,0,3.0,60,0.5,842,-4.0,0.0,0.0,0.0,Winter,No Holiday,Yes,17942
19/11/2018,133,3,4.8,65,0.8,1179,-1.2,0.0,0.0,0.0,Autumn,No Holiday,Yes,13049
07/08/2018,635,10,30.1,65,1.2,2000,22.7,1.11,0.0,0.0,Summer,No Holiday,Yes,13348
27/08/2018,1113,23,23.6,87,0.6,2000,21.3,0.0,0.0,0.0,Summer,No Holiday,Yes,15994
24/10/2018,1281,22,11.6,71,0.2,1858,6.5,0.0,0.0,0.0,Autumn,No Holiday,Yes,18551
26/04/2018,1197,12,19.6,36,2.2,962,4.1,2.55,0.0,0.0,Spring,No Holiday,Yes,17883
31/10/2018,1907,8,3.7,67,1.8,1987,-1.8,0.15,0.0,0.0,Autumn,No Holiday,Yes,12934
04/09/2018,940,11,24.5,64,2.7,2000,17.2,2.7,0.0,0.0,Autumn,No Holiday,Yes,13901
02/04/2018,1503,21,17.9,64,2.1,1652,10.9,0.0,0.0,0.0,Spring,No Holiday,Yes,15544
02/12/2017,589,15,7.6,41,2.3,1953,-4.8,0.74,0.0,0.0,Winter,No Holiday,Yes,15277
31/12/2017,142,11,0.8,62,2.8,801,-5.6,0.88,0.0,1.1,Winter,Holiday,Yes,11850
07/05/2018,2213,16,24.5,38,2.2,1903,9.2,1.1,0.0,0.0,Spring,No Holiday,Yes,16474
03/06/2018,423,7,18.0,54,0.7,1997,8.5,0.51,0.0,0.0,Summer,No Holiday,Yes,17432
14/07/2018,356,6,24.6,86,0.4,1119,22.0,0.02,0.0,0.0,Summer,No Holiday,Yes,11654
08/10/2018,503,6,9.5,68,0.9,2000,3.8,0.0,0.0,0.0,Autumn,No Holiday,Yes,12376
01/06/2018,2123,17,29.2,35,4.3,1967,12.1,1.87,0.0,0.0,Summer,No Holiday,Yes,13544
10/12/2017,71,4,0.4,52,1.6,1816,-8.3,0.0,0.0,0.0,Winter,No Holiday,Yes,17037
12/04/2018,1241,21,13.4,15,2.7,2000,-12.7,0.0,0.0,0.0,Spring,No Holiday,Yes,13925
15/08/2018,1350,22,28.6,67,1.0,2000,21.8,0.0,0.0,0.0,Summer,Holiday,Yes,11192
01/08/2018,561,16,39.4,39,2.5,1897,22.8,2.42,0.0,0.0,Summer,No Holiday,Yes,14324
25/03/2018,1031,16,16.5,39,3.1,366,2.4,1.91,0.0,0.0,Spring,No Holiday,Yes,17658
02/07/2018,168,23,23.4,98,0.3,662,23.0,0.0,0.5,0.0,Summer,No Holiday,Yes,14820
07/03/2018,646,16,10.4,36,3.2,1963,-4.0,1.02,0.0,0.0,Spring,No Holiday,Yes,14571
29/06/2018,1195,9,22.9,86,1.7,538,20.4,0.76,0.0,0.0,Summer,No Holiday,Yes,13947
10/04/2018,913,14,21.2,35,7.4,1992,5.1,1.8,0.0,0.0,Spring,No Holiday,Yes,13530
19/04/2018,153,5,7.9,59,1.4,1005,0.3,0.0,0.0,0.0,Spring,No Holiday,Yes,17718
19/03/2018,38,1,6.7,84,0.8,320,4.1,0.0,0.0,0.0,Spring,No Holiday,Yes,13562
26/08/2018,725,9,24.2,64,1.2,1985,16.9,1.48,0.0,0.0,Summer,No Holiday,Yes,17860
14/01/2018,144,23,2.7,60,0.6,794,-4.3,0.0,0.0,0.0,Winter,No Holiday,Yes,17628
02/08/2018,1006,7,30.5,53,1.1,2000,19.8,0.22,0.0,0.0,Summer,No Holiday,Yes,16671
20/05/2018,2310,17,22.4,23,2.4,2000,0.2,1.89,0.0,0.0,Spring,No Holiday,Yes,17880
23/11/2018,548,23,2.1,32,1.5,1998,-12.9,0.0,0.0,0.0,Autumn,No Holiday,Yes,10757
14/08/2018,627,14,36.2,41,2.9,1814,20.8,2.68,0.0,0.0,Summer,No Holiday,Yes,13847
22/02/2018,348,20,3.0,62,2.4,975,-3.5,0.0,0.0,0.0,Winter,No Holiday,Yes,11975
28/06/2018,1246,9,24.8,75,1.1,1418,20.0,0.63,0.0,0.0,Summer,No Holiday,Yes,13743
14/11/2018,2200,18,12.2,47,2.6,1427,1.2,0.01,0.0,0.0,Autumn,No Holiday,Yes,11617
05/07/2018,438,6,23.5,80,0.3,768,19.8,0.0,0.0,0.0,Summer,No Holiday,Yes,15869
18/06/2018,547,1,21.0,74,0.5,990,16.1,0.0,0.0,0.0,Summer,No Holiday,Yes,15040
22/04/2018,46,17,17.9,65,1.2,965,11.2,0.13,1.0,0.0,Spring,No Holiday,Yes,16689
12/03/2018,95,2,2.7,46,0.4,1363,-7.7,0.0,0.0,0.0,Spring,No Holiday,Yes,15295
02/07/2018,218,12,22.4,97,1.0,945,21.8,0.46,0.0,0.0,Summer,No Holiday,Yes,17911
26/06/2018,9,10,20.3,97,1.0,103,19.8,0.12,9.5,0.0,Summer,No Holiday,Yes,15493
09/07/2018,140,18,20.3,93,1.3,1832,19.1,0.22,0.5,0.0,Summer,No Holiday,Yes,18583
13/09/2018,437,2,21.2,66,0.8,2000,14.5,0.0,0.0,0.0,Autumn,No Holiday,Yes,10747
01/12/2017,204,1,-5.5,38,0.8,2000,-17.6,0.0,0.0,0.0,Winter,No Holiday,Yes,17108
22/01/2018,316,7,-0.4,34,1.0,1989,-14.3,0.0,0.0,0.0,Winter,No Holiday,Yes,10936
20/12/2017,237,17,-0.9,70,1.1,299,-5.6,0.02,0.0,2.2,Winter,No Holiday,Yes,17441
08/02/2018,136,0,-8.2,50,1.1,1850,-16.8,0.0,0.0,0.0,Winter,No Holiday,Yes,13372
22/03/2018,428,23,3.4,69,1.1,895,-1.7,0.0,0.0,0.0,Spring,No Holiday,Yes,15045
04/04/2018,744,11,12.8,65,2.0,2000,6.3,1.76,0.0,0.0,Spring,No Holiday,Yes,18644
16/04/2018,126,2,7.1,64,0.9,1756,0.7,0.0,0.0,0.0,Spring,No Holiday,Yes,10558
25/12/2017,107,9,-4.6,40,3.5,2000,-16.1,0.18,0.0,0.0,Winter,Holiday,Yes,18405
23/10/2018,170,4,10.0,73,0.9,622,5.3,0.0,0.0,0.0,Autumn,No Holiday,Yes,13825
31/01/2018,47,3,-2.2,83,1.0,977,-4.7,0.0,0.0,3.5,Winter,No Holiday,Yes,15556
07/12/2017,259,23,-3.2,50,2.1,1887,-12.1,0.0,0.0,0.0,Winter,No Holiday,Yes,18361
31/07/2018,1184,17,38.0,36,1.3,1989,20.3,2.03,0.0,0.0,Summer,No Holiday,Yes,17017
29/09/2018,2254,16,26.6,34,1.3,2000,9.4,1.69,0.0,0.0,Autumn,No Holiday,Yes,11022
10/08/2018,708,1,26.9,84,0.2,1061,23.9,0.0,0.0,0.0,Summer,No Holiday,Yes,11748
09/08/2018,189,4,28.1,81,1.5,1729,24.5,0.0,0.0,0.0,Summer,No Holiday,Yes,15539
30/01/2018,59,19,-1.7,91,1.1,167,-2.9,0.0,0.0,3.0,Winter,No Holiday,Yes,13889
11/02/2018,127,20,-5.7,67,2.6,2000,-10.8,0.0,0.0,0.0,Winter,No Holiday,Yes,12096
25/07/2018,1171,7,28.3,72,2.0,1200,22.7,0.1,0.0,0.0,Summer,No Holiday,Yes,16669
17/08/2018,1787,22,26.0,45,1.7,2000,13.1,0.0,0.0,0.0,Summer,No Holiday,Yes,14425
24/03/2018,198,7,4.0,54,0.9,587,-4.4,0.01,0.0,0.0,Spring,No Holiday,Yes,10740
19/12/2017,213,22,-5.5,56,1.5,2000,-12.9,0.0,0.0,2.0,Winter,No Holiday,Yes,14019
04/11/2018,912,22,11.2,67,1.3,940,5.2,0.0,0.0,0.0,Autumn,No Holiday,Yes,18123
09/03/2018,535,20,4.3,67,1.1,1125,-1.2,0.0,0.0,0.0,Spring,No Holiday,Yes,16995
28/03/2018,723,9,12.4,66,1.0,546,6.2,0.91,0.0,0.0,Spring,No Holiday,Yes,17871
19/03/2018,818,19,8.4,51,3.3,1977,-1.1,0.01,0.0,0.0,Spring,No Holiday,Yes,12108
18/05/2018,48,2,18.8,98,1.5,237,18.4,0.0,0.5,0.0,Spring,No Holiday,Yes,13324
15/04/2018,62,15,13.1,54,4.1,1264,3.9,1.98,0.0,0.0,Spring,No Holiday,Yes,10332
23/12/2017,230,3,5.4,77,1.6,583,1.6,0.0,0.0,0.0,Winter,No Holiday,Yes,16124
17/10/2018,1175,15,18.3,21,2.7,2000,-4.4,2.02,0.0,0.0,Autumn,No Holiday,Yes,17776
17/03/2018,688,20,7.9,54,2.3,1005,-0.8,0.0,0.0,0.0,Spring,No Holiday,Yes,18663
17/10/2018,842,10,14.0,58,1.6,841,5.8,1.53,0.0,0.0,Autumn,No Holiday,Yes,11877
06/07/2018,1346,15,26.9,51,2.0,2000,15.9,1.95,0.0,0.0,Summer,No Holiday,Yes,16983
15/12/2017,69,4,-7.1,59,0.8,1058,-13.7,0.0,0.0,0.0,Winter,No Holiday,Yes,15301
30/11/2018,809,9,-0.4,57,0.6,1270,-7.8,0.45,0.0,0.0,Autumn,No Holiday,Yes,17140
02/06/2018,1334,13,29.6,24,2.4,1873,6.8,3.42,0.0,0.0,Summer,No Holiday,Yes,16626
09/05/2018,552,0,11.6,57,1.9,2000,3.3,0.0,0.0,0.0,Spring,No Holiday,Yes,15660
24/04/2018,814,9,12.0,71,1.4,2000,6.8,0.92,0.0,0.0,Spring,No Holiday,Yes,14499
23/10/2018,356,2,10.6,68,0.9,603,4.9,0.0,0.0,0.0,Autumn,No Holiday,Yes,11498
25/03/2018,336,23,8.0,82,1.3,196,5.1,0.0,0.0,0.0,Spring,No Holiday,Yes,13605
27/08/2018,75,9,21.5,97,0.9,1543,20.9,0.19,0.5,0.0,Summer,No Holiday,Yes,11332
27/11/2018,408,1,4.5,82,0.4,350,1.6,0.0,0.0,0.0,Autumn,No Holiday,Yes,14439
16/01/2018,381,17,5.2,58,0.8,462,-2.4,0.08,0.0,0.0,Winter,No Holiday,Yes,16692
16/04/2018,922,9,10.1,42,0.8,1911,-2.2,1.57,0.0,0.0,Spring,No Holiday,Yes,16771
06/01/2018,373,15,2.3,27,2.2,1877,-14.8,0.92,0.0,0.0,Winter,No Holiday,Yes,13262
02/12/2017,479,12,4.3,41,1.3,1666,-7.8,1.09,0.0,0.0,Winter,No Holiday,Yes,14539
22/06/2018,1466,16,30.8,31,3.8,1246,11.7,2.17,0.0,0.0,Summer,No Holiday,Yes,14792
24/11/2018,298,14,3.0,82,1.7,1589,0.2,0.55,0.0,5.0,Autumn,No Holiday,Yes,11107
09/09/2018,928,10,22.9,45,1.5,2000,10.3,2.1,0.0,0.0,Autumn,No Holiday,Yes,11103
23/06/2018,2262,20,24.6,65,2.1,1018,17.5,0.1,0.0,0.0,Summer,No Holiday,Yes,12228
23/01/2018,96,0,-5.3,77,3.8,894,-8.7,0.0,0.0,1.0,Winter,No Holiday,Yes,14318
23/08/2018,1447,18,30.6,55,2.3,2000,20.5,0.11,0.0,0.0,Summer,No Holiday,Yes,10930
24/10/2018,2108,8,8.1,85,1.2,772,5.7,0.26,0.0,0.0,Autumn,No Holiday,Yes,16570
16/12/2017,155,22,-7.6,41,1.6,2000,-18.6,0.0,0.0,0.0,Winter,No Holiday,Yes,15430
26/01/2018,116,14,-12.1,27,2.5,1879,-27.3,1.25,0.0,0.4,Winter,No Holiday,Yes,15133
26/02/2018,483,20,4.3,32,1.7,1101,-10.9,0.0,0.0,0.0,Winter,No Holiday,Yes,13290
16/12/2017,228,2,-4.1,73,2.1,567,-8.2,0.0,0.0,0.0,Winter,No Holiday,Yes,16267
23/08/2018,168,4,29.3,54,1.0,2000,19.0,0.0,0.0,0.0,Summer,No Holiday,Yes,12129
25/09/2018,157,4,12.0,69,0.5,2000,6.4,0.0,0.0,0.0,Autumn,Holiday,Yes,12232
28/03/2018,1221,17,17.6,45,4.2,1947,5.5,0.7,0.0,0.0,Spring,No Holiday,Yes,15861
03/01/2018,342,9,-6.8,44,1.7,1858,-17.0,0.16,0.0,0.0,Winter,No Holiday,Yes,11106
29/04/2018,820,23,15.2,51,1.0,858,5.1,0.0,0.0,0.0,Spring,No Holiday,Yes,17587
22/08/2018,214,4,23.6,81,0.8,1943,20.1,0.0,0.0,0.0,Summer,No Holiday,Yes,10898
05/05/2018,1929,18,22.5,31,3.4,1953,4.5,0.79,0.0,0.0,Spring,No Holiday,Yes,18154
21/07/2018,347,4,25.6,77,1.2,1203,21.2,0.0,0.0,0.0,Summer,No Holiday,Yes,10605
30/09/2018,0,6,15.5,80,0.4,2000,12.0,0.0,0.0,0.0,Autumn,No Holiday,No,14156
09/09/2018,803,9,20.4,51,1.8,2000,9.9,1.43,0.0,0.0,Autumn,No Holiday,Yes,13840
08/03/2018,32,6,3.1,89,0.2,903,1.4,0.0,1.5,0.0,Spring,No Holiday,Yes,18691
16/07/2018,2368,19,31.2,52,2.4,1990,20.1,0.57,0.0,0.0,Summer,No Holiday,Yes,11919
16/09/2018,754,13,23.6,66,2.1,1689,16.8,0.87,0.0,0.0,Autumn,No Holiday,Yes,17440
17/05/2018,431,18,22.6,97,1.1,304,22.0,0.07,1.5,0.0,Spring,No Holiday,Yes,11623
21/06/2018,1066,11,25.5,57,1.8,943,16.3,3.01,0.0,0.0,Summer,No Holiday,Yes,11391
14/01/2018,59,7,-4.4,80,1.4,411,-7.3,0.0,0.0,0.0,Winter,No Holiday,Yes,11294
27/08/2018,325,0,20.5,85,1.0,2000,17.8,0.0,0.0,0.0,Summer,No Holiday,Yes,16237
19/01/2018,341,13,4.7,26,2.6,1370,-13.2,1.11,0.0,0.0,Winter,No Holiday,Yes,12167
11/09/2018,1192,12,24.5,40,1.3,1973,10.0,2.64,0.0,0.0,Autumn,No Holiday,Yes,17651
05/01/2018,118,2,-5.3,52,1.6,1481,-13.6,0.0,0.0,0.0,Winter,No Holiday,Yes,13559
03/03/2018,354,10,5.1,27,1.2,1563,-12.4,1.54,0.0,0.0,Spring,No Holiday,Yes,11884
10/12/2017,182,13,3.3,87,1.1,230,1.3,0.54,0.0,2.1,Winter,No Holiday,Yes,10606
13/11/2018,928,14,15.0,37,1.6,1703,0.4,1.82,0.0,0.0,Autumn,No Holiday,Yes,13731
05/01/2018,281,22,-3.8,53,1.3,1300,-12.0,0.0,0.0,0.0,Winter,No Holiday,Yes,13070
18/10/2018,1132,12,16.8,50,1.6,2000,6.3,1.94,0.0,0.0,Autumn,No Holiday,Yes,10304
02/11/2018,1106,22,10.0,56,2.0,1290,1.6,0.0,0.0,0.0,Autumn,No Holiday,Yes,12897
16/12/2017,66,6,-6.1,69,2.9,765,-10.8,0.0,0.0,0.0,Winter,No Holiday,Yes,12410
23/07/2018,174,4,29.3,51,0.9,1498,18.1,0.0,0.0,0.0,Summer,No Holiday,Yes,17747
01/11/2018,242,3,4.2,65,0.7,1962,-1.8,0.0,0.0,0.0,Autumn,No Holiday,Yes,17013
25/03/2018,90,4,5.3,82,1.0,200,2.4,0.0,0.0,0.0,Spring,No Holiday,Yes,11927
13/10/2018,209,6,6.6,80,1.0,1424,3.3,0.0,0.0,0.0,Autumn,No Holiday,Yes,10572
14/04/2018,39,4,10.3,72,1.0,2000,5.4,0.0,0.8,0.0,Spring,No Holiday,Yes,14552
08/10/2018,1196,23,13.5,55,0.5,2000,4.6,0.0,0.0,0.0,Autumn,No Holiday,Yes,12784
10/06/2018,1074,11,21.3,56,1.5,1989,12.1,1.18,0.0,0.0,Summer,No Holiday,Yes,14975
24/03/2018,947,16,12.3,61,3.4,359,4.9,1.82,0.0,0.0,Spring,No Holiday,Yes,13503
25/04/2018,444,1,8.4,58,1.1,2000,0.6,0.0,0.0,0.0,Spring,No Holiday,Yes,17077
19/11/2018,629,23,4.2,42,2.2,1360,-7.6,0.0,0.0,0.0,Autumn,No Holiday,Yes,15358
29/03/2018,781,15,20.8,42,3.1,576,7.4,2.1,0.0,0.0,Spring,No Holiday,Yes,11148
25/04/2018,938,11,17.5,25,1.3,1843,-2.7,2.74,0.0,0.0,Spring,No Holiday,Yes,15551
07/09/2018,259,2,21.3,76,2.2,1559,16.8,0.0,0.5,0.0,Autumn,No Holiday,Yes,15189
15/03/2018,32,9,14.1,98,1.1,253,13.7,0.06,17.0,0.0,Spring,No Holiday,Yes,11102
15/06/2018,1193,12,24.4,50,1.6,2000,13.2,3.07,0.0,0.0,Summer,No Holiday,Yes,13829
10/12/2017,180,15,6.7,63,4.5,715,0.1,0.35,0.0,1.0,Winter,No Holiday,Yes,12149
14/02/2018,218,22,0.3,33,4.0,1436,-14.1,0.0,0.0,0.0,Winter,No Holiday,Yes,15603
11/12/2017,174,23,-10.7,53,1.2,2000,-18.4,0.0,0.0,0.0,Winter,No Holiday,Yes,13604
18/09/2018,0,19,23.2,57,2.2,2000,14.2,0.03,0.0,0.0,Autumn,No Holiday,No,11305
04/02/2018,184,17,-5.9,27,3.6,1974,-21.9,0.81,0.0,0.0,Winter,No Holiday,Yes,16371
09/11/2018,0,11,13.3,59,4.1,1970,5.4,1.43,0.0,0.0,Autumn,No Holiday,No,14308
19/06/2018,746,6,19.1,75,0.4,1039,14.5,0.08,0.0,0.0,Summer,No Holiday,Yes,10421
02/06/2018,1396,14,29.8,23,3.6,1945,6.4,3.32,0.0,0.0,Summer,No Holiday,Yes,14478
23/06/2018,1402,23,22.5,77,2.7,396,18.2,0.0,0.0,0.0,Summer,No Holiday,Yes,12609
21/10/2018,1306,20,13.8,52,1.6,1341,4.0,0.0,0.0,0.0,Autumn,No Holiday,Yes,15573
03/01/2018,279,13,-2.2,31,2.3,1910,-17.0,1.13,0.0,0.0,Winter,No Holiday,Yes,17846
27/10/2018,233,4,8.8,61,2.8,2000,1.6,0.0,0.0,0.0,Autumn,No Holiday,Yes,16082
24/08/2018,455,16,24.6,85,2.7,1973,21.9,0.55,0.0,0.0,Summer,No Holiday,Yes,11095
04/09/2018,3166,18,26.8,53,2.6,2000,16.4,0.8,0.0,0.0,Autumn,No Holiday,Yes,18419
19/04/2018,206,3,8.6,53,1.5,1185,-0.4,0.0,0.0,0.0,Spring,No Holiday,Yes,16182
09/06/2018,246,20,23.7,62,1.6,1402,15.9,0.0,0.4,0.0,Summer,No Holiday,Yes,15649
23/07/2018,670,14,34.3,45,2.2,1967,20.6,1.64,0.0,0.0,Summer,No Holiday,Yes,14622
18/06/2018,164,4,20.2,78,0.7,884,16.2,0.0,0.0,0.0,Summer,No Holiday,Yes,15827
22/05/2018,30,18,17.9,93,1.2,258,16.7,0.13,2.0,0.0,Spring,Holiday,Yes,17057
16/03/2018,557,11,8.2,45,2.4,1992,-3.0,2.38,0.0,0.0,Spring,No Holiday,Yes,11340
24/04/2018,213,0,9.8,86,1.3,2000,7.5,0.0,0.0,0.0,Spring,No Holiday,Yes,18053
14/09/2018,775,1,21.6,75,1.1,1671,16.9,0.0,0.0,0.0,Autumn,No Holiday,Yes,18319
21/12/2017,423,8,-5.6,89,0.9,371,-7.1,0.0,0.0,2.2,Winter,No Holiday,Yes,17116
10/07/2018,1169,15,25.7,77,0.5,1875,21.3,0.48,0.0,0.0,Summer,No Holiday,Yes,10109
22/03/2018,621,22,3.9,66,2.7,990,-1.8,0.0,0.0,0.0,Spring,No Holiday,Yes,17423
16/07/2018,691,14,33.7,45,2.5,1843,20.1,3.23,0.0,0.0,Summer,No Holiday,Yes,14222
26/12/2017,72,3,-2.6,70,1.0,1992,-7.3,0.0,0.0,0.0,Winter,No Holiday,Yes,13788
09/02/2018,422,17,4.8,38,3.0,1582,-8.3,0.47,0.0,0.0,Winter,No Holiday,Yes,17922
15/07/2018,701,10,28.5,66,1.7,1319,21.5,1.83,0.0,0.0,Summer,No Holiday,Yes,14491
01/05/2018,1315,12,22.1,67,2.7,462,15.6,0.81,0.0,0.0,Spring,Holiday,Yes,13984
11/08/2018,263,5,26.9,69,0.7,2000,20.7,0.0,0.0,0.0,Summer,No Holiday,Yes,13611
08/01/2018,701,8,0.7,45,0.7,1339,-9.9,0.0,0.0,0.0,Winter,No Holiday,Yes,17454
10/05/2018,0,17,19.2,54,3.4,1075,9.6,1.83,0.0,0.0,Spring,No Holiday,No,13691
15/03/2018,27,10,14.2,98,1.2,299,13.8,0.14,0.0,0.0,Spring,No Holiday,Yes,13870
08/08/2018,1266,17,35.0,37,2.6,2000,18.1,1.72,0.0,0.0,Summer,No Holiday,Yes,11193
02/06/2018,2025,17,28.9,22,2.7,1965,5.0,1.93,0.0,0.0,Summer,No Holiday,Yes,16470
07/01/2018,214,11,0.5,35,1.4,1558,-13.2,0.75,0.0,0.0,Winter,No Holiday,Yes,17825
29/01/2018,231,7,-11.1,37,1.6,2000,-22.9,0.0,0.0,0.0,Winter,No Holiday,Yes,15028
18/12/2017,175,17,0.4,84,0.8,317,-1.9,0.15,0.0,2.7,Winter,No Holiday,Yes,11319
09/05/2018,1603,16,21.4,35,2.7,1838,5.2,2.38,0.0,0.0,Spring,No Holiday,Yes,14939
09/07/2018,554,1,23.7,64,0.8,2000,16.4,0.0,0.0,0.0,Summer,No Holiday,Yes,13556
17/09/2018,625,6,18.8,88,1.2,798,16.7,0.0,0.0,0.0,Autumn,No Holiday,Yes,15332
27/06/2018,1959,22,22.7,77,2.0,1099,18.4,0.0,0.0,0.0,Summer,No Holiday,Yes,14738
22/05/2018,1438,11,21.9,55,1.4,1820,12.4,1.87,0.0,0.0,Spring,Holiday,Yes,16009
27/12/2017,258,13,-4.7,18,3.7,2000,-25.4,1.16,0.0,0.0,Winter,No Holiday,Yes,16772
29/09/2018,2397,18,24.8,41,0.5,2000,10.6,0.33,0.0,0.0,Autumn,No Holiday,Yes,16832
07/01/2018,179,10,-1.8,40,1.8,1555,-13.6,0.48,0.0,0.0,Winter,No Holiday,Yes,17268
21/02/2018,59,3,-3.4,32,0.9,1977,-17.7,0.0,0.0,0.0,Winter,No Holiday,Yes,15099
16/05/2018,223,16,21.8,97,1.8,206,21.2,0.18,0.0,0.0,Spring,No Holiday,Yes,16576
24/10/2018,1165,7,7.8,90,0.6,763,6.2,0.0,0.0,0.0,Autumn,No Holiday,Yes,14155
19/10/2018,1769,19,15.3,53,2.4,2000,5.7,0.0,0.0,0.0,Autumn,No Holiday,Yes,16898
26/11/2018,794,15,13.2,43,1.1,714,0.8,1.26,0.0,0.0,Autumn,No Holiday,Yes,14041
31/10/2018,983,13,11.2,34,2.6,1940,-4.1,2.26,0.0,0.0,Autumn,No Holiday,Yes,16732
22/01/2018,221,10,1.1,31,0.7,1898,-14.1,0.25,0.0,0.0,Winter,No Holiday,Yes,12515
19/02/2018,403,16,6.3,35,2.9,1117,-8.0,1.1,0.0,0.0,Winter,No Holiday,Yes,16426
26/11/2018,119,3,2.4,90,1.0,269,0.9,0.0,0.0,0.3,Autumn,No Holiday,Yes,14748
03/06/2018,831,9,22.7,39,0.7,1880,8.0,1.91,0.0,0.0,Summer,No Holiday,Yes,18588
28/03/2018,1133,20,15.2,65,2.2,988,8.6,0.0,0.0,0.0,Spring,No Holiday,Yes,16766
18/08/2018,397,6,21.6,60,1.0,2000,13.4,0.0,0.0,0.0,Summer,No Holiday,Yes,11566
21/12/2017,132,2,-2.2,88,1.4,348,-3.9,0.0,0.0,2.2,Winter,No Holiday,Yes,14165
01/11/2018,1040,14,14.9,31,2.5,1872,-2.1,2.06,0.0,0.0,Autumn,No Holiday,Yes,14526
09/05/2018,1015,11,17.6,40,1.4,1955,3.8,2.88,0.0,0.0,Spring,No Holiday,Yes,11201
31/12/2017,262,14,3.0,28,3.8,1956,-13.7,1.1,0.0,0.0,Winter,Holiday,Yes,12587
19/10/2018,1161,12,17.4,33,1.1,2000,0.9,2.39,0.0,0.0,Autumn,No Holiday,Yes,10612
23/01/2018,145,21,-13.2,49,4.1,2000,-21.6,0.0,0.0,0.9,Winter,No Holiday,Yes,13097
07/04/2018,57,5,1.6,62,4.9,1372,-4.9,0.0,0.0,0.0,Spring,No Holiday,Yes,15425
11/07/2018,634,9,25.6,96,0.6,450,24.9,0.41,0.0,0.0,Summer,No Holiday,Yes,12816
28/04/2018,2043,17,20.1,29,3.3,1840,1.4,1.78,0.0,0.0,Spring,No Holiday,Yes,13265
14/07/2018,307,4,25.1,82,1.5,1336,21.8,0.0,0.0,0.0,Summer,No Holiday,Yes,16273
22/02/2018,202,23,2.9,63,2.6,1253,-3.4,0.0,0.0,0.0,Winter,No Holiday,Yes,12014
27/06/2018,1995,8,19.7,97,1.5,200,19.2,0.25,0.0,0.0,Summer,No Holiday,Yes,11076
13/07/2018,1439,23,26.2,84,1.0,1646,23.2,0.0,0.0,0.0,Summer,No Holiday,Yes,15253
23/07/2018,2405,18,33.9,53,3.2,1886,22.9,0.94,0.0,0.0,Summer,No Holiday,Yes,10905
10/07/2018,1061,9,22.3,86,1.0,2000,19.8,0.42,0.0,0.0,Summer,No Holiday,Yes,13282
26/09/2018,594,1,16.6,53,1.7,2000,6.9,0.0,0.0,0.0,Autumn,No Holiday,Yes,16542
28/10/2018,450,2,6.6,59,0.4,2000,-0.8,0.0,0.0,0.0,Autumn,No Holiday,Yes,15001
10/02/2018,291,16,0.3,17,4.9,2000,-21.9,0.87,0.0,0.0,Winter,No Holiday,Yes,14485
16/10/2018,2134,8,10.4,63,0.6,1367,3.6,0.19,0.0,0.0,Autumn,No Holiday,Yes,12459
02/12/2017,219,8,-4.2,79,2.1,1436,-7.3,0.01,0.0,0.0,Winter,No Holiday,Yes,13436
04/12/2017,397,21,-4.6,43,4.5,2000,-15.3,0.0,0.0,0.0,Winter,No Holiday,Yes,18707
05/02/2018,227,7,-11.6,44,1.6,2000,-21.4,0.0,0.0,0.0,Winter,No Holiday,Yes,13722
21/03/2018,402,19,2.0,81,0.7,2000,-0.9,0.0,0.0,0.0,Spring,No Holiday,Yes,11476
30/01/2018,94,16,-2.2,76,1.7,233,-5.8,0.25,0.0,0.0,Winter,No Holiday,Yes,14871
30/07/2018,209,4,26.7,62,1.0,2000,18.8,0.0,0.0,0.0,Summer,No Holiday,Yes,15629
20/10/2018,427,7,7.0,82,0.5,867,4.1,0.0,0.0,0.0,Autumn,No Holiday,Yes,16139
19/09/2018,0,8,19.8,71,1.1,1534,14.3,0.26,0.0,0.0,Autumn,No Holiday,No,14260
21/06/2018,1147,13,27.3,33,3.4,1921,9.6,3.42,0.0,0.0,Summer,No Holiday,Yes,17546
05/11/2018,829,11,13.8,47,1.2,994,2.6,1.71,0.0,0.0,Autumn,No Holiday,Yes,10800
03/05/2018,1160,7,8.4,83,1.4,1400,5.6,0.31,0.0,0.0,Spring,No Holiday,Yes,14484
01/09/2018,1891,19,27.8,48,1.1,2000,15.7,0.08,0.0,0.0,Autumn,No Holiday,Yes,16493
16/08/2018,2114,20,27.9,47,1.9,2000,15.5,0.01,0.0,0.0,Summer,No Holiday,Yes,10008
27/03/2018,774,16,19.5,50,3.4,613,8.7,1.6,0.0,0.0,Spring,No Holiday,Yes,12413
15/06/2018,2441,20,22.6,51,1.3,2000,11.9,0.06,0.0,0.0,Summer,No Holiday,Yes,15838
31/07/2018,583,11,34.1,40,1.5,1947,18.5,2.8,0.0,0.0,Summer,No Holiday,Yes,12100
08/07/2018,946,1,19.9,52,1.6,2000,9.7,0.0,0.0,0.0,Summer,No Holiday,Yes,10502
01/02/2018,259,9,-7.9,50,0.6,1805,-16.5,0.23,0.0,1.6,Winter,No Holiday,Yes,16713
22/03/2018,653,9,2.5,67,1.3,1472,-3.0,1.11,0.0,0.0,Spring,No Holiday,Yes,17240
06/08/2018,309,2,28.6,80,1.2,1163,24.8,0.0,0.0,0.0,Summer,No Holiday,Yes,14186
09/03/2018,510,12,6.8,51,1.0,1617,-2.6,1.13,0.0,0.0,Spring,No Holiday,Yes,11747
05/01/2018,284,21,-3.5,53,0.9,1353,-11.7,0.0,0.0,0.0,Winter,No Holiday,Yes,17799
17/12/2017,142,10,-8.5,31,1.5,1997,-22.6,0.58,0.0,0.0,Winter,No Holiday,Yes,13165
21/04/2018,436,2,14.7,63,1.8,611,7.7,0.0,0.0,0.0,Spring,No Holiday,Yes,18531
26/12/2017,49,4,-2.6,72,1.4,1929,-6.9,0.0,0.0,0.0,Winter,No Holiday,Yes,16743
09/09/2018,1877,15,28.9,27,1.8,2000,8.0,2.9,0.0,0.0,Autumn,No Holiday,Yes,15896
13/06/2018,2166,21,21.8,67,0.0,1485,15.3,0.0,0.0,0.0,Summer,No Holiday,Yes,10408
04/11/2018,963,11,14.8,46,2.0,768,3.2,1.83,0.0,0.0,Autumn,No Holiday,Yes,11952
21/06/2018,2811,19,26.9,42,2.4,2000,12.8,0.62,0.0,0.0,Summer,No Holiday,Yes,13074
04/11/2018,481,8,5.7,78,1.1,714,2.1,0.09,0.0,0.0,Autumn,No Holiday,Yes,11492
27/08/2018,22,3,20.3,97,0.4,200,19.8,0.0,1.5,0.0,Summer,No Holiday,Yes,15832
17/11/2018,655,22,4.4,43,1.1,2000,-7.1,0.0,0.0,0.0,Autumn,No Holiday,Yes,18297
06/04/2018,591,7,5.7,95,3.4,1136,4.9,0.02,0.0,0.0,Spring,No Holiday,Yes,13639
09/09/2018,1220,12,25.9,39,1.2,1950,10.8,2.89,0.0,0.0,Autumn,No Holiday,Yes,18636
25/04/2018,449,6,5.8,55,0.3,2000,-2.5,0.0,0.0,0.0,Spring,No Holiday,Yes,11855
17/10/2018,1819,19,13.2,42,1.3,2000,0.5,0.0,0.0,0.0,Autumn,No Holiday,Yes,15010
17/05/2018,26,22,20.2,98,0.5,468,19.8,0.0,6.0,0.0,Spring,No Holiday,Yes,15016
22/01/2018,63,15,3.6,69,1.8,655,-1.5,0.17,0.0,0.0,Winter,No Holiday,Yes,14382
12/10/2018,183,5,6.0,72,1.3,2000,1.3,0.0,0.0,0.0,Autumn,No Holiday,Yes,15069
05/10/2018,55,19,16.6,96,2.4,1072,15.9,0.0,1.5,0.0,Autumn,No Holiday,Yes,10596
21/06/2018,1497,23,21.9,59,2.6,1188,13.5,0.0,0.0,0.0,Summer,No Holiday,Yes,14180
18/10/2018,1528,20,13.8,56,1.9,2000,5.1,0.0,0.0,0.0,Autumn,No Holiday,Yes,16240
21/12/2017,288,20,0.2,72,0.7,990,-4.2,0.0,0.0,0.8,Winter,No Holiday,Yes,12544
27/12/2017,105,6,-9.8,37,1.7,2000,-21.7,0.0,0.0,0.0,Winter,No Holiday,Yes,10834
01/05/2018,343,3,18.1,85,1.0,284,15.5,0.0,0.0,0.0,Spring,Holiday,Yes,14421
30/11/2018,750,7,-1.2,70,0.8,1351,-5.9,0.0,0.0,0.0,Autumn,No Holiday,Yes,10201
05/02/2018,183,22,-10.3,43,3.7,1876,-20.5,0.0,0.0,0.0,Winter,No Holiday,Yes,15817
17/01/2018,337,9,3.0,66,0.7,306,-2.7,0.12,0.0,0.0,Winter,No Holiday,Yes,18450
30/10/2018,440,1,3.0,55,1.0,2000,-5.1,0.0,0.0,0.0,Autumn,No Holiday,Yes,10861
03/07/2018,149,4,22.7,97,0.2,1808,22.1,0.0,0.0,0.0,Summer,No Holiday,Yes,18498
30/04/2018,569,0,14.7,54,1.3,718,5.4,0.0,0.0,0.0,Spring,No Holiday,Yes,12896
12/07/2018,231,5,25.9,91,0.4,872,24.3,0.0,0.5,0.0,Summer,No Holiday,Yes,11452
20/08/2018,1999,20,29.8,61,3.4,1525,21.4,0.0,0.0,0.0,Summer,No Holiday,Yes,15183
18/03/2018,146,20,9.2,66,1.1,513,3.1,0.0,0.0,0.0,Spring,No Holiday,Yes,17677
20/08/2018,675,6,25.3,67,1.5,1450,18.7,0.0,0.0,0.0,Summer,No Holiday,Yes,15741
09/01/2018,166,22,-4.2,67,1.6,503,-9.4,0.0,0.0,0.0,Winter,No Holiday,Yes,13091
24/06/2018,1062,13,30.6,31,2.7,1240,11.5,3.24,0.0,0.0,Summer,No Holiday,Yes,12496
23/08/2018,745,1,30.1,54,0.8,2000,19.7,0.0,0.0,0.0,Summer,No Holiday,Yes,11499
25/05/2018,1106,13,25.6,26,2.7,1747,4.6,3.36,0.0,0.0,Spring,No Holiday,Yes,13733
05/02/2018,433,8,-11.5,40,2.8,2000,-22.4,0.02,0.0,0.0,Winter,No Holiday,Yes,11444
08/11/2018,18,13,11.5,95,2.1,457,10.7,0.32,0.0,0.0,Autumn,No Holiday,Yes,16338
07/08/2018,619,1,28.2,68,0.9,2000,21.7,0.0,0.0,0.0,Summer,No Holiday,Yes,16719
13/07/2018,301,5,24.8,84,1.4,1303,21.9,0.0,0.0,0.0,Summer,No Holiday,Yes,13469
14/02/2018,312,12,6.9,67,3.9,986,1.1,0.42,0.0,0.0,Winter,No Holiday,Yes,13882
08/05/2018,287,2,15.5,65,1.3,1953,8.9,0.0,0.0,0.0,Spring,No Holiday,Yes,17327
29/09/2018,1752,13,24.9,40,1.4,2000,10.3,2.75,0.0,0.0,Autumn,No Holiday,Yes,14085
12/09/2018,923,10,22.7,45,1.5,2000,10.1,2.08,0.0,0.0,Autumn,No Holiday,Yes,12401
11/05/2018,223,5,11.9,84,1.5,358,9.2,0.0,0.0,0.0,Spring,No Holiday,Yes,13357
01/08/2018,1500,21,33.3,64,3.0,1680,25.5,0.0,0.0,0.0,Summer,No Holiday,Yes,13921
20/12/2017,97,6,-8.2,66,0.9,1718,-13.4,0.0,0.0,2.0,Winter,No Holiday,Yes,12038
03/11/2018,0,0,8.8,63,0.6,1314,2.1,0.0,0.0,0.0,Autumn,No Holiday,No,15769
15/06/2018,154,3,18.8,93,1.0,419,17.6,0.0,5.4,0.0,Summer,No Holiday,Yes,10314
23/04/2018,50,19,9.4,95,1.8,531,8.6,0.03,1.5,0.0,Spring,No Holiday,Yes,17193
26/01/2018,130,21,-14.1,36,1.8,1869,-25.9,0.0,0.0,0.3,Winter,No Holiday,Yes,17861
18/02/2018,372,14,4.1,17,1.8,1996,-18.8,1.87,0.0,0.0,Winter,No Holiday,Yes,12460
20/07/2018,267,4,25.1,83,0.0,1253,22.0,0.0,0.0,0.0,Summer,No Holiday,Yes,15093
19/10/2018,1939,17,18.5,35,2.2,2000,2.7,0.68,0.0,0.0,Autumn,No Holiday,Yes,13485
18/11/2018,457,9,3.5,53,1.0,1338,-5.2,0.22,0.0,0.0,Autumn,No Holiday,Yes,10106
16/09/2018,432,2,22.8,85,0.8,708,20.1,0.0,0.0,0.0,Autumn,No Holiday,Yes,11105
29/03/2018,1079,20,15.6,64,2.7,686,8.8,0.0,0.0,0.0,Spring,No Holiday,Yes,14433
30/12/2017,208,10,0.8,73,0.5,248,-3.4,0.15,0.0,0.0,Winter,No Holiday,Yes,13210
26/01/2018,111,12,-14.4,30,2.7,1906,-28.2,1.17,0.0,0.5,Winter,No Holiday,Yes,16015
23/10/2018,243,3,10.1,70,1.1,606,4.8,0.0,0.0,0.0,Autumn,No Holiday,Yes,12370
04/02/2018,98,0,-10.4,49,2.4,2000,-19.0,0.0,0.0,0.0,Winter,No Holiday,Yes,12115
10/11/2018,1263,16,16.0,37,1.9,984,1.2,0.94,0.0,0.0,Autumn,No Holiday,Yes,11023
27/06/2018,1243,14,24.7,72,2.9,720,19.3,1.45,0.0,0.0,Summer,No Holiday,Yes,14321
09/10/2018,0,10,14.8,51,1.0,1998,4.7,1.07,0.0,0.0,Autumn,Holiday,No,12507
05/11/2018,1100,15,18.0,39,1.0,1208,3.8,1.21,0.0,0.0,Autumn,No Holiday,Yes,14661
26/02/2018,428,12,6.9,28,1.1,1301,-10.3,2.35,0.0,0.0,Winter,No Holiday,Yes,10634
24/02/2018,133,3,3.5,82,2.9,217,0.7,0.0,0.0,0.0,Winter,No Holiday,Yes,17477
17/11/2018,530,8,0.7,72,1.0,1397,-3.7,0.05,0.0,0.0,Autumn,No Holiday,Yes,14476
04/03/2018,436,18,11.5,81,1.5,1475,8.3,0.07,0.0,0.0,Spring,No Holiday,Yes,14035
31/05/2018,1151,13,25.0,47,2.5,1120,12.8,3.34,0.0,0.0,Spring,No Holiday,Yes,11726
21/05/2018,2167,20,18.4,59,2.6,1476,10.2,0.04,0.0,0.0,Spring,No Holiday,Yes,16212
12/07/2018,1915,17,27.9,75,2.5,1643,23.0,0.75,0.0,0.0,Summer,No Holiday,Yes,15088
20/09/2018,1290,17,19.3,76,2.1,2000,14.9,0.21,0.0,0.0,Autumn,No Holiday,Yes,18749
14/02/2018,178,0,2.0,65,2.2,1885,-3.9,0.0,0.0,0.0,Winter,No Holiday,Yes,17700
27/07/2018,1547,21,30.3,75,1.1,1289,25.3,0.0,0.0,0.0,Summer,No Holiday,Yes,18730
06/08/2018,571,14,34.0,59,3.2,1180,24.8,1.98,0.0,0.0,Summer,No Holiday,Yes,14595
17/07/2018,1591,17,31.8,52,2.4,1438,20.7,1.93,0.0,0.0,Summer,No Holiday,Yes,17069
25/03/2018,911,17,15.8,40,2.3,481,2.2,1.28,0.0,0.0,Spring,No Holiday,Yes,14713
22/05/2018,248,4,15.6,0,0.5,1502,10.5,0.0,0.0,0.0,Spring,Holiday,Yes,11287
19/12/2017,178,14,-2.2,23,3.7,1971,-20.5,1.09,0.0,2.2,Winter,No Holiday,Yes,12581
03/01/2018,291,22,-5.2,53,1.3,1969,-13.3,0.0,0.0,0.0,Winter,No Holiday,Yes,14153
05/03/2018,1155,18,8.1,47,1.7,2000,-2.5,0.34,0.0,0.0,Spring,No Holiday,Yes,12858
20/10/2018,1270,20,13.7,51,1.0,1954,3.7,0.0,0.0,0.0,Autumn,No Holiday,Yes,16415
15/08/2018,553,8,29.9,60,0.8,1772,21.2,0.83,0.0,0.0,Summer,Holiday,Yes,10957
13/11/2018,718,23,7.6,49,0.6,1971,-2.4,0.0,0.0,0.0,Autumn,No Holiday,Yes,16917
27/01/2018,189,13,-6.6,27,2.1,1889,-22.5,1.24,0.0,0.3,Winter,No Holiday,Yes,17779
17/07/2018,786,14,31.8,49,3.5,1429,19.7,2.93,0.0,0.0,Summer,No Holiday,Yes,12668
10/05/2018,0,18,18.0,61,3.5,790,10.3,1.05,0.0,0.0,Spring,No Holiday,No,14354
12/12/2017,250,15,-5.8,30,2.8,2000,-20.6,0.92,0.0,0.0,Winter,No Holiday,Yes,16246
17/01/2018,258,14,7.7,54,2.6,313,-1.0,0.58,0.0,0.0,Winter,No Holiday,Yes,10000
15/04/2018,297,20,10.3,62,2.0,1749,3.3,0.0,0.0,0.0,Spring,No Holiday,Yes,13507
08/12/2017,387,7,-6.5,57,0.8,1776,-13.6,0.0,0.0,0.0,Winter,No Holiday,Yes,16029
19/06/2018,1456,23,20.1,73,1.9,771,15.1,0.0,0.0,0.0,Summer,No Holiday,Yes,14012
31/10/2018,324,1,6.6,66,1.0,2000,0.6,0.0,0.0,0.0,Autumn,No Holiday,Yes,14520
05/10/2018,208,8,16.9,72,1.3,2000,11.8,0.04,0.3,0.0,Autumn,No Holiday,Yes,17713
22/03/2018,739,20,5.1,56,2.0,899,-2.9,0.0,0.0,0.0,Spring,No Holiday,Yes,14011
20/07/2018,773,1,26.1,81,1.6,1409,22.5,0.0,0.0,0.0,Summer,No Holiday,Yes,13512
30/12/2017,192,2,-0.9,84,0.6,230,-3.2,0.0,0.0,0.0,Winter,No Holiday,Yes,13037
22/04/2018,826,0,15.9,35,0.3,1995,0.4,0.0,0.0,0.0,Spring,No Holiday,Yes,10562
04/05/2018,1266,14,18.8,31,4.9,1940,1.2,3.31,0.0,0.0,Spring,No Holiday,Yes,17237
31/12/2017,84,8,-2.1,86,1.4,354,-4.1,0.0,0.0,1.2,Winter,Holiday,Yes,13859
01/03/2018,71,0,2.0,96,1.3,1894,1.4,0.0,2.0,0.0,Spring,Holiday,Yes,17935
15/12/2017,300,21,0.7,47,2.7,1283,-9.3,0.0,0.0,0.0,Winter,No Holiday,Yes,13643
16/10/2018,253,3,11.5,61,1.4,1399,4.2,0.0,0.0,0.0,Autumn,No Holiday,Yes,14521
20/09/2018,241,4,19.6,74,1.4,847,14.8,0.0,0.0,0.0,Autumn,No Holiday,Yes,11674
21/03/2018,117,14,1.9,89,1.5,102,0.2,0.41,0.0,0.0,Spring,No Holiday,Yes,17209
24/05/2018,1678,22,18.6,54,2.3,1328,9.0,0.0,0.0,0.0,Spring,No Holiday,Yes,10481
20/06/2018,576,2,19.6,78,0.8,662,15.6,0.0,0.0,0.0,Summer,No Holiday,Yes,14182
07/12/2017,402,21,-2.2,46,2.2,1975,-12.2,0.0,0.0,0.0,Winter,No Holiday,Yes,13555
17/02/2018,123,22,-2.7,42,2.2,2000,-13.8,0.0,0.0,0.0,Winter,Holiday,Yes,11277
27/06/2018,1145,12,24.1,73,2.2,992,18.9,2.15,0.0,0.0,Summer,No Holiday,Yes,12993
21/07/2018,720,8,27.4,63,0.9,1043,19.7,1.03,0.0,0.0,Summer,No Holiday,Yes,16324
22/02/2018,404,16,5.0,50,4.3,1121,-4.5,0.74,0.0,0.0,Winter,No Holiday,Yes,11750
22/09/2018,1840,16,25.3,38,3.0,2000,9.9,1.88,0.0,0.0,Autumn,No Holiday,Yes,17444
04/12/2017,498,7,0.2,68,3.4,702,-5.0,0.0,0.0,0.0,Winter,No Holiday,Yes,15251
18/03/2018,174,3,5.5,57,1.1,1079,-2.3,0.0,0.0,0.0,Spring,No Holiday,Yes,17425
14/06/2018,175,9,19.1,96,0.6,273,18.4,0.17,1.5,0.0,Summer,No Holiday,Yes,16804
28/03/2018,494,10,14.7,62,2.9,684,7.4,1.59,0.0,0.0,Spring,No Holiday,Yes,12908
12/08/2018,670,12,33.8,44,2.0,1899,19.8,2.72,0.0,0.0,Summer,No Holiday,Yes,10239
25/11/2018,285,2,2.8,86,0.8,402,0.6,0.0,0.0,2.9,Autumn,No Holiday,Yes,10949
02/09/2018,610,2,22.0,60,1.2,2000,13.8,0.0,0.0,0.0,Autumn,No Holiday,Yes,13024
28/06/2018,766,16,25.2,81,3.6,961,21.6,0.5,0.0,0.0,Summer,No Holiday,Yes,16309
09/11/2018,0,17,12.9,66,3.6,682,6.6,0.32,0.0,0.0,Autumn,No Holiday,No,14199
15/06/2018,403,2,20.1,67,1.1,2000,13.7,0.0,0.1,0.0,Summer,No Holiday,Yes,15926
04/01/2018,311,20,-2.8,39,1.7,1702,-14.8,0.0,0.0,0.0,Winter,No Holiday,Yes,16379
22/03/2018,446,10,4.9,56,1.9,1480,-3.1,1.76,0.0,0.0,Spring,No Holiday,Yes,12489
04/04/2018,928,12,15.3,54,2.1,1989,6.0,2.83,0.0,0.0,Spring,No Holiday,Yes,17473
16/08/2018,876,9,30.6,55,1.1,2000,20.5,1.46,0.0,0.0,Summer,No Holiday,Yes,18436
06/08/2018,666,13,34.3,54,2.2,1540,23.6,2.93,0.0,0.0,Summer,No Holiday,Yes,17756
15/03/2018,10,6,14.4,96,0.7,453,13.7,0.0,8.0,0.0,Spring,No Holiday,Yes,15248
05/03/2018,865,17,10.0,43,1.4,2000,-2.0,1.12,0.0,0.0,Spring,No Holiday,Yes,13102
29/01/2018,99,23,-9.4,41,1.6,2000,-20.2,0.0,0.0,0.0,Winter,No Holiday,Yes,11334
12/01/2018,196,16,-5.8,21,1.1,2000,-24.6,0.66,0.0,0.0,Winter,No Holiday,Yes,14128
01/05/2018,534,2,18.2,85,0.8,355,15.6,0.0,0.0,0.0,Spring,Holiday,Yes,13251
11/11/2018,752,18,8.9,55,2.0,1333,0.3,0.0,0.0,0.0,Autumn,No Holiday,Yes,15007
20/03/2018,165,2,5.1,44,3.4,2000,-6.1,0.0,0.0,0.0,Spring,No Holiday,Yes,10966
21/03/2018,147,2,1.4,40,2.9,2000,-10.7,0.0,0.0,0.0,Spring,No Holiday,Yes,10716
29/07/2018,199,5,26.7,75,0.3,1871,21.8,0.0,0.0,0.0,Summer,No Holiday,Yes,17126
25/10/2018,779,10,13.4,53,1.1,1768,4.0,1.53,0.0,0.0,Autumn,No Holiday,Yes,11298
04/02/2018,35,4,-11.2,47,2.3,2000,-20.3,0.0,0.0,0.0,Winter,No Holiday,Yes,12290
24/11/2018,272,3,2.8,28,1.6,2000,-13.9,0.0,0.0,0.0,Autumn,No Holiday,Yes,13363
22/12/2017,481,19,5.2,64,0.7,691,-1.0,0.0,0.0,0.0,Winter,Holiday,Yes,16365
03/07/2018,2965,18,32.2,57,1.8,1880,22.5,1.53,0.0,0.0,Summer,No Holiday,Yes,10654
19/03/2018,1200,18,8.6,55,2.4,1958,0.0,0.09,0.0,0.0,Spring,No Holiday,Yes,14973
05/06/2018,1434,16,28.8,38,3.1,1027,13.0,2.14,0.0,0.0,Summer,No Holiday,Yes,11989
27/04/2018,1922,8,11.6,58,1.4,1150,3.6,0.79,0.0,0.0,Spring,No Holiday,Yes,17052
06/05/2018,74,2,17.3,82,2.1,768,14.1,0.0,0.5,0.0,Spring,No Holiday,Yes,12553
08/11/2018,30,17,11.9,97,0.7,269,11.4,0.0,0.0,0.0,Autumn,No Holiday,Yes,15113
19/04/2018,20,8,9.6,39,0.8,1003,-3.7,0.79,0.0,0.0,Spring,No Holiday,Yes,11019
14/05/2018,1051,13,21.8,59,1.9,404,13.4,2.74,0.0,0.0,Spring,No Holiday,Yes,12076
26/06/2018,19,9,20.3,96,1.1,143,19.6,0.06,6.5,0.0,Summer,No Holiday,Yes,15760
30/11/2018,720,12,6.6,35,1.3,1409,-7.8,1.7,0.0,0.0,Autumn,No Holiday,Yes,13546
11/10/2018,197,5,6.6,73,1.1,2000,2.0,0.0,0.0,0.0,Autumn,No Holiday,Yes,12393
02/04/2018,1569,17,22.0,49,3.7,1582,10.7,1.28,0.0,0.0,Spring,No Holiday,Yes,10473
21/10/2018,1618,18,16.2,41,1.4,1907,2.9,0.06,0.0,0.0,Autumn,No Holiday,Yes,10732
18/01/2018,107,6,2.2,82,2.0,211,-0.5,0.0,0.0,0.0,Winter,No Holiday,Yes,14057
12/08/2018,997,0,29.9,56,2.0,2000,20.1,0.0,0.0,0.0,Summer,No Holiday,Yes,14718
04/10/2018,0,0,15.5,65,0.8,2000,8.9,0.0,0.0,0.0,Autumn,No Holiday,No,14454
25/03/2018,424,22,8.8,79,2.0,203,5.3,0.0,0.0,0.0,Spring,No Holiday,Yes,13241
20/03/2018,661,9,5.7,38,3.9,1985,-7.5,0.98,0.0,0.0,Spring,No Holiday,Yes,15191
07/03/2018,411,21,7.9,56,1.4,1975,-0.3,0.0,0.0,0.0,Spring,No Holiday,Yes,11127
19/12/2017,276,19,-4.5,51,2.0,2000,-13.1,0.0,0.0,2.0,Winter,No Holiday,Yes,12500
09/11/2018,0,8,10.1,85,2.4,1809,7.6,0.05,0.0,0.0,Autumn,No Holiday,No,16861
05/10/2018,515,2,18.2,64,2.0,2000,11.2,0.0,0.0,0.0,Autumn,No Holiday,Yes,15214
03/10/2018,1634,12,21.4,40,1.4,1973,7.2,2.53,0.0,0.0,Autumn,Holiday,Yes,12437
02/04/2018,579,10,17.5,66,1.3,1059,11.0,0.55,0.0,0.0,Spring,No Holiday,Yes,12003
27/04/2018,1129,7,10.1,63,0.7,1163,3.3,0.22,0.0,0.0,Spring,No Holiday,Yes,18033
20/04/2018,436,1,11.8,60,0.2,918,4.2,0.0,0.0,0.0,Spring,No Holiday,Yes,16639
22/11/2018,488,23,0.4,37,2.9,2000,-12.6,0.0,0.0,0.0,Autumn,No Holiday,Yes,15111
30/12/2017,333,13,4.0,62,1.0,256,-2.6,0.51,0.0,0.0,Winter,No Holiday,Yes,12802
05/09/2018,2468,19,25.4,55,3.2,2000,15.6,0.15,0.0,0.0,Autumn,No Holiday,Yes,15407
22/08/2018,1015,9,28.0,56,1.5,1982,18.3,1.57,0.0,0.0,Summer,No Holiday,Yes,18377
02/10/2018,0,2,12.3,75,1.6,1840,7.9,0.0,0.0,0.0,Autumn,No Holiday,No,16910
03/01/2018,308,7,-6.9,48,2.4,1974,-16.0,0.0,0.0,0.0,Winter,No Holiday,Yes,10335
27/10/2018,864,19,8.0,42,2.9,2000,-4.1,0.0,0.0,0.0,Autumn,No Holiday,Yes,12140
15/10/2018,171,3,11.3,85,0.0,907,8.8,0.0,0.0,0.0,Autumn,No Holiday,Yes,17228
06/07/2018,1635,16,26.6,54,2.3,2000,16.5,1.24,0.0,0.0,Summer,No Holiday,Yes,16513
11/09/2018,678,6,17.0,55,1.2,2000,7.8,0.0,0.0,0.0,Autumn,No Holiday,Yes,16465
10/02/2018,48,6,1.6,78,1.6,448,-1.8,0.0,0.0,0.0,Winter,No Holiday,Yes,17161
26/02/2018,929,18,7.2,26,2.3,1398,-11.0,0.33,0.0,0.0,Winter,No Holiday,Yes,15478
12/11/2018,456,0,5.4,64,0.8,2000,-0.8,0.0,0.0,0.0,Autumn,No Holiday,Yes,18009
22/08/2018,2087,19,35.2,41,0.5,2000,19.9,0.31,0.0,0.0,Summer,No Holiday,Yes,11624
17/07/2018,692,1,25.8,78,0.4,2000,21.6,0.0,0.0,0.0,Summer,No Holiday,Yes,17295
06/02/2018,175,11,-9.9,32,3.3,1863,-23.5,1.72,0.0,0.0,Winter,No Holiday,Yes,16020
29/03/2018,1281,8,13.3,80,1.2,369,9.9,0.14,0.0,0.0,Spring,No Holiday,Yes,14018
19/10/2018,1191,9,11.1,53,1.0,2000,1.8,1.05,0.0,0.0,Autumn,No Holiday,Yes,14387
09/10/2018,0,4,11.0,63,0.8,2000,4.2,0.0,0.0,0.0,Autumn,Holiday,No,13649
24/07/2018,610,10,32.4,54,0.9,1631,21.8,1.45,0.0,0.0,Summer,No Holiday,Yes,11816
12/10/2018,706,0,8.2,61,1.3,2000,1.1,0.0,0.0,0.0,Autumn,No Holiday,Yes,10272
10/12/2017,235,14,4.2,85,0.7,325,1.8,0.65,0.0,1.4,Winter,No Holiday,Yes,12346
16/03/2018,1160,17,11.2,30,1.5,2000,-5.7,1.44,0.0,0.0,Spring,No Holiday,Yes,18168
16/12/2017,195,9,-7.2,47,2.8,1724,-16.6,0.18,0.0,0.0,Winter,No Holiday,Yes,13217
23/05/2018,2454,19,18.8,52,3.4,2000,8.7,0.49,0.0,0.0,Spring,No Holiday,Yes,13063
22/02/2018,499,19,3.5,60,2.7,936,-3.5,0.0,0.0,0.0,Winter,No Holiday,Yes,17959
07/03/2018,289,0,2.8,45,1.7,1493,-7.9,0.0,0.0,0.0,Spring,No Holiday,Yes,14258
17/12/2017,189,11,-7.2,29,1.8,1926,-22.2,0.88,0.0,0.0,Winter,No Holiday,Yes,15466
21/08/2018,1828,22,26.1,76,1.2,1867,21.5,0.0,0.0,0.0,Summer,No Holiday,Yes,12024
09/02/2018,268,13,2.6,27,0.8,1120,-14.5,0.82,0.0,0.0,Winter,No Holiday,Yes,12734
16/05/2018,338,20,21.8,97,2.2,156,21.2,0.0,0.5,0.0,Spring,No Holiday,Yes,16762
19/10/2018,850,10,13.8,44,1.5,1953,1.7,1.66,0.0,0.0,Autumn,No Holiday,Yes,17850
25/04/2018,1447,16,23.1,19,3.1,1871,-1.8,2.26,0.0,0.0,Spring,No Holiday,Yes,17784
04/07/2018,1038,15,31.1,57,3.7,1912,21.5,2.03,0.0,0.0,Summer,No Holiday,Yes,18265
19/05/2018,1865,13,21.9,39,2.0,2000,7.3,3.52,0.0,0.0,Spring,No Holiday,Yes,14143
17/06/2018,2474,18,25.0,59,3.4,1324,16.4,0.54,0.0,0.0,Summer,No Holiday,Yes,11016
13/10/2018,1261,20,13.8,52,1.6,1088,4.0,0.0,0.0,0.0,Autumn,No Holiday,Yes,11336
19/11/2018,190,2,5.4,65,0.7,1230,-0.6,0.0,0.0,0.0,Autumn,No Holiday,Yes,17099
23/06/2018,417,6,21.0,48,0.6,2000,9.5,0.01,0.0,0.0,Summer,No Holiday,Yes,10259
23/02/2018,42,0,1.7,86,2.7,54,-0.3,0.0,0.4,0.4,Winter,No Holiday,Yes,18681
12/06/2018,3404,18,24.9,53,3.6,2000,14.6,1.28,0.0,0.0,Summer,No Holiday,Yes,17878
21/01/2018,271,12,3.9,30,1.6,1085,-12.1,0.91,0.0,0.0,Winter,No Holiday,Yes,17007
18/04/2018,1083,7,6.4,51,1.0,1398,-3.0,0.19,0.0,0.0,Spring,No Holiday,Yes,12913
03/02/2018,211,17,-5.6,32,4.6,2000,-19.7,0.53,0.0,0.0,Winter,No Holiday,Yes,14034
28/07/2018,654,10,32.0,65,0.9,966,24.5,1.19,0.0,0.0,Summer,No Holiday,Yes,16630
01/01/2018,248,13,2.4,22,2.3,1921,-17.2,1.1,0.0,0.0,Winter,Holiday,Yes,15381
10/09/2018,2090,21,22.5,48,1.4,2000,10.9,0.0,0.0,0.0,Autumn,No Holiday,Yes,11799
08/10/2018,1636,22,14.4,49,1.1,2000,3.8,0.0,0.0,0.0,Autumn,No Holiday,Yes,15776
15/01/2018,333,22,3.0,61,1.6,460,-3.8,0.0,0.0,0.0,Winter,No Holiday,Yes,17537
24/11/2018,426,18,2.6,86,1.1,834,0.4,0.0,0.0,3.5,Autumn,No Holiday,Yes,14246
31/10/2018,1069,21,7.6,59,3.0,1929,0.0,0.0,0.0,0.0,Autumn,No Holiday,Yes,10184
17/09/2018,1185,9,20.5,66,1.1,1711,13.9,1.12,0.0,0.0,Autumn,No Holiday,Yes,18246
17/12/2017,122,9,-10.5,38,1.1,1950,-22.1,0.19,0.0,0.0,Winter,No Holiday,Yes,14683
01/01/2018,168,22,-1.3,48,0.8,1927,-10.9,0.0,0.0,0.0,Winter,Holiday,Yes,14442
16/11/2018,995,20,7.6,76,3.9,603,3.6,0.0,0.0,0.0,Autumn,No Holiday,Yes,17566
02/09/2018,388,7,20.2,65,1.4,2000,13.4,0.16,0.0,0.0,Autumn,No Holiday,Yes,10432
20/02/2018,370,13,4.2,22,3.9,1812,-15.6,2.21,0.0,0.0,Winter,No Holiday,Yes,16420
05/08/2018,422,9,29.1,76,2.2,1041,24.4,1.38,0.0,0.0,Summer,No Holiday,Yes,16878
02/12/2017,167,3,-3.5,81,2.2,1221,-6.2,0.0,0.0,0.0,Winter,No Holiday,Yes,14264
12/01/2018,144,23,-6.7,36,1.3,1821,-19.3,0.0,0.0,0.0,Winter,No Holiday,Yes,15368
02/11/2018,880,11,12.8,44,1.0,1269,0.8,1.84,0.0,0.0,Autumn,No Holiday,Yes,15336
03/08/2018,1920,18,34.4,53,3.3,1650,23.4,0.8,0.0,0.0,Summer,No Holiday,Yes,10131
22/01/2018,187,21,-1.8,85,2.9,590,-3.9,0.0,0.0,1.0,Winter,No Holiday,Yes,16053
06/04/2018,529,10,8.0,73,2.8,1641,3.4,1.44,0.0,0.0,Spring,No Holiday,Yes,14096
14/09/2018,982,11,24.0,64,1.3,2000,16.7,0.95,0.0,0.0,Autumn,No Holiday,Yes,17429
06/03/2018,680,16,10.6,26,1.9,1955,-8.1,1.75,0.0,0.0,Spring,No Holiday,Yes,11804
10/01/2018,225,9,-7.7,62,3.6,1637,-13.7,0.13,0.0,0.7,Winter,No Holiday,Yes,16253
13/04/2018,849,23,15.5,27,3.5,2000,-3.4,0.0,0.0,0.0,Spring,No Holiday,Yes,16227
25/02/2018,182,0,-1.1,44,1.2,1741,-11.8,0.0,0.0,0.0,Winter,No Holiday,Yes,10808
30/04/2018,1706,17,24.0,53,3.5,536,13.8,1.39,0.0,0.0,Spring,No Holiday,Yes,17898
08/02/2018,564,18,-0.5,26,1.7,1999,-17.7,0.15,0.0,0.0,Winter,No Holiday,Yes,10512
16/10/2018,145,4,11.0,69,0.6,1510,5.5,0.0,0.0,0.0,Autumn,No Holiday,Yes,11831
08/04/2018,343,15,7.3,38,0.8,2000,-6.1,0.38,0.0,0.0,Spring,No Holiday,Yes,17957
04/07/2018,1005,14,31.3,58,3.0,1479,22.0,2.46,0.0,0.0,Summer,No Holiday,Yes,14632
02/11/2018,1130,13,16.5,37,1.2,1400,1.7,2.12,0.0,0.0,Autumn,No Holiday,Yes,10941
28/11/2018,434,1,4.9,26,2.6,992,-13.0,0.0,0.0,0.0,Autumn,No Holiday,Yes,11820
10/11/2018,1113,14,17.1,39,2.0,781,3.0,1.85,0.0,0.0,Autumn,No Holiday,Yes,14614
06/11/2018,0,14,17.4,50,2.4,336,6.8,1.52,0.0,0.0,Autumn,No Holiday,No,12050
22/01/2018,31,4,0.0,32,0.4,2000,-14.7,0.0,0.0,0.0,Winter,No Holiday,Yes,10267
13/07/2018,1046,13,28.9,68,2.8,1934,22.3,1.55,0.0,0.0,Summer,No Holiday,Yes,12766
15/09/2018,1566,18,24.2,76,1.2,2000,19.6,0.12,0.0,0.0,Autumn,No Holiday,Yes,11554
15/01/2018,38,4,4.9,73,1.8,881,0.4,0.0,0.0,0.0,Winter,No Holiday,Yes,14193
04/05/2018,1857,17,18.1,30,4.6,1925,0.2,1.86,0.0,0.0,Spring,No Holiday,Yes,12530
01/06/2018,1071,14,29.6,31,3.7,1988,10.6,3.25,0.0,0.0,Summer,No Holiday,Yes,16013
15/06/2018,2328,8,18.7,71,1.1,1992,13.3,0.61,0.0,0.0,Summer,No Holiday,Yes,17175
13/07/2018,377,3,24.9,86,2.0,1079,22.3,0.0,0.0,0.0,Summer,No Holiday,Yes,10216
27/06/2018,1234,13,24.9,69,2.2,850,18.8,2.14,0.0,0.0,Summer,No Holiday,Yes,10620
30/01/2018,491,8,-11.1,61,0.7,1963,-17.1,0.01,0.0,0.0,Winter,No Holiday,Yes,11356
06/06/2018,1935,21,22.1,72,2.5,923,16.8,0.0,0.0,0.0,Summer,Holiday,Yes,11284
14/08/2018,1972,19,32.7,56,2.2,2000,22.7,0.33,0.0,0.0,Summer,No Holiday,Yes,14195
10/06/2018,1442,12,23.2,50,2.2,1988,12.1,2.45,0.0,0.0,Summer,No Holiday,Yes,15476
27/11/2018,666,15,12.5,70,2.1,360,7.1,0.68,0.0,0.0,Autumn,No Holiday,Yes,11291
19/02/2018,349,7,-0.9,45,0.9,1820,-11.3,0.0,0.0,0.0,Winter,No Holiday,Yes,18489
02/09/2018,930,1,22.8,59,1.5,2000,14.3,0.0,0.0,0.0,Autumn,No Holiday,Yes,11121
11/07/2018,1936,21,27.3,78,1.2,1606,23.1,0.0,0.0,0.0,Summer,No Holiday,Yes,12416
01/04/2018,566,10,14.7,61,2.0,945,7.2,0.64,0.0,0.0,Spring,No Holiday,Yes,15271
20/01/2018,234,9,0.9,63,0.9,1090,-5.3,0.07,0.0,0.0,Winter,No Holiday,Yes,17399
16/08/2018,1943,22,25.9,45,2.1,2000,13.0,0.0,0.0,0.0,Summer,No Holiday,Yes,16654
19/01/2018,648,8,-2.5,50,1.0,1281,-11.5,0.0,0.0,0.0,Winter,No Holiday,Yes,15243
22/08/2018,700,10,30.2,52,1.4,1923,19.2,2.13,0.0,0.0,Summer,No Holiday,Yes,10181
18/02/2018,38,6,-4.1,30,1.1,2000,-19.1,0.0,0.0,0.0,Winter,No Holiday,Yes,17059
06/02/2018,126,0,-10.6,47,3.5,1803,-19.7,0.0,0.0,0.0,Winter,No Holiday,Yes,13548
28/05/2018,1881,22,21.1,54,0.6,2000,11.4,0.0,0.0,0.0,Spring,No Holiday,Yes,14565
21/07/2018,381,6,24.9,76,0.0,1473,20.3,0.02,0.0,0.0,Summer,No Holiday,Yes,10873
16/03/2018,178,2,6.7,72,2.1,2000,1.9,0.0,0.0,0.0,Spring,No Holiday,Yes,17427
12/04/2018,269,2,8.1,45,1.0,2000,-3.1,0.0,0.0,0.0,Spring,No Holiday,Yes,18545
16/05/2018,367,7,22.0,95,0.7,342,21.1,0.0,0.0,0.0,Spring,No Holiday,Yes,18362
27/07/2018,639,10,31.2,61,2.3,901,22.7,1.71,0.0,0.0,Summer,No Holiday,Yes,12850
28/09/2018,0,11,17.9,54,1.4,2000,8.4,0.73,0.0,0.0,Autumn,No Holiday,No,18082
07/03/2018,48,23,6.0,79,2.0,918,2.6,0.0,0.0,0.0,Spring,No Holiday,Yes,11115
16/08/2018,535,1,28.2,70,1.0,2000,22.2,0.0,0.0,0.0,Summer,No Holiday,Yes,13816
15/08/2018,563,12,36.5,41,1.1,1807,21.1,2.73,0.0,0.0,Summer,Holiday,Yes,11427
03/09/2018,321,2,24.3,68,1.0,2000,18.0,0.0,0.0,0.0,Autumn,No Holiday,Yes,15009
15/01/2018,455,17,6.5,40,0.8,804,-6.1,0.23,0.0,0.0,Winter,No Holiday,Yes,11733
07/04/2018,518,19,4.9,47,3.5,2000,-5.4,0.2,0.0,0.0,Spring,No Holiday,Yes,10789
07/05/2018,389,7,14.2,81,0.3,1991,10.9,0.13,0.0,0.0,Spring,No Holiday,Yes,11070
14/04/2018,75,12,8.6,94,1.1,389,7.6,0.49,0.0,0.0,Spring,No Holiday,Yes,16295
15/07/2018,1113,23,27.0,78,1.6,1609,22.8,0.0,0.0,0.0,Summer,No Holiday,Yes,18205
07/08/2018,1836,20,31.1,64,2.7,1770,23.4,0.02,0.0,0.0,Summer,No Holiday,Yes,10875
12/02/2018,69,1,-7.9,52,3.7,1961,-16.0,0.0,0.0,0.0,Winter,No Holiday,Yes,14405
07/04/2018,282,0,3.0,67,3.3,945,-2.5,0.0,0.0,0.0,Spring,No Holiday,Yes,10624
13/05/2018,2338,18,19.0,66,1.3,1111,12.4,0.95,0.0,0.0,Spring,No Holiday,Yes,14241
07/06/2018,1116,14,28.2,44,1.7,644,14.7,3.11,0.0,0.0,Summer,No Holiday,Yes,16328
07/04/2018,697,12,6.0,23,4.2,1990,-13.6,2.0,0.0,0.0,Spring,No Holiday,Yes,14711
16/04/2018,2692,18,17.0,28,3.1,2000,-1.6,0.88,0.0,0.0,Spring,No Holiday,Yes,13942
18/03/2018,881,13,10.6,43,1.3,705,-1.4,1.07,0.0,0.0,Spring,No Holiday,Yes,14167
14/05/2018,779,10,16.6,67,0.9,479,10.4,1.23,0.0,0.0,Spring,No Holiday,Yes,18135
25/07/2018,499,2,28.8,68,1.8,2000,22.2,0.0,0.0,0.0,Summer,No Holiday,Yes,15101
11/04/2018,0,11,14.9,44,4.0,1468,2.7,2.75,0.0,0.0,Spring,No Holiday,No,16360
05/03/2018,4,4,5.1,90,2.6,1005,3.5,0.0,0.0,0.0,Spring,No Holiday,Yes,14256
31/12/2017,209,12,1.4,47,4.5,1388,-8.7,1.1,0.0,1.0,Winter,Holiday,Yes,14842
27/10/2018,775,21,7.3,49,3.4,2000,-2.7,0.0,0.0,0.0,Autumn,No Holiday,Yes,14262
08/06/2018,2797,19,24.5,63,3.1,970,16.9,0.46,0.0,0.0,Summer,No Holiday,Yes,10401
26/03/2018,447,23,9.8,62,0.6,535,2.8,0.0,0.0,0.0,Spring,No Holiday,Yes,18662
26/01/2018,171,19,-13.2,33,2.4,1863,-26.1,0.0,0.0,0.3,Winter,No Holiday,Yes,17084
28/09/2018,0,22,17.1,70,1.0,2000,11.5,0.0,0.0,0.0,Autumn,No Holiday,No,12760
05/03/2018,274,23,1.9,60,1.3,2000,-5.0,0.0,0.0,0.0,Spring,No Holiday,Yes,18659
21/05/2018,2214,17,22.2,45,2.4,2000,9.6,0.83,0.0,0.0,Spring,No Holiday,Yes,17896
03/03/2018,1285,16,15.8,15,2.6,1867,-10.8,1.7,0.0,0.0,Spring,No Holiday,Yes,14729
03/02/2018,123,2,-3.4,82,4.2,184,-6.0,0.0,0.0,0.0,Winter,No Holiday,Yes,11591
12/11/2018,1466,19,9.8,46,2.8,1945,-1.2,0.0,0.0,0.0,Autumn,No Holiday,Yes,13378
22/08/2018,710,11,32.1,49,1.6,1874,20.0,2.63,0.0,0.0,Summer,No Holiday,Yes,18182
01/06/2018,1076,12,28.2,34,2.6,1867,10.8,3.26,0.0,0.0,Summer,No Holiday,Yes,18358
04/01/2018,397,17,-2.1,37,1.4,1591,-14.8,0.09,0.0,0.0,Winter,No Holiday,Yes,11868
29/10/2018,796,11,11.0,46,2.6,1946,-0.1,1.97,0.0,0.0,Autumn,No Holiday,Yes,18367
29/01/2018,450,8,-11.5,38,1.0,1998,-23.0,0.01,0.0,0.0,Winter,No Holiday,Yes,17482
16/10/2018,1407,16,19.5,32,2.1,1436,2.3,1.1,0.0,0.0,Autumn,No Holiday,Yes,17888
16/02/2018,137,12,2.2,19,1.4,1946,-19.1,2.01,0.0,0.0,Winter,Holiday,Yes,12263
09/09/2018,589,2,18.1,57,0.3,2000,9.4,0.0,0.0,0.0,Autumn,No Holiday,Yes,11819
10/07/2018,84,2,20.5,98,0.5,596,20.1,0.0,6.5,0.0,Summer,No Holiday,Yes,11781
22/07/2018,1088,0,28.1,56,0.2,2000,18.4,0.0,0.0,0.0,Summer,No Holiday,Yes,16445
27/02/2018,183,6,0.6,50,0.4,985,-8.6,0.0,0.0,0.0,Winter,No Holiday,Yes,17720
06/11/2018,0,13,16.1,56,1.7,328,7.3,1.54,0.0,0.0,Autumn,No Holiday,No,11648
23/06/2018,1072,9,24.3,37,1.1,1939,8.6,1.31,0.0,0.0,Summer,No Holiday,Yes,11601
30/04/2018,132,4,14.6,57,1.2,495,6.1,0.0,0.0,0.0,Spring,No Holiday,Yes,15414
22/07/2018,1346,22,31.7,51,1.4,1742,20.3,0.0,0.0,0.0,Summer,No Holiday,Yes,13735
28/08/2018,1182,7,22.6,88,0.8,2000,20.5,0.06,0.0,0.0,Summer,No Holiday,Yes,14866
01/07/2018,60,6,22.3,93,0.6,1262,21.1,0.01,0.4,0.0,Summer,No Holiday,Yes,18225
27/09/2018,1019,11,21.3,43,1.7,1998,8.2,2.42,0.0,0.0,Autumn,No Holiday,Yes,14263
09/10/2018,0,3,11.0,66,0.9,2000,4.8,0.0,0.0,0.0,Autumn,Holiday,No,14508
16/11/2018,376,2,7.7,63,1.0,704,1.0,0.0,0.0,0.0,Autumn,No Holiday,Yes,10230
18/10/2018,944,23,10.9,64,0.2,2000,4.3,0.0,0.0,0.0,Autumn,No Holiday,Yes,14876
14/05/2018,1891,17,24.4,51,1.9,466,13.5,1.42,0.0,0.0,Spring,No Holiday,Yes,13640
12/02/2018,340,19,-4.9,52,2.0,2000,-13.2,0.0,0.0,0.0,Winter,No Holiday,Yes,13601
04/06/2018,1148,14,26.5,43,3.9,1671,12.8,2.36,0.0,0.0,Summer,No Holiday,Yes,17952
25/03/2018,784,13,14.6,38,1.9,315,0.4,2.75,0.0,0.0,Spring,No Holiday,Yes,13082
30/06/2018,871,11,26.4,71,1.0,430,20.7,1.36,0.0,0.0,Summer,No Holiday,Yes,17285
08/07/2018,277,4,18.4,57,1.1,2000,9.7,0.0,0.0,0.0,Summer,No Holiday,Yes,11342
19/08/2018,1016,23,27.5,60,0.3,2000,19.0,0.0,0.0,0.0,Summer,No Holiday,Yes,14550
16/07/2018,211,4,24.6,84,0.7,1373,21.7,0.0,0.0,0.0,Summer,No Holiday,Yes,14487
21/03/2018,240,0,1.6,39,2.3,2000,-10.8,0.0,0.0,0.0,Spring,No Holiday,Yes,10783
27/10/2018,388,7,7.3,65,3.2,2000,1.1,0.0,0.0,0.0,Autumn,No Holiday,Yes,12932
13/05/2018,2379,16,19.5,65,2.9,857,12.7,1.97,0.0,0.0,Spring,No Holiday,Yes,12284
04/02/2018,177,14,-7.4,33,4.0,1713,-20.9,2.17,0.0,0.0,Winter,No Holiday,Yes,10061
11/06/2018,324,5,18.8,61,1.2,2000,11.1,0.0,0.0,0.0,Summer,No Holiday,Yes,15800
28/11/2018,798,9,3.0,30,1.3,1242,-12.9,0.3,0.0,0.0,Autumn,No Holiday,Yes,17490
08/05/2018,2020,17,21.7,38,2.0,2000,6.7,1.17,0.0,0.0,Spring,No Holiday,Yes,15018
14/10/2018,1377,19,15.1,60,2.9,1979,7.3,0.0,0.0,0.0,Autumn,No Holiday,Yes,15587
01/08/2018,724,1,29.9,70,1.0,2000,23.8,0.0,0.0,0.0,Summer,No Holiday,Yes,12237
10/09/2018,792,0,20.7,57,1.8,2000,11.8,0.0,0.0,0.0,Autumn,No Holiday,Yes,12651
20/01/2018,220,21,2.1,48,2.8,346,-7.7,0.0,0.0,0.0,Winter,No Holiday,Yes,10630
25/03/2018,882,14,16.1,37,2.4,315,1.3,2.62,0.0,0.0,Spring,No Holiday,Yes,11814
30/03/2018,261,2,10.8,72,0.4,639,5.9,0.0,0.0,0.0,Spring,No Holiday,Yes,10883
15/04/2018,65,5,5.8,85,1.3,829,3.4,0.0,0.0,0.0,Spring,No Holiday,Yes,11432
29/10/2018,1026,20,6.8,59,3.2,2000,-0.6,0.0,0.0,0.0,Autumn,No Holiday,Yes,13141
11/10/2018,1233,7,6.3,65,1.0,2000,0.1,0.01,0.0,0.0,Autumn,No Holiday,Yes,15783
11/12/2017,325,7,-6.0,39,3.1,1996,-17.7,0.0,0.0,0.0,Winter,No Holiday,Yes,18506
10/06/2018,375,1,19.7,71,1.2,1986,14.2,0.0,0.5,0.0,Summer,No Holiday,Yes,17342
10/05/2018,0,5,11.5,80,0.9,974,8.1,0.0,0.0,0.0,Spring,No Holiday,No,10735
10/09/2018,487,1,20.5,58,1.7,2000,11.9,0.0,0.0,0.0,Autumn,No Holiday,Yes,10426
19/08/2018,392,7,23.3,64,1.0,2000,16.0,0.1,0.0,0.0,Summer,No Holiday,Yes,17795
04/02/2018,21,5,-11.5,51,3.3,1996,-19.6,0.0,0.0,0.0,Winter,No Holiday,Yes,15751
16/06/2018,381,6,16.3,66,0.7,2000,9.9,0.05,0.0,0.0,Summer,No Holiday,Yes,14582
19/03/2018,387,9,8.2,81,2.7,1273,5.1,0.2,0.5,0.0,Spring,No Holiday,Yes,13508
13/04/2018,1063,14,18.7,14,1.6,2000,-9.3,1.25,0.0,0.0,Spring,No Holiday,Yes,17158
30/09/2018,0,20,16.0,39,2.9,2000,2.0,0.0,0.0,0.0,Autumn,No Holiday,No,16658
30/05/2018,975,11,22.8,66,2.7,1270,16.1,2.76,0.0,0.0,Spring,No Holiday,Yes,10094
14/07/2018,1058,15,31.1,59,2.3,1929,22.1,2.34,0.0,0.0,Summer,No Holiday,Yes,13068
06/11/2018,0,16,16.6,55,1.3,334,7.5,0.66,0.0,0.0,Autumn,No Holiday,No,13770
09/09/2018,1930,20,22.9,58,2.6,2000,14.1,0.0,0.0,0.0,Autumn,No Holiday,Yes,16429
01/10/2018,632,6,13.3,56,2.3,2000,4.6,0.0,0.0,0.0,Autumn,No Holiday,Yes,10149
08/08/2018,624,11,32.7,55,2.7,1836,22.4,2.44,0.0,0.0,Summer,No Holiday,Yes,15237
20/11/2018,286,2,2.6,46,1.5,1811,-7.8,0.0,0.0,0.0,Autumn,No Holiday,Yes,18100
03/01/2018,431,19,-3.7,41,2.0,2000,-15.0,0.0,0.0,0.0,Winter,No Holiday,Yes,15290
29/05/2018,625,6,19.5,64,0.4,1268,12.5,0.02,0.0,0.0,Spring,No Holiday,Yes,15707
18/05/2018,509,13,16.7,93,1.0,1373,15.5,0.72,0.5,0.0,Spring,No Holiday,Yes,17453
08/01/2018,278,11,1.7,37,0.6,1062,-11.4,0.23,0.0,0.0,Winter,No Holiday,Yes,11417
05/09/2018,1072,12,27.1,44,5.0,2000,13.7,2.8,0.0,0.0,Autumn,No Holiday,Yes,17943
31/10/2018,1462,17,11.3,41,1.8,2000,-1.4,0.51,0.0,0.0,Autumn,No Holiday,Yes,15837
10/07/2018,29,0,20.4,97,0.3,183,19.9,0.0,5.5,0.0,Summer,No Holiday,Yes,11316
09/08/2018,466,2,28.5,79,1.2,1546,24.4,0.0,0.0,0.0,Summer,No Holiday,Yes,13072
28/07/2018,1211,21,29.1,78,1.1,1362,24.8,0.0,0.0,0.0,Summer,No Holiday,Yes,11488
05/10/2018,973,0,19.0,64,1.9,2000,12.0,0.0,0.0,0.0,Autumn,No Holiday,Yes,12803
16/03/2018,287,0,8.4,86,2.2,2000,6.1,0.0,0.0,0.0,Spring,No Holiday,Yes,13328
21/07/2018,735,12,34.2,35,1.8,1528,16.5,3.14,0.0,0.0,Summer,No Holiday,Yes,15033
14/03/2018,789,13,20.9,44,4.7,1795,8.1,2.66,0.0,0.0,Spring,No Holiday,Yes,10633
29/06/2018,2099,17,28.5,60,2.6,1014,19.9,1.33,0.0,0.0,Summer,No Holiday,Yes,13471
16/04/2018,132,5,5.3,73,0.8,1474,0.8,0.0,0.0,0.0,Spring,No Holiday,Yes,18148
02/12/2017,70,6,-4.3,82,2.1,1178,-6.9,0.0,0.0,0.0,Winter,No Holiday,Yes,16992
29/09/2018,1495,12,23.8,44,1.7,2000,10.8,2.66,0.0,0.0,Autumn,No Holiday,Yes,13188
24/05/2018,1838,21,19.3,50,1.7,1381,8.6,0.0,0.0,0.0,Spring,No Holiday,Yes,11093
02/03/2018,568,19,2.0,26,2.3,1985,-15.5,0.02,0.0,0.0,Spring,No Holiday,Yes,11933
17/10/2018,896,23,9.7,56,0.7,2000,1.3,0.0,0.0,0.0,Autumn,No Holiday,Yes,14714
07/11/2018,555,10,11.9,84,0.9,482,9.2,0.2,0.0,0.0,Autumn,No Holiday,Yes,16438
24/12/2017,128,23,0.0,63,3.2,884,-6.2,0.0,0.0,0.0,Winter,Holiday,Yes,12266
01/10/2018,1087,13,17.6,49,4.7,2000,6.7,1.89,0.0,0.0,Autumn,No Holiday,Yes,12855
17/12/2017,132,2,-8.7,40,2.8,2000,-19.8,0.0,0.0,0.0,Winter,No Holiday,Yes,15420
07/03/2018,799,19,8.9,44,2.3,2000,-2.7,0.0,0.0,0.0,Spring,No Holiday,Yes,17853
09/08/2018,334,3,28.3,80,1.4,1617,24.5,0.0,0.0,0.0,Summer,No Holiday,Yes,15119
05/07/2018,996,12,27.0,68,1.1,1744,20.5,1.2,0.0,0.0,Summer,No Holiday,Yes,18465
28/09/2018,0,16,21.9,46,1.2,1995,9.7,1.67,0.0,0.0,Autumn,No Holiday,No,16021
11/11/2018,314,3,7.1,85,0.7,329,4.7,0.0,0.0,0.0,Autumn,No Holiday,Yes,15932
30/12/2017,30,22,1.8,92,1.2,94,0.6,0.0,0.0,0.0,Winter,No Holiday,Yes,16340
15/01/2018,306,14,7.1,52,2.1,646,-2.1,0.76,0.0,0.0,Winter,No Holiday,Yes,10138
06/12/2017,379,7,-4.2,77,0.0,1741,-7.6,0.0,0.0,0.3,Winter,No Holiday,Yes,11394
04/05/2018,1323,15,19.9,26,3.8,1898,-0.1,3.0,0.0,0.0,Spring,No Holiday,Yes,13663
14/07/2018,1177,16,31.7,55,2.3,1895,21.5,2.16,0.0,0.0,Summer,No Holiday,Yes,15847
08/03/2018,8,4,3.3,90,1.3,682,1.8,0.0,0.0,0.0,Spring,No Holiday,Yes,17802
05/05/2018,352,7,12.9,55,2.3,1952,4.0,0.29,0.0,0.0,Spring,No Holiday,Yes,12947
23/08/2018,1678,8,28.1,58,1.3,2000,19.0,0.14,0.0,0.0,Summer,No Holiday,Yes,17461
07/07/2018,1430,14,28.3,43,1.6,1941,14.5,3.33,0.0,0.0,Summer,No Holiday,Yes,13940
24/01/2018,364,8,-16.2,30,1.6,2000,-29.8,0.0,0.0,0.9,Winter,No Holiday,Yes,16215
21/02/2018,223,23,-2.7,58,1.1,2000,-9.8,0.0,0.0,0.0,Winter,No Holiday,Yes,13716
07/04/2018,426,22,3.5,41,2.8,2000,-8.5,0.0,0.0,0.0,Spring,No Holiday,Yes,12640
16/06/2018,1704,13,26.2,37,1.2,1936,10.3,3.36,0.0,0.0,Summer,No Holiday,Yes,14958
25/05/2018,1630,22,18.3,54,1.7,1394,8.8,0.0,0.0,0.0,Spring,No Holiday,Yes,13057
17/02/2018,79,0,-2.7,41,3.2,1695,-14.1,0.0,0.0,0.0,Winter,Holiday,Yes,16587
19/05/2018,1051,10,17.2,45,2.1,2000,5.1,2.61,0.0,0.0,Spring,No Holiday,Yes,18309
26/02/2018,46,3,-1.9,67,1.0,1575,-7.2,0.0,0.0,0.0,Winter,No Holiday,Yes,17816
23/01/2018,120,1,-6.0,76,3.1,1178,-9.5,0.0,0.0,1.0,Winter,No Holiday,Yes,14936
30/01/2018,94,6,-11.2,53,0.9,2000,-18.9,0.0,0.0,0.0,Winter,No Holiday,Yes,13214
28/10/2018,962,14,12.4,72,1.9,1860,7.4,1.06,0.0,0.0,Autumn,No Holiday,Yes,10442
18/11/2018,632,22,6.8,53,0.4,1498,-2.1,0.0,0.0,0.0,Autumn,No Holiday,Yes,13944
02/06/2018,264,5,17.8,69,1.1,951,12.0,0.0,0.0,0.0,Summer,No Holiday,Yes,13830
08/04/2018,170,21,2.8,88,2.1,592,1.0,0.0,0.0,0.0,Spring,No Holiday,Yes,10238
20/03/2018,543,20,2.7,45,3.3,2000,-8.0,0.0,0.0,0.0,Spring,No Holiday,Yes,17385
28/06/2018,596,18,20.6,97,0.7,222,20.1,0.14,21.5,0.0,Summer,No Holiday,Yes,13714
30/06/2018,1275,0,23.0,84,1.9,375,20.1,0.0,0.0,0.0,Summer,No Holiday,Yes,14904
18/10/2018,694,0,9.2,64,0.7,2000,2.7,0.0,0.0,0.0,Autumn,No Holiday,Yes,13176
26/08/2018,769,1,22.5,80,0.6,2000,18.8,0.0,0.0,0.0,Summer,No Holiday,Yes,10397
14/06/2018,187,8,18.9,97,1.2,492,18.4,0.06,11.5,0.0,Summer,No Holiday,Yes,10903
09/02/2018,283,14,4.0,25,0.9,1009,-14.3,1.06,0.0,0.0,Winter,No Holiday,Yes,12725
26/09/2018,1686,13,23.4,34,2.1,2000,6.6,2.84,0.0,0.0,Autumn,No Holiday,Yes,16693
05/12/2017,415,21,-3.7,47,0.0,2000,-13.3,0.0,0.0,0.0,Winter,No Holiday,Yes,14483
16/11/2018,915,14,13.3,53,2.6,761,3.9,1.34,0.0,0.0,Autumn,No Holiday,Yes,18554
07/07/2018,1079,1,21.1,57,2.0,2000,12.2,0.0,0.0,0.0,Summer,No Holiday,Yes,10609
30/08/2018,285,6,24.2,96,1.6,1206,23.5,0.0,0.0,0.0,Summer,No Holiday,Yes,17757
13/07/2018,241,4,24.8,86,2.1,1103,22.2,0.0,0.0,0.0,Summer,No Holiday,Yes,11229
26/10/2018,603,23,10.2,64,3.9,2000,3.6,0.0,0.0,0.0,Autumn,No Holiday,Yes,14055
27/09/2018,326,2,15.7,53,1.4,2000,6.1,0.0,0.0,0.0,Autumn,No Holiday,Yes,10255
08/12/2017,158,6,-6.0,56,3.5,1853,-13.3,0.0,0.0,0.0,Winter,No Holiday,Yes,10210
06/01/2018,214,21,-2.5,47,0.8,1495,-12.2,0.0,0.0,0.0,Winter,No Holiday,Yes,16207
28/04/2018,672,1,12.7,74,1.8,392,8.1,0.0,0.0,0.0,Spring,No Holiday,Yes,16094
17/01/2018,270,11,6.0,51,1.0,436,-3.3,0.55,0.0,0.0,Winter,No Holiday,Yes,16211
28/10/2018,385,16,12.2,65,1.9,2000,5.8,0.52,0.0,0.0,Autumn,No Holiday,Yes,16620
21/06/2018,215,4,19.6,87,1.2,465,17.3,0.0,0.0,0.0,Summer,No Holiday,Yes,12188
28/12/2017,61,5,-5.7,28,1.2,2000,-21.3,0.0,0.0,0.0,Winter,No Holiday,Yes,11879
21/02/2018,409,16,3.7,14,3.9,2000,-21.4,1.71,0.0,0.0,Winter,No Holiday,Yes,15376
19/06/2018,937,10,23.7,56,1.6,1074,14.3,1.34,0.0,0.0,Summer,No Holiday,Yes,16537
09/06/2018,1200,11,27.2,46,1.7,1301,14.5,2.88,0.0,0.0,Summer,No Holiday,Yes,17899
30/11/2018,474,0,1.8,62,1.6,1411,-4.7,0.0,0.0,0.0,Autumn,No Holiday,Yes,11608
20/04/2018,168,5,11.4,60,0.4,851,3.8,0.0,0.0,0.0,Spring,No Holiday,Yes,15082
06/06/2018,925,9,22.9,56,2.3,763,13.6,1.74,0.0,0.0,Summer,Holiday,Yes,13255
11/06/2018,1204,12,23.2,52,1.2,2000,12.7,0.82,0.0,0.0,Summer,No Holiday,Yes,12634
25/12/2017,72,4,-3.0,51,3.2,2000,-11.7,0.0,0.0,0.0,Winter,Holiday,Yes,10593
17/07/2018,1003,0,26.4,76,1.2,2000,21.8,0.0,0.0,0.0,Summer,No Holiday,Yes,10764
12/08/2018,1117,19,32.0,76,2.1,692,27.2,0.1,1.0,0.0,Summer,No Holiday,Yes,15709
30/01/2018,84,2,-10.6,40,1.0,2000,-21.6,0.0,0.0,0.0,Winter,No Holiday,Yes,12113
13/12/2017,373,19,-6.6,31,1.6,2000,-20.9,0.0,0.0,0.0,Winter,No Holiday,Yes,13025
21/06/2018,2176,17,28.4,43,3.3,1715,14.6,2.04,0.0,0.0,Summer,No Holiday,Yes,11227
27/02/2018,102,3,1.1,44,1.0,1128,-9.8,0.0,0.0,0.0,Winter,No Holiday,Yes,16392
12/03/2018,261,6,2.8,57,0.7,920,-4.8,0.0,0.0,0.0,Spring,No Holiday,Yes,17634
30/08/2018,42,4,23.9,96,0.4,1797,23.2,0.0,0.0,0.0,Summer,No Holiday,Yes,17083
16/08/2018,2127,21,26.8,46,2.0,2000,14.2,0.0,0.0,0.0,Summer,No Holiday,Yes,18290
21/04/2018,1491,21,17.8,21,1.2,2000,-4.8,0.0,0.0,0.0,Spring,No Holiday,Yes,10242
17/05/2018,38,3,21.8,98,0.6,113,21.4,0.0,2.5,0.0,Spring,No Holiday,Yes,14534
25/01/2018,152,16,-9.6,31,2.6,1973,-23.6,0.66,0.0,0.5,Winter,No Holiday,Yes,17165
21/10/2018,428,2,9.8,63,0.6,1591,3.0,0.0,0.0,0.0,Autumn,No Holiday,Yes,14773
17/09/2018,2100,21,21.3,66,2.3,1989,14.6,0.0,0.0,0.0,Autumn,No Holiday,Yes,12886
11/02/2018,150,18,-4.6,56,3.6,2000,-12.0,0.09,0.0,0.0,Winter,No Holiday,Yes,17170
24/11/2018,95,5,3.2,27,1.6,2000,-14.0,0.0,0.0,0.0,Autumn,No Holiday,Yes,15743
18/04/2018,987,9,11.2,31,1.7,1299,-5.3,1.59,0.0,0.0,Spring,No Holiday,Yes,10247
24/09/2018,426,10,18.5,38,3.3,2000,3.8,2.02,0.0,0.0,Autumn,Holiday,Yes,14251
24/02/2018,219,22,0.1,32,0.9,1937,-14.6,0.0,0.0,0.0,Winter,No Holiday,Yes,14888
30/08/2018,1887,18,26.1,72,2.4,1066,20.6,0.19,0.0,0.0,Summer,No Holiday,Yes,18052
31/08/2018,1686,8,23.1,80,0.2,1066,19.4,0.27,0.1,0.0,Summer,No Holiday,Yes,15730
26/09/2018,2339,18,22.1,45,1.5,2000,9.6,0.27,0.0,0.0,Autumn,No Holiday,Yes,13033
31/07/2018,1772,20,33.5,50,2.1,2000,21.6,0.04,0.0,0.0,Summer,No Holiday,Yes,16431
14/06/2018,100,6,19.5,95,1.4,179,18.6,0.0,1.5,0.0,Summer,No Holiday,Yes,10819
03/06/2018,2131,17,29.5,29,4.1,1944,9.5,1.84,0.0,0.0,Summer,No Holiday,Yes,11473
23/08/2018,711,11,29.9,57,1.7,1992,20.4,0.88,0.1,0.0,Summer,No Holiday,Yes,11787
03/09/2018,443,11,23.7,86,0.6,1798,21.2,0.31,0.0,0.0,Autumn,No Holiday,Yes,16665
24/01/2018,124,16,-11.2,30,4.7,2000,-25.3,0.77,0.0,0.7,Winter,No Holiday,Yes,11616
18/08/2018,262,5,22.0,58,1.0,2000,13.3,0.0,0.0,0.0,Summer,No Holiday,Yes,14496
19/03/2018,12,3,6.5,88,0.9,276,4.6,0.0,0.3,0.0,Spring,No Holiday,Yes,16192
21/03/2018,1097,8,1.6,42,1.8,2000,-9.9,0.13,0.0,0.0,Spring,No Holiday,Yes,13513
06/08/2018,699,7,28.5,82,0.8,914,25.1,0.09,0.0,0.0,Summer,No Holiday,Yes,18085
14/01/2018,353,15,4.6,50,0.9,824,-4.9,0.62,0.0,0.0,Winter,No Holiday,Yes,13897
17/02/2018,71,1,-3.1,36,3.5,2000,-16.0,0.0,0.0,0.0,Winter,Holiday,Yes,13053
19/11/2018,1904,18,7.5,48,2.4,1079,-2.8,0.0,0.0,0.0,Autumn,No Holiday,Yes,14031
10/11/2018,167,6,9.5,85,0.6,304,7.0,0.0,0.0,0.0,Autumn,No Holiday,Yes,12879
08/01/2018,146,21,0.7,77,6.7,692,-2.8,0.0,0.9,1.0,Winter,No Holiday,Yes,17298
05/03/2018,22,5,4.7,89,2.3,1242,3.0,0.0,0.0,0.0,Spring,No Holiday,Yes,15533
11/09/2018,910,0,20.1,52,1.5,2000,9.9,0.0,0.0,0.0,Autumn,No Holiday,Yes,11426
25/06/2018,2331,8,23.8,66,0.9,960,17.0,0.74,0.0,0.0,Summer,No Holiday,Yes,13543
10/04/2018,1023,12,20.5,37,4.6,1761,5.2,2.94,0.0,0.0,Spring,No Holiday,Yes,12424
24/03/2018,360,1,4.7,51,1.1,728,-4.5,0.0,0.0,0.0,Spring,No Holiday,Yes,18296
27/09/2018,2422,19,20.6,44,0.7,2000,7.9,0.01,0.0,0.0,Autumn,No Holiday,Yes,13675
29/07/2018,630,14,35.4,43,1.4,2000,20.9,2.48,0.0,0.0,Summer,No Holiday,Yes,12863
07/12/2017,198,0,1.4,92,0.5,240,0.2,0.0,0.0,0.9,Winter,No Holiday,Yes,18323
29/04/2018,485,8,12.2,50,0.8,1412,2.0,0.84,0.0,0.0,Spring,No Holiday,Yes,12996
01/06/2018,3088,18,28.5,36,3.0,1981,11.9,1.21,0.0,0.0,Summer,No Holiday,Yes,12433
08/08/2018,1079,7,28.2,82,1.5,985,24.8,0.19,0.0,0.0,Summer,No Holiday,Yes,10644
05/10/2018,23,22,16.2,92,2.6,1771,14.8,0.0,1.5,0.0,Autumn,No Holiday,Yes,15635
14/03/2018,1181,21,16.8,67,2.0,1775,10.6,0.0,0.0,0.0,Spring,No Holiday,Yes,10784
10/02/2018,97,7,1.6,81,1.4,393,-1.3,0.0,0.0,0.0,Winter,No Holiday,Yes,10290
08/04/2018,182,23,2.9,85,0.9,829,0.6,0.0,0.0,0.0,Spring,No Holiday,Yes,18171
07/04/2018,426,9,3.4,37,3.6,1668,-9.9,1.07,0.0,0.0,Spring,No Holiday,Yes,15882
09/10/2018,0,21,16.8,52,1.6,2000,6.8,0.0,0.0,0.0,Autumn,Holiday,No,14166
06/09/2018,1186,9,23.5,72,0.5,1485,18.1,0.95,0.0,0.0,Autumn,No Holiday,Yes,12323
03/07/2018,1069,15,32.0,54,1.2,1962,21.5,2.99,0.0,0.0,Summer,No Holiday,Yes,11568
01/01/2018,203,21,-0.9,44,1.2,1871,-11.6,0.0,0.0,0.0,Winter,Holiday,Yes,14649
10/03/2018,650,12,7.1,50,2.2,909,-2.6,2.47,0.0,0.0,Spring,No Holiday,Yes,12492
17/04/2018,1632,17,18.3,29,4.3,1626,0.0,1.61,0.0,0.0,Spring,No Holiday,Yes,17241
07/04/2018,108,6,1.7,58,3.8,1189,-5.6,0.0,0.0,0.0,Spring,No Holiday,Yes,17410
10/12/2017,243,2,0.2,52,0.7,1726,-8.5,0.0,0.0,0.0,Winter,No Holiday,Yes,18113
21/06/2018,2370,8,21.4,65,1.9,821,14.5,1.15,0.0,0.0,Summer,No Holiday,Yes,16568
10/01/2018,266,17,-6.5,34,4.0,2000,-19.8,0.31,0.0,0.0,Winter,No Holiday,Yes,13815
26/08/2018,1163,0,22.8,78,1.5,2000,18.7,0.0,0.0,0.0,Summer,No Holiday,Yes,17591
07/10/2018,768,1,16.0,88,1.2,2000,14.0,0.0,0.0,0.0,Autumn,No Holiday,Yes,13697
07/01/2018,149,23,1.1,39,0.6,1422,-11.3,0.0,0.0,0.0,Winter,No Holiday,Yes,13998
07/12/2017,431,12,3.7,65,2.4,833,-2.2,0.98,0.0,0.3,Winter,No Holiday,Yes,12116
05/01/2018,123,6,-5.1,54,1.3,1346,-12.9,0.0,0.0,0.0,Winter,No Holiday,Yes,10144
15/06/2018,986,0,21.0,70,0.9,2000,15.3,0.0,0.0,0.0,Summer,No Holiday,Yes,18312
27/09/2018,1404,15,23.4,35,1.4,2000,7.0,1.39,0.0,0.0,Autumn,No Holiday,Yes,11738
17/11/2018,315,7,0.8,77,0.9,1300,-2.7,0.0,0.0,0.0,Autumn,No Holiday,Yes,16789
09/12/2017,481,17,3.5,37,1.8,1963,-9.8,0.1,0.0,0.0,Winter,No Holiday,Yes,12506
27/03/2018,618,14,19.4,45,2.0,624,7.1,2.05,0.0,0.0,Spring,No Holiday,Yes,13150
21/01/2018,152,9,-3.2,46,0.8,1091,-13.2,0.15,0.0,0.0,Winter,No Holiday,Yes,11254
02/06/2018,560,7,18.1,59,0.6,789,9.9,0.47,0.0,0.0,Summer,No Holiday,Yes,10241
08/05/2018,792,10,20.0,48,1.9,2000,8.6,2.46,0.0,0.0,Spring,No Holiday,Yes,10786
01/11/2018,1011,9,4.7,60,0.9,1219,-2.4,0.82,0.0,0.0,Autumn,No Holiday,Yes,16722
19/12/2017,384,18,-3.8,42,3.3,2000,-14.8,0.0,0.0,2.0,Winter,No Holiday,Yes,12941
12/12/2017,225,13,-6.9,37,2.4,1955,-19.1,1.22,0.0,0.0,Winter,No Holiday,Yes,17118
07/05/2018,221,6,14.0,87,0.8,1334,11.8,0.01,0.0,0.0,Spring,No Holiday,Yes,15801
11/01/2018,187,12,-8.6,40,2.6,1700,-19.8,1.11,0.0,0.0,Winter,No Holiday,Yes,12360
23/04/2018,25,8,8.8,95,2.8,519,8.0,0.03,5.0,0.0,Spring,No Holiday,Yes,14196
01/12/2017,460,7,-7.4,38,0.9,2000,-19.3,0.0,0.0,0.0,Winter,No Holiday,Yes,13660
03/12/2017,227,1,3.9,69,1.7,485,-1.2,0.0,0.0,0.0,Winter,No Holiday,Yes,12204
20/07/2018,794,15,34.1,45,2.4,1110,20.4,2.88,0.0,0.0,Summer,No Holiday,Yes,15843
28/03/2018,785,15,18.2,45,4.1,1908,6.0,1.86,0.0,0.0,Spring,No Holiday,Yes,14613
01/10/2018,959,11,17.0,45,4.5,1966,4.9,2.04,0.0,0.0,Autumn,No Holiday,Yes,16435
25/07/2018,791,12,31.1,60,2.7,1331,22.4,1.02,0.0,0.0,Summer,No Holiday,Yes,13347
15/11/2018,154,4,6.1,72,0.5,1052,1.4,0.0,0.0,0.0,Autumn,No Holiday,Yes,16080
19/11/2018,88,4,4.5,67,0.9,1175,-1.1,0.0,0.0,0.0,Autumn,No Holiday,Yes,12980
14/12/2017,382,17,-2.9,31,0.6,1723,-17.7,0.09,0.0,0.0,Winter,No Holiday,Yes,13505
