id,Date,month,dayname,weekend,Hour,Hour_cat,Temperature(°C),Humidity(%),Wind speed (m/s),Visibility (10m),Dew point temperature(°C),Solar Radiation (MJ/m2),Rainfall(mm),Snowfall (mm),WEP (mm),Seasons,Holiday,Functioning Day,Rented Bike Count
10019,2018-06-05,6,Tuesday,0,1,Dawn,20.0,67,0.7,1426,13.6,0.0,0.0,0.0,0.0,Summer,No Holiday,Yes,742
13982,2018-10-30,10,Tuesday,0,19,Evening,8.0,52,2.1,2000,-1.2,0.0,0.0,0.0,0.0,Autumn,No Holiday,Yes,1442
12391,2018-10-05,10,Friday,0,12,Morning,16.6,90,1.7,518,14.9,0.51,2.0,0.0,2.0,Autumn,No Holiday,Yes,23
11580,2018-02-11,2,Sunday,1,2,Dawn,-7.0,42,1.6,2000,-17.7,0.0,0.0,0.0,0.0,Winter,No Holiday,Yes,93
12042,2018-04-28,4,Saturday,1,5,Dawn,10.9,81,1.7,348,7.7,0.0,0.0,0.0,0.0,Spring,No Holiday,Yes,152
12448,2018-06-25,6,Monday,0,15,Afternoon,32.7,31,1.7,1243,13.3,2.3,0.0,0.0,0.0,Summer,No Holiday,Yes,1184
10931,2018-10-13,10,Saturday,1,5,Dawn,6.7,81,1.1,1467,3.6,0.0,0.0,0.0,0.0,Autumn,No Holiday,Yes,148
15928,2018-01-23,1,Tuesday,0,22,Night,-13.9,45,4.0,2000,-23.2,0.0,0.0,0.09,0.09,Winter,No Holiday,Yes,117
15136,2018-04-24,4,Tuesday,0,18,Evening,14.1,43,1.6,2000,1.6,0.36,0.0,0.0,0.0,Spring,No Holiday,Yes,2318
11065,2018-08-30,8,Thursday,0,7,Early Morning,24.3,96,1.4,1025,23.6,0.04,0.0,0.0,0.0,Summer,No Holiday,Yes,771
13792,2017-12-05,12,Tuesday,0,17,Afternoon,-1.6,35,0.0,2000,-15.1,0.0,0.0,0.0,0.0,Winter,No Holiday,Yes,529
16655,2018-10-12,10,Friday,0,8,Early Morning,6.0,64,1.1,1920,-0.3,0.42,0.0,0.0,0.0,Autumn,No Holiday,Yes,1996
14423,2017-12-27,12,Wednesday,0,14,Afternoon,-4.0,18,2.4,2000,-24.8,1.09,0.0,0.0,0.0,Winter,No Holiday,Yes,231
13084,2018-02-25,2,Sunday,1,7,Early Morning,-1.0,47,0.9,1552,-10.9,0.0,0.0,0.0,0.0,Winter,No Holiday,Yes,77
11724,2018-05-02,5,Wednesday,0,1,Dawn,19.6,75,2.1,392,15.0,0.0,0.0,0.0,0.0,Spring,No Holiday,Yes,413
15470,2018-04-26,4,Thursday,0,5,Dawn,10.2,73,0.8,1137,5.5,0.0,0.0,0.0,0.0,Spring,No Holiday,Yes,180
14704,2018-08-26,8,Sunday,1,15,Afternoon,24.3,64,1.8,1931,17.0,0.59,0.0,0.0,0.0,Summer,No Holiday,Yes,782
15463,2018-04-21,4,Saturday,1,12,Morning,24.3,14,3.3,1701,-4.9,3.19,0.0,0.0,0.0,Spring,No Holiday,Yes,1130
17439,2018-11-03,11,Saturday,1,2,Dawn,7.6,68,1.2,1170,2.0,0.0,0.0,0.0,0.0,Autumn,No Holiday,No,0
12068,2018-02-23,2,Friday,0,10,Morning,2.2,83,0.8,221,-0.3,0.92,0.0,0.37,0.37,Winter,No Holiday,Yes,184
16496,2018-10-31,10,Wednesday,0,6,Dawn,3.6,75,0.8,2000,-0.4,0.0,0.0,0.0,0.0,Autumn,No Holiday,Yes,402
15618,2018-03-07,3,Wednesday,0,10,Morning,5.2,52,1.5,1808,-3.8,0.74,0.0,0.0,0.0,Spring,No Holiday,Yes,410
12186,2018-06-10,6,Sunday,1,3,Dawn,18.6,78,0.8,1997,14.6,0.0,0.0,0.0,0.0,Summer,No Holiday,Yes,150
11590,2018-02-14,2,Wednesday,0,6,Dawn,1.1,66,0.9,1550,-4.5,0.0,0.0,0.0,0.0,Winter,No Holiday,Yes,108
18106,2017-12-24,12,Sunday,1,0,Dawn,5.6,78,0.6,196,2.0,0.0,0.0,0.0,0.0,Winter,Holiday,Yes,266
13028,2018-10-24,10,Wednesday,0,21,Evening,12.1,67,1.0,1977,6.1,0.0,0.0,0.0,0.0,Autumn,No Holiday,Yes,1464
18000,2017-12-03,12,Sunday,1,7,Early Morning,3.1,91,1.2,129,1.7,0.0,0.0,0.0,0.0,Winter,No Holiday,Yes,22
11126,2018-08-01,8,Wednesday,0,8,Early Morning,30.3,59,0.8,1920,21.3,1.02,0.0,0.0,0.0,Summer,No Holiday,Yes,1550
17826,2018-08-04,8,Saturday,1,19,Evening,32.0,57,2.9,2000,22.4,0.48,0.0,0.0,0.0,Summer,No Holiday,Yes,1277
14847,2018-01-20,1,Saturday,1,14,Afternoon,5.9,61,3.2,623,-1.0,0.52,0.0,0.0,0.0,Winter,No Holiday,Yes,334
18454,2018-05-18,5,Friday,0,7,Early Morning,16.6,98,0.6,219,16.2,0.01,0.5,0.0,0.5,Spring,No Holiday,Yes,210
17003,2018-02-09,2,Friday,0,0,Dawn,-4.6,38,0.1,1551,-16.7,0.0,0.0,0.0,0.0,Winter,No Holiday,Yes,178
18372,2018-02-15,2,Thursday,0,13,Afternoon,2.2,18,3.4,1942,-19.7,2.3,0.0,0.0,0.0,Winter,Holiday,Yes,240
16933,2018-04-14,4,Saturday,1,9,Early Morning,7.5,94,1.5,506,6.5,0.15,1.5,0.0,1.5,Spring,No Holiday,Yes,17
12240,2018-03-04,3,Sunday,1,7,Early Morning,8.4,97,2.6,122,7.9,0.0,0.0,0.0,0.0,Spring,No Holiday,Yes,23
17585,2018-10-08,10,Monday,0,12,Morning,19.2,31,0.5,1994,1.6,2.4,0.0,0.0,0.0,Autumn,No Holiday,Yes,1238
12700,2018-10-18,10,Thursday,0,21,Evening,12.6,60,0.5,2000,5.0,0.0,0.0,0.0,0.0,Autumn,No Holiday,Yes,1466
12020,2018-02-12,2,Monday,0,11,Morning,-6.1,25,2.8,1976,-22.9,1.28,0.0,0.0,0.0,Winter,No Holiday,Yes,190
10797,2018-07-19,7,Thursday,0,18,Evening,33.0,51,2.4,1566,21.5,1.23,0.0,0.0,0.0,Summer,No Holiday,Yes,2640
14676,2018-03-11,3,Sunday,1,22,Night,5.3,31,2.3,1842,-10.5,0.0,0.0,0.0,0.0,Spring,No Holiday,Yes,419
11749,2018-11-08,11,Thursday,0,19,Evening,12.8,97,0.9,245,12.3,0.0,0.0,0.0,0.0,Autumn,No Holiday,Yes,19
11504,2018-09-13,9,Thursday,0,1,Dawn,21.5,65,1.0,2000,14.6,0.0,0.0,0.0,0.0,Autumn,No Holiday,Yes,736
10183,2018-02-16,2,Friday,0,17,Afternoon,2.5,48,4.2,1979,-7.4,0.76,0.0,0.0,0.0,Winter,Holiday,Yes,210
15616,2018-05-03,5,Thursday,0,17,Afternoon,13.2,49,4.2,1999,2.7,0.69,0.0,0.0,0.0,Spring,No Holiday,Yes,1421
13694,2018-10-29,10,Monday,0,8,Early Morning,5.1,67,0.3,1981,-0.5,0.24,0.0,0.0,0.0,Autumn,No Holiday,Yes,1888
16425,2018-08-14,8,Tuesday,0,4,Dawn,28.1,71,0.4,2000,22.3,0.0,0.0,0.0,0.0,Summer,No Holiday,Yes,209
16677,2018-06-01,6,Friday,0,9,Early Morning,23.1,52,1.7,1012,12.6,1.88,0.0,0.0,0.0,Summer,No Holiday,Yes,1219
14319,2018-11-28,11,Wednesday,0,0,Dawn,5.1,36,2.2,774,-8.7,0.0,0.0,0.0,0.0,Autumn,No Holiday,Yes,450
15900,2018-09-22,9,Saturday,1,8,Early Morning,18.2,86,0.0,858,15.8,0.48,0.0,0.0,0.0,Autumn,No Holiday,Yes,654
15244,2018-02-25,2,Sunday,1,18,Evening,5.2,30,2.8,1877,-11.0,0.36,0.0,0.0,0.0,Winter,No Holiday,Yes,402
15588,2018-08-26,8,Sunday,1,7,Early Morning,20.7,85,0.5,1052,18.0,0.11,0.0,0.0,0.0,Summer,No Holiday,Yes,381
17213,2018-11-09,11,Friday,0,21,Evening,11.4,74,1.9,498,6.9,0.0,0.0,0.0,0.0,Autumn,No Holiday,No,0
10465,2018-07-08,7,Sunday,1,6,Dawn,17.8,58,1.1,2000,9.4,0.04,0.0,0.0,0.0,Summer,No Holiday,Yes,267
17465,2018-08-28,8,Tuesday,0,19,Evening,23.9,98,0.8,1792,23.5,0.0,7.0,0.0,7.0,Summer,No Holiday,Yes,84
16236,2017-12-16,12,Saturday,1,0,Dawn,-2.6,73,3.4,787,-6.7,0.0,0.0,0.0,0.0,Winter,No Holiday,Yes,217
16279,2018-10-13,10,Saturday,1,21,Evening,12.6,56,1.1,1053,4.0,0.0,0.0,0.0,0.0,Autumn,No Holiday,Yes,1312
17623,2018-05-13,5,Sunday,1,10,Morning,15.2,88,2.2,1090,13.2,0.55,0.0,0.0,0.0,Spring,No Holiday,Yes,716
12272,2017-12-28,12,Thursday,0,16,Afternoon,0.3,57,2.3,1204,-7.2,0.19,0.0,0.0,0.0,Winter,No Holiday,Yes,390
14447,2018-07-30,7,Monday,0,21,Evening,33.1,48,1.1,2000,20.6,0.0,0.0,0.0,0.0,Summer,No Holiday,Yes,1875
15784,2018-03-29,3,Thursday,0,2,Dawn,12.9,83,1.6,369,10.0,0.0,0.0,0.0,0.0,Spring,No Holiday,Yes,254
11925,2018-01-19,1,Friday,0,0,Dawn,0.3,45,1.8,1154,-10.2,0.0,0.0,0.0,0.0,Winter,No Holiday,Yes,211
11003,2018-08-06,8,Monday,0,17,Afternoon,35.0,53,1.5,1618,23.9,1.78,0.0,0.0,0.0,Summer,No Holiday,Yes,1063
12214,2018-04-01,4,Sunday,1,21,Evening,16.9,81,1.9,472,13.6,0.0,0.0,0.0,0.0,Spring,No Holiday,Yes,983
16147,2017-12-18,12,Monday,0,4,Dawn,-5.4,81,0.7,270,-8.1,0.0,0.0,0.06999999999999999,0.06999999999999999,Winter,No Holiday,Yes,29
11883,2017-12-25,12,Monday,0,2,Dawn,-1.8,53,4.1,1825,-10.1,0.0,0.0,0.0,0.0,Winter,Holiday,Yes,115
11058,2018-10-10,10,Wednesday,0,16,Afternoon,13.8,43,3.7,2000,1.4,0.74,0.0,0.0,0.0,Autumn,No Holiday,Yes,1363
17765,2018-02-04,2,Sunday,1,10,Morning,-11.2,43,3.5,1359,-21.3,1.04,0.0,0.0,0.0,Winter,No Holiday,Yes,103
17963,2018-08-05,8,Sunday,1,16,Afternoon,33.6,57,3.5,1901,23.8,2.19,0.0,0.0,0.0,Summer,No Holiday,Yes,818
13430,2018-01-26,1,Friday,0,13,Afternoon,-13.3,28,2.7,1889,-27.9,1.26,0.0,0.05,0.05,Winter,No Holiday,Yes,115
15990,2018-11-20,11,Tuesday,0,5,Dawn,0.7,49,0.4,1998,-8.8,0.0,0.0,0.0,0.0,Autumn,No Holiday,Yes,141
10571,2018-07-26,7,Thursday,0,13,Afternoon,32.4,54,0.7,896,21.8,1.41,0.0,0.0,0.0,Summer,No Holiday,Yes,628
16524,2018-04-18,4,Wednesday,0,10,Morning,13.7,26,2.3,1476,-5.4,2.25,0.0,0.0,0.0,Spring,No Holiday,Yes,761
17800,2017-12-25,12,Monday,0,22,Night,-1.3,53,1.7,2000,-9.6,0.0,0.0,0.0,0.0,Winter,Holiday,Yes,176
16574,2018-09-06,9,Thursday,0,1,Dawn,21.9,85,0.2,1410,19.2,0.0,0.0,0.0,0.0,Autumn,No Holiday,Yes,743
11423,2018-04-30,4,Monday,0,3,Dawn,14.3,61,1.0,475,6.8,0.0,0.0,0.0,0.0,Spring,No Holiday,Yes,157
15963,2018-07-09,7,Monday,0,20,Evening,20.3,95,0.8,1372,19.4,0.02,1.0,0.0,1.0,Summer,No Holiday,Yes,48
10207,2018-11-29,11,Thursday,0,14,Afternoon,6.0,27,0.6,1452,-11.6,0.34,0.0,0.0,0.0,Autumn,No Holiday,Yes,668
15091,2018-04-21,4,Saturday,1,23,Night,16.0,33,0.5,1996,-0.2,0.0,0.0,0.0,0.0,Spring,No Holiday,Yes,988
17791,2017-12-08,12,Friday,0,16,Afternoon,-1.1,24,3.4,2000,-19.1,0.56,0.0,0.0,0.0,Winter,No Holiday,Yes,401
13787,2018-04-20,4,Friday,0,2,Dawn,11.7,63,0.5,904,4.8,0.0,0.0,0.0,0.0,Spring,No Holiday,Yes,305
17645,2018-07-27,7,Friday,0,11,Morning,32.7,56,1.9,1034,22.7,2.57,0.0,0.0,0.0,Summer,No Holiday,Yes,619
12793,2017-12-24,12,Sunday,1,14,Afternoon,3.3,90,2.5,561,1.8,0.19,0.0,0.0,0.0,Winter,Holiday,Yes,28
16066,2018-06-10,6,Sunday,1,0,Dawn,20.2,66,1.5,2000,13.6,0.0,0.0,0.0,0.0,Summer,No Holiday,Yes,483
16001,2018-05-24,5,Thursday,0,14,Afternoon,23.2,36,4.9,1597,7.2,3.18,0.0,0.0,0.0,Spring,No Holiday,Yes,1059
10258,2018-09-02,9,Sunday,1,6,Dawn,20.2,66,1.0,2000,13.6,0.0,0.0,0.0,0.0,Autumn,No Holiday,Yes,249
10301,2018-02-15,2,Thursday,0,22,Night,-1.9,30,0.8,2000,-17.2,0.0,0.0,0.0,0.0,Winter,Holiday,Yes,145
18484,2018-01-03,1,Wednesday,0,1,Dawn,-5.0,42,1.2,1993,-15.9,0.0,0.0,0.0,0.0,Winter,No Holiday,Yes,130
13784,2018-08-17,8,Friday,0,18,Evening,32.5,28,1.4,2000,11.6,1.06,0.0,0.0,0.0,Summer,No Holiday,Yes,2797
14833,2018-05-09,5,Wednesday,0,22,Night,15.9,60,2.6,2000,8.1,0.0,0.0,0.0,0.0,Spring,No Holiday,Yes,1602
15712,2018-08-16,8,Thursday,0,8,Early Morning,28.2,68,1.3,2000,21.7,0.41,0.0,0.0,0.0,Summer,No Holiday,Yes,1660
14073,2018-06-27,6,Wednesday,0,4,Dawn,19.2,97,1.0,217,18.7,0.0,0.5,0.0,0.5,Summer,No Holiday,Yes,110
10573,2018-01-29,1,Monday,0,17,Afternoon,-5.7,30,3.6,1978,-20.5,0.4,0.0,0.0,0.0,Winter,No Holiday,Yes,239
14201,2018-03-07,3,Wednesday,0,7,Early Morning,2.2,65,1.9,2000,-3.7,0.0,0.0,0.0,0.0,Spring,No Holiday,Yes,598
16072,2018-04-02,4,Monday,0,11,Morning,18.5,61,1.6,1301,10.8,0.95,0.0,0.0,0.0,Spring,No Holiday,Yes,662
18062,2018-08-08,8,Wednesday,0,19,Evening,32.6,60,3.5,1982,23.8,0.37,0.0,0.0,0.0,Summer,No Holiday,Yes,1983
10367,2018-06-01,6,Friday,0,0,Dawn,20.1,63,1.1,1698,12.8,0.0,0.0,0.0,0.0,Summer,No Holiday,Yes,963
14175,2018-04-26,4,Thursday,0,3,Dawn,11.3,66,1.0,1506,5.1,0.0,0.0,0.0,0.0,Spring,No Holiday,Yes,239
11353,2018-06-04,6,Monday,0,10,Morning,25.1,40,2.7,1076,10.5,2.37,0.0,0.0,0.0,Summer,No Holiday,Yes,970
12287,2018-11-22,11,Thursday,0,16,Afternoon,5.9,34,2.9,1985,-8.7,0.55,0.0,0.0,0.0,Autumn,No Holiday,Yes,759
18303,2018-01-15,1,Monday,0,1,Dawn,3.0,62,0.9,835,-3.5,0.0,0.0,0.0,0.0,Winter,No Holiday,Yes,122
11302,2018-08-02,8,Thursday,0,9,Early Morning,32.9,49,1.8,1843,20.7,1.53,0.0,0.0,0.0,Summer,No Holiday,Yes,813
16934,2018-01-01,1,Monday,0,6,Dawn,-4.5,51,1.1,2000,-13.1,0.0,0.0,0.0,0.0,Winter,Holiday,Yes,65
12241,2017-12-10,12,Sunday,1,17,Afternoon,3.6,65,4.3,1061,-2.3,0.03,0.0,0.04,0.04,Winter,No Holiday,Yes,226
10882,2018-03-23,3,Friday,0,6,Dawn,2.3,80,0.7,546,-0.8,0.0,0.0,0.0,0.0,Spring,No Holiday,Yes,243
13043,2018-05-17,5,Thursday,0,7,Early Morning,19.1,98,0.3,125,18.7,0.0,0.0,0.0,0.0,Spring,No Holiday,Yes,80
11253,2018-01-06,1,Saturday,1,8,Early Morning,-6.5,62,1.1,1503,-12.5,0.0,0.0,0.0,0.0,Winter,No Holiday,Yes,186
12154,2018-10-28,10,Sunday,1,11,Morning,9.4,86,1.2,1220,7.1,0.75,0.0,0.0,0.0,Autumn,No Holiday,Yes,544
12545,2018-08-23,8,Thursday,0,16,Afternoon,31.7,56,1.9,2000,21.8,0.92,0.0,0.0,0.0,Summer,No Holiday,Yes,944
15464,2017-12-28,12,Thursday,0,3,Dawn,-6.0,32,2.5,2000,-20.0,0.0,0.0,0.0,0.0,Winter,No Holiday,Yes,86
15974,2018-07-21,7,Saturday,1,5,Dawn,25.0,78,0.3,1474,20.8,0.0,0.0,0.0,0.0,Summer,No Holiday,Yes,292
11530,2018-01-16,1,Tuesday,0,0,Dawn,1.8,67,1.2,387,-3.6,0.0,0.0,0.0,0.0,Winter,No Holiday,Yes,212
16194,2018-08-29,8,Wednesday,0,17,Afternoon,24.6,93,0.9,1451,23.3,0.0,1.5,0.0,1.5,Summer,No Holiday,Yes,160
17962,2018-04-19,4,Thursday,0,4,Dawn,8.3,53,1.1,1007,-0.7,0.0,0.0,0.0,0.0,Spring,No Holiday,Yes,125
14867,2018-08-02,8,Thursday,0,10,Morning,34.4,46,2.0,1880,21.1,1.94,0.0,0.0,0.0,Summer,No Holiday,Yes,549
12347,2018-11-12,11,Monday,0,5,Dawn,4.0,71,0.0,2000,-0.7,0.0,0.0,0.0,0.0,Autumn,No Holiday,Yes,158
12604,2018-08-07,8,Tuesday,0,7,Early Morning,27.0,69,0.8,2000,20.8,0.23,0.0,0.0,0.0,Summer,No Holiday,Yes,1059
11468,2018-04-08,4,Sunday,1,13,Afternoon,7.4,27,1.8,2000,-10.4,0.86,0.0,0.0,0.0,Spring,No Holiday,Yes,847
14030,2018-07-05,7,Thursday,0,10,Morning,25.6,75,1.1,1028,20.8,1.22,0.0,0.0,0.0,Summer,No Holiday,Yes,827
10832,2017-12-30,12,Saturday,1,16,Afternoon,4.1,63,0.7,263,-2.3,0.13,0.0,0.0,0.0,Winter,No Holiday,Yes,345
12769,2017-12-25,12,Monday,0,13,Afternoon,-1.5,33,3.8,2000,-15.7,1.18,0.0,0.0,0.0,Winter,Holiday,Yes,244
11061,2018-08-30,8,Thursday,0,20,Evening,24.9,70,1.2,1377,19.0,0.0,0.0,0.0,0.0,Summer,No Holiday,Yes,1685
18134,2018-06-03,6,Sunday,1,3,Dawn,18.0,64,1.3,1560,11.0,0.0,0.0,0.0,0.0,Summer,No Holiday,Yes,437
10310,2018-01-11,1,Thursday,0,20,Evening,-11.6,49,1.8,1953,-20.1,0.0,0.0,0.0,0.0,Winter,No Holiday,Yes,177
15398,2018-03-10,3,Saturday,1,10,Morning,3.5,65,2.4,539,-2.4,0.87,0.0,0.0,0.0,Spring,No Holiday,Yes,416
12765,2018-07-18,7,Wednesday,0,14,Afternoon,32.7,49,1.5,765,20.5,2.62,0.0,0.0,0.0,Summer,No Holiday,Yes,762
16818,2018-01-13,1,Saturday,1,7,Early Morning,-6.5,68,0.6,571,-11.4,0.0,0.0,0.0,0.0,Winter,No Holiday,Yes,43
10679,2017-12-04,12,Monday,0,23,Night,-5.8,44,2.4,2000,-16.1,0.0,0.0,0.0,0.0,Winter,No Holiday,Yes,248
14949,2018-08-08,8,Wednesday,0,20,Evening,31.0,66,2.9,1857,23.8,0.02,0.0,0.0,0.0,Summer,No Holiday,Yes,1822
14755,2018-04-25,4,Wednesday,0,8,Early Morning,8.8,37,0.9,1939,-5.1,0.89,0.0,0.0,0.0,Spring,No Holiday,Yes,1900
11903,2018-03-21,3,Wednesday,0,1,Dawn,1.5,40,2.8,2000,-10.6,0.0,0.0,0.0,0.0,Spring,No Holiday,Yes,223
11800,2018-09-12,9,Wednesday,0,22,Night,22.6,60,1.0,2000,14.4,0.0,0.0,0.0,0.0,Autumn,No Holiday,Yes,1824
13983,2018-02-27,2,Tuesday,0,4,Dawn,0.9,46,0.8,1140,-9.4,0.0,0.0,0.0,0.0,Winter,No Holiday,Yes,62
14664,2018-06-12,6,Tuesday,0,0,Dawn,18.0,94,0.7,1906,17.0,0.0,1.0,0.0,1.0,Summer,No Holiday,Yes,470
14438,2018-11-02,11,Friday,0,4,Dawn,5.2,74,1.3,1386,0.9,0.0,0.0,0.0,0.0,Autumn,No Holiday,Yes,166
17045,2018-02-10,2,Saturday,1,23,Night,-6.7,35,2.1,2000,-19.6,0.0,0.0,0.0,0.0,Winter,No Holiday,Yes,118
17253,2018-03-21,3,Wednesday,0,23,Night,1.5,86,1.2,1495,-0.5,0.0,0.0,0.0,0.0,Spring,No Holiday,Yes,226
12196,2018-04-11,4,Wednesday,0,15,Afternoon,17.0,28,3.5,1804,-1.6,2.9,0.0,0.0,0.0,Spring,No Holiday,No,0
17179,2017-12-03,12,Sunday,1,16,Afternoon,7.6,77,1.6,399,3.8,0.2,0.0,0.0,0.0,Winter,No Holiday,Yes,598
14636,2018-07-13,7,Friday,0,21,Evening,27.2,80,2.3,1870,23.4,0.0,0.0,0.0,0.0,Summer,No Holiday,Yes,1924
10751,2018-01-05,1,Friday,0,7,Early Morning,-5.3,53,1.1,1300,-13.4,0.0,0.0,0.0,0.0,Winter,No Holiday,Yes,327
18092,2018-11-18,11,Sunday,1,7,Early Morning,2.1,56,0.7,1477,-5.7,0.0,0.0,0.0,0.0,Autumn,No Holiday,Yes,191
10269,2018-09-06,9,Thursday,0,14,Afternoon,27.9,47,3.2,1869,15.5,1.65,0.0,0.0,0.0,Autumn,No Holiday,Yes,1032
13946,2018-11-22,11,Thursday,0,8,Early Morning,-1.2,33,0.5,2000,-15.4,0.04,0.0,0.0,0.0,Autumn,No Holiday,Yes,1671
15155,2018-09-30,9,Sunday,1,7,Early Morning,15.1,81,0.8,1939,11.8,0.03,0.0,0.0,0.0,Autumn,No Holiday,No,0
15090,2018-05-01,5,Tuesday,0,0,Dawn,18.3,78,0.8,349,14.3,0.0,0.0,0.0,0.0,Spring,Holiday,Yes,782
11236,2018-04-14,4,Saturday,1,3,Dawn,12.1,41,1.0,2000,-0.7,0.0,0.2,0.0,0.2,Spring,No Holiday,Yes,62
17434,2018-01-02,1,Tuesday,0,20,Evening,-1.9,26,2.2,2000,-18.9,0.0,0.0,0.0,0.0,Winter,No Holiday,Yes,364
11997,2017-12-24,12,Sunday,1,15,Afternoon,2.9,90,2.0,380,1.4,0.08,3.5,0.0,3.5,Winter,Holiday,Yes,38
15445,2018-02-25,2,Sunday,1,20,Evening,1.3,49,2.8,1683,-8.2,0.0,0.0,0.0,0.0,Winter,No Holiday,Yes,232
14475,2018-03-02,3,Friday,0,10,Morning,-1.8,30,2.1,1608,-17.1,1.59,0.0,0.0,0.0,Spring,No Holiday,Yes,274
13306,2018-10-17,10,Wednesday,0,8,Early Morning,9.2,68,0.2,952,3.5,0.28,0.0,0.0,0.0,Autumn,No Holiday,Yes,2202
14288,2018-08-23,8,Thursday,0,7,Early Morning,28.3,55,1.1,2000,18.3,0.03,0.0,0.0,0.0,Summer,No Holiday,Yes,720
12350,2018-11-15,11,Thursday,0,5,Dawn,5.3,78,1.4,952,1.7,0.0,0.0,0.0,0.0,Autumn,No Holiday,Yes,172
10607,2018-10-09,10,Tuesday,0,7,Early Morning,10.9,70,0.7,2000,5.6,0.0,0.0,0.0,0.0,Autumn,Holiday,No,0
11665,2018-03-18,3,Sunday,1,2,Dawn,5.5,56,1.2,1067,-2.5,0.0,0.0,0.0,0.0,Spring,No Holiday,Yes,226
10586,2018-04-14,4,Saturday,1,21,Evening,9.1,76,3.5,1113,5.0,0.0,0.0,0.0,0.0,Spring,No Holiday,Yes,633
14171,2018-07-14,7,Saturday,1,7,Early Morning,24.9,81,0.3,1289,21.4,0.24,0.0,0.0,0.0,Summer,No Holiday,Yes,537
18216,2018-02-15,2,Thursday,0,2,Dawn,-1.2,35,2.2,2000,-14.7,0.0,0.0,0.0,0.0,Winter,Holiday,Yes,112
10044,2018-10-02,10,Tuesday,0,6,Dawn,10.6,81,0.0,1798,7.4,0.0,0.0,0.0,0.0,Autumn,No Holiday,No,0
14650,2018-08-26,8,Sunday,1,16,Afternoon,23.5,56,2.3,2000,14.2,0.5,0.1,0.0,0.1,Summer,No Holiday,Yes,1025
16141,2018-04-03,4,Tuesday,0,22,Night,16.0,85,2.0,409,13.4,0.0,0.0,0.0,0.0,Spring,No Holiday,Yes,1030
11557,2018-07-05,7,Thursday,0,0,Dawn,24.2,77,1.8,1365,19.9,0.0,0.0,0.0,0.0,Summer,No Holiday,Yes,1078
13913,2018-04-29,4,Sunday,1,21,Evening,16.1,44,1.2,913,3.8,0.0,0.0,0.0,0.0,Spring,No Holiday,Yes,1382
16135,2018-02-22,2,Thursday,0,17,Afternoon,4.6,52,3.9,1059,-4.4,0.5,0.0,0.0,0.0,Winter,No Holiday,Yes,465
15895,2018-03-24,3,Saturday,1,11,Morning,9.0,56,2.0,399,0.6,1.11,0.0,0.0,0.0,Spring,No Holiday,Yes,589
15774,2018-11-22,11,Thursday,0,12,Morning,5.9,23,2.8,1985,-13.7,1.88,0.0,0.0,0.0,Autumn,No Holiday,Yes,717
11731,2018-06-27,6,Wednesday,0,10,Morning,21.4,85,1.1,596,18.7,1.34,0.0,0.0,0.0,Summer,No Holiday,Yes,862
15034,2018-04-26,4,Thursday,0,20,Evening,14.4,50,2.7,1216,4.0,0.01,0.0,0.0,0.0,Spring,No Holiday,Yes,1531
16926,2018-03-05,3,Monday,0,10,Morning,4.4,80,1.8,2000,1.2,0.56,0.0,0.0,0.0,Spring,No Holiday,Yes,232
10956,2018-09-09,9,Sunday,1,23,Night,21.2,56,2.5,2000,12.0,0.0,0.0,0.0,0.0,Autumn,No Holiday,Yes,941
14931,2018-06-04,6,Monday,0,3,Dawn,19.6,51,1.0,1923,9.1,0.0,0.0,0.0,0.0,Summer,No Holiday,Yes,244
17109,2018-11-07,11,Wednesday,0,9,Early Morning,11.2,86,1.0,372,8.9,0.09,0.5,0.0,0.5,Autumn,No Holiday,Yes,740
17061,2018-07-29,7,Sunday,1,2,Dawn,27.7,73,0.4,1832,22.4,0.0,0.0,0.0,0.0,Summer,No Holiday,Yes,511
13362,2018-04-29,4,Sunday,1,2,Dawn,10.9,56,1.2,1460,2.4,0.0,0.0,0.0,0.0,Spring,No Holiday,Yes,425
14809,2018-04-08,4,Sunday,1,8,Early Morning,2.9,53,1.5,1892,-5.7,0.68,0.0,0.0,0.0,Spring,No Holiday,Yes,332
11576,2018-01-19,1,Friday,0,5,Dawn,-1.4,47,1.4,1301,-11.2,0.0,0.0,0.0,0.0,Winter,No Holiday,Yes,61
10395,2018-01-28,1,Sunday,1,4,Dawn,-7.6,37,1.6,1966,-19.8,0.0,0.0,0.0,0.0,Winter,No Holiday,Yes,38
16696,2018-03-25,3,Sunday,1,1,Dawn,6.4,82,1.2,186,3.5,0.0,0.0,0.0,0.0,Spring,No Holiday,Yes,267
18253,2018-03-28,3,Wednesday,0,13,Afternoon,17.5,54,3.1,1065,8.0,1.63,0.0,0.0,0.0,Spring,No Holiday,Yes,723
16580,2018-08-08,8,Wednesday,0,22,Night,29.5,73,0.9,1936,24.1,0.0,0.0,0.0,0.0,Summer,No Holiday,Yes,1628
11873,2018-03-05,3,Monday,0,0,Dawn,7.6,88,2.5,1974,5.7,0.0,9.0,0.0,9.0,Spring,No Holiday,Yes,22
17685,2018-06-22,6,Friday,0,2,Dawn,19.8,80,1.5,370,16.2,0.0,0.0,0.0,0.0,Summer,No Holiday,Yes,602
12567,2018-09-14,9,Friday,0,16,Afternoon,26.3,57,1.6,2000,17.0,0.72,0.0,0.0,0.0,Autumn,No Holiday,Yes,1503
12183,2018-11-19,11,Monday,0,5,Dawn,4.1,70,1.0,1100,-0.8,0.0,0.0,0.0,0.0,Autumn,No Holiday,Yes,167
15408,2017-12-20,12,Wednesday,0,2,Dawn,-7.8,68,0.9,1642,-12.6,0.0,0.0,0.2,0.2,Winter,No Holiday,Yes,108
12319,2018-06-15,6,Friday,0,4,Dawn,18.0,93,1.6,627,16.8,0.0,10.5,0.0,10.5,Summer,No Holiday,Yes,72
15794,2018-01-11,1,Thursday,0,4,Dawn,-11.5,57,2.3,1899,-18.3,0.0,0.0,0.0,0.0,Winter,No Holiday,Yes,33
12890,2018-08-16,8,Thursday,0,23,Night,25.0,44,2.2,2000,11.8,0.0,0.0,0.0,0.0,Summer,No Holiday,Yes,1446
10517,2018-02-18,2,Sunday,1,20,Evening,0.6,33,1.9,2000,-13.8,0.0,0.0,0.0,0.0,Winter,No Holiday,Yes,213
10081,2018-05-18,5,Friday,0,8,Early Morning,16.4,98,0.3,514,16.0,0.11,0.0,0.0,0.0,Spring,No Holiday,Yes,400
14707,2018-05-03,5,Thursday,0,6,Dawn,7.9,86,2.0,1070,5.6,0.01,0.0,0.0,0.0,Spring,No Holiday,Yes,469
12017,2018-01-09,1,Tuesday,0,14,Afternoon,-1.8,45,3.7,1922,-12.1,1.06,0.0,0.02,0.02,Winter,No Holiday,Yes,265
13437,2018-11-20,11,Tuesday,0,6,Dawn,0.7,50,1.0,2000,-8.5,0.0,0.0,0.0,0.0,Autumn,No Holiday,Yes,369
12112,2018-03-09,3,Friday,0,18,Evening,7.0,55,2.0,705,-1.4,0.35,0.0,0.0,0.0,Spring,No Holiday,Yes,1231
17682,2018-04-13,4,Friday,0,0,Dawn,11.4,22,1.5,2000,-9.6,0.0,0.0,0.0,0.0,Spring,No Holiday,Yes,525
11335,2018-03-24,3,Saturday,1,12,Morning,10.6,52,3.1,390,1.1,2.27,0.0,0.0,0.0,Spring,No Holiday,Yes,806
12649,2018-01-30,1,Tuesday,0,14,Afternoon,-1.1,46,2.1,1437,-11.2,0.72,0.0,0.0,0.0,Winter,No Holiday,Yes,238
12580,2018-11-15,11,Thursday,0,8,Early Morning,5.3,75,1.0,808,1.2,0.1,0.0,0.0,0.0,Autumn,No Holiday,Yes,1686
11560,2018-05-21,5,Monday,0,21,Evening,17.7,63,0.5,1324,10.5,0.0,0.0,0.0,0.0,Spring,No Holiday,Yes,2065
18006,2018-05-18,5,Friday,0,18,Evening,17.5,79,1.5,2000,13.8,0.57,0.0,0.0,0.0,Spring,No Holiday,Yes,2261
11119,2017-12-11,12,Monday,0,0,Dawn,-2.5,39,3.4,2000,-14.5,0.0,0.0,0.0,0.0,Winter,No Holiday,Yes,125
12704,2018-05-29,5,Tuesday,0,3,Dawn,20.0,58,1.8,1279,11.4,0.0,0.0,0.0,0.0,Spring,No Holiday,Yes,285
12739,2018-06-01,6,Friday,0,13,Afternoon,29.4,33,2.2,1535,11.4,3.3,0.0,0.0,0.0,Summer,No Holiday,Yes,1093
16785,2018-01-04,1,Thursday,0,23,Night,-4.0,48,1.5,1536,-13.4,0.0,0.0,0.0,0.0,Winter,No Holiday,Yes,221
13318,2018-08-01,8,Wednesday,0,4,Dawn,28.5,69,0.3,2000,22.2,0.0,0.0,0.0,0.0,Summer,No Holiday,Yes,250
14585,2018-08-27,8,Monday,0,19,Evening,24.7,83,0.4,2000,21.6,0.1,0.0,0.0,0.0,Summer,No Holiday,Yes,1615
10851,2018-04-11,4,Wednesday,0,1,Dawn,13.6,81,3.6,886,10.3,0.0,0.0,0.0,0.0,Spring,No Holiday,No,0
15598,2018-02-07,2,Wednesday,0,17,Afternoon,-2.3,20,2.2,1994,-22.2,0.77,0.0,0.0,0.0,Winter,No Holiday,Yes,320
17088,2018-07-20,7,Friday,0,23,Night,28.2,70,1.3,1811,22.2,0.0,0.0,0.0,0.0,Summer,No Holiday,Yes,1426
16488,2018-07-31,7,Tuesday,0,7,Early Morning,27.9,60,1.1,1983,19.4,0.28,0.0,0.0,0.0,Summer,No Holiday,Yes,1091
16044,2018-09-30,9,Sunday,1,10,Morning,20.7,62,1.3,1679,13.1,1.41,0.0,0.0,0.0,Autumn,No Holiday,No,0
11349,2018-02-27,2,Tuesday,0,9,Early Morning,2.5,51,1.0,866,-6.6,0.07,0.0,0.0,0.0,Winter,No Holiday,Yes,455
10173,2018-05-23,5,Wednesday,0,9,Early Morning,16.0,60,1.9,1992,8.2,1.98,0.0,0.0,0.0,Spring,No Holiday,Yes,1125
11357,2018-06-14,6,Thursday,0,2,Dawn,20.8,73,0.8,829,15.7,0.0,0.0,0.0,0.0,Summer,No Holiday,Yes,453
13820,2018-06-16,6,Saturday,1,10,Morning,21.8,46,0.9,1927,9.6,2.46,0.0,0.0,0.0,Summer,No Holiday,Yes,1166
14983,2018-03-03,3,Saturday,1,5,Dawn,0.8,39,1.0,1463,-11.6,0.0,0.0,0.0,0.0,Spring,No Holiday,Yes,55
13822,2018-03-10,3,Saturday,1,22,Night,5.0,75,2.2,1084,0.9,0.0,0.0,0.0,0.0,Spring,No Holiday,Yes,421
17382,2018-02-27,2,Tuesday,0,12,Morning,5.4,37,0.7,815,-8.1,0.43,0.0,0.0,0.0,Winter,No Holiday,Yes,353
14651,2018-01-08,1,Monday,0,4,Dawn,1.0,43,0.8,1253,-10.2,0.0,0.0,0.0,0.0,Winter,No Holiday,Yes,46
15175,2018-04-06,4,Friday,0,0,Dawn,7.2,95,0.9,861,6.4,0.0,0.5,0.0,0.5,Spring,No Holiday,Yes,56
11446,2018-11-02,11,Friday,0,8,Early Morning,4.7,72,1.0,1306,0.0,0.12,0.0,0.0,0.0,Autumn,No Holiday,Yes,1906
13327,2017-12-05,12,Tuesday,0,23,Night,-2.5,59,0.0,1210,-9.4,0.0,0.0,0.0,0.0,Winter,No Holiday,Yes,244
15098,2018-06-25,6,Monday,0,5,Dawn,21.5,84,0.3,569,18.6,0.0,0.0,0.0,0.0,Summer,No Holiday,Yes,338
11348,2018-05-16,5,Wednesday,0,1,Dawn,24.1,67,0.5,686,17.5,0.0,0.0,0.0,0.0,Spring,No Holiday,Yes,502
11611,2018-08-06,8,Monday,0,11,Morning,31.3,70,1.0,1227,25.1,1.89,0.0,0.0,0.0,Summer,No Holiday,Yes,569
15013,2018-07-22,7,Sunday,1,14,Afternoon,37.4,34,2.3,1860,18.8,3.05,0.0,0.0,0.0,Summer,No Holiday,Yes,565
17263,2018-05-24,5,Thursday,0,7,Early Morning,12.5,61,1.3,1818,5.1,0.42,0.0,0.0,0.0,Spring,No Holiday,Yes,1390
15078,2018-02-02,2,Friday,0,17,Afternoon,2.0,25,2.3,1998,-16.0,0.34,0.0,0.0,0.0,Winter,No Holiday,Yes,382
16219,2018-07-06,7,Friday,0,12,Morning,25.7,57,1.9,2000,16.5,2.32,0.0,0.0,0.0,Summer,No Holiday,Yes,1216
13293,2018-07-25,7,Wednesday,0,22,Night,28.8,76,2.8,1231,24.1,0.0,0.0,0.0,0.0,Summer,No Holiday,Yes,1767
15915,2018-05-05,5,Saturday,1,9,Early Morning,16.1,50,2.6,1628,5.6,1.52,0.0,0.0,0.0,Spring,No Holiday,Yes,759
13046,2018-02-13,2,Tuesday,0,22,Night,2.6,57,3.1,2000,-5.0,0.0,0.0,0.0,0.0,Winter,No Holiday,Yes,291
10848,2018-08-07,8,Tuesday,0,17,Afternoon,35.6,44,2.4,1860,21.4,1.69,0.0,0.0,0.0,Summer,No Holiday,Yes,1232
17863,2018-08-21,8,Tuesday,0,14,Afternoon,28.5,58,2.6,1965,19.4,1.93,0.0,0.0,0.0,Summer,No Holiday,Yes,788
15659,2018-08-30,8,Thursday,0,11,Morning,26.2,82,2.6,834,22.8,0.59,0.0,0.0,0.0,Summer,No Holiday,Yes,716
12646,2018-09-23,9,Sunday,1,17,Afternoon,24.1,41,2.4,2000,10.0,1.17,0.0,0.0,0.0,Autumn,Holiday,Yes,1591
12299,2018-09-15,9,Saturday,1,9,Early Morning,22.7,72,1.2,2000,17.3,0.59,0.0,0.0,0.0,Autumn,No Holiday,Yes,934
12590,2018-03-07,3,Wednesday,0,15,Afternoon,10.2,34,2.3,1919,-4.9,1.19,0.0,0.0,0.0,Spring,No Holiday,Yes,620
14798,2018-09-18,9,Tuesday,0,12,Morning,24.7,43,1.8,1809,11.2,1.75,0.0,0.0,0.0,Autumn,No Holiday,No,0
17693,2018-06-21,6,Thursday,0,15,Afternoon,28.3,40,3.2,1619,13.4,2.96,0.0,0.0,0.0,Summer,No Holiday,Yes,1276
17375,2018-05-06,5,Sunday,1,11,Morning,15.5,97,0.8,459,15.0,0.4,3.5,0.0,3.5,Spring,No Holiday,Yes,10
11111,2018-02-14,2,Wednesday,0,21,Evening,1.7,27,3.1,1734,-15.3,0.0,0.0,0.0,0.0,Winter,No Holiday,Yes,216
14148,2018-04-23,4,Monday,0,4,Dawn,9.5,95,2.4,410,8.7,0.0,3.5,0.0,3.5,Spring,No Holiday,Yes,2
13574,2018-06-25,6,Monday,0,2,Dawn,22.3,80,0.8,709,18.6,0.0,0.0,0.0,0.0,Summer,No Holiday,Yes,424
14859,2018-06-25,6,Monday,0,21,Evening,27.9,55,0.5,1083,18.0,0.0,0.0,0.0,0.0,Summer,No Holiday,Yes,2372
18649,2018-05-18,5,Friday,0,21,Evening,15.3,73,2.3,2000,10.4,0.0,0.0,0.0,0.0,Spring,No Holiday,Yes,1263
18066,2018-10-30,10,Tuesday,0,18,Evening,8.4,52,2.6,2000,-0.9,0.03,0.0,0.0,0.0,Autumn,No Holiday,Yes,2074
13250,2018-04-21,4,Saturday,1,17,Afternoon,23.2,12,3.6,2000,-7.8,1.69,0.0,0.0,0.0,Spring,No Holiday,Yes,2032
16406,2018-06-12,6,Tuesday,0,3,Dawn,17.5,87,0.5,1995,15.3,0.0,0.0,0.0,0.0,Summer,No Holiday,Yes,206
16318,2018-02-13,2,Tuesday,0,17,Afternoon,3.5,46,3.1,1992,-7.0,0.39,0.0,0.0,0.0,Winter,No Holiday,Yes,410
10769,2018-10-23,10,Tuesday,0,14,Afternoon,15.1,71,0.9,973,9.8,1.62,0.0,0.0,0.0,Autumn,No Holiday,Yes,837
11379,2018-04-20,4,Friday,0,0,Dawn,12.4,56,0.5,1028,3.8,0.0,0.0,0.0,0.0,Spring,No Holiday,Yes,553
13769,2018-10-28,10,Sunday,1,7,Early Morning,6.9,88,0.9,1991,5.0,0.0,0.0,0.0,0.0,Autumn,No Holiday,Yes,134
10381,2017-12-05,12,Tuesday,0,16,Afternoon,-0.5,30,0.0,2000,-16.0,0.0,0.0,0.0,0.0,Winter,No Holiday,Yes,435
16034,2018-06-26,6,Tuesday,0,3,Dawn,25.4,50,1.1,870,14.2,0.0,0.0,0.0,0.0,Summer,No Holiday,Yes,353
18727,2018-08-26,8,Sunday,1,12,Morning,28.9,42,2.0,1975,14.6,2.5,0.0,0.0,0.0,Summer,No Holiday,Yes,1070
14393,2018-11-05,11,Monday,0,23,Night,10.9,82,0.1,346,7.9,0.0,0.0,0.0,0.0,Autumn,No Holiday,Yes,829
15118,2018-09-23,9,Sunday,1,18,Evening,22.3,53,2.7,2000,12.2,0.44,0.0,0.0,0.0,Autumn,Holiday,Yes,1492
18314,2018-09-25,9,Tuesday,0,7,Early Morning,10.8,72,0.9,2000,5.9,0.03,0.0,0.0,0.0,Autumn,Holiday,Yes,262
18363,2018-10-15,10,Monday,0,7,Early Morning,11.5,81,0.8,960,8.3,0.0,0.0,0.0,0.0,Autumn,No Holiday,Yes,1271
16720,2018-03-10,3,Saturday,1,17,Afternoon,7.7,46,2.8,1635,-3.2,1.05,0.0,0.0,0.0,Spring,No Holiday,Yes,829
17657,2017-12-20,12,Wednesday,0,15,Afternoon,-0.2,45,1.0,1852,-10.7,0.41,0.0,0.16,0.16,Winter,No Holiday,Yes,240
12807,2018-01-06,1,Saturday,1,9,Early Morning,-5.8,49,1.4,1728,-14.8,0.16,0.0,0.0,0.0,Winter,No Holiday,Yes,221
17694,2018-01-05,1,Friday,0,12,Morning,-0.3,45,2.2,1066,-10.8,1.01,0.0,0.0,0.0,Winter,No Holiday,Yes,362
10590,2018-02-06,2,Tuesday,0,14,Afternoon,-7.0,26,4.4,1986,-23.3,2.24,0.0,0.0,0.0,Winter,No Holiday,Yes,147
11661,2018-10-06,10,Saturday,1,21,Evening,18.5,78,0.1,2000,14.5,0.0,0.0,0.0,0.0,Autumn,No Holiday,Yes,1731
11609,2018-05-17,5,Thursday,0,21,Evening,20.5,97,1.1,726,20.0,0.0,4.0,0.0,4.0,Spring,No Holiday,Yes,18
18561,2017-12-14,12,Thursday,0,5,Dawn,-10.8,48,0.8,1648,-19.6,0.0,0.0,0.0,0.0,Winter,No Holiday,Yes,62
17012,2018-06-21,6,Thursday,0,2,Dawn,20.2,82,0.9,575,17.0,0.0,0.0,0.0,0.0,Summer,No Holiday,Yes,539
11535,2018-10-23,10,Tuesday,0,18,Evening,14.5,71,2.1,1235,9.2,0.06,0.0,0.0,0.0,Autumn,No Holiday,Yes,2415
17150,2017-12-10,12,Sunday,1,11,Morning,0.9,92,0.9,137,-0.2,0.03,0.0,0.39,0.39,Winter,No Holiday,Yes,58
16311,2018-02-27,2,Tuesday,0,16,Afternoon,6.9,54,1.1,692,-1.7,0.32,0.0,0.0,0.0,Winter,No Holiday,Yes,411
11390,2018-09-30,9,Sunday,1,18,Evening,18.3,34,3.3,2000,2.1,0.36,0.0,0.0,0.0,Autumn,No Holiday,No,0
13147,2018-09-08,9,Saturday,1,17,Afternoon,27.2,35,1.7,2000,10.3,1.32,0.0,0.0,0.0,Autumn,No Holiday,Yes,2167
14453,2018-06-01,6,Friday,0,1,Dawn,19.5,65,0.4,1662,12.7,0.0,0.0,0.0,0.0,Summer,No Holiday,Yes,776
13317,2017-12-07,12,Thursday,0,16,Afternoon,3.2,38,2.9,1817,-9.7,0.51,0.0,0.0,0.0,Winter,No Holiday,Yes,471
18474,2018-03-17,3,Saturday,1,1,Dawn,3.0,52,0.7,2000,-5.9,0.0,0.0,0.0,0.0,Spring,No Holiday,Yes,366
15077,2018-06-20,6,Wednesday,0,14,Afternoon,27.5,47,2.7,990,15.1,3.24,0.0,0.0,0.0,Summer,No Holiday,Yes,1158
16055,2018-07-11,7,Wednesday,0,3,Dawn,24.5,97,0.8,263,23.9,0.0,0.5,0.0,0.5,Summer,No Holiday,Yes,157
18121,2018-05-23,5,Wednesday,0,15,Afternoon,23.0,29,2.9,1876,3.9,3.11,0.0,0.0,0.0,Spring,No Holiday,Yes,1332
12800,2018-05-28,5,Monday,0,5,Dawn,16.6,0,0.9,1361,9.7,0.0,0.0,0.0,0.0,Spring,No Holiday,Yes,247
18742,2017-12-06,12,Wednesday,0,4,Dawn,-3.4,75,0.0,1982,-7.2,0.0,0.0,0.04,0.04,Winter,No Holiday,Yes,58
14702,2018-11-30,11,Friday,0,1,Dawn,1.3,63,2.0,1379,-4.9,0.0,0.0,0.0,0.0,Autumn,No Holiday,Yes,456
13903,2018-11-23,11,Friday,0,0,Dawn,-0.3,41,3.1,2000,-11.9,0.0,0.0,0.0,0.0,Autumn,No Holiday,Yes,470
14095,2018-09-29,9,Saturday,1,15,Afternoon,26.5,33,1.4,2000,8.9,2.25,0.0,0.0,0.0,Autumn,No Holiday,Yes,2065
16559,2017-12-22,12,Friday,0,8,Early Morning,-0.4,69,0.5,904,-5.4,0.0,0.0,0.06999999999999999,0.06999999999999999,Winter,Holiday,Yes,544
12965,2018-11-01,11,Thursday,0,23,Night,7.8,63,0.4,1547,1.1,0.0,0.0,0.0,0.0,Autumn,No Holiday,Yes,806
15311,2018-09-07,9,Friday,0,6,Dawn,20.2,70,1.6,1690,14.5,0.0,0.0,0.0,0.0,Autumn,No Holiday,Yes,624
14540,2018-10-12,10,Friday,0,20,Evening,11.8,53,1.5,2000,2.5,0.0,0.0,0.0,0.0,Autumn,No Holiday,Yes,1440
18689,2018-08-29,8,Wednesday,0,20,Evening,23.4,98,0.6,70,23.0,0.0,21.0,0.0,21.0,Summer,No Holiday,Yes,19
11396,2018-07-12,7,Thursday,0,13,Afternoon,27.7,76,2.6,1258,23.0,1.0,0.0,0.0,0.0,Summer,No Holiday,Yes,959
14852,2018-04-08,4,Sunday,1,20,Evening,2.7,90,1.5,639,1.2,0.0,0.0,0.0,0.0,Spring,No Holiday,Yes,93
13978,2018-01-24,1,Wednesday,0,1,Dawn,-15.0,31,2.5,2000,-28.3,0.0,0.0,0.09,0.09,Winter,No Holiday,Yes,89
15507,2018-10-08,10,Monday,0,13,Afternoon,20.2,28,1.3,2000,1.0,2.25,0.0,0.0,0.0,Autumn,No Holiday,Yes,1303
18483,2018-04-29,4,Sunday,1,19,Evening,18.1,38,2.8,932,3.5,0.16,0.0,0.0,0.0,Spring,No Holiday,Yes,1712
11461,2018-10-04,10,Thursday,0,6,Dawn,13.2,73,1.1,1900,8.4,0.0,0.0,0.0,0.0,Autumn,No Holiday,No,0
15987,2018-04-24,4,Tuesday,0,4,Dawn,9.5,94,1.2,2000,8.5,0.0,0.5,0.0,0.5,Spring,No Holiday,Yes,34
13021,2018-03-13,3,Tuesday,0,11,Morning,12.6,49,1.4,988,2.1,0.84,0.0,0.0,0.0,Spring,No Holiday,Yes,571
10523,2018-09-02,9,Sunday,1,20,Evening,26.9,56,1.6,2000,17.3,0.0,0.0,0.0,0.0,Autumn,No Holiday,Yes,1838
10695,2018-10-16,10,Tuesday,0,20,Evening,14.8,68,2.0,1502,8.9,0.0,0.0,0.0,0.0,Autumn,No Holiday,Yes,1568
10037,2018-02-11,2,Sunday,1,8,Early Morning,-9.4,29,1.9,1967,-24.1,0.03,0.0,0.0,0.0,Winter,No Holiday,Yes,81
16840,2018-02-26,2,Monday,0,1,Dawn,-1.2,63,0.9,1846,-7.3,0.0,0.0,0.0,0.0,Winter,No Holiday,Yes,122
14853,2018-10-09,10,Tuesday,0,13,Afternoon,19.2,39,1.0,2000,4.8,1.66,0.0,0.0,0.0,Autumn,Holiday,No,0
16357,2018-05-30,5,Wednesday,0,4,Dawn,18.3,84,0.9,409,15.5,0.0,0.0,0.0,0.0,Spring,No Holiday,Yes,167
18193,2018-03-30,3,Friday,0,14,Afternoon,21.0,28,2.8,1191,1.7,2.75,0.0,0.0,0.0,Spring,No Holiday,Yes,965
13956,2018-08-16,8,Thursday,0,13,Afternoon,35.1,39,2.0,2000,19.0,3.45,0.0,0.0,0.0,Summer,No Holiday,Yes,652
11840,2018-02-01,2,Thursday,0,17,Afternoon,0.3,26,2.4,1977,-17.0,0.45,0.0,0.0,0.0,Winter,No Holiday,Yes,341
12184,2018-07-17,7,Tuesday,0,2,Dawn,25.3,78,1.0,2000,21.1,0.0,0.0,0.0,0.0,Summer,No Holiday,Yes,497
16923,2018-05-29,5,Tuesday,0,18,Evening,23.1,68,2.9,1506,16.8,0.42,0.0,0.0,0.0,Spring,No Holiday,Yes,2154
12491,2018-11-17,11,Saturday,1,14,Afternoon,9.7,34,1.9,1786,-5.4,0.8,0.0,0.0,0.0,Autumn,No Holiday,Yes,969
16326,2018-08-01,8,Wednesday,0,23,Night,32.3,67,1.0,1592,25.3,0.0,0.0,0.0,0.0,Summer,No Holiday,Yes,1046
15572,2018-04-05,4,Thursday,0,16,Afternoon,8.1,96,1.5,281,7.4,0.21,1.0,0.0,1.0,Spring,No Holiday,Yes,31
16876,2018-11-23,11,Friday,0,11,Morning,4.3,25,2.0,1958,-14.0,1.56,0.0,0.0,0.0,Autumn,No Holiday,Yes,635
13550,2018-01-13,1,Saturday,1,13,Afternoon,-2.5,62,1.4,1087,-8.7,0.66,0.0,0.0,0.0,Winter,No Holiday,Yes,212
14639,2018-08-24,8,Friday,0,22,Night,23.5,79,2.9,1860,19.6,0.0,0.0,0.0,0.0,Summer,No Holiday,Yes,1202
15958,2018-03-12,3,Monday,0,14,Afternoon,14.9,34,2.8,403,-0.8,2.22,0.0,0.0,0.0,Spring,No Holiday,Yes,603
17663,2018-01-10,1,Wednesday,0,13,Afternoon,-5.1,43,4.7,1901,-15.7,1.18,0.0,0.04,0.04,Winter,No Holiday,Yes,207
10539,2018-06-19,6,Tuesday,0,17,Afternoon,25.1,51,2.4,1714,14.2,1.15,0.0,0.0,0.0,Summer,No Holiday,Yes,2328
17199,2018-06-15,6,Friday,0,9,Early Morning,20.1,65,1.4,2000,13.3,0.93,0.0,0.0,0.0,Summer,No Holiday,Yes,1170
13410,2018-05-28,5,Monday,0,12,Morning,26.3,44,1.8,2000,13.0,3.24,0.0,0.0,0.0,Spring,No Holiday,Yes,1139
11009,2018-01-14,1,Sunday,1,22,Night,2.8,60,0.6,829,-4.2,0.0,0.0,0.0,0.0,Winter,No Holiday,Yes,196
11038,2018-09-25,9,Tuesday,0,1,Dawn,13.8,60,0.8,2000,6.1,0.0,0.0,0.0,0.0,Autumn,Holiday,Yes,408
14671,2018-10-10,10,Wednesday,0,11,Morning,12.7,50,3.3,1999,2.5,1.61,0.0,0.0,0.0,Autumn,No Holiday,Yes,914
11429,2018-02-21,2,Wednesday,0,22,Night,-2.2,55,1.4,2000,-10.0,0.0,0.0,0.0,0.0,Winter,No Holiday,Yes,299
15679,2018-05-01,5,Tuesday,0,16,Afternoon,22.6,63,3.1,551,15.1,0.88,0.0,0.0,0.0,Spring,Holiday,Yes,1759
10663,2018-06-24,6,Sunday,1,0,Dawn,22.0,81,1.6,374,18.5,0.0,0.0,0.0,0.0,Summer,No Holiday,Yes,849
18047,2018-07-28,7,Saturday,1,17,Afternoon,28.2,83,1.3,1099,25.0,0.11,0.0,0.0,0.0,Summer,No Holiday,Yes,863
13235,2018-11-29,11,Thursday,0,4,Dawn,2.1,33,0.5,1981,-12.5,0.0,0.0,0.0,0.0,Autumn,No Holiday,Yes,107
15850,2018-10-05,10,Friday,0,23,Night,16.3,91,1.8,1811,14.8,0.0,0.5,0.0,0.5,Autumn,No Holiday,Yes,4
14756,2018-08-09,8,Thursday,0,15,Afternoon,31.2,67,2.7,1368,24.3,1.39,0.0,0.0,0.0,Summer,No Holiday,Yes,644
13542,2018-07-14,7,Saturday,1,18,Evening,31.1,55,2.2,1897,20.9,1.05,0.0,0.0,0.0,Summer,No Holiday,Yes,1624
10003,2018-03-20,3,Tuesday,0,11,Morning,8.4,34,3.6,1966,-6.5,2.36,0.0,0.0,0.0,Spring,No Holiday,Yes,488
15985,2018-03-21,3,Wednesday,0,6,Dawn,1.4,42,1.7,2000,-10.1,0.0,0.0,0.0,0.0,Spring,No Holiday,Yes,209
14516,2018-04-06,4,Friday,0,17,Afternoon,6.3,50,4.4,707,-3.3,0.64,0.0,0.0,0.0,Spring,No Holiday,Yes,776
10878,2018-05-13,5,Sunday,1,17,Afternoon,19.4,63,2.6,1099,12.1,1.61,0.0,0.0,0.0,Spring,No Holiday,Yes,2410
15719,2018-11-13,11,Tuesday,0,9,Early Morning,6.0,59,1.0,719,-1.4,0.6,0.0,0.0,0.0,Autumn,No Holiday,Yes,990
13613,2018-02-28,2,Wednesday,0,9,Early Morning,6.2,55,2.4,478,-2.1,0.13,0.0,0.0,0.0,Winter,No Holiday,Yes,419
15055,2018-01-29,1,Monday,0,4,Dawn,-9.9,45,2.5,1967,-19.6,0.0,0.0,0.0,0.0,Winter,No Holiday,Yes,26
11725,2018-06-22,6,Friday,0,7,Early Morning,18.8,66,1.1,814,12.3,0.46,0.0,0.0,0.0,Summer,No Holiday,Yes,1529
17001,2018-08-19,8,Sunday,1,1,Dawn,25.0,57,0.9,2000,15.8,0.0,0.0,0.0,0.0,Summer,No Holiday,Yes,844
17218,2018-04-07,4,Saturday,1,2,Dawn,1.8,81,2.9,325,-1.1,0.0,0.0,0.0,0.0,Spring,No Holiday,Yes,123
16977,2018-03-15,3,Thursday,0,2,Dawn,16.5,68,1.3,1724,10.5,0.0,0.0,0.0,0.0,Spring,No Holiday,Yes,203
10096,2018-04-28,4,Saturday,1,18,Evening,18.9,30,2.6,1995,0.9,1.05,0.0,0.0,0.0,Spring,No Holiday,Yes,1882
12368,2018-01-12,1,Friday,0,9,Early Morning,-14.9,40,1.2,1999,-25.5,0.16,0.0,0.0,0.0,Winter,No Holiday,Yes,196
15110,2018-03-02,3,Friday,0,0,Dawn,-4.3,53,2.6,1334,-12.4,0.0,0.0,0.0,0.0,Spring,No Holiday,Yes,156
16990,2018-05-11,5,Friday,0,10,Morning,16.4,64,2.4,423,9.5,2.05,0.0,0.0,0.0,Spring,No Holiday,Yes,816
16176,2018-07-02,7,Monday,0,19,Evening,24.1,93,2.1,1118,22.8,0.23,1.5,0.0,1.5,Summer,No Holiday,Yes,44
15263,2018-04-11,4,Wednesday,0,6,Dawn,9.0,86,2.0,442,6.7,0.0,0.0,0.0,0.0,Spring,No Holiday,No,0
12481,2018-05-09,5,Wednesday,0,18,Evening,20.6,41,2.3,2000,6.8,1.1,0.0,0.0,0.0,Spring,No Holiday,Yes,3130
18155,2018-09-18,9,Tuesday,0,1,Dawn,19.3,71,0.4,1912,13.9,0.0,0.0,0.0,0.0,Autumn,No Holiday,No,0
12687,2018-02-14,2,Wednesday,0,8,Early Morning,2.1,65,1.1,1559,-3.8,0.01,0.0,0.0,0.0,Winter,No Holiday,Yes,606
13821,2018-09-28,9,Friday,0,12,Morning,19.0,52,1.2,2000,8.9,0.98,0.0,0.0,0.0,Autumn,No Holiday,No,0
18522,2018-01-25,1,Thursday,0,20,Evening,-13.5,33,2.4,2000,-26.3,0.0,0.0,0.05,0.05,Winter,No Holiday,Yes,141
13756,2018-08-25,8,Saturday,1,12,Morning,27.9,55,2.9,1922,18.0,1.49,0.0,0.0,0.0,Summer,No Holiday,Yes,1070
16138,2018-11-05,11,Monday,0,8,Early Morning,7.2,80,0.8,515,3.9,0.13,0.0,0.0,0.0,Autumn,No Holiday,Yes,1975
13919,2018-04-09,4,Monday,0,14,Afternoon,13.9,26,2.5,1537,-5.3,2.99,0.0,0.0,0.0,Spring,No Holiday,Yes,921
16455,2018-07-23,7,Monday,0,0,Dawn,30.6,50,2.3,1631,18.9,0.0,0.0,0.0,0.0,Summer,No Holiday,Yes,792
17892,2018-05-03,5,Thursday,0,5,Dawn,7.0,85,0.8,2000,4.6,0.0,0.0,0.0,0.0,Spring,No Holiday,Yes,163
15672,2018-11-15,11,Thursday,0,18,Evening,12.1,46,1.4,799,0.8,0.01,0.0,0.0,0.0,Autumn,No Holiday,Yes,2034
11474,2018-05-15,5,Tuesday,0,12,Morning,26.3,36,1.1,1133,10.0,2.88,0.0,0.0,0.0,Spring,No Holiday,Yes,1058
15107,2018-09-24,9,Monday,0,19,Evening,18.6,54,2.7,2000,9.0,0.01,0.0,0.0,0.0,Autumn,Holiday,Yes,1280
13752,2018-01-26,1,Friday,0,1,Dawn,-15.3,34,1.7,2000,-27.6,0.0,0.0,0.05,0.05,Winter,No Holiday,Yes,93
14378,2018-05-26,5,Saturday,1,23,Night,20.7,63,0.8,1130,13.3,0.0,0.0,0.0,0.0,Spring,No Holiday,Yes,1330
15269,2018-09-30,9,Sunday,1,12,Morning,20.8,47,3.1,1665,9.0,2.0,0.0,0.0,0.0,Autumn,No Holiday,No,0
15957,2018-05-18,5,Friday,0,10,Morning,16.3,97,1.0,693,15.8,0.37,0.0,0.0,0.0,Spring,No Holiday,Yes,454
18010,2018-02-23,2,Friday,0,8,Early Morning,-0.2,97,0.4,197,-0.6,0.05,0.0,0.37,0.37,Winter,No Holiday,Yes,391
18032,2018-09-10,9,Monday,0,4,Dawn,19.4,61,1.6,2000,11.6,0.0,0.0,0.0,0.0,Autumn,No Holiday,Yes,188
13725,2018-07-25,7,Wednesday,0,13,Afternoon,32.3,56,3.0,1504,22.3,1.74,0.0,0.0,0.0,Summer,No Holiday,Yes,783
14009,2018-02-18,2,Sunday,1,12,Morning,2.2,17,1.0,1979,-20.4,1.75,0.0,0.0,0.0,Winter,No Holiday,Yes,263
15956,2018-05-29,5,Tuesday,0,8,Early Morning,20.5,66,1.7,1062,13.9,0.34,0.0,0.0,0.0,Spring,No Holiday,Yes,2234
14543,2018-04-17,4,Tuesday,0,10,Morning,14.7,31,1.1,1240,-2.2,2.04,0.0,0.0,0.0,Spring,No Holiday,Yes,731
11161,2018-11-24,11,Saturday,1,21,Evening,2.6,85,1.1,674,0.3,0.0,0.0,0.32,0.32,Autumn,No Holiday,Yes,392
18517,2018-09-30,9,Sunday,1,11,Morning,20.2,63,2.8,1195,12.9,1.25,0.0,0.0,0.0,Autumn,No Holiday,No,0
14546,2018-01-10,1,Wednesday,0,6,Dawn,-7.7,74,1.1,2000,-11.5,0.0,0.0,0.08,0.08,Winter,No Holiday,Yes,84
13957,2018-08-27,8,Monday,0,6,Dawn,20.6,98,0.7,626,20.2,0.0,1.0,0.0,1.0,Summer,No Holiday,Yes,47
15920,2018-04-27,4,Friday,0,5,Dawn,9.9,69,1.1,808,4.4,0.0,0.0,0.0,0.0,Spring,No Holiday,Yes,170
16111,2018-08-13,8,Monday,0,19,Evening,32.1,60,2.3,1987,23.3,0.25,0.0,0.0,0.0,Summer,No Holiday,Yes,2036
18447,2018-02-03,2,Saturday,1,6,Dawn,-7.8,57,4.8,1867,-14.8,0.0,0.4,0.03,0.43000000000000005,Winter,No Holiday,Yes,33
14313,2018-11-29,11,Thursday,0,20,Evening,4.1,54,1.3,1434,-4.3,0.0,0.0,0.0,0.0,Autumn,No Holiday,Yes,818
17331,2018-08-13,8,Monday,0,6,Dawn,26.7,89,0.6,615,24.7,0.0,0.0,0.0,0.0,Summer,No Holiday,Yes,594
17097,2018-10-17,10,Wednesday,0,5,Dawn,9.2,77,0.0,1278,5.3,0.0,0.0,0.0,0.0,Autumn,No Holiday,Yes,210
11263,2017-12-30,12,Saturday,1,11,Morning,2.0,69,1.0,257,-3.1,0.32,0.0,0.0,0.0,Winter,No Holiday,Yes,237
13723,2017-12-14,12,Thursday,0,16,Afternoon,-2.4,28,0.9,1878,-18.4,0.35,0.0,0.0,0.0,Winter,No Holiday,Yes,335
12804,2018-01-19,1,Friday,0,17,Afternoon,4.1,34,3.1,1810,-10.3,0.28,0.0,0.0,0.0,Winter,No Holiday,Yes,468
17148,2018-11-21,11,Wednesday,0,1,Dawn,6.9,86,0.7,533,4.7,0.0,0.0,0.0,0.0,Autumn,No Holiday,Yes,159
18611,2018-03-22,3,Thursday,0,18,Evening,7.9,46,3.1,1057,-3.0,0.58,0.0,0.0,0.0,Spring,No Holiday,Yes,1495
16973,2018-05-01,5,Tuesday,0,7,Early Morning,18.0,82,0.7,264,14.8,0.11,0.0,0.0,0.0,Spring,Holiday,Yes,614
11433,2018-09-06,9,Thursday,0,0,Dawn,22.5,83,0.5,1593,19.4,0.0,0.0,0.0,0.0,Autumn,No Holiday,Yes,963
17163,2018-07-01,7,Sunday,1,7,Early Morning,22.1,89,0.5,1617,20.1,0.08,0.5,0.0,0.5,Summer,No Holiday,Yes,25
13719,2018-01-26,1,Friday,0,7,Early Morning,-17.5,38,3.4,2000,-28.4,0.0,0.0,0.05,0.05,Winter,No Holiday,Yes,142
15878,2018-04-04,4,Wednesday,0,4,Dawn,14.1,97,1.7,306,13.6,0.0,3.0,0.0,3.0,Spring,No Holiday,Yes,14
12425,2018-08-09,8,Thursday,0,5,Dawn,27.8,82,1.0,1599,24.4,0.0,0.0,0.0,0.0,Summer,No Holiday,Yes,292
11754,2018-01-20,1,Saturday,1,7,Early Morning,0.2,60,0.3,1145,-6.6,0.0,0.0,0.0,0.0,Winter,No Holiday,Yes,101
15012,2018-03-23,3,Friday,0,16,Afternoon,12.2,24,2.8,1655,-7.8,1.98,0.0,0.0,0.0,Spring,No Holiday,Yes,901
13511,2018-10-24,10,Wednesday,0,5,Dawn,8.5,87,1.2,1046,6.4,0.0,0.0,0.0,0.0,Autumn,No Holiday,Yes,164
18724,2018-07-20,7,Friday,0,8,Early Morning,26.6,70,1.3,1062,20.6,1.01,0.0,0.0,0.0,Summer,No Holiday,Yes,1896
10737,2018-07-28,7,Saturday,1,14,Afternoon,34.4,65,1.8,960,26.8,1.75,0.2,0.0,0.2,Summer,No Holiday,Yes,314
12161,2018-01-20,1,Saturday,1,12,Morning,5.3,55,2.6,904,-3.0,0.85,0.0,0.0,0.0,Winter,No Holiday,Yes,325
18349,2018-06-06,6,Wednesday,0,10,Morning,24.3,53,2.9,949,14.1,2.37,0.0,0.0,0.0,Summer,Holiday,Yes,1087
11182,2018-10-10,10,Wednesday,0,14,Afternoon,14.0,43,2.8,2000,1.5,1.13,0.0,0.0,0.0,Autumn,No Holiday,Yes,1041
15064,2018-04-12,4,Thursday,0,19,Evening,15.9,14,2.8,2000,-11.6,0.25,0.0,0.0,0.0,Spring,No Holiday,Yes,1641
10015,2018-06-29,6,Friday,0,12,Morning,26.1,67,2.2,758,19.4,2.15,0.0,0.0,0.0,Summer,No Holiday,Yes,1168
11875,2018-11-25,11,Sunday,1,14,Afternoon,9.2,52,1.3,765,-0.1,1.01,0.0,0.13,0.13,Autumn,No Holiday,Yes,777
13558,2018-09-08,9,Saturday,1,14,Afternoon,26.8,31,2.8,2000,8.2,2.96,0.0,0.0,0.0,Autumn,No Holiday,Yes,1554
15552,2018-03-07,3,Wednesday,0,22,Night,7.2,60,1.4,1928,0.0,0.0,0.0,0.0,0.0,Spring,No Holiday,Yes,147
12936,2018-07-04,7,Wednesday,0,18,Evening,30.0,60,2.5,1933,21.3,0.99,0.0,0.0,0.0,Summer,No Holiday,Yes,3080
15000,2018-10-08,10,Monday,0,21,Evening,15.1,48,2.6,2000,4.1,0.0,0.0,0.0,0.0,Autumn,No Holiday,Yes,1788
12466,2017-12-18,12,Monday,0,0,Dawn,-5.9,50,0.6,2000,-14.6,0.0,0.0,0.0,0.0,Winter,No Holiday,Yes,151
17495,2018-07-14,7,Saturday,1,5,Dawn,24.8,86,1.6,1170,22.2,0.0,0.0,0.0,0.0,Summer,No Holiday,Yes,266
13575,2018-10-27,10,Saturday,1,14,Afternoon,10.8,37,4.4,2000,-3.3,1.29,0.0,0.0,0.0,Autumn,No Holiday,Yes,1183
11037,2018-07-21,7,Saturday,1,22,Night,29.4,55,1.4,2000,19.4,0.0,0.0,0.0,0.0,Summer,No Holiday,Yes,1588
15954,2018-02-02,2,Friday,0,23,Night,-2.6,69,2.0,1434,-7.5,0.0,0.0,0.0,0.0,Winter,No Holiday,Yes,178
13827,2018-10-13,10,Saturday,1,17,Afternoon,18.7,33,1.1,1164,2.0,0.7,0.0,0.0,0.0,Autumn,No Holiday,Yes,1995
10268,2018-01-23,1,Tuesday,0,15,Afternoon,-9.7,32,3.6,2000,-23.3,1.04,0.0,0.1,0.1,Winter,No Holiday,Yes,181
16770,2018-01-12,1,Friday,0,5,Dawn,-14.6,45,1.1,2000,-23.9,0.0,0.0,0.0,0.0,Winter,No Holiday,Yes,35
17770,2018-08-25,8,Saturday,1,4,Dawn,23.2,79,1.8,1941,19.3,0.0,0.0,0.0,0.0,Summer,No Holiday,Yes,306
10137,2018-05-08,5,Tuesday,0,4,Dawn,15.4,63,1.6,2000,8.3,0.0,0.0,0.0,0.0,Spring,No Holiday,Yes,155
13476,2018-07-05,7,Thursday,0,8,Early Morning,23.6,93,0.9,308,22.3,0.21,0.0,0.0,0.0,Summer,No Holiday,Yes,1836
14174,2018-06-02,6,Saturday,1,1,Dawn,20.2,57,0.4,1428,11.4,0.0,0.0,0.0,0.0,Summer,No Holiday,Yes,989
18598,2018-11-23,11,Friday,0,20,Evening,2.7,27,1.2,2000,-14.4,0.0,0.0,0.0,0.0,Autumn,No Holiday,Yes,767
17067,2018-05-30,5,Wednesday,0,23,Night,16.4,80,1.5,642,12.9,0.0,0.0,0.0,0.0,Spring,No Holiday,Yes,1158
17313,2018-05-10,5,Thursday,0,12,Morning,19.8,49,2.3,1320,8.7,3.17,0.0,0.0,0.0,Spring,No Holiday,No,0
13289,2018-10-23,10,Tuesday,0,17,Afternoon,15.7,63,3.2,1118,8.6,0.39,0.0,0.0,0.0,Autumn,No Holiday,Yes,1604
17979,2018-07-06,7,Friday,0,1,Dawn,23.1,66,1.6,2000,16.3,0.0,0.0,0.0,0.0,Summer,No Holiday,Yes,839
18485,2018-03-20,3,Tuesday,0,22,Night,2.0,37,2.7,2000,-11.1,0.0,0.0,0.0,0.0,Spring,No Holiday,Yes,460
10942,2018-03-19,3,Monday,0,8,Early Morning,7.3,84,2.2,813,4.7,0.05,0.0,0.0,0.0,Spring,No Holiday,Yes,592
14347,2018-07-27,7,Friday,0,4,Dawn,27.3,85,1.6,671,24.5,0.0,0.0,0.0,0.0,Summer,No Holiday,Yes,218
12490,2018-07-22,7,Sunday,1,11,Morning,33.8,45,1.9,1928,20.2,2.74,0.0,0.0,0.0,Summer,No Holiday,Yes,499
16423,2018-04-29,4,Sunday,1,5,Dawn,9.7,63,1.1,1304,2.9,0.0,0.0,0.0,0.0,Spring,No Holiday,Yes,138
10668,2018-10-14,10,Sunday,1,4,Dawn,7.9,76,1.3,771,3.9,0.0,0.0,0.0,0.0,Autumn,No Holiday,Yes,185
12239,2018-02-23,2,Friday,0,13,Afternoon,6.7,64,2.0,241,0.3,1.94,0.0,0.06,0.06,Winter,No Holiday,Yes,304
16040,2018-07-30,7,Monday,0,11,Morning,33.2,46,1.4,1968,20.0,2.16,0.0,0.0,0.0,Summer,No Holiday,Yes,623
16329,2018-10-25,10,Thursday,0,15,Afternoon,20.6,32,1.4,1651,3.3,1.4,0.0,0.0,0.0,Autumn,No Holiday,Yes,1275
17146,2018-08-14,8,Tuesday,0,5,Dawn,27.9,71,0.3,2000,22.1,0.0,0.0,0.0,0.0,Summer,No Holiday,Yes,254
14948,2018-05-06,5,Sunday,1,13,Afternoon,16.4,94,0.9,1947,15.4,0.78,0.0,0.0,0.0,Spring,No Holiday,Yes,211
17870,2018-03-04,3,Sunday,1,15,Afternoon,11.7,81,1.2,616,8.5,0.53,0.0,0.0,0.0,Spring,No Holiday,Yes,468
18600,2018-06-15,6,Friday,0,19,Evening,24.3,48,1.5,2000,12.5,0.59,0.0,0.0,0.0,Summer,No Holiday,Yes,2984
12326,2018-07-12,7,Thursday,0,14,Afternoon,27.8,76,3.1,1517,23.1,1.0,0.0,0.0,0.0,Summer,No Holiday,Yes,976
11086,2018-10-09,10,Tuesday,0,16,Afternoon,19.0,39,1.4,2000,4.7,0.89,0.0,0.0,0.0,Autumn,Holiday,No,0
15959,2018-08-27,8,Monday,0,7,Early Morning,20.8,98,0.5,299,20.4,0.02,2.0,0.0,2.0,Summer,No Holiday,Yes,103
16657,2018-02-28,2,Wednesday,0,0,Dawn,5.1,52,1.1,614,-3.9,0.0,0.0,0.0,0.0,Winter,No Holiday,Yes,266
12684,2018-06-05,6,Tuesday,0,8,Early Morning,21.5,58,1.1,1021,12.8,1.21,0.0,0.0,0.0,Summer,No Holiday,Yes,2322
17159,2018-07-25,7,Wednesday,0,0,Dawn,28.9,66,2.2,2000,21.9,0.0,0.0,0.0,0.0,Summer,No Holiday,Yes,939
11483,2018-01-18,1,Thursday,0,16,Afternoon,3.6,42,2.4,883,-8.1,0.29,0.0,0.0,0.0,Winter,No Holiday,Yes,328
16993,2018-07-08,7,Sunday,1,20,Evening,25.7,53,1.3,2000,15.3,0.03,0.0,0.0,0.0,Summer,No Holiday,Yes,2348
10746,2018-06-04,6,Monday,0,18,Evening,24.4,48,1.9,1998,12.6,0.56,0.0,0.0,0.0,Summer,No Holiday,Yes,3380
18603,2018-05-05,5,Saturday,1,11,Morning,20.2,41,3.1,1789,6.5,2.56,0.0,0.0,0.0,Spring,No Holiday,Yes,1024
16782,2018-02-07,2,Wednesday,0,6,Dawn,-13.2,50,0.5,1873,-21.4,0.0,0.0,0.0,0.0,Winter,No Holiday,Yes,92
18003,2018-08-18,8,Saturday,1,19,Evening,28.5,45,1.6,2000,15.4,0.23,0.0,0.0,0.0,Summer,No Holiday,Yes,2127
11775,2018-09-16,9,Sunday,1,18,Evening,21.5,89,3.0,350,19.6,0.18,0.0,0.0,0.0,Autumn,No Holiday,Yes,520
16043,2018-05-11,5,Friday,0,21,Evening,16.4,52,1.5,1273,6.5,0.0,0.0,0.0,0.0,Spring,No Holiday,Yes,1644
17616,2018-01-05,1,Friday,0,16,Afternoon,1.0,34,2.9,2000,-13.1,0.61,0.0,0.0,0.0,Winter,No Holiday,Yes,329
17659,2018-08-07,8,Tuesday,0,9,Early Morning,29.3,66,1.1,2000,22.2,1.07,0.0,0.0,0.0,Summer,No Holiday,Yes,961
14715,2017-12-12,12,Tuesday,0,10,Morning,-10.5,45,3.3,1855,-20.1,0.6,0.0,0.0,0.0,Winter,No Holiday,Yes,184
11288,2018-05-09,5,Wednesday,0,3,Dawn,10.5,59,1.0,2000,2.8,0.0,0.0,0.0,0.0,Spring,No Holiday,Yes,187
15223,2017-12-28,12,Thursday,0,4,Dawn,-5.8,32,1.6,2000,-19.8,0.0,0.0,0.0,0.0,Winter,No Holiday,Yes,50
12002,2018-11-25,11,Sunday,1,23,Night,3.8,83,1.1,390,1.1,0.0,0.0,0.04,0.04,Autumn,No Holiday,Yes,379
18223,2018-01-19,1,Friday,0,11,Morning,2.2,20,0.6,1794,-18.5,0.83,0.0,0.0,0.0,Winter,No Holiday,Yes,283
17333,2018-10-19,10,Friday,0,22,Night,12.3,65,1.7,2000,5.8,0.0,0.0,0.0,0.0,Autumn,No Holiday,Yes,1331
12575,2018-06-30,6,Saturday,1,19,Evening,24.3,95,0.5,958,23.4,0.11,4.0,0.0,4.0,Summer,No Holiday,Yes,481
14204,2018-10-10,10,Wednesday,0,22,Night,9.2,55,0.9,2000,0.6,0.0,0.0,0.0,0.0,Autumn,No Holiday,Yes,1255
15246,2018-07-23,7,Monday,0,8,Early Morning,30.0,56,0.9,2000,20.2,0.54,0.0,0.0,0.0,Summer,No Holiday,Yes,1889
13164,2018-05-16,5,Wednesday,0,3,Dawn,22.6,89,0.7,327,20.6,0.0,0.8,0.0,0.8,Spring,No Holiday,Yes,166
11403,2018-08-18,8,Saturday,1,22,Night,26.3,48,0.8,2000,14.4,0.0,0.0,0.0,0.0,Summer,No Holiday,Yes,1681
11589,2018-08-08,8,Wednesday,0,2,Dawn,28.3,84,2.1,1099,25.3,0.0,0.0,0.0,0.0,Summer,No Holiday,Yes,489
16688,2018-01-14,1,Sunday,1,19,Evening,3.9,54,1.1,1102,-4.5,0.0,0.0,0.0,0.0,Winter,No Holiday,Yes,208
18466,2018-01-16,1,Tuesday,0,14,Afternoon,6.5,43,0.8,468,-5.2,0.52,0.0,0.0,0.0,Winter,No Holiday,Yes,276
17271,2018-08-25,8,Saturday,1,8,Early Morning,24.1,78,2.0,1133,20.0,0.34,0.0,0.0,0.0,Summer,No Holiday,Yes,721
13312,2018-02-11,2,Sunday,1,4,Dawn,-7.5,42,2.4,1998,-18.2,0.0,0.0,0.0,0.0,Winter,No Holiday,Yes,34
15287,2018-02-09,2,Friday,0,1,Dawn,-4.8,44,1.1,1432,-15.2,0.0,0.0,0.0,0.0,Winter,No Holiday,Yes,159
12862,2018-07-21,7,Saturday,1,15,Afternoon,36.5,35,3.0,1355,18.5,2.71,0.0,0.0,0.0,Summer,No Holiday,Yes,785
16180,2018-06-24,6,Sunday,1,6,Dawn,20.2,87,2.0,255,17.9,0.01,0.0,0.0,0.0,Summer,No Holiday,Yes,258
18284,2018-01-15,1,Monday,0,12,Morning,6.2,64,1.9,549,-0.1,0.79,0.0,0.0,0.0,Winter,No Holiday,Yes,311
12036,2018-08-14,8,Tuesday,0,2,Dawn,28.6,70,1.5,2000,22.5,0.0,0.0,0.0,0.0,Summer,No Holiday,Yes,467
17744,2018-08-09,8,Thursday,0,6,Dawn,27.7,84,1.4,1436,24.7,0.0,0.0,0.0,0.0,Summer,No Holiday,Yes,619
18560,2018-09-02,9,Sunday,1,9,Early Morning,23.4,52,1.3,1997,12.9,1.53,0.0,0.0,0.0,Autumn,No Holiday,Yes,721
13755,2018-04-26,4,Thursday,0,13,Afternoon,20.6,30,2.4,1048,2.3,2.67,0.0,0.0,0.0,Spring,No Holiday,Yes,1084
10129,2018-08-08,8,Wednesday,0,21,Evening,29.7,71,3.2,1934,23.8,0.0,0.0,0.0,0.0,Summer,No Holiday,Yes,1783
17926,2018-01-18,1,Thursday,0,8,Early Morning,1.1,86,1.2,197,-0.9,0.0,0.0,0.0,0.0,Winter,No Holiday,Yes,537
14778,2018-03-06,3,Tuesday,0,1,Dawn,0.8,67,0.8,2000,-4.6,0.0,0.0,0.0,0.0,Spring,No Holiday,Yes,188
11801,2017-12-08,12,Friday,0,22,Night,-3.4,39,1.2,2000,-15.4,0.0,0.0,0.0,0.0,Winter,No Holiday,Yes,347
11000,2018-09-14,9,Friday,0,18,Evening,25.7,57,1.5,2000,16.5,0.24,0.0,0.0,0.0,Autumn,No Holiday,Yes,2826
14296,2018-03-21,3,Wednesday,0,16,Afternoon,2.4,79,1.9,1995,-0.8,0.37,0.0,0.0,0.0,Spring,No Holiday,Yes,241
15943,2018-08-11,8,Saturday,1,8,Early Morning,28.0,60,1.0,2000,19.5,0.91,0.0,0.0,0.0,Summer,No Holiday,Yes,647
10072,2018-08-19,8,Sunday,1,8,Early Morning,24.4,58,0.8,2000,15.5,0.45,0.0,0.0,0.0,Summer,No Holiday,Yes,592
17020,2018-03-18,3,Sunday,1,5,Dawn,5.6,55,1.2,1008,-2.7,0.0,0.0,0.0,0.0,Spring,No Holiday,Yes,67
12643,2018-02-13,2,Tuesday,0,3,Dawn,-6.2,61,1.3,1992,-12.5,0.0,0.0,0.0,0.0,Winter,No Holiday,Yes,70
10067,2018-01-09,1,Tuesday,0,19,Evening,-4.5,57,0.6,2000,-11.7,0.0,0.0,0.0,0.0,Winter,No Holiday,Yes,364
10971,2018-05-01,5,Tuesday,0,8,Early Morning,18.8,76,0.6,301,14.4,0.36,0.0,0.0,0.0,Spring,Holiday,Yes,1067
16606,2018-05-05,5,Saturday,1,12,Morning,21.9,35,3.4,1586,5.7,2.74,0.0,0.0,0.0,Spring,No Holiday,Yes,1258
13907,2018-01-12,1,Friday,0,19,Evening,-8.2,32,1.1,2000,-22.0,0.0,0.0,0.0,0.0,Winter,No Holiday,Yes,273
12540,2018-10-24,10,Wednesday,0,17,Afternoon,17.0,47,2.2,1989,5.5,0.59,0.0,0.0,0.0,Autumn,No Holiday,Yes,1904
10760,2018-04-18,4,Wednesday,0,20,Evening,13.0,41,2.3,1164,0.0,0.0,0.0,0.0,0.0,Spring,No Holiday,Yes,1346
12327,2018-04-05,4,Thursday,0,22,Night,7.2,96,1.0,700,6.5,0.0,0.0,0.0,0.0,Spring,No Holiday,Yes,77
18288,2018-03-28,3,Wednesday,0,6,Dawn,9.6,84,0.7,301,7.0,0.0,0.0,0.0,0.0,Spring,No Holiday,Yes,258
16158,2018-03-19,3,Monday,0,20,Evening,8.3,47,3.1,2000,-2.3,0.0,0.0,0.0,0.0,Spring,No Holiday,Yes,711
14005,2018-02-25,2,Sunday,1,4,Dawn,-1.1,43,0.7,1558,-12.1,0.0,0.0,0.0,0.0,Winter,No Holiday,Yes,52
11861,2018-07-04,7,Wednesday,0,11,Morning,30.0,60,2.3,1861,21.3,2.61,0.0,0.0,0.0,Summer,No Holiday,Yes,941
18582,2018-04-01,4,Sunday,1,15,Afternoon,18.2,63,2.2,687,11.0,0.72,0.0,0.0,0.0,Spring,No Holiday,Yes,1349
13223,2018-06-27,6,Wednesday,0,7,Early Morning,19.3,98,1.0,188,18.9,0.06,0.0,0.0,0.0,Summer,No Holiday,Yes,1084
14981,2018-07-15,7,Sunday,1,0,Dawn,26.0,82,1.9,1674,22.6,0.0,0.0,0.0,0.0,Summer,No Holiday,Yes,1143
11398,2018-04-13,4,Friday,0,16,Afternoon,18.3,16,1.0,2000,-7.9,0.7,0.0,0.0,0.0,Spring,No Holiday,Yes,1270
12405,2017-12-21,12,Thursday,0,0,Dawn,-1.3,90,2.0,259,-2.7,0.0,0.0,0.22000000000000003,0.22000000000000003,Winter,No Holiday,Yes,166
18546,2018-02-08,2,Thursday,0,8,Early Morning,-9.7,65,0.8,1508,-15.0,0.02,0.0,0.0,0.0,Winter,No Holiday,Yes,507
16136,2018-07-01,7,Sunday,1,20,Evening,21.9,97,1.1,534,21.3,0.0,6.0,0.0,6.0,Summer,No Holiday,Yes,16
16735,2018-08-13,8,Monday,0,5,Dawn,26.8,90,0.6,591,25.0,0.0,0.0,0.0,0.0,Summer,No Holiday,Yes,230
10538,2017-12-31,12,Sunday,1,2,Dawn,0.4,95,1.7,110,-0.3,0.0,0.0,0.12,0.12,Winter,Holiday,Yes,65
13781,2018-07-25,7,Wednesday,0,6,Dawn,28.1,75,1.8,1092,23.2,0.01,0.0,0.0,0.0,Summer,No Holiday,Yes,657
10393,2018-11-19,11,Monday,0,7,Early Morning,3.4,73,1.1,1012,-0.9,0.0,0.0,0.0,0.0,Autumn,No Holiday,Yes,991
13160,2018-06-24,6,Sunday,1,19,Evening,27.8,41,2.7,1990,13.3,0.45,0.0,0.0,0.0,Summer,No Holiday,Yes,2290
16427,2018-02-12,2,Monday,0,9,Early Morning,-8.4,28,2.2,1947,-23.7,0.49,0.0,0.0,0.0,Winter,No Holiday,Yes,262
13094,2018-07-05,7,Thursday,0,13,Afternoon,28.1,67,1.1,1772,21.3,1.43,0.0,0.0,0.0,Summer,No Holiday,Yes,929
11969,2017-12-15,12,Friday,0,8,Early Morning,-6.6,64,1.1,791,-12.2,0.0,0.0,0.0,0.0,Winter,No Holiday,Yes,658
18394,2018-05-10,5,Thursday,0,4,Dawn,12.0,79,0.6,1351,8.4,0.0,0.0,0.0,0.0,Spring,No Holiday,No,0
15658,2018-08-24,8,Friday,0,0,Dawn,25.7,83,2.0,2000,22.5,0.0,0.5,0.0,0.5,Summer,No Holiday,Yes,238
12177,2018-06-07,6,Thursday,0,9,Early Morning,20.5,73,1.6,364,15.4,1.23,0.0,0.0,0.0,Summer,No Holiday,Yes,1342
10431,2018-11-12,11,Monday,0,16,Afternoon,12.9,38,2.6,1476,-1.1,0.94,0.0,0.0,0.0,Autumn,No Holiday,Yes,1193
14736,2018-03-11,3,Sunday,1,17,Afternoon,11.1,25,2.0,1765,-8.2,1.19,0.0,0.0,0.0,Spring,No Holiday,Yes,1028
13591,2018-08-31,8,Friday,0,3,Dawn,23.3,81,1.7,1068,19.8,0.0,0.0,0.0,0.0,Summer,No Holiday,Yes,297
11369,2018-06-21,6,Thursday,0,16,Afternoon,28.5,42,3.1,1622,14.3,2.62,0.0,0.0,0.0,Summer,No Holiday,Yes,1473
18357,2018-03-30,3,Friday,0,18,Evening,17.4,57,3.1,657,8.7,0.52,0.0,0.0,0.0,Spring,No Holiday,Yes,1935
16885,2018-01-22,1,Monday,0,16,Afternoon,2.0,87,1.9,140,0.0,0.03,0.0,0.0,0.0,Winter,No Holiday,Yes,18
13402,2018-02-21,2,Wednesday,0,15,Afternoon,4.2,15,2.7,1995,-20.2,2.21,0.0,0.0,0.0,Winter,No Holiday,Yes,366
14130,2018-10-03,10,Wednesday,0,21,Evening,17.6,59,1.6,2000,9.4,0.0,0.0,0.0,0.0,Autumn,Holiday,Yes,1594
17814,2018-08-30,8,Thursday,0,1,Dawn,24.9,92,2.2,1125,23.5,0.0,0.5,0.0,0.5,Summer,No Holiday,Yes,99
16132,2018-01-22,1,Monday,0,0,Dawn,-0.2,30,0.4,2000,-15.7,0.0,0.0,0.0,0.0,Winter,No Holiday,Yes,171
10964,2018-06-09,6,Saturday,1,6,Dawn,19.0,84,0.5,440,16.2,0.05,0.0,0.0,0.0,Summer,No Holiday,Yes,381
12623,2018-05-02,5,Wednesday,0,2,Dawn,19.0,80,1.6,346,15.4,0.0,0.0,0.0,0.0,Spring,No Holiday,Yes,245
15104,2018-07-07,7,Saturday,1,7,Early Morning,19.6,57,1.6,2000,10.8,0.42,0.0,0.0,0.0,Summer,No Holiday,Yes,567
17526,2018-11-24,11,Saturday,1,6,Dawn,3.7,25,2.3,2000,-14.5,0.0,0.0,0.0,0.0,Autumn,No Holiday,Yes,79
16217,2017-12-04,12,Monday,0,19,Evening,-2.9,32,3.2,2000,-17.3,0.0,0.0,0.0,0.0,Winter,No Holiday,Yes,568
15216,2018-05-16,5,Wednesday,0,12,Morning,22.9,87,4.0,1497,20.6,0.22,0.0,0.0,0.0,Spring,No Holiday,Yes,59
14185,2018-10-11,10,Thursday,0,19,Evening,11.1,43,2.0,2000,-1.0,0.0,0.0,0.0,0.0,Autumn,No Holiday,Yes,1614
15704,2018-01-07,1,Sunday,1,13,Afternoon,1.4,34,0.8,1394,-12.7,0.5,0.0,0.0,0.0,Winter,No Holiday,Yes,265
18386,2018-05-23,5,Wednesday,0,16,Afternoon,23.0,33,4.2,1880,5.8,2.57,0.0,0.0,0.0,Spring,No Holiday,Yes,1563
16877,2018-08-17,8,Friday,0,10,Morning,27.0,36,2.2,1977,10.6,2.34,0.0,0.0,0.0,Summer,No Holiday,Yes,717
13338,2018-02-02,2,Friday,0,9,Early Morning,-6.5,54,1.2,1541,-14.2,0.22,0.0,0.0,0.0,Winter,No Holiday,Yes,280
17032,2018-07-09,7,Monday,0,23,Night,20.4,96,0.6,1137,19.7,0.0,1.0,0.0,1.0,Summer,No Holiday,Yes,40
17644,2018-07-19,7,Thursday,0,9,Early Morning,27.6,62,1.5,1043,19.6,1.76,0.0,0.0,0.0,Summer,No Holiday,Yes,985
15020,2018-07-29,7,Sunday,1,22,Night,30.4,45,1.6,2000,17.1,0.0,0.0,0.0,0.0,Summer,No Holiday,Yes,1406
12288,2018-09-02,9,Sunday,1,14,Afternoon,29.1,43,1.4,2000,15.2,2.39,0.0,0.0,0.0,Autumn,No Holiday,Yes,1395
10394,2018-02-06,2,Tuesday,0,19,Evening,-8.4,37,4.0,2000,-20.5,0.0,0.0,0.0,0.0,Winter,No Holiday,Yes,251
10921,2018-08-08,8,Wednesday,0,3,Dawn,28.3,84,0.5,1006,25.3,0.0,0.0,0.0,0.0,Summer,No Holiday,Yes,322
11010,2018-09-04,9,Tuesday,0,4,Dawn,20.4,97,2.7,704,19.9,0.0,0.0,0.0,0.0,Autumn,No Holiday,Yes,186
13020,2018-02-28,2,Wednesday,0,23,Night,1.8,96,1.2,745,1.2,0.0,0.0,0.0,0.0,Winter,No Holiday,Yes,23
18289,2018-07-20,7,Friday,0,14,Afternoon,33.4,52,2.7,685,22.1,2.67,0.0,0.0,0.0,Summer,No Holiday,Yes,741
12694,2018-03-25,3,Sunday,1,0,Dawn,6.4,84,1.4,171,3.8,0.0,0.0,0.0,0.0,Spring,No Holiday,Yes,372
15557,2018-07-10,7,Tuesday,0,8,Early Morning,21.7,89,0.5,2000,19.8,0.31,0.0,0.0,0.0,Summer,No Holiday,Yes,2017
15528,2018-11-23,11,Friday,0,15,Afternoon,6.4,16,2.0,2000,-17.6,1.01,0.0,0.0,0.0,Autumn,No Holiday,Yes,752
13271,2018-11-10,11,Saturday,1,5,Dawn,9.4,87,0.8,279,7.3,0.0,0.0,0.0,0.0,Autumn,No Holiday,Yes,137
16028,2018-01-30,1,Tuesday,0,15,Afternoon,-1.6,55,2.5,1891,-9.4,0.64,0.0,0.0,0.0,Winter,No Holiday,Yes,173
10585,2018-01-14,1,Sunday,1,17,Afternoon,4.5,51,1.1,1244,-4.7,0.17,0.0,0.0,0.0,Winter,No Holiday,Yes,302
15256,2018-11-14,11,Wednesday,0,19,Evening,11.5,52,2.4,1319,1.9,0.0,0.0,0.0,0.0,Autumn,No Holiday,Yes,1464
14598,2018-07-16,7,Monday,0,10,Morning,29.8,54,1.8,1737,19.4,2.34,0.0,0.0,0.0,Summer,No Holiday,Yes,678
14203,2018-03-13,3,Tuesday,0,17,Afternoon,16.9,62,3.1,1562,9.5,0.95,0.0,0.0,0.0,Spring,No Holiday,Yes,1085
14880,2017-12-29,12,Friday,0,7,Early Morning,0.9,67,0.6,658,-4.5,0.0,0.0,0.0,0.0,Winter,No Holiday,Yes,289
13751,2018-11-14,11,Wednesday,0,1,Dawn,6.5,60,0.5,1788,-0.7,0.0,0.0,0.0,0.0,Autumn,No Holiday,Yes,517
13441,2018-03-18,3,Sunday,1,21,Evening,8.8,72,0.9,501,4.0,0.0,0.0,0.0,0.0,Spring,No Holiday,Yes,71
12141,2018-06-25,6,Monday,0,1,Dawn,22.5,80,1.1,619,18.8,0.0,0.0,0.0,0.0,Summer,No Holiday,Yes,585
12398,2017-12-23,12,Saturday,1,6,Dawn,5.1,81,1.3,375,2.1,0.0,0.0,0.0,0.0,Winter,No Holiday,Yes,63
16030,2018-06-08,6,Friday,0,9,Early Morning,21.2,62,1.7,1384,13.6,1.45,0.0,0.0,0.0,Summer,No Holiday,Yes,1283
11701,2018-09-18,9,Tuesday,0,23,Night,21.2,69,1.3,1999,15.2,0.0,0.0,0.0,0.0,Autumn,No Holiday,No,0
15627,2017-12-24,12,Sunday,1,21,Evening,0.4,69,3.5,477,-4.6,0.0,0.0,0.0,0.0,Winter,Holiday,Yes,145
13055,2018-05-01,5,Tuesday,0,19,Evening,21.2,68,1.5,610,15.0,0.16,0.0,0.0,0.0,Spring,Holiday,Yes,1696
18652,2018-11-25,11,Sunday,1,4,Dawn,2.4,89,0.7,321,0.7,0.0,0.0,0.26,0.26,Autumn,No Holiday,Yes,138
10836,2018-05-04,5,Friday,0,18,Evening,17.1,35,3.4,1961,1.4,1.11,0.0,0.0,0.0,Spring,No Holiday,Yes,2661
18147,2018-09-07,9,Friday,0,20,Evening,21.6,43,1.4,2000,8.4,0.0,0.0,0.0,0.0,Autumn,No Holiday,Yes,1959
16932,2018-09-16,9,Sunday,1,3,Dawn,22.6,89,0.6,578,20.6,0.0,0.2,0.0,0.2,Autumn,No Holiday,Yes,258
13819,2018-10-28,10,Sunday,1,8,Early Morning,6.8,89,1.4,1856,5.1,0.05,0.0,0.0,0.0,Autumn,No Holiday,Yes,74
15812,2018-07-17,7,Tuesday,0,7,Early Morning,24.4,75,1.0,841,19.6,0.35,0.0,0.0,0.0,Summer,No Holiday,Yes,1356
17974,2018-03-03,3,Saturday,1,7,Early Morning,0.1,43,1.4,1502,-11.0,0.0,0.0,0.0,0.0,Spring,No Holiday,Yes,159
13334,2018-04-29,4,Sunday,1,3,Dawn,10.6,60,1.0,1163,3.1,0.0,0.0,0.0,0.0,Spring,No Holiday,Yes,263
16368,2018-02-19,2,Monday,0,2,Dawn,-1.4,41,1.1,1582,-12.9,0.0,0.0,0.0,0.0,Winter,No Holiday,Yes,59
18642,2018-10-15,10,Monday,0,4,Dawn,11.0,82,0.1,951,8.0,0.0,0.0,0.0,0.0,Autumn,No Holiday,Yes,152
17248,2018-09-24,9,Monday,0,6,Dawn,14.3,66,0.5,2000,8.0,0.0,0.0,0.0,0.0,Autumn,Holiday,Yes,141
13098,2018-08-22,8,Wednesday,0,8,Early Morning,25.7,66,0.9,1976,18.8,0.64,0.0,0.0,0.0,Summer,No Holiday,Yes,1990
15877,2018-02-12,2,Monday,0,15,Afternoon,-2.1,30,3.9,1933,-17.3,2.22,0.0,0.0,0.0,Winter,No Holiday,Yes,228
14568,2018-08-20,8,Monday,0,19,Evening,30.8,55,1.9,1170,20.7,0.06,0.0,0.0,0.0,Summer,No Holiday,Yes,2162
18093,2018-11-28,11,Wednesday,0,18,Evening,6.3,25,2.0,1653,-12.3,0.0,0.0,0.0,0.0,Autumn,No Holiday,Yes,1536
16592,2018-04-14,4,Saturday,1,20,Evening,9.4,76,2.6,1376,5.3,0.0,0.0,0.0,0.0,Spring,No Holiday,Yes,640
12517,2018-06-18,6,Monday,0,6,Dawn,20.0,78,0.4,752,16.0,0.05,0.0,0.0,0.0,Summer,No Holiday,Yes,779
14734,2018-08-26,8,Sunday,1,4,Dawn,21.2,86,0.5,1724,18.7,0.0,0.0,0.0,0.0,Summer,No Holiday,Yes,290
17028,2017-12-19,12,Tuesday,0,11,Morning,-3.5,35,2.2,1742,-16.7,0.87,0.0,0.25,0.25,Winter,No Holiday,Yes,174
14624,2018-08-13,8,Monday,0,1,Dawn,28.2,88,0.2,929,26.0,0.0,1.0,0.0,1.0,Summer,No Holiday,Yes,231
10857,2018-01-12,1,Friday,0,11,Morning,-11.2,31,2.4,1944,-25.0,0.94,0.0,0.0,0.0,Winter,No Holiday,Yes,140
12942,2018-05-31,5,Thursday,0,7,Early Morning,14.9,71,0.9,651,9.6,0.47,0.0,0.0,0.0,Spring,No Holiday,Yes,1401
18077,2018-07-22,7,Sunday,1,6,Dawn,25.3,73,0.6,1979,20.1,0.02,0.0,0.0,0.0,Summer,No Holiday,Yes,286
13414,2018-01-19,1,Friday,0,15,Afternoon,5.4,25,2.4,1686,-13.1,0.9,0.0,0.0,0.0,Winter,No Holiday,Yes,381
14687,2018-06-20,6,Wednesday,0,1,Dawn,19.6,73,1.4,958,14.6,0.0,0.0,0.0,0.0,Summer,No Holiday,Yes,803
17184,2017-12-06,12,Wednesday,0,6,Dawn,-3.7,76,0.0,1864,-7.3,0.0,0.0,0.04,0.04,Winter,No Holiday,Yes,142
11547,2018-07-23,7,Monday,0,21,Evening,30.8,60,1.8,2000,22.1,0.0,0.0,0.0,0.0,Summer,No Holiday,Yes,1994
11108,2018-04-23,4,Monday,0,1,Dawn,10.6,87,2.3,1523,8.5,0.0,0.1,0.0,0.1,Spring,No Holiday,Yes,41
10743,2018-04-28,4,Saturday,1,14,Afternoon,21.3,25,3.8,1884,0.4,3.22,0.0,0.0,0.0,Spring,No Holiday,Yes,1597
16229,2018-08-23,8,Thursday,0,21,Evening,27.8,72,2.0,2000,22.2,0.0,0.1,0.0,0.1,Summer,No Holiday,Yes,189
11594,2017-12-29,12,Friday,0,19,Evening,2.7,68,1.2,348,-2.6,0.0,0.0,0.0,0.0,Winter,No Holiday,Yes,395
17664,2018-06-29,6,Friday,0,19,Evening,27.1,64,1.1,829,19.6,0.28,0.0,0.0,0.0,Summer,No Holiday,Yes,2602
14119,2018-11-28,11,Wednesday,0,8,Early Morning,2.1,29,1.1,1337,-14.1,0.02,0.0,0.0,0.0,Autumn,No Holiday,Yes,1540
16032,2018-08-31,8,Friday,0,23,Night,23.8,81,0.6,1893,20.3,0.0,0.0,0.0,0.0,Summer,No Holiday,Yes,1329
16687,2018-07-19,7,Thursday,0,13,Afternoon,32.6,47,2.7,1641,19.8,3.36,0.0,0.0,0.0,Summer,No Holiday,Yes,798
12828,2018-10-16,10,Tuesday,0,5,Dawn,10.2,70,1.5,1519,4.9,0.0,0.0,0.0,0.0,Autumn,No Holiday,Yes,202
13677,2018-07-28,7,Saturday,1,7,Early Morning,28.4,82,0.7,748,25.0,0.16,0.0,0.0,0.0,Summer,No Holiday,Yes,428
17551,2018-11-16,11,Friday,0,17,Afternoon,11.0,70,2.9,617,5.7,0.12,0.0,0.0,0.0,Autumn,No Holiday,Yes,1346
10527,2018-04-10,4,Tuesday,0,10,Morning,15.2,31,1.6,1757,-1.8,1.84,0.0,0.0,0.0,Spring,No Holiday,Yes,703
12085,2017-12-24,12,Sunday,1,10,Morning,4.8,96,0.6,87,4.2,0.04,0.0,0.0,0.0,Winter,Holiday,Yes,4
18645,2017-12-30,12,Saturday,1,8,Early Morning,-0.4,78,0.5,249,-3.7,0.0,0.0,0.0,0.0,Winter,No Holiday,Yes,162
11942,2018-04-10,4,Tuesday,0,5,Dawn,7.1,53,0.8,1392,-1.8,0.0,0.0,0.0,0.0,Spring,No Holiday,Yes,123
11125,2018-11-07,11,Wednesday,0,17,Afternoon,14.9,73,0.9,854,10.0,0.04,0.0,0.0,0.0,Autumn,No Holiday,Yes,1115
11552,2018-03-11,3,Sunday,1,18,Evening,9.4,22,2.9,1995,-11.2,0.55,0.0,0.0,0.0,Spring,No Holiday,Yes,776
18030,2018-05-13,5,Sunday,1,20,Evening,15.6,81,2.3,827,12.3,0.02,0.0,0.0,0.0,Spring,No Holiday,Yes,1714
16480,2018-08-01,8,Wednesday,0,5,Dawn,28.3,68,0.3,2000,21.8,0.0,0.0,0.0,0.0,Summer,No Holiday,Yes,315
11759,2018-10-13,10,Saturday,1,9,Early Morning,10.0,56,1.0,1761,1.6,1.03,0.0,0.0,0.0,Autumn,No Holiday,Yes,853
11521,2018-07-29,7,Sunday,1,23,Night,29.9,45,1.4,2000,16.6,0.0,0.0,0.0,0.0,Summer,No Holiday,Yes,1108
18612,2018-05-19,5,Saturday,1,1,Dawn,11.4,74,1.3,2000,6.9,0.0,0.0,0.0,0.0,Spring,No Holiday,Yes,676
11400,2018-05-22,5,Tuesday,0,2,Dawn,15.7,74,1.0,1313,11.0,0.0,0.0,0.0,0.0,Spring,Holiday,Yes,590
17758,2018-05-16,5,Wednesday,0,11,Morning,22.7,93,4.8,832,21.5,0.17,0.0,0.0,0.0,Spring,No Holiday,Yes,243
10892,2018-10-06,10,Saturday,1,5,Dawn,16.7,93,2.8,360,15.5,0.0,4.5,0.0,4.5,Autumn,No Holiday,No,0
15239,2017-12-21,12,Thursday,0,14,Afternoon,4.3,47,2.3,953,-6.0,0.96,0.0,0.16,0.16,Winter,No Holiday,Yes,255
13481,2018-06-08,6,Friday,0,21,Evening,21.2,77,1.7,638,16.9,0.0,0.0,0.0,0.0,Summer,No Holiday,Yes,2337
13996,2018-10-13,10,Saturday,1,18,Evening,16.5,38,1.6,1246,2.1,0.14,0.0,0.0,0.0,Autumn,No Holiday,Yes,1695
15178,2018-06-24,6,Sunday,1,1,Dawn,21.5,83,1.3,345,18.4,0.0,0.0,0.0,0.0,Summer,No Holiday,Yes,545
12837,2018-09-05,9,Wednesday,0,5,Dawn,19.7,82,0.5,2000,16.5,0.0,0.0,0.0,0.0,Autumn,No Holiday,Yes,249
10811,2018-07-01,7,Sunday,1,8,Early Morning,22.1,93,0.5,805,20.9,0.14,1.0,0.0,1.0,Summer,No Holiday,Yes,20
12336,2018-08-18,8,Saturday,1,0,Dawn,24.5,48,1.2,2000,12.7,0.0,0.0,0.0,0.0,Summer,No Holiday,Yes,1191
10728,2018-01-05,1,Friday,0,9,Early Morning,-4.7,49,1.2,1550,-13.8,0.12,0.0,0.0,0.0,Winter,No Holiday,Yes,354
14569,2018-07-14,7,Saturday,1,23,Night,26.6,80,2.0,1527,22.8,0.0,0.0,0.0,0.0,Summer,No Holiday,Yes,1278
11274,2018-03-26,3,Monday,0,2,Dawn,5.4,95,1.5,89,4.6,0.0,0.0,0.0,0.0,Spring,No Holiday,Yes,93
18521,2018-02-14,2,Wednesday,0,15,Afternoon,8.7,48,4.1,767,-1.7,1.68,0.0,0.0,0.0,Winter,No Holiday,Yes,461
11156,2018-02-22,2,Thursday,0,7,Early Morning,-3.7,64,0.7,1891,-9.5,0.0,0.0,0.0,0.0,Winter,No Holiday,Yes,373
12875,2018-05-10,5,Thursday,0,2,Dawn,13.1,73,1.9,1895,8.3,0.0,0.0,0.0,0.0,Spring,No Holiday,No,0
11420,2018-05-20,5,Sunday,1,6,Dawn,11.6,46,0.8,2000,0.3,0.05,0.0,0.0,0.0,Spring,No Holiday,Yes,190
11679,2018-10-26,10,Friday,0,0,Dawn,12.5,57,0.9,1877,4.1,0.0,0.0,0.0,0.0,Autumn,No Holiday,Yes,753
17462,2018-09-10,9,Monday,0,23,Night,20.8,51,1.7,2000,10.2,0.0,0.0,0.0,0.0,Autumn,No Holiday,Yes,1223
11351,2018-08-07,8,Tuesday,0,13,Afternoon,33.0,55,1.0,1967,22.7,1.49,0.0,0.0,0.0,Summer,No Holiday,Yes,662
15842,2018-11-02,11,Friday,0,2,Dawn,6.1,68,0.5,1519,0.6,0.0,0.0,0.0,0.0,Autumn,No Holiday,Yes,369
13968,2018-01-03,1,Wednesday,0,21,Evening,-4.3,47,2.8,1997,-13.9,0.0,0.0,0.0,0.0,Winter,No Holiday,Yes,335
10577,2018-10-24,10,Wednesday,0,16,Afternoon,18.2,42,1.3,1976,5.0,1.22,0.0,0.0,0.0,Autumn,No Holiday,Yes,1492
13628,2018-08-08,8,Wednesday,0,15,Afternoon,34.5,47,3.2,1958,21.5,2.32,0.0,0.0,0.0,Summer,No Holiday,Yes,687
10414,2018-06-15,6,Friday,0,11,Morning,22.9,57,1.4,1918,13.9,2.24,0.0,0.0,0.0,Summer,No Holiday,Yes,1118
18068,2018-03-14,3,Wednesday,0,11,Morning,17.5,55,2.1,1892,8.3,1.35,0.0,0.0,0.0,Spring,No Holiday,Yes,643
16090,2018-07-22,7,Sunday,1,4,Dawn,25.9,71,0.3,2000,20.2,0.0,0.0,0.0,0.0,Summer,No Holiday,Yes,270
11264,2018-09-29,9,Saturday,1,1,Dawn,16.2,71,0.9,2000,10.9,0.0,0.0,0.0,0.0,Autumn,No Holiday,Yes,982
13658,2018-10-20,10,Saturday,1,6,Dawn,7.5,79,0.6,1025,4.0,0.0,0.0,0.0,0.0,Autumn,No Holiday,Yes,219
11984,2018-10-13,10,Saturday,1,13,Afternoon,18.3,33,1.9,1324,1.7,2.53,0.0,0.0,0.0,Autumn,No Holiday,Yes,1652
12377,2018-01-31,1,Wednesday,0,0,Dawn,-1.7,83,0.8,1113,-4.2,0.0,0.0,0.35,0.35,Winter,No Holiday,Yes,69
18071,2018-01-25,1,Thursday,0,22,Night,-14.6,35,2.5,2000,-26.7,0.0,0.0,0.05,0.05,Winter,No Holiday,Yes,113
12956,2018-02-14,2,Wednesday,0,19,Evening,3.9,37,1.4,1417,-9.4,0.0,0.0,0.0,0.0,Winter,No Holiday,Yes,316
10208,2018-03-17,3,Saturday,1,0,Dawn,3.7,48,1.6,2000,-6.3,0.0,0.0,0.0,0.0,Spring,No Holiday,Yes,414
10899,2018-08-31,8,Friday,0,22,Night,24.1,80,0.9,1852,20.4,0.0,0.0,0.0,0.0,Summer,No Holiday,Yes,1789
18200,2018-06-28,6,Thursday,0,12,Morning,27.0,68,2.0,1863,20.5,1.3,0.0,0.0,0.0,Summer,No Holiday,Yes,1158
15176,2018-09-20,9,Thursday,0,12,Morning,19.0,91,1.7,965,17.4,0.67,0.5,0.0,0.5,Autumn,No Holiday,Yes,180
14495,2018-02-23,2,Friday,0,14,Afternoon,7.8,57,2.1,277,-0.2,1.39,0.0,0.0,0.0,Winter,No Holiday,Yes,312
18272,2018-08-14,8,Tuesday,0,22,Night,30.9,63,0.7,2000,23.0,0.0,0.0,0.0,0.0,Summer,No Holiday,Yes,1587
17106,2018-06-13,6,Wednesday,0,17,Afternoon,25.6,57,3.3,919,16.4,0.87,0.0,0.0,0.0,Summer,No Holiday,Yes,2664
15790,2018-08-28,8,Tuesday,0,15,Afternoon,25.2,96,0.6,1754,24.5,0.51,0.5,0.0,0.5,Summer,No Holiday,Yes,122
11230,2018-06-10,6,Sunday,1,15,Afternoon,24.8,49,1.2,2000,13.3,1.34,0.0,0.0,0.0,Summer,No Holiday,Yes,2182
11533,2018-09-20,9,Thursday,0,15,Afternoon,19.4,79,1.4,2000,15.6,0.33,0.0,0.0,0.0,Autumn,No Holiday,Yes,696
13418,2018-02-09,2,Friday,0,9,Early Morning,-2.4,36,1.2,1276,-15.4,0.2,0.0,0.0,0.0,Winter,No Holiday,Yes,308
17210,2018-10-31,10,Wednesday,0,9,Early Morning,5.1,56,1.8,1825,-2.9,0.89,0.0,0.0,0.0,Autumn,No Holiday,Yes,996
18464,2018-05-18,5,Friday,0,6,Dawn,17.4,98,0.3,234,17.0,0.0,0.0,0.0,0.0,Spring,No Holiday,Yes,77
16200,2018-06-26,6,Tuesday,0,5,Dawn,23.7,64,0.9,876,16.4,0.0,0.1,0.0,0.1,Summer,No Holiday,Yes,45
18617,2018-04-23,4,Monday,0,2,Dawn,10.2,90,2.2,490,8.6,0.0,0.9,0.0,0.9,Spring,No Holiday,Yes,21
15582,2018-10-18,10,Thursday,0,1,Dawn,9.0,66,0.7,2000,2.9,0.0,0.0,0.0,0.0,Autumn,No Holiday,Yes,579
15846,2018-08-27,8,Monday,0,15,Afternoon,24.4,87,1.5,1153,22.0,1.44,0.0,0.0,0.0,Summer,No Holiday,Yes,580
17144,2018-05-18,5,Friday,0,19,Evening,17.0,76,1.5,2000,12.7,0.29,0.0,0.0,0.0,Spring,No Holiday,Yes,1751
16063,2018-05-22,5,Tuesday,0,12,Morning,22.9,51,1.1,1591,12.2,1.8,0.0,0.0,0.0,Spring,Holiday,Yes,1798
10774,2018-10-23,10,Tuesday,0,6,Dawn,9.9,75,1.0,560,5.6,0.0,0.0,0.0,0.0,Autumn,No Holiday,Yes,456
16830,2018-06-21,6,Thursday,0,3,Dawn,20.0,83,1.7,607,17.0,0.0,0.0,0.0,0.0,Summer,No Holiday,Yes,394
18188,2018-09-04,9,Tuesday,0,10,Morning,23.1,73,3.1,2000,17.9,2.24,0.0,0.0,0.0,Autumn,No Holiday,Yes,822
17359,2018-08-18,8,Saturday,1,8,Early Morning,23.2,47,1.0,2000,11.2,0.93,0.0,0.0,0.0,Summer,No Holiday,Yes,754
16046,2018-02-14,2,Wednesday,0,13,Afternoon,7.2,65,3.8,773,1.0,0.61,0.0,0.0,0.0,Winter,No Holiday,Yes,349
17102,2018-05-02,5,Wednesday,0,16,Afternoon,15.4,95,4.7,378,14.5,0.11,0.5,0.0,0.5,Spring,No Holiday,Yes,400
12099,2018-09-24,9,Monday,0,14,Afternoon,21.3,30,4.3,2000,3.0,2.78,0.0,0.0,0.0,Autumn,Holiday,Yes,1099
10102,2018-02-01,2,Thursday,0,13,Afternoon,0.3,28,3.1,1988,-16.1,1.3,0.0,0.1,0.1,Winter,No Holiday,Yes,233
15940,2018-11-27,11,Tuesday,0,20,Evening,8.3,39,1.6,560,-4.8,0.0,0.0,0.0,0.0,Autumn,No Holiday,Yes,825
16313,2018-06-22,6,Friday,0,11,Morning,28.1,35,1.3,1608,11.1,3.02,0.0,0.0,0.0,Summer,No Holiday,Yes,1020
13800,2018-11-01,11,Thursday,0,13,Afternoon,13.6,32,1.8,1814,-2.8,2.22,0.0,0.0,0.0,Autumn,No Holiday,Yes,968
14303,2018-03-19,3,Monday,0,7,Early Morning,6.5,88,1.4,515,4.6,0.0,0.0,0.0,0.0,Spring,No Holiday,Yes,370
13806,2018-02-24,2,Saturday,1,16,Afternoon,5.9,21,3.0,1864,-14.8,1.34,0.0,0.0,0.0,Winter,No Holiday,Yes,509
15684,2018-11-10,11,Saturday,1,18,Evening,13.2,57,2.2,618,4.8,0.01,0.0,0.0,0.0,Autumn,No Holiday,Yes,1226
18328,2018-01-18,1,Thursday,0,7,Early Morning,1.5,86,1.1,189,-0.5,0.0,0.0,0.0,0.0,Winter,No Holiday,Yes,279
14145,2017-12-24,12,Sunday,1,4,Dawn,5.2,82,0.7,189,2.3,0.0,0.0,0.0,0.0,Winter,Holiday,Yes,79
12178,2018-06-14,6,Thursday,0,21,Evening,22.2,72,1.0,1786,16.9,0.0,0.0,0.0,0.0,Summer,No Holiday,Yes,1807
16011,2018-10-02,10,Tuesday,0,20,Evening,16.8,62,2.0,2000,9.4,0.0,0.0,0.0,0.0,Autumn,No Holiday,No,0
11317,2018-06-12,6,Tuesday,0,15,Afternoon,26.2,42,2.7,1977,12.2,1.59,0.0,0.0,0.0,Summer,No Holiday,Yes,1427
18243,2018-09-10,9,Monday,0,7,Early Morning,18.9,63,1.8,2000,11.6,0.09,0.0,0.0,0.0,Autumn,No Holiday,Yes,1463
16162,2018-06-06,6,Wednesday,0,0,Dawn,21.2,60,0.9,1789,13.1,0.0,0.0,0.0,0.0,Summer,Holiday,Yes,1268
14270,2018-07-18,7,Wednesday,0,3,Dawn,24.7,84,0.7,694,21.8,0.0,0.0,0.0,0.0,Summer,No Holiday,Yes,381
10136,2018-07-03,7,Tuesday,0,8,Early Morning,24.3,83,0.5,1986,21.2,0.53,0.0,0.0,0.0,Summer,No Holiday,Yes,2135
13750,2018-01-07,1,Sunday,1,15,Afternoon,2.7,31,0.9,1603,-12.7,0.43,0.0,0.0,0.0,Winter,No Holiday,Yes,368
13570,2017-12-25,12,Monday,0,12,Morning,-1.6,33,2.5,1874,-15.8,1.18,0.0,0.0,0.0,Winter,Holiday,Yes,221
14373,2018-11-04,11,Sunday,1,3,Dawn,7.6,66,0.9,1432,1.6,0.0,0.0,0.0,0.0,Autumn,No Holiday,Yes,296
15467,2017-12-04,12,Monday,0,8,Early Morning,-0.8,69,3.5,954,-5.7,0.01,0.0,0.0,0.0,Winter,No Holiday,Yes,937
17211,2017-12-02,12,Saturday,1,4,Dawn,-3.8,79,2.0,1167,-6.9,0.0,0.0,0.0,0.0,Winter,No Holiday,Yes,89
10984,2018-03-10,3,Saturday,1,19,Evening,5.3,67,2.6,1314,-0.3,0.02,0.0,0.0,0.0,Spring,No Holiday,Yes,573
10651,2018-03-28,3,Wednesday,0,22,Night,13.6,73,2.0,644,8.8,0.0,0.0,0.0,0.0,Spring,No Holiday,Yes,907
17615,2018-01-26,1,Friday,0,18,Evening,-12.7,33,2.5,1835,-25.6,0.05,0.0,0.03,0.03,Winter,No Holiday,Yes,305
13050,2018-10-03,10,Wednesday,0,16,Afternoon,24.0,34,2.7,2000,7.1,1.62,0.0,0.0,0.0,Autumn,Holiday,Yes,2112
18513,2018-09-18,9,Tuesday,0,18,Evening,24.8,48,1.4,2000,13.0,0.51,0.0,0.0,0.0,Autumn,No Holiday,No,0
13745,2018-03-01,3,Thursday,0,17,Afternoon,0.4,37,5.2,1366,-12.6,1.23,0.0,0.0,0.0,Spring,Holiday,Yes,423
16221,2018-05-06,5,Sunday,1,10,Morning,15.4,97,0.6,374,14.9,0.38,1.5,0.0,1.5,Spring,No Holiday,Yes,13
17347,2017-12-23,12,Saturday,1,22,Night,5.3,79,0.6,200,1.9,0.0,0.0,0.0,0.0,Winter,No Holiday,Yes,282
12928,2018-01-26,1,Friday,0,9,Early Morning,-17.5,37,3.8,1941,-28.7,0.21,0.0,0.05,0.05,Winter,No Holiday,Yes,149
14684,2018-11-23,11,Friday,0,17,Afternoon,5.4,19,0.5,2000,-16.4,0.27,0.0,0.0,0.0,Autumn,No Holiday,Yes,1101
17886,2018-11-04,11,Sunday,1,7,Early Morning,5.8,79,1.0,862,2.4,0.0,0.0,0.0,0.0,Autumn,No Holiday,Yes,259
14320,2018-04-06,4,Friday,0,11,Morning,8.3,69,4.1,1217,2.9,1.81,0.0,0.0,0.0,Spring,No Holiday,Yes,598
17189,2018-04-13,4,Friday,0,15,Afternoon,18.6,15,0.9,1991,-8.5,0.81,0.0,0.0,0.0,Spring,No Holiday,Yes,1108
13594,2018-01-09,1,Tuesday,0,17,Afternoon,-2.9,66,3.6,743,-8.3,0.23,0.0,0.0,0.0,Winter,No Holiday,Yes,332
10389,2018-10-10,10,Wednesday,0,9,Early Morning,12.0,72,3.3,1650,7.0,0.68,0.0,0.0,0.0,Autumn,No Holiday,Yes,1097
13001,2018-04-06,4,Friday,0,15,Afternoon,6.8,50,4.1,660,-2.9,0.56,0.0,0.0,0.0,Spring,No Holiday,Yes,545
18373,2018-09-24,9,Monday,0,20,Evening,17.6,57,1.4,2000,8.9,0.0,0.0,0.0,0.0,Autumn,Holiday,Yes,1227
13350,2017-12-08,12,Friday,0,10,Morning,-5.3,44,2.8,1516,-15.6,0.63,0.0,0.0,0.0,Winter,No Holiday,Yes,261
11443,2018-05-20,5,Sunday,1,23,Night,15.8,30,1.1,2000,-1.7,0.0,0.0,0.0,0.0,Spring,No Holiday,Yes,943
16583,2018-09-27,9,Thursday,0,16,Afternoon,23.6,31,1.1,2000,5.4,1.37,0.0,0.0,0.0,Autumn,No Holiday,Yes,1636
18294,2018-09-16,9,Sunday,1,19,Evening,21.2,87,2.7,479,18.9,0.01,0.0,0.0,0.0,Autumn,No Holiday,Yes,852
14679,2018-02-09,2,Friday,0,22,Night,2.5,66,1.1,759,-3.2,0.0,0.0,0.0,0.0,Winter,No Holiday,Yes,263
14528,2018-07-22,7,Sunday,1,23,Night,31.2,52,1.5,1670,20.1,0.0,0.0,0.0,0.0,Summer,No Holiday,Yes,1030
18746,2017-12-06,12,Wednesday,0,23,Night,1.3,92,0.6,209,0.1,0.0,0.0,0.1,0.1,Winter,No Holiday,Yes,193
16776,2018-05-03,5,Thursday,0,16,Afternoon,12.8,53,3.3,2000,3.4,0.76,0.0,0.0,0.0,Spring,No Holiday,Yes,911
17879,2018-08-29,8,Wednesday,0,7,Early Morning,25.0,85,3.0,2000,22.2,0.02,0.0,0.0,0.0,Summer,No Holiday,Yes,862
12994,2018-11-20,11,Tuesday,0,4,Dawn,1.3,48,0.5,2000,-8.5,0.0,0.0,0.0,0.0,Autumn,No Holiday,Yes,119
10660,2017-12-14,12,Thursday,0,12,Morning,-4.9,34,1.3,1768,-18.3,0.6,0.0,0.0,0.0,Winter,No Holiday,Yes,278
12338,2018-05-25,5,Friday,0,3,Dawn,15.4,71,0.5,780,10.1,0.0,0.0,0.0,0.0,Spring,No Holiday,Yes,286
15186,2018-06-12,6,Tuesday,0,19,Evening,23.1,58,2.4,1997,14.3,0.59,0.0,0.0,0.0,Summer,No Holiday,Yes,2873
10141,2018-05-26,5,Saturday,1,13,Afternoon,27.8,31,2.0,1326,9.1,3.29,0.0,0.0,0.0,Spring,No Holiday,Yes,1441
15215,2018-05-17,5,Thursday,0,8,Early Morning,19.7,98,0.5,1958,19.3,0.12,13.5,0.0,13.5,Spring,No Holiday,Yes,152
17517,2018-11-01,11,Thursday,0,18,Evening,11.8,43,1.3,1995,-0.3,0.03,0.0,0.0,0.0,Autumn,No Holiday,Yes,2254
13812,2018-08-24,8,Friday,0,1,Dawn,25.7,80,2.0,2000,21.9,0.0,0.2,0.0,0.2,Summer,No Holiday,Yes,208
14710,2018-05-27,5,Sunday,1,15,Afternoon,23.9,37,2.6,1889,8.3,1.82,0.0,0.0,0.0,Spring,No Holiday,Yes,2019
17488,2018-01-07,1,Sunday,1,2,Dawn,-4.4,53,0.3,1594,-12.5,0.0,0.0,0.0,0.0,Winter,No Holiday,Yes,128
17071,2018-04-05,4,Thursday,0,8,Early Morning,6.7,94,2.7,1127,5.7,0.05,2.0,0.0,2.0,Spring,No Holiday,Yes,207
11633,2018-03-12,3,Monday,0,1,Dawn,2.9,51,0.8,1119,-6.2,0.0,0.0,0.0,0.0,Spring,No Holiday,Yes,163
11081,2018-08-05,8,Sunday,1,18,Evening,31.8,63,4.0,1849,23.8,0.81,0.0,0.0,0.0,Summer,No Holiday,Yes,1247
16760,2018-04-21,4,Saturday,1,10,Morning,20.6,24,2.0,950,-0.7,2.29,0.0,0.0,0.0,Spring,No Holiday,Yes,702
12824,2018-01-30,1,Tuesday,0,4,Dawn,-11.1,50,1.2,1986,-19.4,0.0,0.0,0.0,0.0,Winter,No Holiday,Yes,33
13369,2017-12-18,12,Monday,0,13,Afternoon,-0.9,84,1.2,333,-3.2,0.09,0.0,0.5,0.5,Winter,No Holiday,Yes,76
16704,2018-08-17,8,Friday,0,6,Dawn,21.8,51,2.0,2000,11.2,0.0,0.0,0.0,0.0,Summer,No Holiday,Yes,719
16467,2018-04-14,4,Saturday,1,15,Afternoon,8.6,88,3.2,1211,6.7,0.17,0.0,0.0,0.0,Spring,No Holiday,Yes,203
16037,2018-06-17,6,Sunday,1,14,Afternoon,26.8,44,1.6,760,13.5,2.01,0.0,0.0,0.0,Summer,No Holiday,Yes,1709
11706,2017-12-19,12,Tuesday,0,2,Dawn,-2.7,72,0.9,990,-7.0,0.0,0.0,0.26,0.26,Winter,No Holiday,Yes,93
13887,2017-12-12,12,Tuesday,0,9,Early Morning,-11.8,46,2.9,1956,-21.1,0.1,0.0,0.0,0.0,Winter,No Holiday,Yes,275
11977,2017-12-08,12,Friday,0,3,Dawn,-4.8,52,1.6,1978,-13.1,0.0,0.0,0.0,0.0,Winter,No Holiday,Yes,99
12047,2018-02-01,2,Thursday,0,22,Night,-3.9,52,1.2,1871,-12.3,0.0,0.0,0.0,0.0,Winter,No Holiday,Yes,235
14497,2018-04-25,4,Wednesday,0,4,Dawn,6.4,66,0.5,2000,0.4,0.0,0.0,0.0,0.0,Spring,No Holiday,Yes,117
11677,2018-08-05,8,Sunday,1,15,Afternoon,33.7,55,3.7,1843,23.3,2.67,0.0,0.0,0.0,Summer,No Holiday,Yes,712
10107,2018-05-15,5,Tuesday,0,10,Morning,22.7,37,0.9,879,7.2,2.18,0.0,0.0,0.0,Spring,No Holiday,Yes,832
10418,2018-02-10,2,Saturday,1,21,Evening,-5.6,28,4.1,2000,-21.2,0.0,0.0,0.0,0.0,Winter,No Holiday,Yes,124
18728,2018-06-16,6,Saturday,1,19,Evening,27.2,48,1.4,1994,15.2,0.57,0.0,0.0,0.0,Summer,No Holiday,Yes,2475
14254,2018-11-19,11,Monday,0,10,Morning,7.5,53,0.8,909,-1.4,1.0,0.0,0.0,0.0,Autumn,No Holiday,Yes,651
16086,2018-05-13,5,Sunday,1,1,Dawn,15.1,97,1.7,173,14.6,0.0,0.2,0.0,0.2,Spring,No Holiday,Yes,178
11025,2018-02-07,2,Wednesday,0,18,Evening,-4.0,27,2.5,2000,-20.2,0.16,0.0,0.0,0.0,Winter,No Holiday,Yes,448
14344,2018-01-05,1,Friday,0,3,Dawn,-5.5,56,1.1,1453,-12.9,0.0,0.0,0.0,0.0,Winter,No Holiday,Yes,67
15673,2018-09-16,9,Sunday,1,12,Morning,23.7,64,1.9,1474,16.4,0.79,0.0,0.0,0.0,Autumn,No Holiday,Yes,989
15824,2018-11-08,11,Thursday,0,16,Afternoon,11.7,96,1.4,587,11.0,0.02,0.0,0.0,0.0,Autumn,No Holiday,Yes,14
17402,2018-07-28,7,Saturday,1,0,Dawn,29.4,78,2.1,1072,25.1,0.0,0.0,0.0,0.0,Summer,No Holiday,Yes,992
18014,2017-12-07,12,Thursday,0,10,Morning,1.1,83,0.7,311,-1.4,0.41,0.0,0.06999999999999999,0.06999999999999999,Winter,No Holiday,Yes,321
11628,2018-10-09,10,Tuesday,0,12,Morning,18.3,40,0.6,1995,4.4,1.82,0.0,0.0,0.0,Autumn,Holiday,No,0
18462,2018-02-03,2,Saturday,1,11,Morning,-7.7,41,4.6,1984,-18.7,1.65,0.0,0.02,0.02,Winter,No Holiday,Yes,195
15724,2018-09-01,9,Saturday,1,20,Evening,26.9,49,2.1,2000,15.2,0.0,0.0,0.0,0.0,Autumn,No Holiday,Yes,1440
12455,2018-05-18,5,Friday,0,16,Afternoon,17.0,82,1.9,2000,13.8,0.84,0.0,0.0,0.0,Spring,No Holiday,Yes,1182
16308,2018-01-14,1,Sunday,1,18,Evening,4.1,53,1.3,1132,-4.6,0.0,0.0,0.0,0.0,Winter,No Holiday,Yes,250
13744,2018-10-28,10,Sunday,1,22,Night,6.7,76,0.6,2000,2.7,0.0,0.0,0.0,0.0,Autumn,No Holiday,Yes,625
12499,2018-06-22,6,Friday,0,15,Afternoon,31.9,23,1.8,1977,8.1,2.57,0.0,0.0,0.0,Summer,No Holiday,Yes,1203
16894,2018-07-23,7,Monday,0,6,Dawn,29.2,58,1.7,2000,20.0,0.01,0.0,0.0,0.0,Summer,No Holiday,Yes,652
12058,2018-08-19,8,Sunday,1,0,Dawn,25.3,53,2.4,2000,15.0,0.0,0.0,0.0,0.0,Summer,No Holiday,Yes,1100
10327,2017-12-25,12,Monday,0,5,Dawn,-3.7,51,2.6,2000,-12.3,0.0,0.0,0.0,0.0,Winter,Holiday,Yes,32
10139,2018-03-12,3,Monday,0,13,Afternoon,13.6,34,1.8,458,-1.9,2.23,0.0,0.0,0.0,Spring,No Holiday,Yes,588
14311,2018-01-18,1,Thursday,0,10,Morning,1.4,81,2.1,255,-1.5,0.21,0.0,0.0,0.0,Winter,No Holiday,Yes,188
15044,2018-03-27,3,Tuesday,0,20,Evening,13.9,72,2.4,385,8.9,0.0,0.0,0.0,0.0,Spring,No Holiday,Yes,864
11482,2018-10-04,10,Thursday,0,16,Afternoon,25.1,41,1.0,2000,10.9,1.22,0.0,0.0,0.0,Autumn,No Holiday,No,0
12465,2018-08-21,8,Tuesday,0,20,Evening,27.7,69,1.6,1992,21.4,0.01,0.0,0.0,0.0,Summer,No Holiday,Yes,2169
11532,2017-12-11,12,Monday,0,16,Afternoon,-6.0,40,4.0,2000,-17.4,0.55,0.0,0.0,0.0,Winter,No Holiday,Yes,277
16751,2018-07-08,7,Sunday,1,19,Evening,26.3,51,1.7,2000,15.3,0.18,0.0,0.0,0.0,Summer,No Holiday,Yes,2272
14682,2018-09-16,9,Sunday,1,23,Night,21.3,80,2.6,1203,17.7,0.0,0.0,0.0,0.0,Autumn,No Holiday,Yes,571
13880,2017-12-19,12,Tuesday,0,21,Evening,-5.0,57,1.9,2000,-12.2,0.0,0.0,0.2,0.2,Winter,No Holiday,Yes,224
14229,2018-11-25,11,Sunday,1,19,Evening,6.3,73,1.1,524,1.8,0.0,0.0,0.04,0.04,Autumn,No Holiday,Yes,616
11901,2018-11-17,11,Saturday,1,3,Dawn,2.5,77,2.3,992,-1.1,0.0,0.0,0.0,0.0,Autumn,No Holiday,Yes,288
12097,2018-08-06,8,Monday,0,5,Dawn,28.3,83,1.7,969,25.1,0.0,0.0,0.0,0.0,Summer,No Holiday,Yes,258
12304,2018-03-05,3,Monday,0,13,Afternoon,8.3,51,2.0,2000,-1.2,1.42,0.0,0.0,0.0,Spring,No Holiday,Yes,465
17470,2018-03-07,3,Wednesday,0,11,Morning,8.0,43,1.7,1909,-3.8,1.74,0.0,0.0,0.0,Spring,No Holiday,Yes,441
12480,2018-07-20,7,Friday,0,7,Early Morning,25.2,75,0.6,1056,20.4,0.34,0.0,0.0,0.0,Summer,No Holiday,Yes,1251
10392,2018-01-15,1,Monday,0,9,Early Morning,3.9,86,1.7,399,1.7,0.11,0.2,0.0,0.2,Winter,No Holiday,Yes,303
13309,2018-07-02,7,Monday,0,20,Evening,23.5,97,0.1,1814,22.9,0.04,24.0,0.0,24.0,Summer,No Holiday,Yes,61
18073,2018-05-08,5,Tuesday,0,3,Dawn,15.6,63,1.7,2000,8.5,0.0,0.0,0.0,0.0,Spring,No Holiday,Yes,194
17612,2018-06-13,6,Wednesday,0,3,Dawn,18.5,73,1.0,1951,13.5,0.0,0.0,0.0,0.0,Summer,No Holiday,Yes,591
17578,2018-02-03,2,Saturday,1,16,Afternoon,-4.2,31,3.5,1974,-18.8,1.42,0.0,0.0,0.0,Winter,No Holiday,Yes,205
11049,2018-03-28,3,Wednesday,0,11,Morning,15.6,60,3.7,817,7.8,1.44,0.0,0.0,0.0,Spring,No Holiday,Yes,588
10286,2018-06-24,6,Sunday,1,15,Afternoon,31.8,31,3.4,1400,12.5,2.85,0.0,0.0,0.0,Summer,No Holiday,Yes,1213
13786,2018-08-21,8,Tuesday,0,1,Dawn,28.0,61,3.9,1890,19.7,0.0,0.0,0.0,0.0,Summer,No Holiday,Yes,690
13657,2018-05-27,5,Sunday,1,3,Dawn,18.5,62,0.8,1073,11.0,0.0,0.0,0.0,0.0,Spring,No Holiday,Yes,423
17709,2018-10-01,10,Monday,0,19,Evening,16.2,62,2.2,2000,8.9,0.0,0.0,0.0,0.0,Autumn,No Holiday,Yes,2122
10902,2018-01-19,1,Friday,0,3,Dawn,-0.6,43,1.7,1316,-11.6,0.0,0.0,0.0,0.0,Winter,No Holiday,Yes,93
13655,2018-01-13,1,Saturday,1,14,Afternoon,-1.8,62,0.7,936,-8.1,0.55,0.0,0.0,0.0,Winter,No Holiday,Yes,215
13411,2018-05-28,5,Monday,0,19,Evening,24.4,44,2.8,1979,11.3,0.45,0.0,0.0,0.0,Spring,No Holiday,Yes,2656
16047,2018-04-28,4,Saturday,1,20,Evening,15.1,34,2.2,1981,-0.6,0.01,0.0,0.0,0.0,Spring,No Holiday,Yes,1435
13674,2018-06-01,6,Friday,0,19,Evening,26.8,35,1.9,2000,10.0,0.54,0.0,0.0,0.0,Summer,No Holiday,Yes,2505
16971,2018-02-15,2,Thursday,0,10,Morning,-1.6,26,1.9,1980,-18.6,1.29,0.0,0.0,0.0,Winter,Holiday,Yes,127
14001,2018-08-02,8,Thursday,0,17,Afternoon,37.4,44,2.3,1829,23.0,1.49,0.0,0.0,0.0,Summer,No Holiday,Yes,1066
15149,2018-04-21,4,Saturday,1,15,Afternoon,25.0,13,4.1,2000,-5.3,2.98,0.0,0.0,0.0,Spring,No Holiday,Yes,1730
17901,2018-05-06,5,Sunday,1,5,Dawn,15.4,96,0.3,208,14.7,0.0,2.0,0.0,2.0,Spring,No Holiday,Yes,11
17726,2018-05-22,5,Tuesday,0,17,Afternoon,18.6,84,1.8,499,15.8,0.28,1.0,0.0,1.0,Spring,Holiday,Yes,50
18410,2018-10-24,10,Wednesday,0,20,Evening,13.1,63,0.4,2000,6.2,0.0,0.0,0.0,0.0,Autumn,No Holiday,Yes,1556
11587,2018-02-23,2,Friday,0,2,Dawn,0.7,97,1.4,197,0.2,0.0,0.0,0.41,0.41,Winter,No Holiday,Yes,62
15504,2018-05-11,5,Friday,0,12,Morning,20.0,47,1.4,685,8.3,3.08,0.0,0.0,0.0,Spring,No Holiday,Yes,1161
14631,2018-10-06,10,Saturday,1,23,Night,16.9,84,0.9,2000,14.1,0.0,0.0,0.0,0.0,Autumn,No Holiday,Yes,1162
15788,2018-06-14,6,Thursday,0,10,Morning,19.7,94,1.1,497,18.7,0.61,1.0,0.0,1.0,Summer,No Holiday,Yes,532
17567,2018-02-01,2,Thursday,0,19,Evening,-1.8,32,1.5,2000,-16.3,0.0,0.0,0.0,0.0,Winter,No Holiday,Yes,344
14237,2018-11-14,11,Wednesday,0,4,Dawn,5.6,70,0.6,1311,0.5,0.0,0.0,0.0,0.0,Autumn,No Holiday,Yes,164
14441,2017-12-31,12,Sunday,1,9,Early Morning,-1.9,82,1.6,410,-4.5,0.15,0.0,0.12,0.12,Winter,Holiday,Yes,103
11233,2018-09-22,9,Saturday,1,20,Evening,20.4,52,1.2,2000,10.2,0.0,0.0,0.0,0.0,Autumn,No Holiday,Yes,1604
11355,2018-04-13,4,Friday,0,22,Night,16.3,25,2.0,2000,-3.7,0.0,0.0,0.0,0.0,Spring,No Holiday,Yes,1178
12026,2018-06-18,6,Monday,0,9,Early Morning,24.7,59,1.1,616,16.1,1.8,0.0,0.0,0.0,Summer,No Holiday,Yes,1263
13980,2018-04-26,4,Thursday,0,10,Morning,16.7,47,2.2,1147,5.3,2.26,0.0,0.0,0.0,Spring,No Holiday,Yes,745
14805,2018-08-17,8,Friday,0,9,Early Morning,25.5,40,2.6,1990,10.8,1.7,0.0,0.0,0.0,Summer,No Holiday,Yes,1069
10705,2018-07-04,7,Wednesday,0,8,Early Morning,26.4,64,0.5,1909,19.0,1.33,0.0,0.0,0.0,Summer,No Holiday,Yes,2215
10506,2018-09-01,9,Saturday,1,14,Afternoon,29.7,42,1.4,2000,15.4,2.37,0.0,0.0,0.0,Autumn,No Holiday,Yes,1371
14100,2018-09-25,9,Tuesday,0,6,Dawn,11.2,70,0.9,2000,5.9,0.0,0.0,0.0,0.0,Autumn,Holiday,Yes,132
16153,2018-03-17,3,Saturday,1,16,Afternoon,13.7,28,2.1,1499,-4.5,1.88,0.0,0.0,0.0,Spring,No Holiday,Yes,1440
10560,2018-08-30,8,Thursday,0,15,Afternoon,27.2,69,3.5,963,21.0,0.95,0.0,0.0,0.0,Summer,No Holiday,Yes,982
18400,2018-08-11,8,Saturday,1,14,Afternoon,34.5,43,2.6,2000,20.0,2.37,0.0,0.0,0.0,Summer,No Holiday,Yes,733
15996,2018-10-17,10,Wednesday,0,12,Morning,16.2,29,2.5,1935,-1.8,2.45,0.0,0.0,0.0,Autumn,No Holiday,Yes,1088
16266,2018-05-14,5,Monday,0,2,Dawn,12.1,94,1.6,191,11.1,0.0,0.0,0.0,0.0,Spring,No Holiday,Yes,241
12792,2018-08-19,8,Sunday,1,20,Evening,28.5,58,1.4,2000,19.4,0.0,0.0,0.0,0.0,Summer,No Holiday,Yes,2029
16298,2018-08-24,8,Friday,0,7,Early Morning,24.2,88,2.3,2000,22.0,0.05,0.0,0.0,0.0,Summer,No Holiday,Yes,400
13876,2017-12-17,12,Sunday,1,6,Dawn,-9.9,42,2.3,2000,-20.4,0.0,0.0,0.0,0.0,Winter,No Holiday,Yes,39
17995,2018-07-07,7,Saturday,1,2,Dawn,20.7,58,1.5,2000,12.1,0.0,0.0,0.0,0.0,Summer,No Holiday,Yes,760
13974,2018-05-11,5,Friday,0,1,Dawn,12.4,84,1.8,287,9.7,0.0,0.0,0.0,0.0,Spring,No Holiday,Yes,565
11424,2018-09-29,9,Saturday,1,22,Night,19.3,55,0.5,2000,10.0,0.0,0.0,0.0,0.0,Autumn,No Holiday,Yes,1501
10010,2018-05-21,5,Monday,0,8,Early Morning,15.3,30,1.3,2000,-2.2,1.3,0.0,0.0,0.0,Spring,No Holiday,Yes,1785
11509,2018-03-23,3,Friday,0,5,Dawn,2.2,79,0.8,553,-1.0,0.0,0.0,0.0,0.0,Spring,No Holiday,Yes,95
14493,2018-04-17,4,Tuesday,0,0,Dawn,9.6,31,0.8,2000,-6.7,0.0,0.0,0.0,0.0,Spring,No Holiday,Yes,503
12209,2018-11-30,11,Friday,0,17,Afternoon,6.0,29,2.1,1877,-10.7,0.23,0.0,0.0,0.0,Autumn,No Holiday,Yes,1047
15624,2018-09-12,9,Wednesday,0,14,Afternoon,26.9,45,1.6,2000,13.9,2.27,0.0,0.0,0.0,Autumn,No Holiday,Yes,1087
16370,2017-12-11,12,Monday,0,3,Dawn,-4.7,38,2.4,2000,-16.8,0.0,0.0,0.0,0.0,Winter,No Holiday,Yes,45
10334,2018-04-09,4,Monday,0,6,Dawn,0.1,97,0.6,77,-0.3,0.0,0.0,0.0,0.0,Spring,No Holiday,Yes,239
15139,2018-02-12,2,Monday,0,23,Night,-4.4,58,2.4,2000,-11.4,0.0,0.0,0.0,0.0,Winter,No Holiday,Yes,140
16668,2018-07-08,7,Sunday,1,7,Early Morning,18.2,54,1.2,2000,8.7,0.42,0.0,0.0,0.0,Summer,No Holiday,Yes,410
14026,2018-07-02,7,Monday,0,10,Morning,21.4,97,0.6,563,20.8,0.27,1.0,0.0,1.0,Summer,No Holiday,Yes,27
11458,2018-10-23,10,Tuesday,0,19,Evening,14.0,70,1.6,1265,8.6,0.0,0.0,0.0,0.0,Autumn,No Holiday,Yes,1685
17123,2018-10-14,10,Sunday,1,10,Morning,13.3,47,0.5,818,2.2,1.67,0.0,0.0,0.0,Autumn,No Holiday,Yes,847
18128,2017-12-20,12,Wednesday,0,7,Early Morning,-8.1,67,0.9,1737,-13.1,0.0,0.0,0.2,0.2,Winter,No Holiday,Yes,213
14183,2018-04-05,4,Thursday,0,15,Afternoon,8.1,96,1.9,410,7.4,0.26,0.5,0.0,0.5,Spring,No Holiday,Yes,37
17915,2018-04-27,4,Friday,0,17,Afternoon,21.8,41,3.0,662,7.9,1.44,0.0,0.0,0.0,Spring,No Holiday,Yes,1877
10121,2018-04-21,4,Saturday,1,7,Early Morning,12.5,68,1.1,457,6.7,0.22,0.0,0.0,0.0,Spring,No Holiday,Yes,324
11730,2018-09-04,9,Tuesday,0,17,Afternoon,27.6,47,3.3,2000,15.2,1.49,0.0,0.0,0.0,Autumn,No Holiday,Yes,1993
13064,2018-04-22,4,Sunday,1,9,Early Morning,16.9,45,0.9,1958,4.8,0.27,0.0,0.0,0.0,Spring,No Holiday,Yes,247
13712,2018-01-17,1,Wednesday,0,17,Afternoon,7.2,57,3.3,342,-0.7,0.19,0.0,0.0,0.0,Winter,No Holiday,Yes,380
12332,2018-01-03,1,Wednesday,0,5,Dawn,-6.4,47,2.4,1981,-15.8,0.0,0.0,0.0,0.0,Winter,No Holiday,Yes,67
16694,2018-07-14,7,Saturday,1,1,Dawn,25.4,85,1.4,1663,22.6,0.0,0.0,0.0,0.0,Summer,No Holiday,Yes,1062
11029,2018-04-25,4,Wednesday,0,15,Afternoon,22.8,21,2.1,1542,-0.6,2.75,0.0,0.0,0.0,Spring,No Holiday,Yes,1180
15279,2018-01-14,1,Sunday,1,21,Evening,3.1,58,0.4,936,-4.3,0.0,0.0,0.0,0.0,Winter,No Holiday,Yes,213
17040,2018-11-05,11,Monday,0,10,Morning,11.8,59,0.9,616,4.0,1.23,0.0,0.0,0.0,Autumn,No Holiday,Yes,790
12354,2017-12-23,12,Saturday,1,9,Early Morning,5.2,84,0.7,226,2.7,0.03,0.0,0.0,0.0,Winter,No Holiday,Yes,239
11098,2017-12-01,12,Friday,0,17,Afternoon,0.8,58,1.6,2000,-6.5,0.08,0.0,0.0,0.0,Winter,No Holiday,Yes,555
10638,2018-06-01,6,Friday,0,22,Night,22.7,44,1.5,2000,9.8,0.0,0.0,0.0,0.0,Summer,No Holiday,Yes,1991
11641,2018-02-04,2,Sunday,1,8,Early Morning,-12.8,56,2.4,1507,-19.7,0.02,0.0,0.0,0.0,Winter,No Holiday,Yes,70
17202,2018-01-02,1,Tuesday,0,22,Night,-3.4,33,2.4,2000,-17.4,0.0,0.0,0.0,0.0,Winter,No Holiday,Yes,273
14202,2018-08-23,8,Thursday,0,15,Afternoon,32.0,53,2.1,1992,21.2,1.57,0.0,0.0,0.0,Summer,No Holiday,Yes,837
17881,2018-01-17,1,Wednesday,0,0,Dawn,3.5,62,0.4,382,-3.1,0.0,0.0,0.0,0.0,Winter,No Holiday,Yes,204
16164,2018-10-28,10,Sunday,1,19,Evening,8.4,85,1.2,2000,6.0,0.0,0.0,0.0,0.0,Autumn,No Holiday,Yes,645
12555,2018-08-11,8,Saturday,1,12,Morning,33.2,50,2.3,2000,21.3,2.84,0.0,0.0,0.0,Summer,No Holiday,Yes,759
16462,2018-02-08,2,Thursday,0,1,Dawn,-8.5,60,1.2,1908,-14.8,0.0,0.0,0.0,0.0,Winter,No Holiday,Yes,126
11735,2018-08-07,8,Tuesday,0,11,Morning,31.4,59,0.8,2000,22.4,1.3,0.0,0.0,0.0,Summer,No Holiday,Yes,657
10434,2018-02-24,2,Saturday,1,14,Afternoon,6.9,19,1.9,1843,-15.1,2.36,0.0,0.0,0.0,Winter,No Holiday,Yes,454
15052,2018-09-10,9,Monday,0,12,Morning,26.7,40,1.4,2000,11.9,2.92,0.0,0.0,0.0,Autumn,No Holiday,Yes,1095
16269,2018-06-27,6,Wednesday,0,18,Evening,25.0,69,1.5,1125,18.9,0.52,0.0,0.0,0.0,Summer,No Holiday,Yes,3172
10657,2018-08-03,8,Friday,0,14,Afternoon,37.4,40,2.8,1519,21.5,2.03,0.0,0.0,0.0,Summer,No Holiday,Yes,575
15080,2018-11-15,11,Thursday,0,15,Afternoon,16.1,30,1.0,1125,-1.5,1.06,0.0,0.0,0.0,Autumn,No Holiday,Yes,971
16023,2018-02-12,2,Monday,0,3,Dawn,-8.5,35,2.7,2000,-21.2,0.0,0.0,0.0,0.0,Winter,No Holiday,Yes,21
13920,2018-10-24,10,Wednesday,0,10,Morning,13.0,63,0.9,854,6.1,1.5,0.0,0.0,0.0,Autumn,No Holiday,Yes,811
14502,2018-04-20,4,Friday,0,17,Afternoon,25.6,30,2.3,671,6.7,1.47,0.0,0.0,0.0,Spring,No Holiday,Yes,1543
14240,2018-06-12,6,Tuesday,0,21,Evening,20.6,70,1.8,1986,14.9,0.0,0.0,0.0,0.0,Summer,No Holiday,Yes,2505
17110,2018-01-23,1,Tuesday,0,20,Evening,-12.5,52,3.0,2000,-20.3,0.0,0.0,0.09,0.09,Winter,No Holiday,Yes,178
11964,2018-07-29,7,Sunday,1,21,Evening,31.1,47,1.3,2000,18.4,0.0,0.0,0.0,0.0,Summer,No Holiday,Yes,1638
11237,2018-07-16,7,Monday,0,12,Morning,32.4,49,2.0,1844,20.3,3.09,0.0,0.0,0.0,Summer,No Holiday,Yes,719
16797,2018-08-16,8,Thursday,0,12,Morning,34.5,44,2.2,2000,20.4,3.19,0.0,0.0,0.0,Summer,No Holiday,Yes,668
16636,2018-05-07,5,Monday,0,17,Afternoon,25.5,31,2.3,1974,7.1,1.5,0.0,0.0,0.0,Spring,No Holiday,Yes,2392
12105,2018-06-25,6,Monday,0,7,Early Morning,22.1,74,0.3,830,17.2,0.37,0.0,0.0,0.0,Summer,No Holiday,Yes,1620
12451,2018-02-28,2,Wednesday,0,13,Afternoon,7.6,57,2.3,554,-0.3,0.33,0.0,0.0,0.0,Winter,No Holiday,Yes,28
16050,2018-02-18,2,Sunday,1,5,Dawn,-4.0,28,0.5,2000,-19.8,0.0,0.0,0.0,0.0,Winter,No Holiday,Yes,22
12472,2018-02-09,2,Friday,0,23,Night,2.0,70,0.7,689,-2.9,0.0,0.0,0.0,0.0,Winter,No Holiday,Yes,193
16499,2018-11-07,11,Wednesday,0,7,Early Morning,10.8,91,1.3,216,9.3,0.0,0.0,0.0,0.0,Autumn,No Holiday,Yes,526
13589,2018-09-03,9,Monday,0,1,Dawn,24.5,68,0.5,2000,18.1,0.0,0.0,0.0,0.0,Autumn,No Holiday,Yes,524
10724,2017-12-12,12,Tuesday,0,2,Dawn,-11.5,50,0.7,2000,-19.8,0.0,0.0,0.0,0.0,Winter,No Holiday,Yes,95
13798,2017-12-11,12,Monday,0,22,Night,-10.2,50,3.0,2000,-18.6,0.0,0.0,0.0,0.0,Winter,No Holiday,Yes,222
14817,2018-05-14,5,Monday,0,11,Morning,18.5,65,1.4,463,11.7,2.07,0.0,0.0,0.0,Spring,No Holiday,Yes,946
10619,2018-04-29,4,Sunday,1,4,Dawn,10.3,63,0.7,1277,3.5,0.0,0.0,0.0,0.0,Spring,No Holiday,Yes,183
12158,2018-11-03,11,Saturday,1,17,Afternoon,16.7,45,2.2,772,4.6,0.43,0.0,0.0,0.0,Autumn,No Holiday,No,0
11080,2018-09-01,9,Saturday,1,8,Early Morning,22.3,64,1.7,2000,15.1,0.75,0.0,0.0,0.0,Autumn,No Holiday,Yes,812
12840,2018-10-26,10,Friday,0,13,Afternoon,12.6,87,2.3,539,10.4,0.13,1.5,0.0,1.5,Autumn,No Holiday,Yes,18
17753,2018-05-23,5,Wednesday,0,4,Dawn,15.0,97,1.4,1827,14.5,0.0,0.0,0.0,0.0,Spring,No Holiday,Yes,59
11004,2018-01-01,1,Monday,0,1,Dawn,-3.3,41,0.7,2000,-14.7,0.0,0.0,0.0,0.0,Winter,Holiday,Yes,230
16172,2018-08-20,8,Monday,0,2,Dawn,26.3,65,0.3,2000,19.1,0.0,0.0,0.0,0.0,Summer,No Holiday,Yes,352
15022,2018-01-28,1,Sunday,1,0,Dawn,-7.5,36,2.3,1972,-20.0,0.0,0.0,0.0,0.0,Winter,No Holiday,Yes,125
12150,2017-12-31,12,Sunday,1,21,Evening,-1.6,35,1.0,2000,-15.1,0.0,0.0,0.0,0.0,Winter,Holiday,Yes,179
16444,2018-06-05,6,Tuesday,0,11,Morning,26.8,37,1.6,1639,10.8,2.91,0.0,0.0,0.0,Summer,No Holiday,Yes,974
12497,2018-01-09,1,Tuesday,0,5,Dawn,-5.1,48,3.2,1821,-14.4,0.0,0.0,0.09,0.09,Winter,No Holiday,Yes,52
16615,2018-04-12,4,Thursday,0,14,Afternoon,18.8,27,4.9,1888,-0.6,3.13,0.0,0.0,0.0,Spring,No Holiday,Yes,990
18549,2018-09-17,9,Monday,0,7,Early Morning,18.5,88,1.4,695,16.4,0.08,0.0,0.0,0.0,Autumn,No Holiday,Yes,1487
13048,2018-08-28,8,Tuesday,0,11,Morning,25.9,79,1.7,1900,21.9,0.9,0.0,0.0,0.0,Summer,No Holiday,Yes,411
15620,2018-01-14,1,Sunday,1,9,Early Morning,-3.4,77,1.6,432,-6.8,0.12,0.0,0.0,0.0,Winter,No Holiday,Yes,118
14790,2018-11-22,11,Thursday,0,15,Afternoon,6.9,31,2.9,1982,-9.1,1.21,0.0,0.0,0.0,Autumn,No Holiday,Yes,716
15537,2018-10-14,10,Sunday,1,8,Early Morning,7.5,72,1.1,697,2.7,0.34,0.0,0.0,0.0,Autumn,No Holiday,Yes,556
14146,2018-05-17,5,Thursday,0,14,Afternoon,23.4,81,0.6,1921,19.9,0.5,0.0,0.0,0.0,Spring,No Holiday,Yes,352
10084,2018-05-09,5,Wednesday,0,15,Afternoon,21.2,35,2.9,1733,5.1,2.88,0.0,0.0,0.0,Spring,No Holiday,Yes,1324
12525,2018-05-23,5,Wednesday,0,3,Dawn,14.9,96,2.2,636,14.2,0.0,0.5,0.0,0.5,Spring,No Holiday,Yes,43
10844,2018-04-30,4,Monday,0,2,Dawn,14.1,62,1.2,502,6.9,0.0,0.0,0.0,0.0,Spring,No Holiday,Yes,246
16708,2018-08-10,8,Friday,0,0,Dawn,27.1,84,0.2,1161,24.1,0.0,0.0,0.0,0.0,Summer,No Holiday,Yes,903
18167,2018-09-15,9,Saturday,1,5,Dawn,21.1,82,0.8,2000,17.8,0.0,0.0,0.0,0.0,Autumn,No Holiday,Yes,169
14875,2018-08-31,8,Friday,0,7,Early Morning,22.9,83,0.6,1127,19.8,0.01,0.0,0.0,0.0,Summer,No Holiday,Yes,828
11252,2018-10-26,10,Friday,0,12,Morning,12.4,90,1.1,297,10.7,0.19,1.0,0.0,1.0,Autumn,No Holiday,Yes,29
10700,2018-11-23,11,Friday,0,22,Night,2.0,30,1.3,1995,-13.8,0.0,0.0,0.0,0.0,Autumn,No Holiday,Yes,729
15695,2017-12-13,12,Wednesday,0,10,Morning,-9.5,39,2.1,1875,-20.9,0.6,0.0,0.0,0.0,Winter,No Holiday,Yes,202
17810,2018-05-20,5,Sunday,1,21,Evening,17.8,26,1.3,2000,-1.9,0.0,0.0,0.0,0.0,Spring,No Holiday,Yes,1636
12659,2018-05-20,5,Sunday,1,12,Morning,18.8,31,1.2,2000,1.2,0.92,0.0,0.0,0.0,Spring,No Holiday,Yes,1313
10594,2018-02-23,2,Friday,0,19,Evening,6.9,73,3.7,369,2.3,0.0,0.0,0.0,0.0,Winter,No Holiday,Yes,421
11658,2018-05-12,5,Saturday,1,14,Afternoon,13.0,97,0.8,211,12.5,0.15,2.0,0.0,2.0,Spring,No Holiday,Yes,22
14133,2018-11-14,11,Wednesday,0,2,Dawn,6.2,59,0.6,1584,-1.2,0.0,0.0,0.0,0.0,Autumn,No Holiday,Yes,327
12794,2018-09-19,9,Wednesday,0,0,Dawn,21.0,66,0.4,2000,14.3,0.0,0.0,0.0,0.0,Autumn,No Holiday,No,0
12139,2018-06-15,6,Friday,0,16,Afternoon,26.5,45,1.6,2000,13.5,1.91,0.0,0.0,0.0,Summer,No Holiday,Yes,1726
14463,2018-03-06,3,Tuesday,0,23,Night,3.5,44,0.9,1905,-7.6,0.0,0.0,0.0,0.0,Spring,No Holiday,Yes,361
10146,2018-02-16,2,Friday,0,14,Afternoon,4.2,18,3.3,1976,-18.0,2.25,0.0,0.0,0.0,Winter,Holiday,Yes,196
13065,2018-06-27,6,Wednesday,0,19,Evening,24.9,70,1.8,1131,19.0,0.24,0.0,0.0,0.0,Summer,No Holiday,Yes,2487
10232,2018-03-26,3,Monday,0,7,Early Morning,6.0,96,0.6,94,5.4,0.0,0.0,0.0,0.0,Spring,No Holiday,Yes,581
10911,2018-04-30,4,Monday,0,18,Evening,23.0,54,2.9,679,13.1,0.81,0.0,0.0,0.0,Spring,No Holiday,Yes,2558
10891,2018-07-03,7,Tuesday,0,5,Dawn,22.6,97,0.0,1383,22.0,0.0,0.0,0.0,0.0,Summer,No Holiday,Yes,224
12778,2018-04-10,4,Tuesday,0,1,Dawn,9.0,44,1.0,1314,-2.6,0.0,0.0,0.0,0.0,Spring,No Holiday,Yes,376
17877,2017-12-11,12,Monday,0,2,Dawn,-4.2,35,3.4,2000,-17.4,0.0,0.0,0.0,0.0,Winter,No Holiday,Yes,67
18740,2018-01-16,1,Tuesday,0,22,Night,4.0,57,0.3,430,-3.7,0.0,0.0,0.0,0.0,Winter,No Holiday,Yes,321
11223,2018-03-26,3,Monday,0,16,Afternoon,17.7,33,3.4,897,1.2,1.96,0.0,0.0,0.0,Spring,No Holiday,Yes,819
17557,2018-07-30,7,Monday,0,17,Afternoon,35.4,44,0.8,2000,21.2,1.1,0.0,0.0,0.0,Summer,No Holiday,Yes,1224
10880,2018-02-07,2,Wednesday,0,12,Morning,-6.0,24,2.6,1964,-23.3,1.97,0.0,0.0,0.0,Winter,No Holiday,Yes,188
14261,2018-05-07,5,Monday,0,8,Early Morning,14.8,80,0.3,1921,11.3,0.31,0.0,0.0,0.0,Spring,No Holiday,Yes,600
17865,2018-11-29,11,Thursday,0,12,Morning,5.6,27,0.3,1522,-11.9,0.34,0.0,0.0,0.0,Autumn,No Holiday,Yes,661
16085,2018-04-11,4,Wednesday,0,16,Afternoon,16.9,23,4.4,1938,-4.4,2.39,0.0,0.0,0.0,Spring,No Holiday,No,0
14132,2018-05-08,5,Tuesday,0,20,Evening,15.8,47,1.8,2000,4.4,0.01,0.0,0.0,0.0,Spring,No Holiday,Yes,1726
18159,2018-02-16,2,Friday,0,2,Dawn,-4.1,38,1.2,1996,-16.3,0.0,0.0,0.0,0.0,Winter,Holiday,Yes,47
11116,2018-10-07,10,Sunday,1,20,Evening,15.5,37,1.9,2000,0.8,0.0,0.0,0.0,0.0,Autumn,No Holiday,Yes,1519
18669,2018-02-25,2,Sunday,1,12,Morning,5.5,25,3.1,1652,-13.0,2.28,0.0,0.0,0.0,Winter,No Holiday,Yes,396
16801,2018-11-30,11,Friday,0,15,Afternoon,7.0,20,3.3,1994,-14.4,1.21,0.0,0.0,0.0,Autumn,No Holiday,Yes,768
14300,2018-04-18,4,Wednesday,0,13,Afternoon,17.7,16,2.8,1824,-8.4,3.27,0.0,0.0,0.0,Spring,No Holiday,Yes,975
10622,2018-10-03,10,Wednesday,0,2,Dawn,13.2,77,1.2,1972,9.2,0.0,0.0,0.0,0.0,Autumn,Holiday,Yes,685
15762,2018-04-28,4,Saturday,1,21,Evening,13.9,37,1.1,1751,-0.5,0.0,0.0,0.0,0.0,Spring,No Holiday,Yes,1351
11537,2018-06-20,6,Wednesday,0,7,Early Morning,20.0,77,1.7,595,15.8,0.29,0.0,0.0,0.0,Summer,No Holiday,Yes,1629
17985,2018-07-22,7,Sunday,1,7,Early Morning,25.8,67,0.9,1773,19.1,0.34,0.0,0.0,0.0,Summer,No Holiday,Yes,360
12960,2018-10-02,10,Tuesday,0,8,Early Morning,11.2,69,0.9,1714,5.7,0.49,0.0,0.0,0.0,Autumn,No Holiday,No,0
15781,2018-07-13,7,Friday,0,2,Dawn,24.9,86,1.3,1469,22.3,0.0,0.0,0.0,0.0,Summer,No Holiday,Yes,600
14051,2018-02-04,2,Sunday,1,21,Evening,-8.9,35,3.2,2000,-21.6,0.0,0.0,0.0,0.0,Winter,No Holiday,Yes,107
15169,2018-04-14,4,Saturday,1,6,Dawn,8.7,80,1.1,1518,5.4,0.0,1.0,0.0,1.0,Spring,No Holiday,Yes,12
13149,2018-03-18,3,Sunday,1,7,Early Morning,5.5,58,1.0,937,-2.1,0.0,0.0,0.0,0.0,Spring,No Holiday,Yes,152
13547,2018-07-24,7,Tuesday,0,17,Afternoon,34.9,51,2.2,1235,23.2,0.98,0.0,0.0,0.0,Summer,No Holiday,Yes,1297
13617,2018-09-30,9,Sunday,1,0,Dawn,18.1,60,0.2,2000,10.2,0.0,0.0,0.0,0.0,Autumn,No Holiday,No,0
18161,2018-01-26,1,Friday,0,23,Night,-14.4,38,2.7,1738,-25.6,0.0,0.0,0.03,0.03,Winter,No Holiday,Yes,89
11968,2018-11-18,11,Sunday,1,12,Morning,9.2,47,2.5,1910,-1.5,1.37,0.0,0.0,0.0,Autumn,No Holiday,Yes,776
12995,2018-02-20,2,Tuesday,0,14,Afternoon,5.0,20,3.7,1866,-16.1,2.12,0.0,0.0,0.0,Winter,No Holiday,Yes,335
11159,2018-05-16,5,Wednesday,0,17,Afternoon,21.9,97,3.2,207,21.3,0.14,0.5,0.0,0.5,Spring,No Holiday,Yes,304
10399,2018-03-31,3,Saturday,1,23,Night,12.4,63,1.3,1201,5.5,0.0,0.0,0.0,0.0,Spring,No Holiday,Yes,655
10556,2017-12-23,12,Saturday,1,12,Morning,7.0,72,1.9,246,2.2,0.64,0.0,0.0,0.0,Winter,No Holiday,Yes,325
16065,2018-04-15,4,Sunday,1,2,Dawn,6.7,80,2.8,1342,3.4,0.0,0.0,0.0,0.0,Spring,No Holiday,Yes,254
11878,2018-04-04,4,Wednesday,0,1,Dawn,14.8,96,1.7,209,14.1,0.0,0.0,0.0,0.0,Spring,No Holiday,Yes,113
12072,2017-12-22,12,Friday,0,3,Dawn,-0.6,76,0.5,789,-4.3,0.0,0.0,0.06999999999999999,0.06999999999999999,Winter,Holiday,Yes,99
16497,2018-07-28,7,Saturday,1,9,Early Morning,30.6,74,1.4,716,25.4,0.95,0.0,0.0,0.0,Summer,No Holiday,Yes,671
13964,2018-02-16,2,Friday,0,19,Evening,0.6,59,2.3,1939,-6.5,0.0,0.0,0.0,0.0,Winter,Holiday,Yes,126
15756,2018-09-17,9,Monday,0,18,Evening,25.3,56,2.8,1992,15.8,0.54,0.0,0.0,0.0,Autumn,No Holiday,Yes,3277
18060,2018-05-12,5,Saturday,1,6,Dawn,14.4,71,1.3,560,9.2,0.0,0.4,0.0,0.4,Spring,No Holiday,Yes,37
11700,2018-04-13,4,Friday,0,10,Morning,15.7,18,1.6,1980,-8.6,1.66,0.0,0.0,0.0,Spring,No Holiday,Yes,741
13715,2018-11-05,11,Monday,0,14,Afternoon,17.5,38,1.2,1090,3.0,1.74,0.0,0.0,0.0,Autumn,No Holiday,Yes,993
17243,2017-12-13,12,Wednesday,0,5,Dawn,-11.5,58,1.1,1923,-18.1,0.0,0.0,0.0,0.0,Winter,No Holiday,Yes,68
14846,2018-10-10,10,Wednesday,0,1,Dawn,16.6,57,1.5,2000,8.0,0.0,0.0,0.0,0.0,Autumn,No Holiday,Yes,144
16938,2018-07-08,7,Sunday,1,3,Dawn,18.8,56,1.2,2000,9.8,0.0,0.0,0.0,0.0,Summer,No Holiday,Yes,460
12348,2018-08-26,8,Sunday,1,21,Evening,22.5,65,1.1,2000,15.5,0.0,0.0,0.0,0.0,Summer,No Holiday,Yes,1276
13275,2018-10-05,10,Friday,0,5,Dawn,17.6,57,1.1,2000,8.9,0.0,0.0,0.0,0.0,Autumn,No Holiday,Yes,223
17972,2018-01-17,1,Wednesday,0,5,Dawn,2.9,66,0.8,325,-2.8,0.0,0.0,0.0,0.0,Winter,No Holiday,Yes,72
18238,2018-05-31,5,Thursday,0,21,Evening,21.9,60,2.5,1551,13.7,0.0,0.0,0.0,0.0,Spring,No Holiday,Yes,2070
10876,2018-06-30,6,Saturday,1,9,Early Morning,24.2,81,0.9,295,20.7,0.53,0.0,0.0,0.0,Summer,No Holiday,Yes,862
12549,2018-01-02,1,Tuesday,0,16,Afternoon,1.3,23,2.9,2000,-17.6,0.51,0.0,0.0,0.0,Winter,No Holiday,Yes,320
17384,2018-08-24,8,Friday,0,10,Morning,26.0,77,2.2,2000,21.6,0.61,0.0,0.0,0.0,Summer,No Holiday,Yes,286
15361,2018-06-03,6,Sunday,1,21,Evening,24.2,32,2.1,2000,6.4,0.0,0.0,0.0,0.0,Summer,No Holiday,Yes,2173
10616,2018-01-10,1,Wednesday,0,5,Dawn,-7.3,75,1.6,2000,-10.9,0.0,0.0,0.08,0.08,Winter,No Holiday,Yes,39
17894,2018-06-05,6,Tuesday,0,12,Morning,28.2,35,1.2,1411,11.2,3.23,0.0,0.0,0.0,Summer,No Holiday,Yes,1111
12958,2018-10-24,10,Wednesday,0,1,Dawn,10.2,84,1.2,1036,7.6,0.0,0.0,0.0,0.0,Autumn,No Holiday,Yes,573
16541,2018-05-10,5,Thursday,0,3,Dawn,12.9,74,1.7,1698,8.3,0.0,0.0,0.0,0.0,Spring,No Holiday,No,0
14965,2018-08-19,8,Sunday,1,13,Afternoon,32.4,33,2.7,1893,14.0,3.1,0.0,0.0,0.0,Summer,No Holiday,Yes,943
14895,2018-05-10,5,Thursday,0,8,Early Morning,13.5,63,2.2,1211,6.5,1.01,0.0,0.0,0.0,Spring,No Holiday,No,0
14519,2018-02-03,2,Saturday,1,9,Early Morning,-9.4,47,3.3,1995,-18.6,0.42,0.0,0.03,0.03,Winter,No Holiday,Yes,168
13004,2018-05-26,5,Saturday,1,20,Evening,22.3,50,2.7,1512,11.3,0.05,0.0,0.0,0.0,Spring,No Holiday,Yes,1909
17512,2018-10-03,10,Wednesday,0,11,Morning,20.3,46,1.6,1409,8.2,2.29,0.0,0.0,0.0,Autumn,Holiday,Yes,1248
12262,2018-06-21,6,Thursday,0,20,Evening,25.1,55,2.3,1779,15.4,0.08,0.0,0.0,0.0,Summer,No Holiday,Yes,2556
18532,2018-08-12,8,Sunday,1,2,Dawn,29.0,60,1.4,2000,20.4,0.0,0.0,0.0,0.0,Summer,No Holiday,Yes,554
16234,2018-01-25,1,Thursday,0,13,Afternoon,-11.4,27,3.9,2000,-26.7,1.26,0.0,0.06,0.06,Winter,No Holiday,Yes,130
14791,2018-06-06,6,Wednesday,0,12,Morning,27.3,51,2.8,703,16.2,3.16,0.0,0.0,0.0,Summer,Holiday,Yes,1400
17194,2018-08-31,8,Friday,0,21,Evening,24.5,78,1.2,2000,20.4,0.0,0.0,0.0,0.0,Summer,No Holiday,Yes,1931
11293,2018-09-14,9,Friday,0,9,Early Morning,22.3,69,1.3,2000,16.3,0.61,0.0,0.0,0.0,Autumn,No Holiday,Yes,1201
18109,2018-02-11,2,Sunday,1,6,Dawn,-8.4,33,1.4,1963,-21.8,0.0,0.0,0.0,0.0,Winter,No Holiday,Yes,39
18437,2018-03-25,3,Sunday,1,12,Morning,12.7,45,1.3,321,1.0,2.63,0.0,0.0,0.0,Spring,No Holiday,Yes,626
16377,2018-10-03,10,Wednesday,0,0,Dawn,14.5,74,0.4,2000,9.9,0.0,0.0,0.0,0.0,Autumn,Holiday,Yes,1040
18756,2018-03-14,3,Wednesday,0,23,Night,16.1,69,1.8,1666,10.4,0.0,0.0,0.0,0.0,Spring,No Holiday,Yes,587
15953,2018-10-15,10,Monday,0,15,Afternoon,20.4,43,1.7,690,7.3,1.43,0.0,0.0,0.0,Autumn,No Holiday,Yes,1183
18095,2018-04-19,4,Thursday,0,12,Morning,17.8,21,2.7,1335,-4.8,2.79,0.0,0.0,0.0,Spring,No Holiday,Yes,919
17986,2018-07-26,7,Thursday,0,1,Dawn,27.6,79,1.0,1261,23.6,0.0,0.0,0.0,0.0,Summer,No Holiday,Yes,718
16509,2018-06-26,6,Tuesday,0,18,Evening,24.1,95,4.4,261,23.2,0.03,1.0,0.0,1.0,Summer,No Holiday,Yes,156
13923,2018-08-01,8,Wednesday,0,0,Dawn,30.5,68,1.9,2000,23.9,0.0,0.0,0.0,0.0,Summer,No Holiday,Yes,875
18271,2018-09-24,9,Monday,0,18,Evening,20.3,35,2.4,2000,4.3,0.46,0.0,0.0,0.0,Autumn,Holiday,Yes,1237
11898,2018-10-04,10,Thursday,0,21,Evening,20.5,57,2.0,2000,11.6,0.0,0.0,0.0,0.0,Autumn,No Holiday,No,0
18733,2018-04-26,4,Thursday,0,22,Night,12.7,61,2.2,1949,5.3,0.0,0.0,0.0,0.0,Spring,No Holiday,Yes,1146
17925,2018-02-05,2,Monday,0,11,Morning,-8.5,27,4.7,1894,-24.2,1.73,0.0,0.0,0.0,Winter,No Holiday,Yes,156
14894,2018-09-13,9,Thursday,0,10,Morning,22.7,61,0.9,2000,14.7,0.82,0.0,0.0,0.0,Autumn,No Holiday,Yes,915
14116,2018-03-09,3,Friday,0,5,Dawn,2.5,76,0.7,544,-1.3,0.0,0.0,0.0,0.0,Spring,No Holiday,Yes,88
14955,2018-09-09,9,Sunday,1,19,Evening,24.1,56,2.5,2000,14.7,0.04,0.0,0.0,0.0,Autumn,No Holiday,Yes,2033
13398,2018-11-14,11,Wednesday,0,17,Afternoon,13.6,46,1.8,1374,2.1,0.31,0.0,0.0,0.0,Autumn,No Holiday,Yes,1532
17479,2018-05-03,5,Thursday,0,1,Dawn,7.9,86,2.1,2000,5.6,0.0,0.0,0.0,0.0,Spring,No Holiday,Yes,323
18711,2018-04-01,4,Sunday,1,5,Dawn,12.3,65,0.5,1085,5.8,0.0,0.0,0.0,0.0,Spring,No Holiday,Yes,96
15386,2017-12-07,12,Thursday,0,19,Evening,-0.4,47,2.5,1269,-10.3,0.0,0.0,0.0,0.0,Winter,No Holiday,Yes,507
13814,2018-08-16,8,Thursday,0,14,Afternoon,35.3,40,2.0,2000,19.6,3.17,0.0,0.0,0.0,Summer,No Holiday,Yes,638
18149,2018-02-11,2,Sunday,1,0,Dawn,-6.9,36,2.1,2000,-19.5,0.0,0.0,0.0,0.0,Winter,No Holiday,Yes,112
14935,2018-01-24,1,Wednesday,0,2,Dawn,-15.2,32,3.1,2000,-28.2,0.0,0.0,0.09,0.09,Winter,No Holiday,Yes,50
14929,2018-04-27,4,Friday,0,20,Evening,16.9,41,3.1,1060,3.5,0.0,0.0,0.0,0.0,Spring,No Holiday,Yes,1499
16010,2018-06-21,6,Thursday,0,1,Dawn,20.1,82,1.2,582,16.9,0.0,0.0,0.0,0.0,Summer,No Holiday,Yes,794
15345,2017-12-30,12,Saturday,1,15,Afternoon,4.3,61,0.7,274,-2.5,0.23,0.0,0.0,0.0,Winter,No Holiday,Yes,337
13671,2018-06-30,6,Saturday,1,16,Afternoon,27.9,69,0.5,880,21.6,0.61,0.0,0.0,0.0,Summer,No Holiday,Yes,1317
16230,2018-07-22,7,Sunday,1,19,Evening,34.5,47,2.8,1762,21.5,0.42,0.0,0.0,0.0,Summer,No Holiday,Yes,1478
11756,2018-05-20,5,Sunday,1,11,Morning,18.7,30,1.9,2000,0.7,1.66,0.0,0.0,0.0,Spring,No Holiday,Yes,1013
18599,2018-02-23,2,Friday,0,23,Night,5.5,80,2.7,258,2.3,0.0,0.0,0.0,0.0,Winter,No Holiday,Yes,243
18676,2018-01-12,1,Friday,0,1,Dawn,-13.7,47,3.0,2000,-22.6,0.0,0.0,0.0,0.0,Winter,No Holiday,Yes,99
17075,2017-12-14,12,Thursday,0,19,Evening,-4.2,40,0.9,1216,-15.8,0.0,0.0,0.0,0.0,Winter,No Holiday,Yes,410
16177,2018-03-09,3,Friday,0,9,Early Morning,3.5,60,1.3,1969,-3.5,0.71,0.0,0.0,0.0,Spring,No Holiday,Yes,570
14355,2018-06-05,6,Tuesday,0,14,Afternoon,28.9,34,2.7,1328,11.4,2.06,0.0,0.0,0.0,Summer,No Holiday,Yes,1120
10322,2018-08-04,8,Saturday,1,16,Afternoon,34.5,49,4.0,1925,22.2,2.35,0.0,0.0,0.0,Summer,No Holiday,Yes,700
13142,2018-02-11,2,Sunday,1,23,Night,-7.0,49,3.4,1984,-15.9,0.0,0.0,0.0,0.0,Winter,No Holiday,Yes,91
15826,2018-05-21,5,Monday,0,14,Afternoon,23.4,36,2.8,1947,7.4,3.11,0.0,0.0,0.0,Spring,No Holiday,Yes,1483
13355,2018-02-21,2,Wednesday,0,4,Dawn,-3.8,32,1.1,2000,-18.1,0.0,0.0,0.0,0.0,Winter,No Holiday,Yes,50
14409,2017-12-04,12,Monday,0,16,Afternoon,-0.2,23,4.7,2000,-18.8,0.55,0.0,0.0,0.0,Winter,No Holiday,Yes,375
12092,2018-11-19,11,Monday,0,20,Evening,6.0,50,1.5,931,-3.6,0.0,0.0,0.0,0.0,Autumn,No Holiday,Yes,1030
18127,2018-03-01,3,Thursday,0,12,Morning,0.5,46,4.7,1172,-9.8,2.49,0.0,0.0,0.0,Spring,Holiday,Yes,311
15116,2018-06-13,6,Wednesday,0,10,Morning,23.0,57,2.2,1145,14.0,1.1,0.0,0.0,0.0,Summer,No Holiday,Yes,1269
14900,2018-06-23,6,Saturday,1,7,Early Morning,21.3,44,0.5,1911,8.5,0.2,0.0,0.0,0.0,Summer,No Holiday,Yes,622
14920,2018-09-11,9,Tuesday,0,21,Evening,22.2,50,1.3,2000,11.2,0.0,0.0,0.0,0.0,Autumn,No Holiday,Yes,2018
13899,2018-02-22,2,Thursday,0,14,Afternoon,4.8,50,4.3,1168,-4.7,1.01,0.0,0.0,0.0,Winter,No Holiday,Yes,331
13400,2018-02-11,2,Sunday,1,19,Evening,-5.2,66,3.1,2000,-10.5,0.0,0.0,0.0,0.0,Winter,No Holiday,Yes,147
11900,2018-07-03,7,Tuesday,0,23,Night,26.4,78,0.3,2000,22.2,0.0,0.0,0.0,0.0,Summer,No Holiday,Yes,1365
16051,2018-03-29,3,Thursday,0,16,Afternoon,20.7,38,2.2,741,5.8,1.63,0.0,0.0,0.0,Spring,No Holiday,Yes,957
10643,2018-11-08,11,Thursday,0,21,Evening,14.0,96,4.1,292,13.3,0.0,18.0,0.0,18.0,Autumn,No Holiday,Yes,21
10752,2018-07-23,7,Monday,0,9,Early Morning,31.0,55,1.5,1945,20.8,1.14,0.0,0.0,0.0,Summer,No Holiday,Yes,985
13202,2018-01-30,1,Tuesday,0,18,Evening,-2.3,91,0.4,202,-3.5,0.0,1.4,0.2,1.5999999999999999,Winter,No Holiday,Yes,100
13710,2018-03-29,3,Thursday,0,21,Evening,14.4,66,1.7,677,8.1,0.0,0.0,0.0,0.0,Spring,No Holiday,Yes,1046
10710,2018-09-12,9,Wednesday,0,6,Dawn,17.0,63,1.3,2000,9.8,0.0,0.0,0.0,0.0,Autumn,No Holiday,Yes,656
18342,2018-06-11,6,Monday,0,21,Evening,19.0,82,1.0,2000,15.8,0.0,0.0,0.0,0.0,Summer,No Holiday,Yes,1647
16519,2018-07-10,7,Tuesday,0,3,Dawn,20.6,98,0.8,1986,20.2,0.0,0.5,0.0,0.5,Summer,No Holiday,Yes,136
13439,2018-10-22,10,Monday,0,9,Early Morning,11.9,50,1.1,1529,1.7,0.75,0.0,0.0,0.0,Autumn,No Holiday,Yes,1104
11585,2018-10-10,10,Wednesday,0,12,Morning,13.7,43,3.4,1980,1.3,1.65,0.0,0.0,0.0,Autumn,No Holiday,Yes,1006
18443,2018-03-30,3,Friday,0,13,Afternoon,20.3,27,1.4,1464,0.6,2.87,0.0,0.0,0.0,Spring,No Holiday,Yes,860
10970,2017-12-22,12,Friday,0,17,Afternoon,5.4,61,1.3,691,-1.5,0.08,0.0,0.0,0.0,Winter,Holiday,Yes,477
12538,2017-12-09,12,Saturday,1,8,Early Morning,-5.4,56,0.7,1940,-12.8,0.01,0.0,0.0,0.0,Winter,No Holiday,Yes,222
10886,2018-04-30,4,Monday,0,8,Early Morning,15.8,73,0.5,357,10.9,0.39,0.0,0.0,0.0,Spring,No Holiday,Yes,1791
14036,2017-12-25,12,Monday,0,11,Morning,-2.8,35,2.9,1984,-16.1,0.87,0.0,0.0,0.0,Winter,Holiday,Yes,179
11039,2018-05-03,5,Thursday,0,13,Afternoon,13.4,56,3.7,1693,4.7,0.82,0.1,0.0,0.1,Spring,No Holiday,Yes,516
16373,2018-11-03,11,Saturday,1,18,Evening,14.2,51,1.5,990,4.1,0.02,0.0,0.0,0.0,Autumn,No Holiday,No,0
10762,2018-10-28,10,Sunday,1,0,Dawn,6.7,55,1.5,2000,-1.7,0.0,0.0,0.0,0.0,Autumn,No Holiday,Yes,699
18536,2018-09-14,9,Friday,0,14,Afternoon,26.3,58,1.5,1986,17.3,1.37,0.0,0.0,0.0,Autumn,No Holiday,Yes,1199
11158,2018-06-26,6,Tuesday,0,16,Afternoon,23.3,96,3.4,441,22.6,0.08,1.0,0.0,1.0,Summer,No Holiday,Yes,56
14818,2018-02-04,2,Sunday,1,16,Afternoon,-5.4,29,3.6,1979,-20.6,1.4,0.0,0.0,0.0,Winter,No Holiday,Yes,181
15738,2018-11-25,11,Sunday,1,8,Early Morning,1.4,96,1.0,212,0.8,0.04,0.0,0.25,0.25,Autumn,No Holiday,Yes,250
16814,2018-06-10,6,Sunday,1,13,Afternoon,24.2,48,1.2,1968,12.4,2.19,0.0,0.0,0.0,Summer,No Holiday,Yes,1752
18356,2018-08-28,8,Tuesday,0,20,Evening,23.3,97,3.3,183,22.7,0.0,15.5,0.0,15.5,Summer,No Holiday,Yes,10
11598,2017-12-20,12,Wednesday,0,11,Morning,-4.2,51,1.1,1772,-12.8,0.4,0.0,0.19,0.19,Winter,No Holiday,Yes,204
16506,2018-11-27,11,Tuesday,0,12,Morning,9.3,61,1.5,390,2.1,0.85,0.0,0.0,0.0,Autumn,No Holiday,Yes,672
12102,2018-05-04,5,Friday,0,10,Morning,16.1,37,2.9,1629,1.3,2.4,0.0,0.0,0.0,Spring,No Holiday,Yes,864
13600,2018-04-18,4,Wednesday,0,18,Evening,16.6,33,3.4,1182,0.2,0.86,0.0,0.0,0.0,Spring,No Holiday,Yes,1918
17789,2018-08-26,8,Sunday,1,20,Evening,22.4,64,0.8,2000,15.2,0.0,0.0,0.0,0.0,Summer,No Holiday,Yes,1674
17352,2018-02-21,2,Wednesday,0,11,Morning,0.2,22,2.2,1907,-19.0,1.57,0.0,0.0,0.0,Winter,No Holiday,Yes,276
12157,2018-06-16,6,Saturday,1,17,Afternoon,28.4,43,2.0,1806,14.6,1.93,0.0,0.0,0.0,Summer,No Holiday,Yes,2383
12265,2017-12-13,12,Wednesday,0,20,Evening,-7.6,35,0.8,2000,-20.4,0.0,0.0,0.0,0.0,Winter,No Holiday,Yes,263
12859,2018-03-21,3,Wednesday,0,11,Morning,4.8,35,2.1,2000,-9.4,1.38,0.0,0.0,0.0,Spring,No Holiday,Yes,339
10415,2018-08-14,8,Tuesday,0,20,Evening,31.8,59,0.9,2000,22.7,0.0,0.0,0.0,0.0,Summer,No Holiday,Yes,1705
16265,2018-01-05,1,Friday,0,4,Dawn,-5.1,55,1.7,1266,-12.7,0.0,0.0,0.0,0.0,Winter,No Holiday,Yes,47
10849,2018-06-02,6,Saturday,1,22,Night,21.4,48,1.6,2000,9.9,0.0,0.0,0.0,0.0,Summer,No Holiday,Yes,1969
14584,2018-04-10,4,Tuesday,0,18,Evening,19.7,52,7.2,2000,9.5,0.2,0.0,0.0,0.0,Spring,No Holiday,Yes,1805
10983,2018-01-25,1,Thursday,0,3,Dawn,-16.0,40,1.9,2000,-26.5,0.0,0.0,0.06999999999999999,0.06999999999999999,Winter,No Holiday,Yes,32
15553,2018-02-03,2,Saturday,1,22,Night,-9.7,45,3.0,2000,-19.4,0.0,0.0,0.0,0.0,Winter,No Holiday,Yes,92
10416,2018-04-09,4,Monday,0,22,Night,9.6,41,0.5,1428,-3.0,0.0,0.0,0.0,0.0,Spring,No Holiday,Yes,1069
11610,2018-09-30,9,Sunday,1,15,Afternoon,21.3,32,3.8,2000,3.9,2.31,0.0,0.0,0.0,Autumn,No Holiday,No,0
18274,2018-11-26,11,Monday,0,16,Afternoon,13.2,44,1.6,710,1.1,0.76,0.0,0.0,0.0,Autumn,No Holiday,Yes,935
17938,2018-07-04,7,Wednesday,0,22,Night,25.1,73,2.5,1808,19.9,0.0,0.0,0.0,0.0,Summer,No Holiday,Yes,2091
14811,2018-04-14,4,Saturday,1,13,Afternoon,8.8,93,1.7,597,7.7,0.38,0.0,0.0,0.0,Spring,No Holiday,Yes,70
13954,2018-01-24,1,Wednesday,0,21,Evening,-14.7,40,3.2,1933,-25.3,0.0,0.0,0.06999999999999999,0.06999999999999999,Winter,No Holiday,Yes,132
15836,2018-06-20,6,Wednesday,0,0,Dawn,19.7,71,2.0,1330,14.2,0.0,0.0,0.0,0.0,Summer,No Holiday,Yes,1030
14602,2018-03-02,3,Friday,0,17,Afternoon,4.3,21,2.5,1961,-16.1,1.13,0.0,0.0,0.0,Spring,No Holiday,Yes,631
16873,2018-06-29,6,Friday,0,6,Dawn,21.9,97,0.2,190,21.3,0.0,4.5,0.0,4.5,Summer,No Holiday,Yes,308
12126,2018-06-26,6,Tuesday,0,6,Dawn,22.5,83,0.8,537,19.4,0.0,0.4,0.0,0.4,Summer,No Holiday,Yes,37
12341,2017-12-01,12,Friday,0,11,Morning,-0.5,21,1.3,1936,-20.2,0.94,0.0,0.0,0.0,Winter,No Holiday,Yes,360
16869,2018-01-29,1,Monday,0,20,Evening,-7.4,41,3.8,2000,-18.4,0.0,0.0,0.0,0.0,Winter,No Holiday,Yes,197
10344,2018-04-25,4,Wednesday,0,23,Night,14.0,45,0.6,1901,2.2,0.0,0.0,0.0,0.0,Spring,No Holiday,Yes,906
11764,2018-01-04,1,Thursday,0,1,Dawn,-6.9,56,2.3,1994,-14.2,0.0,0.0,0.0,0.0,Winter,No Holiday,Yes,150
11528,2018-04-10,4,Tuesday,0,11,Morning,18.5,27,1.3,1610,-0.8,2.59,0.0,0.0,0.0,Spring,No Holiday,Yes,839
11636,2018-11-30,11,Friday,0,23,Night,1.9,43,1.3,1909,-9.3,0.0,0.0,0.0,0.0,Autumn,No Holiday,Yes,584
17868,2018-01-17,1,Wednesday,0,3,Dawn,3.0,67,0.8,297,-2.5,0.0,0.0,0.0,0.0,Winter,No Holiday,Yes,75
16928,2018-04-08,4,Sunday,1,16,Afternoon,6.1,65,1.5,1465,0.0,0.21,0.0,0.0,0.0,Spring,No Holiday,Yes,137
15025,2018-11-18,11,Sunday,1,16,Afternoon,9.4,39,1.8,1704,-3.8,0.56,0.0,0.0,0.0,Autumn,No Holiday,Yes,1026
15120,2017-12-20,12,Wednesday,0,23,Night,-1.1,87,1.4,349,-2.9,0.0,0.0,0.22000000000000003,0.22000000000000003,Winter,No Holiday,Yes,153
15357,2018-08-17,8,Friday,0,20,Evening,28.4,40,1.7,1887,13.4,0.0,0.0,0.0,0.0,Summer,No Holiday,Yes,2130
15583,2018-10-29,10,Monday,0,16,Afternoon,11.3,41,3.6,2000,-1.4,0.94,0.0,0.0,0.0,Autumn,No Holiday,Yes,1069
17021,2018-09-09,9,Sunday,1,0,Dawn,19.6,53,1.5,2000,9.7,0.0,0.0,0.0,0.0,Autumn,No Holiday,Yes,1185
14477,2017-12-14,12,Thursday,0,8,Early Morning,-10.4,54,1.1,1432,-17.9,0.01,0.0,0.0,0.0,Winter,No Holiday,Yes,621
12298,2018-06-06,6,Wednesday,0,22,Night,20.8,78,1.8,763,16.8,0.0,0.0,0.0,0.0,Summer,Holiday,Yes,1624
17319,2018-09-02,9,Sunday,1,16,Afternoon,29.3,44,1.4,1997,15.7,1.32,0.0,0.0,0.0,Autumn,No Holiday,Yes,1853
13454,2017-12-03,12,Sunday,1,17,Afternoon,6.7,82,1.5,358,3.8,0.05,0.0,0.0,0.0,Winter,No Holiday,Yes,545
15283,2017-12-13,12,Wednesday,0,17,Afternoon,-5.6,29,1.7,2000,-20.8,0.18,0.0,0.0,0.0,Winter,No Holiday,Yes,392
16915,2018-03-17,3,Saturday,1,5,Dawn,1.0,62,0.9,2000,-5.4,0.0,0.0,0.0,0.0,Spring,No Holiday,Yes,60
11042,2018-02-24,2,Saturday,1,11,Morning,2.2,50,2.4,608,-7.1,1.1,0.0,0.0,0.0,Winter,No Holiday,Yes,298
14033,2018-11-20,11,Tuesday,0,19,Evening,8.7,34,2.2,1857,-6.3,0.0,0.0,0.0,0.0,Autumn,No Holiday,Yes,1317
15399,2018-09-08,9,Saturday,1,16,Afternoon,27.7,32,1.4,2000,9.4,2.05,0.0,0.0,0.0,Autumn,No Holiday,Yes,1943
11614,2018-01-07,1,Sunday,1,18,Evening,1.8,34,1.2,1518,-12.4,0.0,0.0,0.0,0.0,Winter,No Holiday,Yes,270
11286,2018-03-01,3,Thursday,0,16,Afternoon,1.4,33,4.8,1480,-13.1,1.98,0.0,0.0,0.0,Spring,Holiday,Yes,460
10578,2017-12-20,12,Wednesday,0,16,Afternoon,-0.5,48,1.1,1722,-10.1,0.12,0.0,0.16,0.16,Winter,No Holiday,Yes,225
17074,2018-07-28,7,Saturday,1,11,Morning,32.8,62,0.6,881,24.5,1.3,0.0,0.0,0.0,Summer,No Holiday,Yes,592
11002,2018-04-25,4,Wednesday,0,18,Evening,21.2,32,3.8,1927,3.8,0.94,0.0,0.0,0.0,Spring,No Holiday,Yes,2807
16476,2018-07-05,7,Thursday,0,14,Afternoon,28.3,67,3.0,1242,21.5,1.73,0.0,0.0,0.0,Summer,No Holiday,Yes,933
17662,2018-08-25,8,Saturday,1,23,Night,22.9,78,1.4,2000,18.8,0.0,0.0,0.0,0.0,Summer,No Holiday,Yes,1357
14781,2018-09-16,9,Sunday,1,11,Morning,23.4,61,2.1,1964,15.4,0.91,0.0,0.0,0.0,Autumn,No Holiday,Yes,1014
10879,2018-07-10,7,Tuesday,0,17,Afternoon,26.5,76,1.0,1400,21.9,0.36,0.0,0.0,0.0,Summer,No Holiday,Yes,1603
10075,2018-06-26,6,Tuesday,0,19,Evening,24.2,94,4.7,242,23.1,0.03,1.5,0.0,1.5,Summer,No Holiday,Yes,203
10311,2017-12-06,12,Wednesday,0,9,Early Morning,-3.3,70,0.0,1324,-7.9,0.25,0.0,0.02,0.02,Winter,No Holiday,Yes,440
17661,2018-05-15,5,Tuesday,0,0,Dawn,18.1,77,0.5,287,13.9,0.0,0.0,0.0,0.0,Spring,No Holiday,Yes,764
17304,2018-02-18,2,Sunday,1,11,Morning,0.0,20,0.8,1975,-20.3,1.05,0.0,0.0,0.0,Winter,No Holiday,Yes,183
15966,2018-07-23,7,Monday,0,11,Morning,32.7,48,2.2,1908,20.2,2.53,0.0,0.0,0.0,Summer,No Holiday,Yes,611
10168,2018-05-08,5,Tuesday,0,22,Night,13.2,54,2.2,2000,4.0,0.0,0.0,0.0,0.0,Spring,No Holiday,Yes,1283
18507,2018-11-25,11,Sunday,1,13,Afternoon,8.8,53,1.5,778,-0.2,1.43,0.0,0.18,0.18,Autumn,No Holiday,Yes,675
12000,2018-01-20,1,Saturday,1,4,Dawn,-0.7,65,0.6,1226,-6.4,0.0,0.0,0.0,0.0,Winter,No Holiday,Yes,89
14652,2018-08-22,8,Wednesday,0,0,Dawn,25.1,79,0.5,1891,21.1,0.0,0.0,0.0,0.0,Summer,No Holiday,Yes,1025
16961,2018-03-30,3,Friday,0,23,Night,12.1,77,1.4,540,8.1,0.0,0.0,0.0,0.0,Spring,No Holiday,Yes,678
14079,2018-06-26,6,Tuesday,0,23,Night,21.6,89,4.3,698,19.7,0.0,0.0,0.0,0.0,Summer,No Holiday,Yes,552
11247,2018-11-26,11,Monday,0,9,Early Morning,3.1,77,0.9,457,-0.5,0.4,0.0,0.02,0.02,Autumn,No Holiday,Yes,795
17978,2018-08-07,8,Tuesday,0,6,Dawn,26.8,70,0.7,2000,20.8,0.0,0.0,0.0,0.0,Summer,No Holiday,Yes,634
17393,2018-11-10,11,Saturday,1,9,Early Morning,10.1,77,0.0,350,6.2,0.45,0.0,0.0,0.0,Autumn,No Holiday,Yes,628
11902,2018-04-13,4,Friday,0,13,Afternoon,19.0,15,1.4,2000,-8.2,2.02,0.0,0.0,0.0,Spring,No Holiday,Yes,973
15947,2018-05-18,5,Friday,0,17,Afternoon,17.2,81,1.2,2000,13.9,0.57,0.0,0.0,0.0,Spring,No Holiday,Yes,1551
13155,2018-01-19,1,Friday,0,6,Dawn,-1.8,49,1.4,1359,-11.1,0.0,0.0,0.0,0.0,Winter,No Holiday,Yes,151
11540,2018-03-16,3,Friday,0,5,Dawn,5.2,60,2.0,2000,-1.9,0.0,0.0,0.0,0.0,Spring,No Holiday,Yes,85
17988,2018-05-20,5,Sunday,1,10,Morning,17.0,37,1.4,2000,2.1,0.94,0.0,0.0,0.0,Spring,No Holiday,Yes,899
14892,2017-12-17,12,Sunday,1,18,Evening,-4.7,37,1.8,2000,-17.2,0.01,0.0,0.0,0.0,Winter,No Holiday,Yes,204
14208,2018-04-05,4,Thursday,0,19,Evening,7.6,96,1.5,1309,6.9,0.0,1.5,0.0,1.5,Spring,No Holiday,Yes,75
16314,2018-01-20,1,Saturday,1,15,Afternoon,6.3,55,3.0,355,-2.0,0.68,0.0,0.0,0.0,Winter,No Holiday,Yes,406
12631,2018-09-05,9,Wednesday,0,0,Dawn,21.1,64,1.5,2000,14.0,0.0,0.0,0.0,0.0,Autumn,No Holiday,Yes,983
11064,2018-04-02,4,Monday,0,13,Afternoon,21.9,48,2.5,1113,10.3,2.14,0.0,0.0,0.0,Spring,No Holiday,Yes,818
11892,2018-10-10,10,Wednesday,0,7,Early Morning,12.3,84,3.2,1220,9.6,0.0,0.0,0.0,0.0,Autumn,No Holiday,Yes,1220
10923,2018-05-27,5,Sunday,1,5,Dawn,17.6,0,0.8,1304,9.7,0.0,0.0,0.0,0.0,Spring,No Holiday,Yes,174
14537,2018-08-23,8,Thursday,0,14,Afternoon,30.5,59,2.0,2000,21.5,0.84,0.1,0.0,0.1,Summer,No Holiday,Yes,740
16092,2018-02-15,2,Thursday,0,1,Dawn,-1.1,38,2.8,1999,-13.6,0.0,0.0,0.0,0.0,Winter,Holiday,Yes,123
18165,2018-10-30,10,Tuesday,0,11,Morning,7.5,36,1.4,1993,-6.6,1.98,0.0,0.0,0.0,Autumn,No Holiday,Yes,782
16282,2018-04-27,4,Friday,0,3,Dawn,10.7,63,1.1,989,3.9,0.0,0.0,0.0,0.0,Spring,No Holiday,Yes,258
11248,2018-06-17,6,Sunday,1,13,Afternoon,25.7,52,1.1,639,15.0,1.81,0.0,0.0,0.0,Summer,No Holiday,Yes,1563
17383,2018-09-21,9,Friday,0,19,Evening,20.3,81,1.0,2000,16.9,0.02,0.0,0.0,0.0,Autumn,No Holiday,Yes,1720
13610,2018-02-17,2,Saturday,1,6,Dawn,-6.2,32,2.5,2000,-20.2,0.0,0.0,0.0,0.0,Winter,Holiday,Yes,39
18110,2018-04-19,4,Thursday,0,20,Evening,15.5,38,1.7,745,1.2,0.0,0.0,0.0,0.0,Spring,No Holiday,Yes,1313
18307,2018-05-29,5,Tuesday,0,1,Dawn,20.3,55,1.1,1756,0.0,0.0,0.0,0.0,0.0,Spring,No Holiday,Yes,721
10336,2018-02-06,2,Tuesday,0,10,Morning,-11.3,35,4.2,1848,-23.7,1.15,0.0,0.0,0.0,Winter,No Holiday,Yes,128
15491,2018-10-08,10,Monday,0,1,Dawn,11.7,52,1.1,2000,2.1,0.0,0.0,0.0,0.0,Autumn,No Holiday,Yes,390
12345,2018-06-06,6,Wednesday,0,17,Afternoon,27.4,48,2.7,1084,15.4,1.8,0.0,0.0,0.0,Summer,Holiday,Yes,2104
16886,2017-12-07,12,Thursday,0,3,Dawn,1.9,91,1.4,218,0.5,0.0,0.0,0.09,0.09,Winter,No Holiday,Yes,102
17950,2018-02-10,2,Saturday,1,2,Dawn,1.9,71,1.5,584,-2.8,0.0,0.0,0.0,0.0,Winter,No Holiday,Yes,169
14541,2018-03-06,3,Tuesday,0,6,Dawn,-1.0,77,0.4,1578,-4.5,0.0,0.0,0.0,0.0,Spring,No Holiday,Yes,214
17891,2018-02-07,2,Wednesday,0,20,Evening,-5.8,44,2.1,1994,-16.1,0.0,0.0,0.0,0.0,Winter,No Holiday,Yes,218
12124,2018-05-15,5,Tuesday,0,13,Afternoon,27.8,34,1.5,1306,10.4,3.14,0.0,0.0,0.0,Spring,No Holiday,Yes,1080
14699,2018-05-21,5,Monday,0,2,Dawn,13.9,0,0.9,2000,-2.1,0.0,0.0,0.0,0.0,Spring,No Holiday,Yes,262
17763,2018-11-20,11,Tuesday,0,8,Early Morning,0.3,53,0.9,1971,-8.1,0.05,0.0,0.0,0.0,Autumn,No Holiday,Yes,1818
14163,2018-04-30,4,Monday,0,5,Dawn,14.8,63,0.7,492,7.8,0.0,0.0,0.0,0.0,Spring,No Holiday,Yes,185
13171,2018-05-17,5,Thursday,0,12,Morning,21.7,96,0.8,1773,21.0,0.81,1.5,0.0,1.5,Spring,No Holiday,Yes,467
11678,2018-05-07,5,Monday,0,13,Afternoon,23.7,44,1.7,1897,10.7,2.35,0.0,0.0,0.0,Spring,No Holiday,Yes,1665
17762,2018-09-03,9,Monday,0,10,Morning,23.3,89,0.7,1716,21.3,0.2,0.5,0.0,0.5,Autumn,No Holiday,Yes,434
12894,2018-02-24,2,Saturday,1,23,Night,-0.6,39,1.3,1731,-12.8,0.0,0.0,0.0,0.0,Winter,No Holiday,Yes,187
13696,2018-09-17,9,Monday,0,16,Afternoon,27.6,37,2.8,1935,11.5,1.9,0.0,0.0,0.0,Autumn,No Holiday,Yes,1445
11221,2018-06-30,6,Saturday,1,23,Night,22.9,92,0.6,989,21.5,0.0,0.0,0.0,0.0,Summer,No Holiday,Yes,919
10120,2018-01-04,1,Thursday,0,13,Afternoon,-2.0,32,1.0,1864,-16.5,0.91,0.0,0.0,0.0,Winter,No Holiday,Yes,284
10289,2018-03-23,3,Friday,0,12,Morning,9.3,37,2.3,940,-4.6,2.72,0.0,0.0,0.0,Spring,No Holiday,Yes,690
18215,2018-11-04,11,Sunday,1,12,Morning,16.3,33,2.9,1530,0.0,2.13,0.0,0.0,0.0,Autumn,No Holiday,Yes,1145
18343,2018-08-02,8,Thursday,0,11,Morning,35.3,45,1.7,1829,21.5,2.27,0.0,0.0,0.0,Summer,No Holiday,Yes,547
10483,2018-11-10,11,Saturday,1,3,Dawn,10.3,81,0.7,361,7.1,0.0,0.0,0.0,0.0,Autumn,No Holiday,Yes,372
13853,2018-08-01,8,Wednesday,0,2,Dawn,29.5,69,0.8,2000,23.2,0.0,0.0,0.0,0.0,Summer,No Holiday,Yes,501
11843,2018-01-09,1,Tuesday,0,13,Afternoon,-2.6,45,4.0,1663,-12.9,1.11,0.0,0.03,0.03,Winter,No Holiday,Yes,265
18661,2018-01-02,1,Tuesday,0,15,Afternoon,1.5,22,3.0,1998,-17.9,0.76,0.0,0.0,0.0,Winter,No Holiday,Yes,295
17421,2017-12-10,12,Sunday,1,7,Early Morning,-0.4,92,1.1,121,-1.5,0.0,0.0,0.4,0.4,Winter,No Holiday,Yes,20
14022,2018-04-12,4,Thursday,0,13,Afternoon,18.1,18,5.1,1939,-6.6,3.2,0.0,0.0,0.0,Spring,No Holiday,Yes,1029
10194,2018-11-16,11,Friday,0,10,Morning,9.4,55,0.1,570,0.7,0.49,0.0,0.0,0.0,Autumn,No Holiday,Yes,699
14394,2018-05-17,5,Thursday,0,9,Early Morning,19.7,98,0.5,659,19.3,0.05,10.0,0.0,10.0,Spring,No Holiday,Yes,28
17364,2018-03-08,3,Thursday,0,0,Dawn,5.2,83,1.5,733,2.5,0.0,0.5,0.0,0.5,Spring,No Holiday,Yes,49
16613,2017-12-23,12,Saturday,1,2,Dawn,5.6,76,1.6,641,1.6,0.0,0.0,0.0,0.0,Winter,No Holiday,Yes,312
11685,2017-12-12,12,Tuesday,0,20,Evening,-8.4,42,1.0,2000,-19.0,0.0,0.0,0.0,0.0,Winter,No Holiday,Yes,260
18710,2018-10-03,10,Wednesday,0,15,Afternoon,24.1,34,2.0,1996,7.2,2.14,0.0,0.0,0.0,Autumn,Holiday,Yes,2200
17798,2018-03-03,3,Saturday,1,4,Dawn,0.6,43,0.9,1599,-10.5,0.0,0.0,0.0,0.0,Spring,No Holiday,Yes,93
18176,2018-01-01,1,Monday,0,4,Dawn,-4.2,53,1.1,1994,-12.3,0.0,0.0,0.0,0.0,Winter,Holiday,Yes,62
17701,2018-04-24,4,Tuesday,0,17,Afternoon,15.1,52,1.9,2000,5.3,0.64,0.0,0.0,0.0,Spring,No Holiday,Yes,1462
13177,2018-08-03,8,Friday,0,22,Night,30.6,64,1.2,1705,23.0,0.0,0.0,0.0,0.0,Summer,No Holiday,Yes,1421
13713,2018-08-09,8,Thursday,0,7,Early Morning,27.9,81,1.8,1497,24.3,0.12,0.0,0.0,0.0,Summer,No Holiday,Yes,1088
13117,2018-07-09,7,Monday,0,16,Afternoon,20.2,91,1.2,1637,18.6,0.42,1.0,0.0,1.0,Summer,No Holiday,Yes,68
13514,2018-09-09,9,Sunday,1,5,Dawn,16.3,66,0.5,2000,9.9,0.0,0.0,0.0,0.0,Autumn,No Holiday,Yes,165
13852,2018-08-31,8,Friday,0,5,Dawn,23.1,84,0.5,1022,20.2,0.0,0.0,0.0,0.0,Summer,No Holiday,Yes,217
14911,2018-01-28,1,Sunday,1,12,Morning,-3.5,26,2.5,1756,-20.2,1.07,0.0,0.0,0.0,Winter,No Holiday,Yes,189
11687,2018-07-08,7,Sunday,1,0,Dawn,20.7,51,1.7,2000,10.1,0.0,0.0,0.0,0.0,Summer,No Holiday,Yes,1208
17051,2018-05-16,5,Wednesday,0,23,Night,22.0,97,0.9,158,21.4,0.0,0.0,0.0,0.0,Spring,No Holiday,Yes,225
10152,2018-08-28,8,Tuesday,0,8,Early Morning,23.4,83,0.8,1998,20.3,0.32,0.0,0.0,0.0,Summer,No Holiday,Yes,1841
11281,2017-12-12,12,Tuesday,0,22,Night,-9.0,45,1.3,1999,-18.7,0.0,0.0,0.0,0.0,Winter,No Holiday,Yes,256
18184,2018-03-31,3,Saturday,1,0,Dawn,11.7,77,1.3,588,7.7,0.0,0.0,0.0,0.0,Spring,No Holiday,Yes,537
18222,2018-08-19,8,Sunday,1,6,Dawn,23.1,64,0.6,2000,15.9,0.0,0.0,0.0,0.0,Summer,No Holiday,Yes,260
14088,2018-04-27,4,Friday,0,19,Evening,18.7,53,2.7,753,8.9,0.24,0.0,0.0,0.0,Spring,No Holiday,Yes,1812
12022,2018-07-04,7,Wednesday,0,3,Dawn,24.9,83,0.2,1857,21.8,0.0,0.0,0.0,0.0,Summer,No Holiday,Yes,372
17621,2017-12-27,12,Wednesday,0,5,Dawn,-9.4,36,1.9,2000,-21.7,0.0,0.0,0.0,0.0,Winter,No Holiday,Yes,66
15222,2018-03-29,3,Thursday,0,11,Morning,16.1,63,1.2,555,9.0,1.08,0.0,0.0,0.0,Spring,No Holiday,Yes,583
11672,2018-05-02,5,Wednesday,0,3,Dawn,18.5,82,0.8,342,15.3,0.0,0.0,0.0,0.0,Spring,No Holiday,Yes,170
12836,2018-11-08,11,Thursday,0,18,Evening,12.9,97,0.0,406,12.4,0.0,9.0,0.0,9.0,Autumn,No Holiday,Yes,40
15590,2018-09-21,9,Friday,0,11,Morning,18.9,91,1.8,1938,17.3,0.64,0.5,0.0,0.5,Autumn,No Holiday,Yes,98
12524,2018-08-05,8,Sunday,1,17,Afternoon,32.8,61,4.0,1878,24.2,1.46,0.0,0.0,0.0,Summer,No Holiday,Yes,978
15698,2018-09-12,9,Wednesday,0,13,Afternoon,26.8,45,1.8,1984,13.8,2.6,0.0,0.0,0.0,Autumn,No Holiday,Yes,1066
13172,2018-02-15,2,Thursday,0,3,Dawn,-1.4,34,2.1,2000,-15.2,0.0,0.0,0.0,0.0,Winter,Holiday,Yes,74
12817,2018-10-21,10,Sunday,1,7,Early Morning,7.2,76,0.5,1113,3.2,0.0,0.0,0.0,0.0,Autumn,No Holiday,Yes,315
15630,2018-09-01,9,Saturday,1,4,Dawn,21.2,88,0.9,1183,19.1,0.0,0.0,0.0,0.0,Autumn,No Holiday,Yes,338
11786,2018-03-28,3,Wednesday,0,12,Morning,16.5,57,3.8,881,7.9,1.55,0.0,0.0,0.0,Spring,No Holiday,Yes,629
16447,2018-08-06,8,Monday,0,22,Night,30.1,72,0.4,1806,24.4,0.0,0.0,0.0,0.0,Summer,No Holiday,Yes,1371
16838,2017-12-01,12,Friday,0,16,Afternoon,1.2,54,4.2,793,-7.0,0.24,0.0,0.0,0.0,Winter,No Holiday,Yes,484
17266,2018-09-11,9,Tuesday,0,13,Afternoon,25.7,40,2.2,1997,11.0,2.98,0.0,0.0,0.0,Autumn,No Holiday,Yes,1102
12070,2017-12-06,12,Wednesday,0,20,Evening,1.2,94,0.6,228,0.3,0.0,0.0,0.1,0.1,Winter,No Holiday,Yes,190
12059,2018-03-23,3,Friday,0,17,Afternoon,11.2,27,3.5,1585,-7.1,1.19,0.0,0.0,0.0,Spring,No Holiday,Yes,1108
14901,2018-08-29,8,Wednesday,0,19,Evening,23.5,97,0.3,323,22.9,0.0,6.5,0.0,6.5,Summer,No Holiday,Yes,24
12344,2018-07-30,7,Monday,0,18,Evening,36.5,38,0.9,2000,19.8,1.17,0.0,0.0,0.0,Summer,No Holiday,Yes,2347
18191,2018-07-19,7,Thursday,0,21,Evening,28.8,69,2.4,1619,22.5,0.0,0.0,0.0,0.0,Summer,No Holiday,Yes,2122
17121,2018-03-27,3,Tuesday,0,11,Morning,15.8,40,1.9,647,2.2,1.95,0.0,0.0,0.0,Spring,No Holiday,Yes,560
12396,2018-06-26,6,Tuesday,0,13,Afternoon,20.5,97,1.2,338,20.0,0.11,14.5,0.0,14.5,Summer,No Holiday,Yes,24
11655,2018-05-16,5,Wednesday,0,10,Morning,22.8,95,1.7,176,21.9,0.05,1.0,0.0,1.0,Spring,No Holiday,Yes,81
16819,2018-09-12,9,Wednesday,0,12,Morning,26.3,44,1.2,1966,13.0,2.91,0.0,0.0,0.0,Autumn,No Holiday,Yes,1165
12849,2018-03-08,3,Thursday,0,2,Dawn,4.2,88,0.9,553,2.3,0.0,0.0,0.0,0.0,Spring,No Holiday,Yes,19
15813,2018-11-14,11,Wednesday,0,20,Evening,10.5,52,1.4,1153,1.0,0.0,0.0,0.0,0.0,Autumn,No Holiday,Yes,1269
12257,2018-10-04,10,Thursday,0,15,Afternoon,25.3,39,1.6,2000,10.3,1.88,0.0,0.0,0.0,Autumn,No Holiday,No,0
15578,2018-07-20,7,Friday,0,3,Dawn,25.4,84,0.9,1174,22.4,0.0,0.0,0.0,0.0,Summer,No Holiday,Yes,428
11196,2018-02-19,2,Monday,0,3,Dawn,-1.4,41,1.6,1870,-12.9,0.0,0.0,0.0,0.0,Winter,No Holiday,Yes,42
10288,2018-07-09,7,Monday,0,13,Afternoon,20.3,87,1.0,771,18.0,0.31,0.5,0.0,0.5,Summer,No Holiday,Yes,99
16661,2018-04-06,4,Friday,0,21,Evening,4.0,67,3.0,794,-1.5,0.0,0.0,0.0,0.0,Spring,No Holiday,Yes,447
12234,2018-03-16,3,Friday,0,3,Dawn,6.1,67,2.6,2000,0.4,0.0,0.0,0.0,0.0,Spring,No Holiday,Yes,102
13489,2018-02-17,2,Saturday,1,11,Morning,-2.8,19,2.6,1957,-23.2,1.91,0.0,0.0,0.0,Winter,Holiday,Yes,155
18132,2018-10-14,10,Sunday,1,14,Afternoon,18.9,31,2.6,1936,1.3,2.37,0.0,0.0,0.0,Autumn,No Holiday,Yes,1767
12763,2018-07-03,7,Tuesday,0,19,Evening,30.4,62,0.9,2000,22.2,0.65,0.1,0.0,0.1,Summer,No Holiday,Yes,2598
11741,2017-12-21,12,Thursday,0,10,Morning,-3.0,71,0.7,608,-7.5,0.67,0.0,0.21000000000000002,0.21000000000000002,Winter,No Holiday,Yes,169
18735,2018-08-13,8,Monday,0,11,Morning,31.7,58,1.1,1584,22.4,1.27,0.0,0.0,0.0,Summer,No Holiday,Yes,677
14459,2018-01-09,1,Tuesday,0,16,Afternoon,-2.4,56,3.3,1541,-9.9,0.35,0.0,0.0,0.0,Winter,No Holiday,Yes,262
17024,2018-08-02,8,Thursday,0,13,Afternoon,36.7,44,1.4,1765,22.4,1.9,0.0,0.0,0.0,Summer,No Holiday,Yes,550
14832,2018-03-23,3,Friday,0,15,Afternoon,12.1,30,3.0,1120,-4.9,2.41,0.0,0.0,0.0,Spring,No Holiday,Yes,849
18423,2018-02-17,2,Saturday,1,9,Early Morning,-6.5,26,2.4,1874,-22.8,0.64,0.0,0.0,0.0,Winter,Holiday,Yes,98
12372,2018-08-01,8,Wednesday,0,17,Afternoon,39.0,41,2.6,1881,23.3,1.83,0.0,0.0,0.0,Summer,No Holiday,Yes,1033
12504,2018-01-12,1,Friday,0,4,Dawn,-14.3,45,2.0,2000,-23.6,0.0,0.0,0.0,0.0,Winter,No Holiday,Yes,30
14071,2018-11-18,11,Sunday,1,13,Afternoon,9.9,37,2.1,1900,-4.1,1.32,0.0,0.0,0.0,Autumn,No Holiday,Yes,905
11771,2018-04-07,4,Saturday,1,3,Dawn,1.5,82,3.5,372,-1.2,0.0,0.1,0.0,0.1,Spring,No Holiday,Yes,122
18686,2018-02-13,2,Tuesday,0,2,Dawn,-6.0,58,2.0,2000,-12.9,0.0,0.0,0.0,0.0,Winter,No Holiday,Yes,106
18563,2018-10-04,10,Thursday,0,7,Early Morning,13.2,75,0.8,1780,8.8,0.01,0.0,0.0,0.0,Autumn,No Holiday,No,0
12404,2018-02-03,2,Saturday,1,23,Night,-10.0,48,2.6,2000,-18.9,0.0,0.0,0.0,0.0,Winter,No Holiday,Yes,91
10220,2018-05-15,5,Tuesday,0,6,Dawn,15.4,84,0.8,235,12.7,0.03,0.0,0.0,0.0,Spring,No Holiday,Yes,562
16709,2018-05-31,5,Thursday,0,12,Morning,23.7,44,1.3,1624,10.7,3.2,0.0,0.0,0.0,Spring,No Holiday,Yes,1134
16463,2018-09-06,9,Thursday,0,5,Dawn,21.7,87,0.6,846,19.4,0.0,0.0,0.0,0.0,Autumn,No Holiday,Yes,247
18064,2017-12-04,12,Monday,0,9,Early Morning,-1.5,47,4.2,1888,-11.3,0.22,0.0,0.0,0.0,Winter,No Holiday,Yes,509
15596,2018-06-23,6,Saturday,1,4,Dawn,21.6,47,0.4,1985,9.7,0.0,0.0,0.0,0.0,Summer,No Holiday,Yes,375
17539,2018-11-07,11,Wednesday,0,6,Dawn,11.0,91,1.0,124,9.5,0.0,1.0,0.0,1.0,Autumn,No Holiday,Yes,194
14573,2018-03-07,3,Wednesday,0,1,Dawn,2.8,46,2.0,1709,-7.6,0.0,0.0,0.0,0.0,Spring,No Holiday,Yes,194
14530,2018-01-31,1,Wednesday,0,16,Afternoon,-0.1,29,1.6,2000,-16.0,0.5,0.0,0.18,0.18,Winter,No Holiday,Yes,216
15008,2017-12-26,12,Tuesday,0,17,Afternoon,-3.6,20,3.7,2000,-23.3,0.23,0.0,0.0,0.0,Winter,No Holiday,Yes,350
10821,2018-01-31,1,Wednesday,0,7,Early Morning,-3.5,83,1.6,953,-5.9,0.0,0.0,0.35,0.35,Winter,No Holiday,Yes,124
18635,2018-04-16,4,Monday,0,21,Evening,11.1,39,1.5,1734,-2.3,0.0,0.0,0.0,0.0,Spring,No Holiday,Yes,1355
16624,2018-10-06,10,Saturday,1,15,Afternoon,21.0,67,4.1,2000,14.6,2.05,0.0,0.0,0.0,Autumn,No Holiday,Yes,1236
18364,2018-06-16,6,Saturday,1,12,Morning,24.8,43,1.2,1943,11.3,3.27,0.0,0.0,0.0,Summer,No Holiday,Yes,1525
11911,2018-03-13,3,Tuesday,0,4,Dawn,6.2,59,0.8,493,-1.2,0.0,0.0,0.0,0.0,Spring,No Holiday,Yes,88
12031,2018-04-02,4,Monday,0,15,Afternoon,23.7,43,2.8,1347,10.3,2.28,0.0,0.0,0.0,Spring,No Holiday,Yes,993
15242,2018-05-06,5,Sunday,1,7,Early Morning,15.1,97,0.5,311,14.6,0.03,2.5,0.0,2.5,Spring,No Holiday,Yes,16
16071,2018-06-20,6,Wednesday,0,3,Dawn,19.4,79,0.8,563,15.6,0.0,0.0,0.0,0.0,Summer,No Holiday,Yes,340
12946,2018-05-12,5,Saturday,1,15,Afternoon,13.3,97,0.8,194,12.8,0.12,3.0,0.0,3.0,Spring,No Holiday,Yes,17
17706,2018-11-13,11,Tuesday,0,20,Evening,9.5,44,1.8,1991,-2.1,0.0,0.0,0.0,0.0,Autumn,No Holiday,Yes,1208
14408,2017-12-24,12,Sunday,1,9,Early Morning,4.6,94,0.9,90,3.7,0.0,6.4,0.0,6.4,Winter,Holiday,Yes,3
16975,2018-06-28,6,Thursday,0,23,Night,21.7,96,0.3,293,21.0,0.0,0.0,0.0,0.0,Summer,No Holiday,Yes,931
13623,2018-08-02,8,Thursday,0,0,Dawn,31.9,67,1.5,1550,25.0,0.0,0.0,0.0,0.0,Summer,No Holiday,Yes,850
13417,2018-01-13,1,Saturday,1,16,Afternoon,-1.2,63,0.9,876,-7.3,0.19,0.0,0.0,0.0,Winter,No Holiday,Yes,249
11703,2018-07-30,7,Monday,0,20,Evening,33.9,46,1.4,2000,20.6,0.03,0.0,0.0,0.0,Summer,No Holiday,Yes,1947
15487,2018-05-29,5,Tuesday,0,21,Evening,19.9,93,1.4,416,18.7,0.0,0.0,0.0,0.0,Spring,No Holiday,Yes,1041
17884,2018-07-01,7,Sunday,1,11,Morning,21.2,97,1.2,105,20.6,0.15,18.5,0.0,18.5,Summer,No Holiday,Yes,11
12661,2018-10-26,10,Friday,0,11,Morning,12.4,87,1.0,317,10.2,0.24,1.0,0.0,1.0,Autumn,No Holiday,Yes,54
12098,2018-01-25,1,Thursday,0,17,Afternoon,-10.9,32,4.0,2000,-24.4,0.28,0.0,0.05,0.05,Winter,No Holiday,Yes,170
11484,2018-08-19,8,Sunday,1,3,Dawn,24.0,59,0.6,2000,15.4,0.0,0.0,0.0,0.0,Summer,No Holiday,Yes,425
18384,2018-05-23,5,Wednesday,0,11,Morning,18.9,42,3.8,2000,5.6,3.13,0.0,0.0,0.0,Spring,No Holiday,Yes,1012
14513,2018-11-03,11,Saturday,1,10,Morning,11.0,49,0.7,957,0.6,1.4,0.0,0.0,0.0,Autumn,No Holiday,No,0
11924,2018-03-06,3,Tuesday,0,11,Morning,6.3,41,1.3,1519,-6.0,2.12,0.0,0.0,0.0,Spring,No Holiday,Yes,475
12730,2018-03-11,3,Sunday,1,15,Afternoon,11.9,26,2.8,1338,-7.0,2.34,0.0,0.0,0.0,Spring,No Holiday,Yes,1294
16556,2018-02-23,2,Friday,0,1,Dawn,0.6,96,2.1,118,0.0,0.0,0.0,0.4,0.4,Winter,No Holiday,Yes,55
16825,2018-09-05,9,Wednesday,0,23,Night,23.0,83,1.8,1469,19.9,0.0,0.0,0.0,0.0,Autumn,No Holiday,Yes,1219
12621,2018-06-27,6,Wednesday,0,3,Dawn,19.4,97,2.9,282,18.9,0.0,0.0,0.0,0.0,Summer,No Holiday,Yes,152
11289,2018-11-24,11,Saturday,1,20,Evening,2.6,86,1.7,676,0.4,0.0,0.0,0.32999999999999996,0.32999999999999996,Autumn,No Holiday,Yes,349
16332,2018-07-15,7,Sunday,1,8,Early Morning,26.2,75,0.9,1560,21.4,0.77,0.0,0.0,0.0,Summer,No Holiday,Yes,613
14864,2018-11-11,11,Sunday,1,6,Dawn,6.6,84,1.2,373,4.0,0.0,0.0,0.0,0.0,Autumn,No Holiday,Yes,117
13619,2018-04-02,4,Monday,0,3,Dawn,15.6,81,1.2,628,12.3,0.0,0.0,0.0,0.0,Spring,No Holiday,Yes,111
15406,2018-04-27,4,Friday,0,0,Dawn,11.8,59,2.4,1535,4.0,0.0,0.0,0.0,0.0,Spring,No Holiday,Yes,663
14492,2018-11-08,11,Thursday,0,20,Evening,13.9,97,2.5,594,13.4,0.0,0.0,0.0,0.0,Autumn,No Holiday,Yes,12
17653,2018-11-24,11,Saturday,1,1,Dawn,2.4,30,1.3,2000,-13.4,0.0,0.0,0.0,0.0,Autumn,No Holiday,Yes,507
12771,2018-10-27,10,Saturday,1,17,Afternoon,9.5,34,5.7,2000,-5.6,0.45,0.0,0.0,0.0,Autumn,No Holiday,Yes,1176
11834,2018-07-21,7,Saturday,1,18,Evening,35.0,42,2.9,1953,20.1,1.26,0.0,0.0,0.0,Summer,No Holiday,Yes,1202
13668,2018-01-05,1,Friday,0,0,Dawn,-4.7,52,1.8,1611,-13.0,0.0,0.0,0.0,0.0,Winter,No Holiday,Yes,202
15725,2018-09-22,9,Saturday,1,14,Afternoon,25.2,28,4.4,2000,5.3,2.76,0.0,0.0,0.0,Autumn,No Holiday,Yes,1532
11157,2018-11-12,11,Monday,0,13,Afternoon,13.3,36,2.1,1283,-1.4,1.99,0.0,0.0,0.0,Autumn,No Holiday,Yes,889
14312,2018-07-04,7,Wednesday,0,10,Morning,28.5,65,1.5,1519,21.2,1.74,0.0,0.0,0.0,Summer,No Holiday,Yes,831
16896,2017-12-10,12,Sunday,1,8,Early Morning,-0.2,90,1.2,378,-1.6,0.0,0.0,0.41,0.41,Winter,No Holiday,Yes,35
10390,2018-05-28,5,Monday,0,1,Dawn,16.7,60,0.8,1806,8.8,0.0,0.0,0.0,0.0,Spring,No Holiday,Yes,440
13783,2018-01-17,1,Wednesday,0,18,Evening,5.2,62,2.9,503,-1.5,0.01,0.0,0.0,0.0,Winter,No Holiday,Yes,501
16490,2018-07-04,7,Wednesday,0,9,Early Morning,27.4,68,0.5,1941,20.9,1.31,0.0,0.0,0.0,Summer,No Holiday,Yes,1191
17975,2018-06-20,6,Wednesday,0,13,Afternoon,26.2,51,3.2,1078,15.2,3.36,0.0,0.0,0.0,Summer,No Holiday,Yes,1184
17968,2018-04-21,4,Saturday,1,18,Evening,22.2,11,3.0,2000,-9.7,0.98,0.0,0.0,0.0,Spring,No Holiday,Yes,1986
14768,2018-09-10,9,Monday,0,11,Morning,25.3,44,1.2,1948,12.1,2.59,0.0,0.0,0.0,Autumn,No Holiday,Yes,934
17575,2018-07-10,7,Tuesday,0,18,Evening,26.2,82,0.4,1408,22.8,0.21,0.0,0.0,0.0,Summer,No Holiday,Yes,1665
18751,2018-09-10,9,Monday,0,5,Dawn,19.1,62,1.6,2000,11.6,0.0,0.0,0.0,0.0,Autumn,No Holiday,Yes,226
15561,2018-11-18,11,Sunday,1,8,Early Morning,2.6,53,0.7,1548,-6.0,0.03,0.0,0.0,0.0,Autumn,No Holiday,Yes,371
11660,2018-02-18,2,Sunday,1,7,Early Morning,-4.6,31,1.2,2000,-19.2,0.0,0.0,0.0,0.0,Winter,No Holiday,Yes,52
12034,2018-07-03,7,Tuesday,0,17,Afternoon,32.4,50,2.2,2000,20.6,1.92,0.0,0.0,0.0,Summer,No Holiday,Yes,1783
13467,2018-06-11,6,Monday,0,16,Afternoon,22.0,60,1.8,2000,13.8,0.14,0.0,0.0,0.0,Summer,No Holiday,Yes,1220
12883,2018-10-17,10,Wednesday,0,14,Afternoon,18.3,24,1.7,1983,-2.6,2.4,0.0,0.0,0.0,Autumn,No Holiday,Yes,1083
12281,2018-11-03,11,Saturday,1,6,Dawn,5.5,78,0.6,983,1.9,0.0,0.0,0.0,0.0,Autumn,No Holiday,No,0
15563,2018-04-23,4,Monday,0,16,Afternoon,9.6,96,1.7,1409,8.9,0.23,1.0,0.0,1.0,Spring,No Holiday,Yes,41
12471,2018-04-30,4,Monday,0,12,Morning,22.2,50,2.0,564,11.2,2.65,0.0,0.0,0.0,Spring,No Holiday,Yes,1094
18708,2018-07-21,7,Saturday,1,19,Evening,33.4,51,2.6,2000,21.8,0.59,0.0,0.0,0.0,Summer,No Holiday,Yes,1423
17731,2018-07-06,7,Friday,0,20,Evening,23.8,55,2.3,2000,14.2,0.05,0.0,0.0,0.0,Summer,No Holiday,Yes,2223
18219,2018-10-17,10,Wednesday,0,2,Dawn,10.8,77,0.3,1268,6.9,0.0,0.0,0.0,0.0,Autumn,No Holiday,Yes,381
10818,2018-07-20,7,Friday,0,11,Morning,31.6,54,1.3,990,21.1,2.84,0.0,0.0,0.0,Summer,No Holiday,Yes,791
16341,2018-08-21,8,Tuesday,0,7,Early Morning,23.4,94,2.4,1773,22.3,0.02,2.0,0.0,2.0,Summer,No Holiday,Yes,608
16857,2018-09-10,9,Monday,0,18,Evening,25.9,42,1.1,2000,11.9,0.48,0.0,0.0,0.0,Autumn,No Holiday,Yes,3298
14807,2018-11-06,11,Tuesday,0,19,Evening,13.3,72,1.1,234,8.3,0.0,0.0,0.0,0.0,Autumn,No Holiday,No,0
13502,2018-01-01,1,Monday,0,19,Evening,-0.1,39,1.3,1911,-12.4,0.0,0.0,0.0,0.0,Winter,Holiday,Yes,125
14943,2018-11-11,11,Sunday,1,15,Afternoon,10.2,58,2.0,573,2.2,0.29,0.0,0.0,0.0,Autumn,No Holiday,Yes,832
15392,2018-05-28,5,Monday,0,3,Dawn,17.1,56,0.4,1583,8.2,0.0,0.0,0.0,0.0,Spring,No Holiday,Yes,185
14906,2018-08-28,8,Tuesday,0,16,Afternoon,25.0,97,0.7,1181,24.4,0.17,2.5,0.0,2.5,Summer,No Holiday,Yes,60
13492,2018-09-28,9,Friday,0,17,Afternoon,21.7,52,1.1,2000,11.4,0.79,0.0,0.0,0.0,Autumn,No Holiday,No,0
18036,2018-04-22,4,Sunday,1,5,Dawn,14.8,38,0.6,2000,0.5,0.0,0.0,0.0,0.0,Spring,No Holiday,Yes,136
13552,2018-01-05,1,Friday,0,18,Evening,-1.8,44,2.2,1709,-12.4,0.01,0.0,0.0,0.0,Winter,No Holiday,Yes,635
14386,2018-09-13,9,Thursday,0,14,Afternoon,27.2,49,1.5,1945,15.5,2.54,0.0,0.0,0.0,Autumn,No Holiday,Yes,1097
14205,2018-08-12,8,Sunday,1,9,Early Morning,29.7,55,1.6,2000,19.6,1.44,0.0,0.0,0.0,Summer,No Holiday,Yes,568
15486,2017-12-26,12,Tuesday,0,7,Early Morning,-2.9,73,1.9,1911,-7.0,0.0,0.0,0.0,0.0,Winter,No Holiday,Yes,296
14058,2018-04-16,4,Monday,0,16,Afternoon,18.5,24,3.0,1773,-2.4,2.27,0.0,0.0,0.0,Spring,No Holiday,Yes,1452
17332,2018-08-17,8,Friday,0,2,Dawn,22.8,50,1.4,2000,11.8,0.0,0.0,0.0,0.0,Summer,No Holiday,Yes,572
17960,2018-02-07,2,Wednesday,0,9,Early Morning,-12.0,50,1.3,1523,-20.3,0.43,0.0,0.0,0.0,Winter,No Holiday,Yes,237
13018,2018-05-11,5,Friday,0,13,Afternoon,20.8,45,2.8,688,8.4,3.17,0.0,0.0,0.0,Spring,No Holiday,Yes,1177
18407,2018-02-24,2,Saturday,1,13,Afternoon,5.3,29,2.1,1007,-11.3,2.08,0.0,0.0,0.0,Winter,No Holiday,Yes,412
16962,2017-12-11,12,Monday,0,12,Morning,-5.2,33,4.6,1973,-19.0,1.26,0.0,0.0,0.0,Winter,No Holiday,Yes,247
11216,2018-04-08,4,Sunday,1,3,Dawn,2.0,50,2.0,2000,-7.3,0.0,0.0,0.0,0.0,Spring,No Holiday,Yes,141
13754,2018-09-27,9,Thursday,0,7,Early Morning,13.2,60,0.5,2000,5.5,0.02,0.0,0.0,0.0,Autumn,No Holiday,Yes,1364
18261,2018-10-04,10,Thursday,0,19,Evening,22.3,50,1.4,2000,11.3,0.0,0.0,0.0,0.0,Autumn,No Holiday,No,0
17519,2018-11-20,11,Tuesday,0,0,Dawn,3.8,42,1.7,1458,-7.9,0.0,0.0,0.0,0.0,Autumn,No Holiday,Yes,478
15281,2018-02-21,2,Wednesday,0,7,Early Morning,-4.1,35,3.5,1980,-17.3,0.0,0.0,0.0,0.0,Winter,No Holiday,Yes,385
16641,2018-03-10,3,Saturday,1,21,Evening,5.0,73,2.2,1173,0.5,0.0,0.0,0.0,0.0,Spring,No Holiday,Yes,470
11517,2018-07-28,7,Saturday,1,4,Dawn,28.3,83,1.7,814,25.1,0.0,0.0,0.0,0.0,Summer,No Holiday,Yes,340
16321,2018-03-23,3,Friday,0,22,Night,5.3,63,1.8,591,-1.1,0.0,0.0,0.0,0.0,Spring,No Holiday,Yes,638
14977,2018-03-03,3,Saturday,1,12,Morning,10.7,16,1.7,1657,-14.1,2.56,0.0,0.0,0.0,Spring,No Holiday,Yes,605
14198,2017-12-08,12,Friday,0,2,Dawn,-4.3,53,1.0,1918,-12.4,0.0,0.0,0.0,0.0,Winter,No Holiday,Yes,131
17173,2018-03-01,3,Thursday,0,3,Dawn,1.6,97,2.3,469,1.1,0.0,0.1,0.0,0.1,Spring,Holiday,Yes,92
17262,2018-10-12,10,Friday,0,21,Evening,11.0,60,1.1,1995,3.5,0.0,0.0,0.0,0.0,Autumn,No Holiday,Yes,1292
12273,2018-06-25,6,Monday,0,9,Early Morning,25.4,61,1.0,1079,17.3,1.28,0.0,0.0,0.0,Summer,No Holiday,Yes,1293
17068,2018-03-24,3,Saturday,1,6,Dawn,4.2,50,0.6,633,-5.3,0.0,0.0,0.0,0.0,Spring,No Holiday,Yes,113
15166,2018-05-14,5,Monday,0,9,Early Morning,15.1,74,0.6,437,10.4,0.76,0.0,0.0,0.0,Spring,No Holiday,Yes,1106
17135,2017-12-28,12,Thursday,0,9,Early Morning,-4.3,38,0.7,1877,-16.5,0.04,0.0,0.0,0.0,Winter,No Holiday,Yes,326
11795,2018-10-09,10,Tuesday,0,9,Early Morning,12.8,57,1.2,1838,4.4,0.55,0.0,0.0,0.0,Autumn,Holiday,No,0
10907,2018-03-18,3,Sunday,1,10,Morning,7.2,53,1.6,709,-1.7,0.45,0.0,0.0,0.0,Spring,No Holiday,Yes,460
17474,2018-06-12,6,Tuesday,0,6,Dawn,16.7,85,1.0,2000,14.1,0.03,0.0,0.0,0.0,Summer,No Holiday,Yes,740
16817,2018-01-17,1,Wednesday,0,20,Evening,3.5,72,1.7,361,-1.0,0.0,0.0,0.0,0.0,Winter,No Holiday,Yes,286
17235,2018-09-04,9,Tuesday,0,23,Night,21.7,60,0.5,2000,13.5,0.0,0.0,0.0,0.0,Autumn,No Holiday,Yes,1233
10436,2018-08-19,8,Sunday,1,2,Dawn,24.5,59,0.3,2000,15.9,0.0,0.0,0.0,0.0,Summer,No Holiday,Yes,611
15488,2018-01-30,1,Tuesday,0,11,Morning,-4.5,29,1.3,1912,-19.8,0.79,0.0,0.0,0.0,Winter,No Holiday,Yes,220
11762,2018-09-23,9,Sunday,1,8,Early Morning,17.0,69,1.2,2000,11.2,0.3,0.0,0.0,0.0,Autumn,Holiday,Yes,439
11686,2018-03-20,3,Tuesday,0,14,Afternoon,7.3,38,3.4,1997,-6.1,1.6,0.0,0.0,0.0,Spring,No Holiday,Yes,478
13201,2018-08-26,8,Sunday,1,2,Dawn,22.1,84,0.6,2000,19.2,0.0,0.0,0.0,0.0,Summer,No Holiday,Yes,600
16008,2018-09-28,9,Friday,0,3,Dawn,15.3,59,1.6,2000,7.3,0.0,0.0,0.0,0.0,Autumn,No Holiday,No,0
12200,2018-05-01,5,Tuesday,0,13,Afternoon,23.0,63,3.1,494,15.5,1.92,0.0,0.0,0.0,Spring,Holiday,Yes,1493
10676,2017-12-23,12,Saturday,1,20,Evening,5.9,75,1.5,222,1.7,0.0,0.0,0.0,0.0,Winter,No Holiday,Yes,258
18512,2018-04-30,4,Monday,0,1,Dawn,14.4,60,1.7,580,6.7,0.0,0.0,0.0,0.0,Spring,No Holiday,Yes,362
10721,2018-01-02,1,Tuesday,0,23,Night,-3.8,35,2.3,2000,-17.0,0.0,0.0,0.0,0.0,Winter,No Holiday,Yes,186
10187,2018-04-15,4,Sunday,1,6,Dawn,5.6,85,1.2,769,3.2,0.0,0.0,0.0,0.0,Spring,No Holiday,Yes,102
14329,2018-03-21,3,Wednesday,0,10,Morning,3.6,37,1.3,2000,-9.7,0.83,0.0,0.0,0.0,Spring,No Holiday,Yes,374
17221,2018-11-04,11,Sunday,1,2,Dawn,8.2,62,0.2,1415,1.3,0.0,0.0,0.0,0.0,Autumn,No Holiday,Yes,378
11198,2018-05-28,5,Monday,0,23,Night,20.9,53,1.6,1712,10.9,0.0,0.0,0.0,0.0,Spring,No Holiday,Yes,1247
18039,2018-03-03,3,Saturday,1,17,Afternoon,15.0,22,2.5,1946,-6.5,0.96,0.0,0.0,0.0,Spring,No Holiday,Yes,1197
12620,2018-11-28,11,Wednesday,0,22,Night,3.2,34,1.3,1787,-11.1,0.0,0.0,0.0,0.0,Autumn,No Holiday,Yes,804
15593,2018-07-01,7,Sunday,1,13,Afternoon,21.2,97,1.1,760,20.6,0.2,3.5,0.0,3.5,Summer,No Holiday,Yes,30
12632,2018-11-28,11,Wednesday,0,14,Afternoon,10.3,14,1.1,1880,-16.1,1.7,0.0,0.0,0.0,Autumn,No Holiday,Yes,675
13520,2017-12-18,12,Monday,0,20,Evening,3.3,65,3.2,1172,-2.6,0.0,0.0,0.27,0.27,Winter,No Holiday,Yes,165
16707,2018-11-25,11,Sunday,1,7,Early Morning,1.3,96,0.9,198,0.7,0.0,0.0,0.25,0.25,Autumn,No Holiday,Yes,142
10324,2018-01-20,1,Saturday,1,13,Afternoon,6.3,55,3.0,792,-2.0,0.85,0.0,0.0,0.0,Winter,No Holiday,Yes,356
13294,2018-04-19,4,Thursday,0,19,Evening,17.4,34,2.2,779,1.3,0.16,0.0,0.0,0.0,Spring,No Holiday,Yes,1489
11047,2018-04-15,4,Sunday,1,10,Morning,10.3,62,2.1,914,3.3,1.76,0.0,0.0,0.0,Spring,No Holiday,Yes,582
10349,2018-06-13,6,Wednesday,0,14,Afternoon,26.6,50,2.4,1119,15.3,2.95,0.0,0.0,0.0,Summer,No Holiday,Yes,2088
10864,2018-04-30,4,Monday,0,23,Night,17.9,79,0.4,323,14.1,0.0,0.0,0.0,0.0,Spring,No Holiday,Yes,1044
16853,2018-07-08,7,Sunday,1,15,Afternoon,27.6,37,1.9,2000,11.5,2.58,0.0,0.0,0.0,Summer,No Holiday,Yes,1693
16522,2018-05-24,5,Thursday,0,4,Dawn,11.7,64,1.6,1578,5.1,0.0,0.0,0.0,0.0,Spring,No Holiday,Yes,161
16557,2018-07-08,7,Sunday,1,5,Dawn,18.1,57,1.4,2000,9.4,0.0,0.0,0.0,0.0,Summer,No Holiday,Yes,253
10090,2018-01-14,1,Sunday,1,20,Evening,3.5,55,1.0,1100,-4.7,0.0,0.0,0.0,0.0,Winter,No Holiday,Yes,210
10140,2018-10-23,10,Tuesday,0,13,Afternoon,13.5,82,0.8,962,10.4,1.33,0.0,0.0,0.0,Autumn,No Holiday,Yes,652
17857,2018-01-29,1,Monday,0,18,Evening,-6.6,34,2.5,2000,-19.8,0.06,0.0,0.0,0.0,Winter,No Holiday,Yes,438
13267,2018-07-11,7,Wednesday,0,23,Night,26.9,79,0.1,1541,22.9,0.0,0.0,0.0,0.0,Summer,No Holiday,Yes,1298
11215,2018-01-17,1,Wednesday,0,23,Night,2.7,74,0.8,291,-1.4,0.0,0.0,0.0,0.0,Winter,No Holiday,Yes,227
11684,2018-03-30,3,Friday,0,17,Afternoon,19.4,45,2.9,778,7.1,1.13,0.0,0.0,0.0,Spring,No Holiday,Yes,1460
11705,2018-07-11,7,Wednesday,0,0,Dawn,24.6,96,0.7,308,23.9,0.0,0.5,0.0,0.5,Summer,No Holiday,Yes,240
15484,2018-09-21,9,Friday,0,20,Evening,20.0,82,0.4,2000,16.8,0.0,0.0,0.0,0.0,Autumn,No Holiday,Yes,1551
16188,2018-06-27,6,Wednesday,0,9,Early Morning,20.0,96,1.6,287,19.3,0.39,0.0,0.0,0.0,Summer,No Holiday,Yes,1238
10159,2018-03-11,3,Sunday,1,12,Morning,9.2,40,2.6,592,-3.7,2.47,0.0,0.0,0.0,Spring,No Holiday,Yes,666
13774,2018-05-25,5,Friday,0,7,Early Morning,14.4,66,1.1,704,8.1,0.42,0.0,0.0,0.0,Spring,No Holiday,Yes,1250
18046,2018-04-13,4,Friday,0,2,Dawn,9.7,23,1.4,2000,-10.4,0.0,0.0,0.0,0.0,Spring,No Holiday,Yes,257
12395,2018-09-15,9,Saturday,1,11,Morning,25.2,64,1.2,1938,17.8,1.31,0.0,0.0,0.0,Autumn,No Holiday,Yes,1212
16007,2018-03-30,3,Friday,0,11,Morning,17.8,26,2.6,1822,-1.9,2.37,0.0,0.0,0.0,Spring,No Holiday,Yes,739
12040,2018-10-30,10,Tuesday,0,17,Afternoon,9.9,40,2.6,2000,-3.0,0.47,0.0,0.0,0.0,Autumn,No Holiday,Yes,1357
18263,2018-11-19,11,Monday,0,1,Dawn,5.9,60,0.5,1332,-1.2,0.0,0.0,0.0,0.0,Autumn,No Holiday,Yes,277
14374,2018-11-30,11,Friday,0,18,Evening,4.7,34,1.9,1661,-9.8,0.0,0.0,0.0,0.0,Autumn,No Holiday,Yes,1384
15541,2018-11-27,11,Tuesday,0,22,Night,6.6,33,2.1,722,-8.5,0.0,0.0,0.0,0.0,Autumn,No Holiday,Yes,740
14976,2018-09-19,9,Wednesday,0,4,Dawn,19.5,70,0.5,2000,13.8,0.0,0.0,0.0,0.0,Autumn,No Holiday,No,0
16083,2018-05-14,5,Monday,0,22,Night,19.6,71,0.6,325,14.1,0.0,0.0,0.0,0.0,Spring,No Holiday,Yes,1648
11563,2018-02-07,2,Wednesday,0,3,Dawn,-12.5,49,1.5,1885,-21.0,0.0,0.0,0.0,0.0,Winter,No Holiday,Yes,51
11168,2018-08-31,8,Friday,0,12,Morning,27.8,47,2.9,1905,15.4,2.99,0.0,0.0,0.0,Summer,No Holiday,Yes,982
16714,2018-09-12,9,Wednesday,0,1,Dawn,19.6,56,1.2,2000,10.5,0.0,0.0,0.0,0.0,Autumn,No Holiday,Yes,691
16779,2018-07-06,7,Friday,0,18,Evening,25.9,52,2.1,2000,15.2,0.57,0.0,0.0,0.0,Summer,No Holiday,Yes,3196
15172,2018-08-21,8,Tuesday,0,0,Dawn,28.3,59,3.7,1945,19.5,0.0,0.0,0.0,0.0,Summer,No Holiday,Yes,898
15992,2018-03-08,3,Thursday,0,20,Evening,3.3,74,2.6,494,-0.8,0.0,0.0,0.0,0.0,Spring,No Holiday,Yes,586
14769,2018-10-14,10,Sunday,1,13,Afternoon,18.1,32,1.5,1684,1.1,2.21,0.0,0.0,0.0,Autumn,No Holiday,Yes,1593
14414,2018-07-19,7,Thursday,0,22,Night,28.0,76,1.5,1542,23.3,0.0,0.0,0.0,0.0,Summer,No Holiday,Yes,1870
11170,2018-05-12,5,Saturday,1,23,Night,15.8,98,1.6,235,15.4,0.0,1.0,0.0,1.0,Spring,No Holiday,Yes,50
13370,2018-05-17,5,Thursday,0,10,Morning,20.1,98,1.2,885,19.7,0.13,2.0,0.0,2.0,Spring,No Holiday,Yes,141
18160,2018-03-26,3,Monday,0,11,Morning,12.6,60,2.4,281,5.0,2.23,0.0,0.0,0.0,Spring,No Holiday,Yes,422
12630,2018-10-28,10,Sunday,1,6,Dawn,6.9,86,1.7,1988,4.7,0.0,1.5,0.0,1.5,Autumn,No Holiday,Yes,55
17760,2018-11-18,11,Sunday,1,2,Dawn,2.9,49,2.0,1989,-6.7,0.0,0.0,0.0,0.0,Autumn,No Holiday,Yes,335
15531,2018-02-24,2,Saturday,1,20,Evening,1.1,32,1.4,1785,-13.8,0.0,0.0,0.0,0.0,Winter,No Holiday,Yes,233
14567,2018-05-31,5,Thursday,0,4,Dawn,14.8,85,0.7,478,12.2,0.0,0.0,0.0,0.0,Spring,No Holiday,Yes,188
10051,2018-10-28,10,Sunday,1,23,Night,6.0,74,1.1,2000,1.7,0.0,0.0,0.0,0.0,Autumn,No Holiday,Yes,512
10196,2018-02-02,2,Friday,0,21,Evening,-2.0,61,1.7,1655,-8.5,0.0,0.0,0.0,0.0,Winter,No Holiday,Yes,225
14844,2018-06-23,6,Saturday,1,19,Evening,25.7,59,2.8,1083,17.0,0.38,0.0,0.0,0.0,Summer,No Holiday,Yes,2288
14111,2017-12-11,12,Monday,0,17,Afternoon,-7.1,44,4.2,2000,-17.3,0.18,0.0,0.0,0.0,Winter,No Holiday,Yes,361
18035,2018-03-02,3,Friday,0,9,Early Morning,-4.6,34,1.2,1583,-18.1,0.87,0.0,0.0,0.0,Spring,No Holiday,Yes,343
13553,2017-12-05,12,Tuesday,0,5,Dawn,-7.4,33,2.6,2000,-20.9,0.0,0.0,0.0,0.0,Winter,No Holiday,Yes,82
16223,2018-06-07,6,Thursday,0,4,Dawn,18.1,88,1.8,458,16.0,0.0,0.0,0.0,0.0,Summer,No Holiday,Yes,191
16185,2018-08-15,8,Wednesday,0,9,Early Morning,32.0,53,1.6,2000,21.2,1.56,0.0,0.0,0.0,Summer,Holiday,Yes,563
11412,2018-09-29,9,Saturday,1,5,Dawn,15.0,77,0.5,2000,10.9,0.0,0.0,0.0,0.0,Autumn,No Holiday,Yes,208
14325,2018-04-23,4,Monday,0,10,Morning,8.6,95,2.5,578,7.8,0.2,4.0,0.0,4.0,Spring,No Holiday,Yes,12
11496,2018-01-11,1,Thursday,0,1,Dawn,-10.6,55,2.9,1987,-17.9,0.0,0.0,0.0,0.0,Winter,No Holiday,Yes,100
13107,2018-01-04,1,Thursday,0,18,Evening,-2.6,38,1.4,1604,-14.9,0.0,0.0,0.0,0.0,Winter,No Holiday,Yes,603
15221,2018-02-25,2,Sunday,1,9,Early Morning,-0.3,48,1.1,1394,-10.0,0.43,0.0,0.0,0.0,Winter,No Holiday,Yes,173
12991,2018-02-20,2,Tuesday,0,9,Early Morning,-1.4,56,1.4,709,-9.0,0.54,0.0,0.0,0.0,Winter,No Holiday,Yes,384
17727,2018-08-24,8,Friday,0,21,Evening,23.5,79,3.6,2000,19.6,0.0,0.0,0.0,0.0,Summer,No Holiday,Yes,1300
15510,2018-07-05,7,Thursday,0,7,Early Morning,23.5,90,0.5,445,21.7,0.05,0.5,0.0,0.5,Summer,No Holiday,Yes,828
16382,2018-05-07,5,Monday,0,22,Night,18.6,69,1.7,1047,12.7,0.0,0.0,0.0,0.0,Spring,No Holiday,Yes,1336
12308,2017-12-01,12,Friday,0,5,Dawn,-6.4,37,1.5,2000,-18.7,0.0,0.0,0.0,0.0,Winter,No Holiday,Yes,100
18486,2018-01-15,1,Monday,0,3,Dawn,4.4,70,1.7,928,-0.6,0.0,0.0,0.0,0.0,Winter,No Holiday,Yes,58
13705,2018-03-04,3,Sunday,1,5,Dawn,8.8,96,1.2,196,8.1,0.0,0.0,0.0,0.0,Spring,No Holiday,Yes,15
14380,2018-01-12,1,Friday,0,7,Early Morning,-15.1,45,0.9,2000,-24.4,0.0,0.0,0.0,0.0,Winter,No Holiday,Yes,189
13182,2018-04-17,4,Tuesday,0,11,Morning,16.9,27,1.5,1354,-2.2,2.66,0.0,0.0,0.0,Spring,No Holiday,Yes,822
16254,2018-05-07,5,Monday,0,9,Early Morning,15.9,72,0.5,1835,10.8,0.67,0.0,0.0,0.0,Spring,No Holiday,Yes,737
11437,2018-05-24,5,Thursday,0,6,Dawn,11.4,67,1.0,1600,5.4,0.04,0.0,0.0,0.0,Spring,No Holiday,Yes,530
14640,2018-03-07,3,Wednesday,0,6,Dawn,2.4,65,1.8,1989,-3.5,0.0,0.0,0.0,0.0,Spring,No Holiday,Yes,232
11936,2018-06-02,6,Saturday,1,6,Dawn,17.7,68,1.3,842,11.7,0.05,0.0,0.0,0.0,Summer,No Holiday,Yes,342
17717,2018-10-09,10,Tuesday,0,0,Dawn,12.6,54,0.2,2000,3.5,0.0,0.0,0.0,0.0,Autumn,Holiday,No,0
14662,2018-05-07,5,Monday,0,20,Evening,20.9,61,2.7,1523,13.0,0.01,0.0,0.0,0.0,Spring,No Holiday,Yes,1912
16747,2018-10-28,10,Sunday,1,13,Afternoon,12.1,75,1.2,1775,7.7,0.99,0.0,0.0,0.0,Autumn,No Holiday,Yes,916
16038,2017-12-07,12,Thursday,0,18,Evening,0.7,46,2.7,1558,-9.6,0.0,0.0,0.0,0.0,Winter,No Holiday,Yes,795
10749,2017-12-24,12,Sunday,1,1,Dawn,5.6,78,0.5,197,2.0,0.0,0.0,0.0,0.0,Winter,Holiday,Yes,251
10524,2018-09-27,9,Thursday,0,4,Dawn,14.4,58,1.1,2000,6.2,0.0,0.0,0.0,0.0,Autumn,No Holiday,Yes,151
11224,2018-11-26,11,Monday,0,21,Evening,6.7,71,0.9,461,1.8,0.0,0.0,0.0,0.0,Autumn,No Holiday,Yes,955
13193,2017-12-05,12,Tuesday,0,3,Dawn,-6.9,39,2.0,2000,-18.5,0.0,0.0,0.0,0.0,Winter,No Holiday,Yes,62
12238,2018-01-05,1,Friday,0,8,Early Morning,-5.3,51,1.0,1319,-13.8,0.0,0.0,0.0,0.0,Winter,No Holiday,Yes,665
17536,2018-09-23,9,Sunday,1,11,Morning,20.1,57,3.0,1929,11.3,1.29,0.0,0.0,0.0,Autumn,Holiday,Yes,764
18502,2017-12-28,12,Thursday,0,8,Early Morning,-4.7,30,0.6,2000,-19.6,0.0,0.0,0.0,0.0,Winter,No Holiday,Yes,554
14068,2018-06-13,6,Wednesday,0,6,Dawn,18.7,75,0.9,1923,14.1,0.06,0.0,0.0,0.0,Summer,No Holiday,Yes,416
18144,2018-03-21,3,Wednesday,0,9,Early Morning,2.5,40,1.9,2000,-9.7,0.41,0.0,0.0,0.0,Spring,No Holiday,Yes,614
18339,2018-08-06,8,Monday,0,23,Night,29.4,79,1.2,777,25.3,0.0,2.0,0.0,2.0,Summer,No Holiday,Yes,969
14440,2018-10-06,10,Saturday,1,19,Evening,19.7,72,0.6,2000,14.5,0.0,0.0,0.0,0.0,Autumn,No Holiday,Yes,1761
17721,2018-06-05,6,Tuesday,0,2,Dawn,19.7,66,0.5,1591,13.1,0.0,0.0,0.0,0.0,Summer,No Holiday,Yes,448
11330,2018-06-08,6,Friday,0,12,Morning,23.1,56,1.6,1222,13.8,1.71,0.0,0.0,0.0,Summer,No Holiday,Yes,1256
10929,2018-02-24,2,Saturday,1,15,Afternoon,6.7,24,2.7,1536,-12.4,1.95,0.0,0.0,0.0,Winter,No Holiday,Yes,467
11626,2018-01-21,1,Sunday,1,7,Early Morning,-3.2,54,1.2,1113,-11.2,0.0,0.0,0.0,0.0,Winter,No Holiday,Yes,61
14064,2018-08-25,8,Saturday,1,2,Dawn,22.9,82,2.1,1829,19.6,0.0,0.0,0.0,0.0,Summer,No Holiday,Yes,708
10758,2018-03-21,3,Wednesday,0,18,Evening,2.0,77,1.3,2000,-1.6,0.07,0.0,0.0,0.0,Spring,No Holiday,Yes,615
13062,2017-12-09,12,Saturday,1,7,Early Morning,-5.5,56,0.8,1950,-12.9,0.0,0.0,0.0,0.0,Winter,No Holiday,Yes,127
17172,2018-09-16,9,Sunday,1,0,Dawn,22.8,82,1.5,935,19.5,0.0,0.0,0.0,0.0,Autumn,No Holiday,Yes,1014
14641,2018-01-21,1,Sunday,1,8,Early Morning,-3.6,53,0.5,1227,-11.8,0.0,0.0,0.0,0.0,Winter,No Holiday,Yes,115
14959,2018-10-01,10,Monday,0,8,Early Morning,13.7,54,2.4,1960,4.5,0.39,0.0,0.0,0.0,Autumn,No Holiday,Yes,2101
18239,2018-11-05,11,Monday,0,21,Evening,12.2,79,1.8,351,8.6,0.0,0.0,0.0,0.0,Autumn,No Holiday,Yes,1289
15893,2018-07-25,7,Wednesday,0,4,Dawn,28.5,74,2.6,1549,23.4,0.0,0.0,0.0,0.0,Summer,No Holiday,Yes,212
15501,2018-03-25,3,Sunday,1,5,Dawn,5.0,83,0.7,200,2.3,0.0,0.0,0.0,0.0,Spring,No Holiday,Yes,60
12601,2018-01-01,1,Monday,0,16,Afternoon,3.0,28,2.5,1864,-13.7,0.51,0.0,0.0,0.0,Winter,Holiday,Yes,310
13518,2018-09-18,9,Tuesday,0,13,Afternoon,25.6,40,2.5,1704,10.9,2.18,0.0,0.0,0.0,Autumn,No Holiday,No,0
11138,2018-06-25,6,Monday,0,19,Evening,29.8,45,1.5,956,16.5,0.32,0.0,0.0,0.0,Summer,No Holiday,Yes,2779
17642,2018-11-08,11,Thursday,0,11,Morning,10.9,95,2.4,519,10.1,0.12,0.0,0.0,0.0,Autumn,No Holiday,Yes,25
11191,2018-06-29,6,Friday,0,5,Dawn,22.1,97,0.5,152,21.5,0.0,1.5,0.0,1.5,Summer,No Holiday,Yes,133
15856,2018-10-28,10,Sunday,1,1,Dawn,6.9,55,1.8,2000,-1.5,0.0,0.0,0.0,0.0,Autumn,No Holiday,Yes,531
14941,2018-05-02,5,Wednesday,0,20,Evening,11.1,91,4.0,716,9.6,0.0,0.5,0.0,0.5,Spring,No Holiday,Yes,123
14230,2018-09-20,9,Thursday,0,10,Morning,18.4,91,1.2,394,16.8,0.25,0.5,0.0,0.5,Autumn,No Holiday,Yes,87
15141,2018-08-05,8,Sunday,1,22,Night,29.1,77,3.0,1559,24.6,0.0,0.0,0.0,0.0,Summer,No Holiday,Yes,1286
17559,2018-05-10,5,Thursday,0,20,Evening,13.6,82,2.1,520,10.5,0.02,0.0,0.0,0.0,Spring,No Holiday,No,0
11767,2018-06-24,6,Sunday,1,21,Evening,24.5,71,1.7,1295,18.8,0.0,0.0,0.0,0.0,Summer,No Holiday,Yes,2153
17743,2018-03-18,3,Sunday,1,22,Night,8.1,76,0.8,492,4.1,0.0,0.0,0.0,0.0,Spring,No Holiday,Yes,70
14674,2018-10-07,10,Sunday,1,15,Afternoon,20.4,36,2.8,2000,4.8,1.56,0.0,0.0,0.0,Autumn,No Holiday,Yes,2167
13383,2017-12-29,12,Friday,0,1,Dawn,0.3,63,0.7,760,-5.9,0.0,0.0,0.0,0.0,Winter,No Holiday,Yes,269
14486,2018-06-25,6,Monday,0,22,Night,27.4,55,0.3,1001,17.5,0.0,0.0,0.0,0.0,Summer,No Holiday,Yes,2046
13571,2018-04-25,4,Wednesday,0,22,Night,15.2,35,1.2,1999,-0.1,0.0,0.0,0.0,0.0,Spring,No Holiday,Yes,1382
13384,2018-09-19,9,Wednesday,0,20,Evening,22.6,67,0.3,1737,16.1,0.0,0.0,0.0,0.0,Autumn,No Holiday,No,0
10798,2018-09-19,9,Wednesday,0,19,Evening,23.5,58,0.4,1836,14.7,0.0,0.0,0.0,0.0,Autumn,No Holiday,No,0
13166,2018-05-26,5,Saturday,1,10,Morning,23.2,41,1.1,1440,9.2,2.45,0.0,0.0,0.0,Spring,No Holiday,Yes,1010
17302,2018-09-08,9,Saturday,1,2,Dawn,18.5,57,2.3,2000,9.8,0.0,0.0,0.0,0.0,Autumn,No Holiday,Yes,692
15421,2018-05-22,5,Tuesday,0,15,Afternoon,21.1,72,2.7,663,15.8,0.31,0.1,0.0,0.1,Spring,Holiday,Yes,163
13536,2018-11-29,11,Thursday,0,18,Evening,0.0,46,0.9,1566,-4.8,0.0,0.0,0.0,0.0,Autumn,No Holiday,Yes,1577
11479,2018-08-22,8,Wednesday,0,15,Afternoon,36.8,36,1.0,2000,19.2,2.46,0.0,0.0,0.0,Summer,No Holiday,Yes,842
13793,2018-05-05,5,Saturday,1,8,Early Morning,14.4,51,2.3,1907,4.3,0.92,0.0,0.0,0.0,Spring,No Holiday,Yes,579
18543,2018-01-09,1,Tuesday,0,23,Night,-4.9,80,0.7,690,-7.8,0.0,0.0,0.02,0.02,Winter,No Holiday,Yes,80
17505,2018-08-20,8,Monday,0,11,Morning,31.2,45,1.9,1810,17.8,2.72,0.0,0.0,0.0,Summer,No Holiday,Yes,766
13365,2018-09-13,9,Thursday,0,19,Evening,25.4,61,0.6,2000,17.3,0.03,0.0,0.0,0.0,Autumn,No Holiday,Yes,2365
14772,2018-07-31,7,Tuesday,0,5,Dawn,28.3,60,1.6,2000,19.7,0.0,0.0,0.0,0.0,Summer,No Holiday,Yes,284
15591,2018-03-26,3,Monday,0,4,Dawn,5.5,96,2.0,53,4.9,0.0,0.0,0.0,0.0,Spring,No Holiday,Yes,65
17989,2018-07-27,7,Friday,0,9,Early Morning,29.9,69,1.5,769,23.5,1.12,0.0,0.0,0.0,Summer,No Holiday,Yes,934
13442,2018-05-07,5,Monday,0,23,Night,17.5,69,1.5,978,11.7,0.0,0.0,0.0,0.0,Spring,No Holiday,Yes,994
17801,2018-03-04,3,Sunday,1,20,Evening,11.3,80,1.2,1978,7.9,0.0,0.0,0.0,0.0,Spring,No Holiday,Yes,26
17772,2018-05-03,5,Thursday,0,21,Evening,11.9,48,1.9,1918,1.2,0.0,0.0,0.0,0.0,Spring,No Holiday,Yes,1388
10022,2018-02-14,2,Wednesday,0,2,Dawn,1.2,64,0.9,1680,-4.8,0.0,0.0,0.0,0.0,Winter,No Holiday,Yes,129
11896,2018-04-17,4,Tuesday,0,19,Evening,14.5,31,3.1,1558,-2.4,0.25,0.0,0.0,0.0,Spring,No Holiday,Yes,1356
13354,2018-10-02,10,Tuesday,0,15,Afternoon,21.8,38,2.6,1913,6.8,2.22,0.0,0.0,0.0,Autumn,No Holiday,No,0
13170,2018-06-16,6,Saturday,1,21,Evening,23.7,64,1.7,1707,16.4,0.0,0.0,0.0,0.0,Summer,No Holiday,Yes,2435
12683,2018-05-05,5,Saturday,1,5,Dawn,12.2,52,2.3,1961,2.6,0.0,0.0,0.0,0.0,Spring,No Holiday,Yes,190
16079,2018-06-24,6,Sunday,1,10,Morning,25.0,60,1.5,570,16.6,2.33,0.0,0.0,0.0,Summer,No Holiday,Yes,763
16073,2018-04-18,4,Wednesday,0,22,Night,11.3,42,1.6,1189,-1.1,0.0,0.0,0.0,0.0,Spring,No Holiday,Yes,1003
15050,2018-02-05,2,Monday,0,10,Morning,-9.6,32,3.7,2000,-23.2,1.14,0.0,0.0,0.0,Winter,No Holiday,Yes,123
16386,2018-02-02,2,Friday,0,0,Dawn,-4.9,56,1.1,1982,-12.3,0.0,0.0,0.0,0.0,Winter,No Holiday,Yes,138
13522,2018-08-15,8,Wednesday,0,23,Night,28.5,69,1.1,2000,22.2,0.0,0.0,0.0,0.0,Summer,Holiday,Yes,1008
15543,2018-08-30,8,Thursday,0,10,Morning,26.1,81,1.5,860,22.5,1.05,0.0,0.0,0.0,Summer,No Holiday,Yes,589
12981,2018-10-23,10,Tuesday,0,22,Night,12.3,73,0.9,1392,7.5,0.0,0.0,0.0,0.0,Autumn,No Holiday,Yes,1257
15894,2017-12-19,12,Tuesday,0,10,Morning,-4.6,41,2.8,1815,-15.8,0.57,0.0,0.25,0.25,Winter,No Holiday,Yes,151
10985,2018-09-09,9,Sunday,1,6,Dawn,15.8,69,0.9,2000,10.1,0.0,0.0,0.0,0.0,Autumn,No Holiday,Yes,255
17469,2018-03-19,3,Monday,0,4,Dawn,6.3,90,1.0,240,4.7,0.0,0.0,0.0,0.0,Spring,No Holiday,Yes,9
10337,2018-09-26,9,Wednesday,0,6,Dawn,16.3,62,2.1,2000,8.9,0.0,0.0,0.0,0.0,Autumn,No Holiday,Yes,230
15759,2018-09-18,9,Tuesday,0,22,Night,21.8,65,0.3,2000,14.9,0.0,0.0,0.0,0.0,Autumn,No Holiday,No,0
10320,2018-07-29,7,Sunday,1,0,Dawn,28.4,70,0.9,1945,22.3,0.0,0.0,0.0,0.0,Summer,No Holiday,Yes,921
11441,2018-02-24,2,Saturday,1,12,Morning,4.0,37,1.4,763,-9.4,1.75,0.0,0.0,0.0,Winter,No Holiday,Yes,363
16739,2018-07-26,7,Thursday,0,7,Early Morning,27.7,75,1.2,1103,22.8,0.1,0.0,0.0,0.0,Summer,No Holiday,Yes,1175
13325,2018-05-12,5,Saturday,1,19,Evening,15.5,97,0.7,403,15.0,0.0,2.0,0.0,2.0,Spring,No Holiday,Yes,29
13881,2017-12-09,12,Saturday,1,10,Morning,-2.2,42,1.3,1646,-13.4,0.61,0.0,0.0,0.0,Winter,No Holiday,Yes,273
10233,2018-05-11,5,Friday,0,17,Afternoon,18.9,45,2.6,1084,6.6,0.8,0.0,0.0,0.0,Spring,No Holiday,Yes,1863
17875,2018-01-12,1,Friday,0,0,Dawn,-13.6,49,1.6,2000,-22.0,0.0,0.0,0.0,0.0,Winter,No Holiday,Yes,105
13175,2018-05-04,5,Friday,0,16,Afternoon,18.6,30,5.1,1891,0.6,2.49,0.0,0.0,0.0,Spring,No Holiday,Yes,1501
15323,2018-03-25,3,Sunday,1,15,Afternoon,16.7,38,3.1,265,2.2,2.27,0.0,0.0,0.0,Spring,No Holiday,Yes,960
15811,2018-03-02,3,Friday,0,1,Dawn,-4.6,52,2.1,1372,-12.9,0.0,0.0,0.0,0.0,Spring,No Holiday,Yes,108
16764,2018-11-23,11,Friday,0,2,Dawn,-1.0,43,3.1,2000,-12.0,0.0,0.0,0.0,0.0,Autumn,No Holiday,Yes,279
15830,2018-06-07,6,Thursday,0,16,Afternoon,29.3,41,2.0,905,14.6,1.95,0.0,0.0,0.0,Summer,No Holiday,Yes,1442
16450,2018-02-09,2,Friday,0,6,Dawn,-4.0,41,0.8,1242,-15.3,0.0,0.0,0.0,0.0,Winter,No Holiday,Yes,117
12482,2018-04-14,4,Saturday,1,22,Night,8.8,77,3.2,1258,4.9,0.0,0.0,0.0,0.0,Spring,No Holiday,Yes,586
17431,2018-06-07,6,Thursday,0,13,Afternoon,26.7,47,2.4,806,14.4,3.26,0.0,0.0,0.0,Summer,No Holiday,Yes,1071
18415,2017-12-31,12,Sunday,1,18,Evening,0.7,31,2.3,2000,-14.5,0.01,0.0,0.0,0.0,Winter,Holiday,Yes,215
11999,2018-07-13,7,Friday,0,6,Dawn,24.8,84,1.1,1426,21.9,0.0,0.0,0.0,0.0,Summer,No Holiday,Yes,665
14220,2018-05-02,5,Wednesday,0,11,Morning,18.0,85,1.1,411,15.4,0.45,0.0,0.0,0.0,Spring,No Holiday,Yes,206
18745,2018-11-06,11,Tuesday,0,7,Early Morning,8.3,84,0.9,422,5.7,0.0,0.0,0.0,0.0,Autumn,No Holiday,No,0
17695,2018-02-21,2,Wednesday,0,19,Evening,-0.1,39,2.8,2000,-12.4,0.0,0.0,0.0,0.0,Winter,No Holiday,Yes,460
10407,2017-12-20,12,Wednesday,0,14,Afternoon,-0.5,44,1.0,1793,-11.2,0.71,0.0,0.16999999999999998,0.16999999999999998,Winter,No Holiday,Yes,243
12716,2018-10-18,10,Thursday,0,19,Evening,14.9,49,2.1,2000,4.2,0.0,0.0,0.0,0.0,Autumn,No Holiday,Yes,1878
12380,2018-08-13,8,Monday,0,12,Morning,33.4,54,2.6,1648,22.8,2.09,0.0,0.0,0.0,Summer,No Holiday,Yes,724
12217,2018-01-06,1,Saturday,1,10,Morning,-3.5,39,2.0,1946,-15.4,0.54,0.0,0.0,0.0,Winter,No Holiday,Yes,204
16651,2018-03-22,3,Thursday,0,8,Early Morning,1.1,79,1.7,1480,-2.1,0.36,0.0,0.0,0.0,Spring,No Holiday,Yes,1174
14750,2018-03-19,3,Monday,0,17,Afternoon,8.5,59,2.7,1927,0.9,0.16,0.0,0.0,0.0,Spring,No Holiday,Yes,605
11392,2018-09-15,9,Saturday,1,17,Afternoon,24.4,75,0.6,2000,19.6,0.17,0.0,0.0,0.0,Autumn,No Holiday,Yes,1474
15325,2018-01-07,1,Sunday,1,0,Dawn,-3.8,48,0.7,1574,-13.2,0.0,0.0,0.0,0.0,Winter,No Holiday,Yes,192
15035,2018-01-10,1,Wednesday,0,23,Night,-10.2,53,3.3,1997,-17.9,0.0,0.0,0.0,0.0,Winter,No Holiday,Yes,139
10815,2017-12-28,12,Thursday,0,7,Early Morning,-5.0,31,0.5,2000,-19.5,0.0,0.0,0.0,0.0,Winter,No Holiday,Yes,257
16069,2018-10-26,10,Friday,0,2,Dawn,12.8,59,0.9,1804,4.9,0.0,0.0,0.0,0.0,Autumn,No Holiday,Yes,434
13198,2018-09-29,9,Saturday,1,4,Dawn,15.4,74,0.9,2000,10.7,0.0,0.0,0.0,0.0,Autumn,No Holiday,Yes,301
16091,2018-05-17,5,Thursday,0,15,Afternoon,22.8,95,1.6,294,21.9,0.11,0.5,0.0,0.5,Spring,No Holiday,Yes,186
14727,2018-04-10,4,Tuesday,0,7,Early Morning,7.2,50,1.1,1454,-2.5,0.1,0.0,0.0,0.0,Spring,No Holiday,Yes,981
17809,2018-10-04,10,Thursday,0,1,Dawn,14.7,69,0.6,2000,9.0,0.0,0.0,0.0,0.0,Autumn,No Holiday,No,0
12669,2018-11-04,11,Sunday,1,6,Dawn,6.2,73,0.3,1018,1.7,0.0,0.0,0.0,0.0,Autumn,No Holiday,Yes,141
11758,2018-08-01,8,Wednesday,0,10,Morning,34.3,45,1.0,1919,20.6,2.31,0.0,0.0,0.0,Summer,No Holiday,Yes,540
12674,2018-05-24,5,Thursday,0,3,Dawn,12.1,64,0.8,1538,5.4,0.0,0.0,0.0,0.0,Spring,No Holiday,Yes,265
17647,2018-03-08,3,Thursday,0,13,Afternoon,6.7,65,3.2,1651,0.5,1.76,0.0,0.0,0.0,Spring,No Holiday,Yes,405
11292,2017-12-12,12,Tuesday,0,3,Dawn,-11.6,50,2.2,1995,-19.9,0.0,0.0,0.0,0.0,Winter,No Holiday,Yes,54
12933,2018-08-11,8,Saturday,1,4,Dawn,27.4,69,1.0,2000,21.2,0.0,0.0,0.0,0.0,Summer,No Holiday,Yes,266
17363,2018-09-09,9,Sunday,1,16,Afternoon,27.1,35,0.9,2000,10.3,1.27,0.0,0.0,0.0,Autumn,No Holiday,Yes,2099
10351,2018-10-08,10,Monday,0,5,Dawn,9.8,63,0.5,2000,3.0,0.0,0.0,0.0,0.0,Autumn,No Holiday,Yes,215
11167,2018-05-08,5,Tuesday,0,6,Dawn,14.8,64,1.5,2000,8.0,0.02,0.0,0.0,0.0,Spring,No Holiday,Yes,555
16676,2018-03-29,3,Thursday,0,3,Dawn,12.7,80,0.4,384,9.3,0.0,0.0,0.0,0.0,Spring,No Holiday,Yes,170
18395,2018-01-05,1,Friday,0,11,Morning,-0.7,45,1.5,1429,-11.1,0.76,0.0,0.0,0.0,Winter,No Holiday,Yes,308
17244,2018-10-15,10,Monday,0,10,Morning,14.1,66,0.6,827,7.8,0.58,0.0,0.0,0.0,Autumn,No Holiday,Yes,837
10827,2018-10-02,10,Tuesday,0,9,Early Morning,13.9,66,1.6,1427,7.6,1.11,0.0,0.0,0.0,Autumn,No Holiday,No,0
12847,2017-12-28,12,Thursday,0,21,Evening,-0.2,62,0.6,986,-6.6,0.0,0.0,0.0,0.0,Winter,No Holiday,Yes,332
14837,2018-02-05,2,Monday,0,17,Afternoon,-6.4,28,4.5,2000,-21.9,0.81,0.0,0.0,0.0,Winter,No Holiday,Yes,225
15454,2018-09-04,9,Tuesday,0,7,Early Morning,20.1,97,1.9,443,19.6,0.03,0.0,0.0,0.0,Autumn,No Holiday,Yes,1289
18126,2017-12-06,12,Wednesday,0,8,Early Morning,-4.2,78,0.0,1518,-7.4,0.01,0.0,0.02,0.02,Winter,No Holiday,Yes,802
13041,2018-02-02,2,Friday,0,2,Dawn,-5.7,59,0.3,1951,-12.4,0.0,0.0,0.0,0.0,Winter,No Holiday,Yes,102
16353,2018-08-05,8,Sunday,1,2,Dawn,27.5,83,2.7,1118,24.3,0.0,0.0,0.0,0.0,Summer,No Holiday,Yes,509
17257,2018-11-29,11,Thursday,0,7,Early Morning,0.8,41,0.6,1298,-10.9,0.0,0.0,0.0,0.0,Autumn,No Holiday,Yes,800
12086,2018-05-26,5,Saturday,1,14,Afternoon,28.3,30,2.3,1025,9.0,3.14,0.0,0.0,0.0,Spring,No Holiday,Yes,1448
12402,2018-08-08,8,Wednesday,0,12,Morning,34.1,46,1.6,1885,20.8,2.72,0.0,0.0,0.0,Summer,No Holiday,Yes,629
18101,2018-02-01,2,Thursday,0,6,Dawn,-8.1,59,0.7,1915,-14.7,0.0,0.0,0.16,0.16,Winter,No Holiday,Yes,95
11213,2017-12-06,12,Wednesday,0,19,Evening,1.2,92,0.7,180,0.0,0.0,0.0,0.1,0.1,Winter,No Holiday,Yes,205
17224,2018-02-16,2,Friday,0,11,Morning,1.0,25,1.4,1782,-16.8,1.7,0.0,0.0,0.0,Winter,Holiday,Yes,93
13865,2017-12-19,12,Tuesday,0,1,Dawn,-2.0,72,0.8,979,-6.3,0.0,0.0,0.26,0.26,Winter,No Holiday,Yes,122
14089,2018-08-04,8,Saturday,1,7,Early Morning,29.4,62,1.9,1758,21.3,0.24,0.0,0.0,0.0,Summer,No Holiday,Yes,405
18326,2018-04-02,4,Monday,0,4,Dawn,15.7,79,1.2,628,12.0,0.0,0.0,0.0,0.0,Spring,No Holiday,Yes,86
14836,2018-05-27,5,Sunday,1,0,Dawn,20.1,65,1.6,1097,13.3,0.0,0.0,0.0,0.0,Spring,No Holiday,Yes,1089
15520,2017-12-10,12,Sunday,1,5,Dawn,0.3,74,1.0,178,-3.7,0.0,0.0,0.06999999999999999,0.06999999999999999,Winter,No Holiday,Yes,13
15054,2017-12-20,12,Wednesday,0,3,Dawn,-8.1,70,1.3,1557,-12.6,0.0,0.0,0.2,0.2,Winter,No Holiday,Yes,71
13927,2018-11-26,11,Monday,0,17,Afternoon,11.4,48,0.4,706,0.7,0.24,0.0,0.0,0.0,Autumn,No Holiday,Yes,1156
14388,2017-12-12,12,Tuesday,0,6,Dawn,-11.8,47,2.5,1973,-20.8,0.0,0.0,0.0,0.0,Winter,No Holiday,Yes,104
14666,2018-11-15,11,Thursday,0,9,Early Morning,6.8,64,1.0,949,0.4,0.5,0.0,0.0,0.0,Autumn,No Holiday,Yes,1300
13002,2018-03-15,3,Thursday,0,15,Afternoon,11.6,97,3.4,117,11.1,0.26,0.0,0.0,0.0,Spring,No Holiday,Yes,329
10600,2018-02-21,2,Wednesday,0,9,Early Morning,-3.8,28,1.7,1904,-19.6,0.63,0.0,0.0,0.0,Winter,No Holiday,Yes,373
11702,2018-11-20,11,Tuesday,0,23,Night,9.3,43,3.5,1807,-2.6,0.0,0.0,0.0,0.0,Autumn,No Holiday,Yes,378
13345,2018-01-12,1,Friday,0,20,Evening,-7.9,31,1.4,2000,-22.1,0.0,0.0,0.0,0.0,Winter,No Holiday,Yes,210
12710,2018-07-24,7,Tuesday,0,7,Early Morning,27.8,63,1.2,1781,20.1,0.32,0.0,0.0,0.0,Summer,No Holiday,Yes,1213
15203,2018-10-02,10,Tuesday,0,21,Evening,16.2,65,1.5,2000,9.6,0.0,0.0,0.0,0.0,Autumn,No Holiday,No,0
15683,2018-08-01,8,Wednesday,0,22,Night,32.6,64,2.4,1703,24.8,0.0,0.0,0.0,0.0,Summer,No Holiday,Yes,1367
11821,2017-12-31,12,Sunday,1,23,Night,-2.6,40,0.6,2000,-14.3,0.0,0.0,0.0,0.0,Winter,Holiday,Yes,227
10787,2018-07-21,7,Saturday,1,3,Dawn,26.1,74,0.1,1683,21.0,0.0,0.0,0.0,0.0,Summer,No Holiday,Yes,477
15315,2018-05-23,5,Wednesday,0,22,Night,14.8,59,1.0,1740,6.8,0.0,0.0,0.0,0.0,Spring,No Holiday,Yes,1588
10110,2018-03-06,3,Tuesday,0,18,Evening,8.7,28,3.2,2000,-8.8,0.49,0.0,0.0,0.0,Spring,No Holiday,Yes,1246
12464,2018-03-22,3,Thursday,0,13,Afternoon,9.9,29,3.2,1641,-7.3,2.91,0.0,0.0,0.0,Spring,No Holiday,Yes,648
16925,2018-11-21,11,Wednesday,0,15,Afternoon,5.7,53,2.0,2000,-3.1,0.22,0.0,0.0,0.0,Autumn,No Holiday,Yes,550
10306,2018-04-03,4,Tuesday,0,15,Afternoon,19.9,58,2.5,1348,11.3,0.51,0.0,0.0,0.0,Spring,No Holiday,Yes,961
15669,2018-09-04,9,Tuesday,0,20,Evening,23.7,49,3.3,2000,12.3,0.0,0.0,0.0,0.0,Autumn,No Holiday,Yes,2259
13871,2018-02-05,2,Monday,0,18,Evening,-7.6,29,3.5,2000,-22.6,0.16,0.0,0.0,0.0,Winter,No Holiday,Yes,388
18690,2018-06-01,6,Friday,0,21,Evening,23.5,44,1.6,2000,10.5,0.0,0.0,0.0,0.0,Summer,No Holiday,Yes,2066
13877,2018-08-13,8,Monday,0,16,Afternoon,33.5,52,2.2,1804,22.2,0.91,0.0,0.0,0.0,Summer,No Holiday,Yes,901
11602,2017-12-25,12,Monday,0,1,Dawn,-1.2,57,4.3,1429,-8.6,0.0,0.0,0.0,0.0,Winter,Holiday,Yes,132
13718,2018-09-28,9,Friday,0,20,Evening,18.0,67,0.7,2000,11.7,0.0,0.0,0.0,0.0,Autumn,No Holiday,No,0
14884,2018-06-30,6,Saturday,1,22,Night,23.4,88,0.9,1153,21.2,0.0,0.0,0.0,0.0,Summer,No Holiday,Yes,1107
11404,2018-05-30,5,Wednesday,0,16,Afternoon,24.7,47,3.0,1594,12.6,2.44,0.0,0.0,0.0,Spring,No Holiday,Yes,1571
17676,2018-05-07,5,Monday,0,11,Morning,20.2,45,1.1,1894,7.8,2.33,0.0,0.0,0.0,Spring,No Holiday,Yes,1167
13535,2018-09-07,9,Friday,0,10,Morning,22.6,58,1.8,1962,13.9,2.02,0.0,0.0,0.0,Autumn,No Holiday,Yes,896
16145,2018-08-17,8,Friday,0,16,Afternoon,33.7,26,1.5,2000,11.5,2.39,0.0,0.0,0.0,Summer,No Holiday,Yes,1112
13910,2018-04-01,4,Sunday,1,3,Dawn,11.9,71,0.7,853,6.7,0.0,0.0,0.0,0.0,Spring,No Holiday,Yes,221
16742,2018-09-07,9,Friday,0,18,Evening,24.4,34,2.4,2000,7.5,0.84,0.0,0.0,0.0,Autumn,No Holiday,Yes,3154
13222,2018-10-24,10,Wednesday,0,15,Afternoon,18.0,40,3.0,1808,4.1,1.71,0.0,0.0,0.0,Autumn,No Holiday,Yes,1161
15375,2018-10-31,10,Wednesday,0,12,Morning,10.0,39,2.0,2000,-3.3,2.2,0.0,0.0,0.0,Autumn,No Holiday,Yes,907
18670,2018-10-31,10,Wednesday,0,22,Night,6.8,58,2.2,1936,-0.9,0.0,0.0,0.0,0.0,Autumn,No Holiday,Yes,1088
12130,2018-03-11,3,Sunday,1,4,Dawn,4.2,81,1.3,333,1.2,0.0,0.0,0.0,0.0,Spring,No Holiday,Yes,80
16648,2018-08-21,8,Tuesday,0,12,Morning,25.7,74,3.4,1951,20.7,1.16,0.0,0.0,0.0,Summer,No Holiday,Yes,848
10445,2018-10-14,10,Sunday,1,7,Early Morning,6.9,81,0.8,665,3.8,0.01,0.0,0.0,0.0,Autumn,No Holiday,Yes,304
18116,2018-03-14,3,Wednesday,0,22,Night,16.2,71,2.0,1780,10.9,0.0,0.0,0.0,0.0,Spring,No Holiday,Yes,983
11180,2018-07-30,7,Monday,0,9,Early Morning,30.5,53,1.6,2000,19.8,1.74,0.0,0.0,0.0,Summer,No Holiday,Yes,866
15786,2018-03-30,3,Friday,0,7,Early Morning,10.5,70,1.1,483,5.2,0.04,0.0,0.0,0.0,Spring,No Holiday,Yes,747
14580,2018-03-26,3,Monday,0,0,Dawn,7.1,84,2.3,185,4.5,0.0,0.0,0.0,0.0,Spring,No Holiday,Yes,244
10659,2018-04-15,4,Sunday,1,4,Dawn,6.0,84,1.7,951,3.4,0.0,0.0,0.0,0.0,Spring,No Holiday,Yes,110
12320,2018-05-17,5,Thursday,0,16,Afternoon,22.9,95,0.4,385,22.0,0.31,0.0,0.0,0.0,Spring,No Holiday,Yes,102
12470,2018-01-03,1,Wednesday,0,3,Dawn,-6.1,45,1.3,1999,-16.1,0.0,0.0,0.0,0.0,Winter,No Holiday,Yes,67
17521,2018-02-24,2,Saturday,1,2,Dawn,3.7,82,1.6,229,0.9,0.0,0.0,0.0,0.0,Winter,No Holiday,Yes,197
12887,2018-10-31,10,Wednesday,0,11,Morning,8.7,41,2.6,1907,-3.8,1.96,0.0,0.0,0.0,Autumn,No Holiday,Yes,818
10544,2018-05-20,5,Sunday,1,0,Dawn,15.8,41,1.2,2000,2.5,0.0,0.0,0.0,0.0,Spring,No Holiday,Yes,986
10599,2018-06-22,6,Friday,0,12,Morning,29.8,28,1.3,1777,9.3,3.21,0.0,0.0,0.0,Summer,No Holiday,Yes,1116
12029,2018-03-30,3,Friday,0,9,Early Morning,13.7,46,1.3,972,2.2,1.08,0.0,0.0,0.0,Spring,No Holiday,Yes,772
16123,2018-09-08,9,Saturday,1,21,Evening,22.1,49,1.7,2000,10.8,0.0,0.0,0.0,0.0,Autumn,No Holiday,Yes,1878
13672,2018-09-07,9,Friday,0,3,Dawn,21.1,75,1.8,1551,16.4,0.0,0.0,0.0,0.0,Autumn,No Holiday,Yes,259
14575,2018-07-09,7,Monday,0,15,Afternoon,20.3,90,0.9,1356,18.5,0.34,0.0,0.0,0.0,Summer,No Holiday,Yes,59
15905,2018-03-25,3,Sunday,1,11,Morning,10.7,56,2.0,261,2.2,2.27,0.0,0.0,0.0,Spring,No Holiday,Yes,466
11268,2018-06-27,6,Wednesday,0,5,Dawn,19.1,97,1.2,402,18.6,0.0,0.0,0.0,0.0,Summer,No Holiday,Yes,162
17181,2018-10-20,10,Saturday,1,9,Early Morning,10.4,60,1.3,1326,2.9,0.99,0.0,0.0,0.0,Autumn,No Holiday,Yes,921
13926,2018-09-03,9,Monday,0,15,Afternoon,25.7,81,0.7,1825,22.1,0.43,0.0,0.0,0.0,Autumn,No Holiday,Yes,137
10103,2018-06-17,6,Sunday,1,16,Afternoon,26.6,51,2.2,809,15.6,1.27,0.0,0.0,0.0,Summer,No Holiday,Yes,2235
10494,2018-08-04,8,Saturday,1,15,Afternoon,34.7,48,3.6,1973,22.0,2.47,0.0,0.0,0.0,Summer,No Holiday,Yes,690
18725,2018-09-14,9,Friday,0,2,Dawn,21.3,75,1.1,2000,16.6,0.0,0.0,0.0,0.0,Autumn,No Holiday,Yes,482
17767,2018-05-15,5,Tuesday,0,20,Evening,26.3,53,1.0,908,15.9,0.0,0.0,0.0,0.0,Spring,No Holiday,Yes,1958
12083,2018-11-09,11,Friday,0,6,Dawn,11.0,70,3.1,900,5.7,0.0,0.0,0.0,0.0,Autumn,No Holiday,No,0
12978,2018-03-15,3,Thursday,0,23,Night,9.3,90,4.1,609,7.7,0.0,0.0,0.0,0.0,Spring,No Holiday,Yes,343
10877,2018-06-23,6,Saturday,1,15,Afternoon,28.4,43,3.1,1337,14.6,2.65,0.0,0.0,0.0,Summer,No Holiday,Yes,1589
18304,2018-06-14,6,Thursday,0,20,Evening,22.6,74,1.2,1594,17.7,0.01,0.0,0.0,0.0,Summer,No Holiday,Yes,1557
11378,2018-05-21,5,Monday,0,15,Afternoon,23.3,38,1.5,1963,8.1,2.13,0.0,0.0,0.0,Spring,No Holiday,Yes,1612
18409,2018-08-30,8,Thursday,0,8,Early Morning,24.6,96,1.0,883,23.9,0.19,0.0,0.0,0.0,Summer,No Holiday,Yes,1330
14059,2018-10-06,10,Saturday,1,10,Morning,17.0,97,1.5,676,16.5,0.15,6.0,0.0,6.0,Autumn,No Holiday,Yes,2
11876,2018-08-12,8,Sunday,1,5,Dawn,27.7,65,1.4,2000,20.5,0.0,0.0,0.0,0.0,Summer,No Holiday,Yes,196
14356,2018-07-17,7,Tuesday,0,22,Night,27.2,70,1.9,1110,21.2,0.0,0.0,0.0,0.0,Summer,No Holiday,Yes,1940
16232,2018-05-02,5,Wednesday,0,17,Afternoon,13.9,94,2.6,303,12.9,0.21,0.0,0.0,0.0,Spring,No Holiday,Yes,813
11917,2018-06-10,6,Sunday,1,14,Afternoon,24.1,51,1.1,2000,13.3,1.58,0.0,0.0,0.0,Summer,No Holiday,Yes,1985
15899,2018-01-12,1,Friday,0,21,Evening,-7.4,33,1.4,2000,-20.9,0.0,0.0,0.0,0.0,Winter,No Holiday,Yes,184
13569,2018-02-14,2,Wednesday,0,17,Afternoon,6.6,34,2.8,1300,-8.1,0.42,0.0,0.0,0.0,Winter,No Holiday,Yes,484
18247,2018-04-17,4,Tuesday,0,9,Early Morning,12.0,39,0.6,1386,-1.5,1.44,0.0,0.0,0.0,Spring,No Holiday,Yes,1013
13089,2018-11-08,11,Thursday,0,9,Early Morning,10.6,94,2.1,739,9.6,0.06,2.0,0.0,2.0,Autumn,No Holiday,Yes,56
17131,2018-09-23,9,Sunday,1,20,Evening,20.2,48,3.3,2000,8.8,0.0,0.0,0.0,0.0,Autumn,Holiday,Yes,1287
13650,2018-02-17,2,Saturday,1,2,Dawn,-3.8,30,3.9,2000,-18.8,0.0,0.0,0.0,0.0,Winter,Holiday,Yes,56
13080,2018-09-05,9,Wednesday,0,22,Night,23.6,82,1.8,1673,20.3,0.0,0.0,0.0,0.0,Autumn,No Holiday,Yes,1798
10313,2018-05-02,5,Wednesday,0,18,Evening,13.6,89,2.3,638,11.8,0.09,0.0,0.0,0.0,Spring,No Holiday,Yes,518
10812,2018-10-11,10,Thursday,0,2,Dawn,7.1,64,0.9,2000,0.7,0.0,0.0,0.0,0.0,Autumn,No Holiday,Yes,341
14927,2018-04-12,4,Thursday,0,18,Evening,17.9,16,3.7,2000,-8.3,0.92,0.0,0.0,0.0,Spring,No Holiday,Yes,2359
11234,2018-11-03,11,Saturday,1,16,Afternoon,18.7,25,2.1,1605,-1.7,1.07,0.0,0.0,0.0,Autumn,No Holiday,No,0
16500,2018-05-31,5,Thursday,0,22,Night,21.1,59,2.1,1874,12.7,0.0,0.0,0.0,0.0,Spring,No Holiday,Yes,1900
13244,2018-06-21,6,Thursday,0,18,Evening,27.8,43,3.0,1933,14.0,1.35,0.0,0.0,0.0,Summer,No Holiday,Yes,3418
14725,2018-03-02,3,Friday,0,2,Dawn,-5.3,52,1.2,1434,-13.6,0.0,0.0,0.0,0.0,Spring,No Holiday,Yes,71
16781,2018-01-28,1,Sunday,1,2,Dawn,-7.8,51,1.9,1627,-16.1,0.0,0.0,0.0,0.0,Winter,No Holiday,Yes,72
11185,2018-08-18,8,Saturday,1,15,Afternoon,31.7,30,1.9,1943,11.9,2.23,0.0,0.0,0.0,Summer,No Holiday,Yes,1196
14075,2018-10-30,10,Tuesday,0,6,Dawn,0.8,69,1.4,2000,-4.2,0.0,0.0,0.0,0.0,Autumn,No Holiday,Yes,394
16104,2018-11-08,11,Thursday,0,22,Night,12.4,96,2.7,545,11.7,0.0,0.0,0.0,0.0,Autumn,No Holiday,Yes,14
12692,2018-02-11,2,Sunday,1,7,Early Morning,-9.2,34,2.0,1945,-22.2,0.0,0.0,0.0,0.0,Winter,No Holiday,Yes,40
16077,2018-01-04,1,Thursday,0,5,Dawn,-7.6,49,1.3,2000,-16.4,0.0,0.0,0.0,0.0,Winter,No Holiday,Yes,66
17415,2018-05-25,5,Friday,0,20,Evening,20.4,45,2.0,1457,8.0,0.06,0.0,0.0,0.0,Spring,No Holiday,Yes,1905
14775,2018-05-05,5,Saturday,1,2,Dawn,12.1,53,1.1,1948,2.7,0.0,0.0,0.0,0.0,Spring,No Holiday,Yes,508
13238,2018-09-26,9,Wednesday,0,11,Morning,20.5,42,2.1,1981,7.1,1.59,0.0,0.0,0.0,Autumn,No Holiday,Yes,1152
17600,2018-03-16,3,Friday,0,14,Afternoon,11.0,36,1.8,1973,-3.5,2.91,0.0,0.0,0.0,Spring,No Holiday,Yes,772
17183,2018-01-09,1,Tuesday,0,9,Early Morning,-6.0,61,2.5,1547,-12.3,0.13,0.0,0.06,0.06,Winter,No Holiday,Yes,320
16210,2018-08-18,8,Saturday,1,18,Evening,30.1,37,2.1,2000,13.8,0.88,0.0,0.0,0.0,Summer,No Holiday,Yes,1979
11708,2018-06-04,6,Monday,0,20,Evening,23.4,43,1.1,2000,10.0,0.01,0.0,0.0,0.0,Summer,No Holiday,Yes,2508
16076,2018-11-07,11,Wednesday,0,11,Morning,12.4,82,0.6,507,9.4,0.34,0.0,0.0,0.0,Autumn,No Holiday,Yes,608
15201,2018-07-15,7,Sunday,1,11,Morning,28.7,64,1.3,1332,21.2,1.53,0.0,0.0,0.0,Summer,No Holiday,Yes,712
10472,2017-12-05,12,Tuesday,0,4,Dawn,-7.2,34,3.0,2000,-20.4,0.0,0.0,0.0,0.0,Winter,No Holiday,Yes,42
10172,2018-08-11,8,Saturday,1,16,Afternoon,35.6,39,2.7,2000,19.5,1.81,0.0,0.0,0.0,Summer,No Holiday,Yes,826
13802,2018-09-22,9,Saturday,1,21,Evening,19.4,55,0.8,2000,10.1,0.0,0.0,0.0,0.0,Autumn,No Holiday,Yes,1502
17558,2018-10-06,10,Saturday,1,22,Night,17.7,78,0.3,2000,13.8,0.0,0.0,0.0,0.0,Autumn,No Holiday,Yes,1459
16191,2018-04-24,4,Tuesday,0,12,Morning,15.2,57,1.9,2000,6.7,1.33,0.0,0.0,0.0,Spring,No Holiday,Yes,925
16122,2018-10-30,10,Tuesday,0,3,Dawn,1.7,59,0.5,2000,-5.4,0.0,0.0,0.0,0.0,Autumn,No Holiday,Yes,182
14806,2018-03-14,3,Wednesday,0,16,Afternoon,21.7,41,3.2,2000,7.8,1.91,0.0,0.0,0.0,Spring,No Holiday,Yes,1049
12922,2018-08-08,8,Wednesday,0,4,Dawn,28.0,85,1.0,1079,25.2,0.0,0.0,0.0,0.0,Summer,No Holiday,Yes,183
13429,2017-12-06,12,Wednesday,0,18,Evening,1.7,90,1.0,66,0.2,0.0,0.3,0.03,0.32999999999999996,Winter,No Holiday,Yes,204
13148,2018-09-10,9,Monday,0,15,Afternoon,27.6,38,1.4,2000,11.9,2.09,0.0,0.0,0.0,Autumn,No Holiday,Yes,1249
11241,2017-12-05,12,Tuesday,0,6,Dawn,-7.4,34,3.2,2000,-20.6,0.0,0.0,0.0,0.0,Winter,No Holiday,Yes,172
16892,2018-07-25,7,Wednesday,0,15,Afternoon,34.0,50,3.0,1705,22.1,1.72,0.0,0.0,0.0,Summer,No Holiday,Yes,781
18231,2018-03-18,3,Sunday,1,12,Morning,9.8,46,1.2,710,-1.2,1.13,0.0,0.0,0.0,Spring,No Holiday,Yes,751
10212,2018-10-08,10,Monday,0,8,Early Morning,9.9,66,1.2,2000,3.8,0.35,0.0,0.0,0.0,Autumn,No Holiday,Yes,2005
13132,2018-01-23,1,Tuesday,0,19,Evening,-12.0,47,3.2,2000,-21.0,0.0,0.0,0.09,0.09,Winter,No Holiday,Yes,248
17633,2018-05-03,5,Thursday,0,18,Evening,13.4,49,2.4,1982,2.8,0.6,0.0,0.0,0.0,Spring,No Holiday,Yes,2310
16600,2018-02-09,2,Friday,0,10,Morning,-1.3,34,0.5,1192,-15.1,0.32,0.0,0.0,0.0,Winter,No Holiday,Yes,199
13874,2018-04-29,4,Sunday,1,1,Dawn,11.2,57,1.6,1533,2.9,0.0,0.0,0.0,0.0,Spring,No Holiday,Yes,554
14759,2018-04-02,4,Monday,0,23,Night,16.8,70,0.9,1426,11.2,0.0,0.0,0.0,0.0,Spring,No Holiday,Yes,803
18719,2018-10-18,10,Thursday,0,18,Evening,15.7,45,2.5,2000,3.7,0.06,0.0,0.0,0.0,Autumn,No Holiday,Yes,2499
14827,2018-08-23,8,Thursday,0,23,Night,26.1,84,1.9,1801,23.1,0.0,0.5,0.0,0.5,Summer,No Holiday,Yes,267
17448,2018-02-14,2,Wednesday,0,1,Dawn,1.3,67,1.2,1738,-4.1,0.0,0.0,0.0,0.0,Winter,No Holiday,Yes,213
12279,2018-05-19,5,Saturday,1,16,Afternoon,24.5,34,1.5,2000,7.5,2.54,0.0,0.0,0.0,Spring,No Holiday,Yes,2479
17626,2018-03-09,3,Friday,0,23,Night,2.5,72,1.5,1071,-2.0,0.0,0.0,0.0,0.0,Spring,No Holiday,Yes,309
13100,2018-03-02,3,Friday,0,3,Dawn,-5.7,50,1.7,1559,-14.4,0.0,0.0,0.0,0.0,Spring,No Holiday,Yes,49
17590,2017-12-02,12,Saturday,1,7,Early Morning,-4.4,81,2.5,1276,-7.1,0.0,0.0,0.0,0.0,Winter,No Holiday,Yes,146
13494,2018-06-22,6,Friday,0,21,Evening,24.2,32,1.5,2000,6.4,0.0,0.0,0.0,0.0,Summer,No Holiday,Yes,2251
18726,2018-01-10,1,Wednesday,0,22,Night,-9.7,51,2.8,2000,-17.9,0.0,0.0,0.0,0.0,Winter,No Holiday,Yes,165
15300,2018-02-16,2,Friday,0,18,Evening,1.4,56,3.2,1932,-6.4,0.22,0.0,0.0,0.0,Winter,Holiday,Yes,165
12842,2018-03-27,3,Tuesday,0,2,Dawn,8.3,70,0.8,394,3.1,0.0,0.0,0.0,0.0,Spring,No Holiday,Yes,163
16679,2018-10-31,10,Wednesday,0,18,Evening,9.4,48,2.0,2000,-1.0,0.03,0.0,0.0,0.0,Autumn,No Holiday,Yes,2094
10912,2018-08-28,8,Tuesday,0,14,Afternoon,24.9,97,0.5,766,24.3,0.36,4.0,0.0,4.0,Summer,No Holiday,Yes,126
13618,2018-08-31,8,Friday,0,18,Evening,28.4,57,2.4,2000,19.0,0.84,0.0,0.0,0.0,Summer,No Holiday,Yes,2836
17004,2018-02-10,2,Saturday,1,13,Afternoon,2.8,31,4.0,967,-12.6,1.42,0.0,0.0,0.0,Winter,No Holiday,Yes,296
18634,2018-11-12,11,Monday,0,8,Early Morning,3.3,69,0.0,2000,-1.8,0.06,0.0,0.0,0.0,Autumn,No Holiday,Yes,1699
17852,2018-03-09,3,Friday,0,3,Dawn,2.7,75,0.7,417,-1.2,0.0,0.0,0.0,0.0,Spring,No Holiday,Yes,105
16850,2018-11-03,11,Saturday,1,15,Afternoon,18.5,25,1.6,1724,-1.9,1.63,0.0,0.0,0.0,Autumn,No Holiday,No,0
16538,2018-08-24,8,Friday,0,17,Afternoon,24.1,89,1.9,2000,22.1,0.58,0.0,0.0,0.0,Summer,No Holiday,Yes,403
10467,2018-09-01,9,Saturday,1,11,Morning,27.6,47,1.2,2000,15.2,2.63,0.0,0.0,0.0,Autumn,No Holiday,Yes,981
10128,2018-02-10,2,Saturday,1,11,Morning,2.6,62,2.9,294,-3.9,1.12,0.0,0.0,0.0,Winter,No Holiday,Yes,235
18370,2018-07-10,7,Tuesday,0,12,Morning,24.1,80,0.8,2000,20.4,0.72,0.0,0.0,0.0,Summer,No Holiday,Yes,1035
15691,2018-03-15,3,Thursday,0,22,Night,9.8,90,3.7,493,8.2,0.0,0.0,0.0,0.0,Spring,No Holiday,Yes,506
13221,2018-02-13,2,Tuesday,0,14,Afternoon,3.7,39,3.8,1908,-9.0,2.19,0.0,0.0,0.0,Winter,No Holiday,Yes,300
14780,2018-06-20,6,Wednesday,0,5,Dawn,19.1,83,2.0,457,16.1,0.0,0.0,0.0,0.0,Summer,No Holiday,Yes,336
13885,2018-04-23,4,Monday,0,3,Dawn,9.9,93,2.3,990,8.8,0.0,0.5,0.0,0.5,Spring,No Holiday,Yes,8
12823,2018-06-02,6,Saturday,1,20,Evening,23.4,38,2.3,2000,8.2,0.06,0.0,0.0,0.0,Summer,No Holiday,Yes,2338
13332,2018-07-07,7,Saturday,1,9,Early Morning,22.6,51,1.7,2000,11.9,1.87,0.0,0.0,0.0,Summer,No Holiday,Yes,1009
18163,2018-08-10,8,Friday,0,20,Evening,32.2,52,2.3,2000,21.0,0.02,0.0,0.0,0.0,Summer,No Holiday,Yes,1702
14717,2018-03-04,3,Sunday,1,13,Afternoon,10.8,84,1.2,400,8.1,0.44,0.0,0.0,0.0,Spring,No Holiday,Yes,429
12365,2018-08-19,8,Sunday,1,18,Evening,32.3,41,1.9,2000,17.3,0.62,0.0,0.0,0.0,Summer,No Holiday,Yes,1928
14265,2018-05-31,5,Thursday,0,18,Evening,26.4,42,3.1,1995,12.4,0.79,0.0,0.0,0.0,Spring,No Holiday,Yes,3119
12829,2018-04-04,4,Wednesday,0,7,Early Morning,10.3,90,1.2,2000,8.7,0.01,0.0,0.0,0.0,Spring,No Holiday,Yes,665
15599,2018-05-20,5,Sunday,1,13,Afternoon,19.9,33,1.4,2000,3.1,1.28,0.0,0.0,0.0,Spring,No Holiday,Yes,1559
18451,2018-05-11,5,Friday,0,9,Early Morning,14.3,72,0.7,342,9.3,0.84,0.0,0.0,0.0,Spring,No Holiday,Yes,850
18072,2018-02-07,2,Wednesday,0,15,Afternoon,-2.1,20,2.3,1961,-22.1,1.87,0.0,0.0,0.0,Winter,No Holiday,Yes,221
15972,2018-08-04,8,Saturday,1,1,Dawn,29.9,61,1.1,1745,21.5,0.0,0.0,0.0,0.0,Summer,No Holiday,Yes,872
15037,2018-06-24,6,Sunday,1,5,Dawn,20.3,87,1.0,251,18.0,0.0,0.0,0.0,0.0,Summer,No Holiday,Yes,235
10398,2017-12-10,12,Sunday,1,12,Morning,2.3,88,0.3,245,0.5,0.28,0.0,0.31,0.31,Winter,No Holiday,Yes,119
13496,2018-09-01,9,Saturday,1,21,Evening,26.0,52,1.4,2000,15.3,0.0,0.0,0.0,0.0,Autumn,No Holiday,Yes,1110
10889,2018-09-04,9,Tuesday,0,21,Evening,22.9,55,3.0,2000,13.3,0.0,0.0,0.0,0.0,Autumn,No Holiday,Yes,2212
15524,2018-04-18,4,Wednesday,0,3,Dawn,7.9,45,0.7,1770,-3.3,0.0,0.0,0.0,0.0,Spring,No Holiday,Yes,164
18547,2018-06-08,6,Friday,0,4,Dawn,18.5,82,2.0,1072,15.3,0.0,0.0,0.0,0.0,Summer,No Holiday,Yes,255
13572,2018-05-03,5,Thursday,0,11,Morning,14.7,45,3.0,1799,2.8,1.68,0.0,0.0,0.0,Spring,No Holiday,Yes,794
10111,2018-07-18,7,Wednesday,0,22,Night,27.2,73,1.5,1005,21.9,0.0,0.0,0.0,0.0,Summer,No Holiday,Yes,1980
14856,2018-04-25,4,Wednesday,0,2,Dawn,7.7,60,0.3,1993,0.4,0.0,0.0,0.0,0.0,Spring,No Holiday,Yes,306
11596,2018-10-21,10,Sunday,1,12,Morning,18.4,28,1.9,1690,-0.4,2.33,0.0,0.0,0.0,Autumn,No Holiday,Yes,1417
16906,2017-12-01,12,Friday,0,12,Morning,1.7,23,1.4,2000,-17.2,1.11,0.0,0.0,0.0,Winter,No Holiday,Yes,449
14259,2018-09-19,9,Wednesday,0,2,Dawn,20.0,70,0.2,2000,14.3,0.0,0.0,0.0,0.0,Autumn,No Holiday,No,0
17941,2018-01-24,1,Wednesday,0,9,Early Morning,-15.8,27,3.4,2000,-30.5,0.2,0.0,0.09,0.09,Winter,No Holiday,Yes,192
17768,2018-06-06,6,Wednesday,0,2,Dawn,20.1,65,1.0,1435,13.3,0.0,0.0,0.0,0.0,Summer,Holiday,Yes,792
16288,2018-07-14,7,Saturday,1,3,Dawn,25.2,83,1.1,1835,22.0,0.0,0.0,0.0,0.0,Summer,No Holiday,Yes,545
15328,2018-04-29,4,Sunday,1,10,Morning,17.5,35,1.8,1570,1.8,2.26,0.0,0.0,0.0,Spring,No Holiday,Yes,787
10396,2018-04-08,4,Sunday,1,1,Dawn,2.4,46,1.7,2000,-8.0,0.0,0.0,0.0,0.0,Spring,No Holiday,Yes,224
11513,2018-09-14,9,Friday,0,13,Afternoon,26.4,57,1.2,2000,17.1,1.8,0.0,0.0,0.0,Autumn,No Holiday,Yes,1155
17584,2018-04-19,4,Thursday,0,7,Early Morning,7.7,48,0.4,1110,-2.6,0.19,0.0,0.0,0.0,Spring,No Holiday,Yes,254
10897,2018-10-13,10,Saturday,1,3,Dawn,7.6,78,0.7,1614,4.0,0.0,0.0,0.0,0.0,Autumn,No Holiday,Yes,374
17079,2018-01-02,1,Tuesday,0,5,Dawn,-3.1,67,0.6,1384,-8.3,0.0,0.0,0.0,0.0,Winter,No Holiday,Yes,58
15716,2018-07-17,7,Tuesday,0,4,Dawn,24.4,80,1.0,1112,20.7,0.0,0.0,0.0,0.0,Summer,No Holiday,Yes,222
14752,2018-03-27,3,Tuesday,0,18,Evening,16.8,60,3.1,580,8.9,0.46,0.0,0.0,0.0,Spring,No Holiday,Yes,1521
13218,2018-10-08,10,Monday,0,10,Morning,15.0,44,0.5,1839,2.8,1.48,0.0,0.0,0.0,Autumn,No Holiday,Yes,943
17649,2018-08-05,8,Sunday,1,13,Afternoon,33.0,56,3.5,1857,23.0,2.68,0.0,0.0,0.0,Summer,No Holiday,Yes,600
16577,2018-01-26,1,Friday,0,16,Afternoon,-10.8,28,2.7,1778,-25.8,0.77,0.0,0.04,0.04,Winter,No Holiday,Yes,147
16000,2018-07-01,7,Sunday,1,15,Afternoon,21.8,97,0.7,324,21.2,0.14,5.5,0.0,5.5,Summer,No Holiday,Yes,51
17711,2018-07-08,7,Sunday,1,11,Morning,23.8,47,2.1,2000,11.8,2.59,0.0,0.0,0.0,Summer,No Holiday,Yes,1053
16521,2018-02-13,2,Tuesday,0,23,Night,2.4,59,3.2,2000,-4.8,0.0,0.0,0.0,0.0,Winter,No Holiday,Yes,211
14151,2017-12-14,12,Thursday,0,15,Afternoon,-2.5,29,1.1,1667,-18.1,0.48,0.0,0.0,0.0,Winter,No Holiday,Yes,301
14070,2018-09-05,9,Wednesday,0,9,Early Morning,23.4,59,3.0,1974,14.9,1.46,0.0,0.0,0.0,Autumn,No Holiday,Yes,1195
12714,2018-09-23,9,Sunday,1,5,Dawn,16.3,67,0.8,2000,10.1,0.0,0.0,0.0,0.0,Autumn,Holiday,Yes,106
15465,2018-11-15,11,Thursday,0,19,Evening,11.2,46,1.4,869,0.0,0.0,0.0,0.0,0.0,Autumn,No Holiday,Yes,1448
12468,2018-09-24,9,Monday,0,15,Afternoon,21.8,32,3.3,2000,4.3,2.42,0.0,0.0,0.0,Autumn,Holiday,Yes,1273
13086,2018-03-12,3,Monday,0,17,Afternoon,13.7,38,2.6,436,-0.3,1.0,0.0,0.0,0.0,Spring,No Holiday,Yes,931
13711,2018-08-19,8,Sunday,1,21,Evening,27.9,61,0.7,2000,19.6,0.0,0.0,0.0,0.0,Summer,No Holiday,Yes,1821
15708,2018-09-11,9,Tuesday,0,17,Afternoon,25.4,44,1.2,2000,12.2,0.84,0.0,0.0,0.0,Autumn,No Holiday,Yes,2171
12708,2018-09-19,9,Wednesday,0,13,Afternoon,26.5,39,1.7,1560,11.4,2.15,0.0,0.0,0.0,Autumn,No Holiday,No,0
15705,2018-01-07,1,Sunday,1,22,Night,1.1,40,0.5,1305,-11.0,0.0,0.0,0.0,0.0,Winter,No Holiday,Yes,214
13119,2018-04-10,4,Tuesday,0,13,Afternoon,21.9,34,5.1,1861,5.3,2.77,0.0,0.0,0.0,Spring,No Holiday,Yes,967
14968,2018-08-24,8,Friday,0,6,Dawn,24.9,88,1.1,2000,22.7,0.0,0.5,0.0,0.5,Summer,No Holiday,Yes,173
14446,2018-01-06,1,Saturday,1,17,Afternoon,1.1,31,1.7,1989,-14.1,0.26,0.0,0.0,0.0,Winter,No Holiday,Yes,354
15159,2018-02-03,2,Saturday,1,8,Early Morning,-9.5,56,3.5,1979,-16.6,0.01,0.0,0.03,0.03,Winter,No Holiday,Yes,116
17617,2018-06-19,6,Tuesday,0,19,Evening,23.3,59,2.6,1214,14.8,0.28,0.0,0.0,0.0,Summer,No Holiday,Yes,2809
13491,2018-03-17,3,Saturday,1,3,Dawn,1.8,59,0.7,2000,-5.3,0.0,0.0,0.0,0.0,Spring,No Holiday,Yes,157
10372,2017-12-12,12,Tuesday,0,11,Morning,-9.4,42,3.1,1815,-19.9,0.93,0.0,0.0,0.0,Winter,No Holiday,Yes,201
15299,2018-04-04,4,Wednesday,0,9,Early Morning,10.4,81,1.4,2000,7.2,0.36,0.0,0.0,0.0,Spring,No Holiday,Yes,378
16508,2018-11-05,11,Monday,0,3,Dawn,8.3,81,1.1,642,5.2,0.0,0.0,0.0,0.0,Autumn,No Holiday,Yes,161
18627,2018-06-18,6,Monday,0,3,Dawn,20.5,77,0.5,865,16.3,0.0,0.0,0.0,0.0,Summer,No Holiday,Yes,202
17734,2018-05-17,5,Thursday,0,13,Afternoon,23.4,83,1.7,1944,20.3,1.5,0.0,0.0,0.0,Spring,No Holiday,Yes,592
17646,2018-06-10,6,Sunday,1,4,Dawn,18.3,72,1.7,2000,13.1,0.0,0.0,0.0,0.0,Summer,No Holiday,Yes,174
18015,2018-11-02,11,Friday,0,5,Dawn,4.8,75,0.7,1471,0.7,0.0,0.0,0.0,0.0,Autumn,No Holiday,Yes,153
11195,2018-11-15,11,Thursday,0,23,Night,8.1,57,0.7,752,0.0,0.0,0.0,0.0,0.0,Autumn,No Holiday,Yes,721
15190,2018-05-31,5,Thursday,0,8,Early Morning,16.9,65,1.6,896,10.2,1.21,0.0,0.0,0.0,Spring,No Holiday,Yes,2281
11374,2018-11-05,11,Monday,0,16,Afternoon,16.8,46,1.8,1041,5.0,0.72,0.0,0.0,0.0,Autumn,No Holiday,Yes,1318
12679,2018-09-20,9,Thursday,0,19,Evening,18.9,78,2.2,2000,14.9,0.0,0.0,0.0,0.0,Autumn,No Holiday,Yes,1272
13918,2018-06-28,6,Thursday,0,15,Afternoon,26.4,76,3.7,1370,21.8,1.01,0.0,0.0,0.0,Summer,No Holiday,Yes,1209
10788,2018-10-28,10,Sunday,1,15,Afternoon,12.2,67,3.3,2000,6.2,0.86,0.0,0.0,0.0,Autumn,No Holiday,Yes,948
14978,2018-11-16,11,Friday,0,5,Dawn,6.9,66,0.5,698,0.9,0.0,0.0,0.0,0.0,Autumn,No Holiday,Yes,151
10702,2018-04-22,4,Sunday,1,8,Early Morning,16.3,40,0.8,1982,2.6,0.25,0.0,0.0,0.0,Spring,No Holiday,Yes,429
12313,2018-08-23,8,Thursday,0,13,Afternoon,31.0,53,1.9,2000,20.2,0.79,0.0,0.0,0.0,Summer,No Holiday,Yes,584
15324,2018-03-31,3,Saturday,1,14,Afternoon,20.1,30,3.0,1554,1.9,2.57,0.0,0.0,0.0,Spring,No Holiday,Yes,1381
15370,2018-02-15,2,Thursday,0,8,Early Morning,-3.0,38,1.0,2000,-15.4,0.0,0.0,0.0,0.0,Winter,Holiday,Yes,112
12355,2018-06-07,6,Thursday,0,21,Evening,21.5,69,2.6,942,15.5,0.0,0.0,0.0,0.0,Summer,No Holiday,Yes,2161
10820,2018-01-04,1,Thursday,0,10,Morning,-6.4,43,1.0,1872,-16.9,0.43,0.0,0.0,0.0,Winter,No Holiday,Yes,197
16946,2018-01-20,1,Saturday,1,0,Dawn,-0.6,60,0.6,1433,-7.4,0.0,0.0,0.0,0.0,Winter,No Holiday,Yes,228
15548,2018-11-15,11,Thursday,0,13,Afternoon,15.1,37,1.9,990,0.4,1.74,0.0,0.0,0.0,Autumn,No Holiday,Yes,883
10092,2018-11-24,11,Saturday,1,9,Early Morning,0.3,97,3.0,34,-0.1,0.0,9.1,0.71,9.809999999999999,Autumn,No Holiday,Yes,24
12961,2018-06-25,6,Monday,0,23,Night,27.2,55,0.7,920,17.3,0.0,0.0,0.0,0.0,Summer,No Holiday,Yes,1437
11836,2018-07-29,7,Sunday,1,17,Afternoon,36.3,36,1.5,2000,18.8,1.87,0.0,0.0,0.0,Summer,No Holiday,Yes,895
16783,2018-10-03,10,Wednesday,0,5,Dawn,11.8,82,1.1,1878,8.8,0.0,0.0,0.0,0.0,Autumn,Holiday,Yes,173
15581,2018-06-05,6,Tuesday,0,15,Afternoon,29.0,38,3.4,749,13.2,2.12,0.0,0.0,0.0,Summer,No Holiday,Yes,1250
10217,2018-01-21,1,Sunday,1,5,Dawn,-2.6,49,1.1,1065,-11.8,0.0,0.0,0.0,0.0,Winter,No Holiday,Yes,32
14870,2018-10-04,10,Thursday,0,5,Dawn,13.2,73,0.9,1857,8.4,0.0,0.0,0.0,0.0,Autumn,No Holiday,No,0
14360,2018-11-19,11,Monday,0,14,Afternoon,10.6,34,2.8,920,-4.6,1.07,0.0,0.0,0.0,Autumn,No Holiday,Yes,793
13349,2018-05-21,5,Monday,0,12,Morning,21.8,31,2.1,2000,3.9,3.39,0.0,0.0,0.0,Spring,No Holiday,Yes,1373
15238,2018-04-09,4,Monday,0,9,Early Morning,2.6,96,1.1,316,2.0,0.87,0.0,0.0,0.0,Spring,No Holiday,Yes,682
14956,2018-05-25,5,Friday,0,12,Morning,24.4,24,2.9,1811,2.5,3.28,0.0,0.0,0.0,Spring,No Holiday,Yes,1082
16855,2017-12-28,12,Thursday,0,14,Afternoon,0.8,55,1.8,1132,-7.2,0.59,0.0,0.0,0.0,Winter,No Holiday,Yes,311
11082,2018-09-18,9,Tuesday,0,17,Afternoon,25.5,38,2.9,1997,10.1,0.92,0.0,0.0,0.0,Autumn,No Holiday,No,0
11932,2018-04-07,4,Saturday,1,20,Evening,4.2,44,4.1,2000,-6.9,0.0,0.0,0.0,0.0,Spring,No Holiday,Yes,458
10471,2018-11-16,11,Friday,0,19,Evening,8.7,78,2.5,460,5.0,0.0,0.0,0.0,0.0,Autumn,No Holiday,Yes,1303
17582,2018-07-12,7,Thursday,0,7,Early Morning,25.9,87,1.7,834,23.5,0.26,0.0,0.0,0.0,Summer,No Holiday,Yes,1279
17190,2018-08-09,8,Thursday,0,23,Night,27.3,81,0.0,1287,23.7,0.0,0.0,0.0,0.0,Summer,No Holiday,Yes,1075
15126,2018-03-27,3,Tuesday,0,1,Dawn,8.7,70,0.9,398,3.5,0.0,0.0,0.0,0.0,Spring,No Holiday,Yes,278
14339,2018-07-18,7,Wednesday,0,11,Morning,30.2,53,2.2,1143,19.5,2.77,0.0,0.0,0.0,Summer,No Holiday,Yes,701
14159,2018-09-27,9,Thursday,0,9,Early Morning,17.7,48,1.5,2000,6.5,1.3,0.0,0.0,0.0,Autumn,No Holiday,Yes,1120
11760,2018-04-02,4,Monday,0,5,Dawn,15.3,82,1.4,508,12.2,0.0,0.0,0.0,0.0,Spring,No Holiday,Yes,125
17630,2018-04-25,4,Wednesday,0,3,Dawn,7.1,60,0.3,2000,-0.1,0.0,0.0,0.0,0.0,Spring,No Holiday,Yes,206
10052,2018-07-24,7,Tuesday,0,20,Evening,31.1,63,2.0,1542,23.2,0.06,0.0,0.0,0.0,Summer,No Holiday,Yes,1834
11858,2018-06-25,6,Monday,0,13,Afternoon,31.2,36,2.0,1022,14.3,2.91,0.0,0.0,0.0,Summer,No Holiday,Yes,1073
15308,2017-12-03,12,Sunday,1,4,Dawn,3.5,73,1.0,1060,-0.8,0.0,0.0,0.0,0.0,Winter,No Holiday,Yes,76
14054,2017-12-10,12,Sunday,1,3,Dawn,0.3,53,0.5,1748,-8.1,0.0,0.0,0.0,0.0,Winter,No Holiday,Yes,169
17730,2018-07-02,7,Monday,0,11,Morning,21.7,97,0.5,591,21.1,0.25,8.0,0.0,8.0,Summer,No Holiday,Yes,153
17174,2017-12-12,12,Tuesday,0,1,Dawn,-11.2,51,1.1,2000,-19.3,0.0,0.0,0.0,0.0,Winter,No Holiday,Yes,127
15982,2018-05-23,5,Wednesday,0,23,Night,14.6,54,1.5,1596,5.3,0.0,0.0,0.0,0.0,Spring,No Holiday,Yes,1080
10990,2018-08-01,8,Wednesday,0,15,Afternoon,39.3,37,2.3,1892,21.9,2.82,0.0,0.0,0.0,Summer,No Holiday,Yes,531
15199,2018-04-15,4,Sunday,1,18,Evening,11.9,58,2.2,1645,3.8,0.61,0.0,0.0,0.0,Spring,No Holiday,Yes,343
17913,2018-01-29,1,Monday,0,11,Morning,-8.1,24,3.6,1761,-25.1,0.91,0.0,0.0,0.0,Winter,No Holiday,Yes,166
16941,2018-03-01,3,Thursday,0,22,Night,-3.6,52,3.7,1277,-12.0,0.0,0.0,0.0,0.0,Spring,Holiday,Yes,190
12562,2017-12-21,12,Thursday,0,23,Night,-1.5,79,0.6,821,-4.6,0.0,0.0,0.08,0.08,Winter,No Holiday,Yes,212
17538,2018-11-08,11,Thursday,0,14,Afternoon,11.3,96,2.7,302,10.6,0.11,0.0,0.0,0.0,Autumn,No Holiday,Yes,46
11043,2018-09-10,9,Monday,0,9,Early Morning,22.3,52,1.9,2000,11.9,1.43,0.0,0.0,0.0,Autumn,No Holiday,Yes,1125
10285,2018-09-11,9,Tuesday,0,1,Dawn,19.5,52,1.3,2000,9.3,0.0,0.0,0.0,0.0,Autumn,No Holiday,Yes,662
13861,2017-12-13,12,Wednesday,0,21,Evening,-8.3,39,1.0,2000,-19.8,0.0,0.0,0.0,0.0,Winter,No Holiday,Yes,271
18548,2018-04-03,4,Tuesday,0,8,Early Morning,17.3,71,0.5,1481,11.9,0.17,0.0,0.0,0.0,Spring,No Holiday,Yes,1677
18705,2018-09-11,9,Tuesday,0,18,Evening,24.7,45,0.7,2000,11.9,0.3,0.0,0.0,0.0,Autumn,No Holiday,Yes,3222
14370,2018-01-28,1,Sunday,1,22,Night,-7.9,40,2.5,1997,-19.1,0.0,0.0,0.0,0.0,Winter,No Holiday,Yes,105
11164,2018-03-04,3,Sunday,1,3,Dawn,8.5,96,0.4,238,7.8,0.0,0.1,0.0,0.1,Spring,No Holiday,Yes,90
14691,2018-09-11,9,Tuesday,0,10,Morning,21.9,43,1.1,2000,8.7,1.89,0.0,0.0,0.0,Autumn,No Holiday,Yes,922
15409,2018-01-18,1,Thursday,0,11,Morning,1.8,75,1.8,301,-2.1,0.35,0.0,0.0,0.0,Winter,No Holiday,Yes,261
14726,2018-09-14,9,Friday,0,21,Evening,24.7,61,1.6,2000,16.6,0.0,0.0,0.0,0.0,Autumn,No Holiday,Yes,1259
16204,2017-12-13,12,Wednesday,0,0,Dawn,-9.5,48,1.3,1996,-18.4,0.0,0.0,0.0,0.0,Winter,No Holiday,Yes,168
12477,2018-09-02,9,Sunday,1,12,Morning,27.5,43,1.4,1959,13.7,2.75,0.0,0.0,0.0,Autumn,No Holiday,Yes,1075
12039,2018-05-28,5,Monday,0,0,Dawn,17.3,55,0.7,1741,8.1,0.0,0.0,0.0,0.0,Spring,No Holiday,Yes,770
12699,2017-12-30,12,Saturday,1,14,Afternoon,4.3,60,1.2,272,-2.7,0.4,0.0,0.0,0.0,Winter,No Holiday,Yes,356
15365,2018-06-09,6,Saturday,1,16,Afternoon,28.7,40,2.5,1474,13.7,1.0,0.0,0.0,0.0,Summer,No Holiday,Yes,2297
11891,2018-06-16,6,Saturday,1,1,Dawn,18.4,59,1.3,2000,10.2,0.0,0.0,0.0,0.0,Summer,No Holiday,Yes,1056
14043,2018-06-05,6,Tuesday,0,9,Early Morning,23.5,51,1.4,1169,12.7,1.82,0.0,0.0,0.0,Summer,No Holiday,Yes,1344
18341,2018-11-09,11,Friday,0,5,Dawn,10.9,68,3.1,1034,5.2,0.0,0.0,0.0,0.0,Autumn,No Holiday,No,0
17967,2018-06-11,6,Monday,0,14,Afternoon,23.9,47,1.0,2000,11.8,0.97,0.0,0.0,0.0,Summer,No Holiday,Yes,1075
14332,2018-09-04,9,Tuesday,0,5,Dawn,20.2,97,1.2,528,19.7,0.0,0.0,0.0,0.0,Autumn,No Holiday,Yes,219
10682,2017-12-08,12,Friday,0,18,Evening,-3.1,33,1.2,2000,-17.1,0.0,0.0,0.0,0.0,Winter,No Holiday,Yes,752
17356,2018-03-28,3,Wednesday,0,8,Early Morning,10.3,77,0.7,341,6.4,0.37,0.0,0.0,0.0,Spring,No Holiday,Yes,1353
18258,2018-08-21,8,Tuesday,0,11,Morning,24.7,85,2.3,1438,22.0,0.27,0.0,0.0,0.0,Summer,No Holiday,Yes,681
13322,2018-04-03,4,Tuesday,0,7,Early Morning,16.8,73,1.0,1366,11.9,0.01,0.0,0.0,0.0,Spring,No Holiday,Yes,1033
18732,2018-04-08,4,Sunday,1,17,Afternoon,4.3,80,2.6,1357,1.1,0.23,0.1,0.0,0.1,Spring,No Holiday,Yes,58
12910,2018-02-28,2,Wednesday,0,6,Dawn,5.2,60,1.9,430,-1.9,0.0,0.0,0.0,0.0,Winter,No Holiday,Yes,165
17674,2018-07-19,7,Thursday,0,2,Dawn,24.8,80,1.5,888,21.1,0.0,0.0,0.0,0.0,Summer,No Holiday,Yes,591
16702,2018-07-07,7,Saturday,1,19,Evening,26.1,51,1.4,2000,15.1,0.32,0.0,0.0,0.0,Summer,No Holiday,Yes,2352
13375,2018-07-27,7,Friday,0,0,Dawn,28.6,80,0.6,990,24.8,0.0,0.0,0.0,0.0,Summer,No Holiday,Yes,909
17292,2018-03-14,3,Wednesday,0,19,Evening,17.9,54,2.9,2000,8.4,0.04,0.0,0.0,0.0,Spring,No Holiday,Yes,1478
18203,2018-10-16,10,Tuesday,0,1,Dawn,12.4,65,1.1,1099,5.9,0.0,0.0,0.0,0.0,Autumn,No Holiday,Yes,568
17370,2018-06-08,6,Friday,0,22,Night,20.5,78,0.9,550,16.5,0.0,0.0,0.0,0.0,Summer,No Holiday,Yes,2140
13499,2018-07-24,7,Tuesday,0,9,Early Morning,31.7,59,1.0,1706,22.6,1.69,0.0,0.0,0.0,Summer,No Holiday,Yes,926
10455,2018-08-05,8,Sunday,1,14,Afternoon,33.3,55,4.7,1921,23.0,3.05,0.0,0.0,0.0,Summer,No Holiday,Yes,639
15296,2018-05-27,5,Sunday,1,22,Night,18.6,50,1.0,1830,7.9,0.0,0.0,0.0,0.0,Spring,No Holiday,Yes,1374
17604,2018-11-07,11,Wednesday,0,2,Dawn,12.0,81,1.3,295,8.8,0.0,0.0,0.0,0.0,Autumn,No Holiday,Yes,136
12317,2018-10-09,10,Tuesday,0,5,Dawn,10.8,64,0.8,2000,4.2,0.0,0.0,0.0,0.0,Autumn,Holiday,No,0
15291,2018-01-16,1,Tuesday,0,1,Dawn,1.2,64,0.7,455,-4.8,0.0,0.0,0.0,0.0,Winter,No Holiday,Yes,207
17206,2018-04-06,4,Friday,0,4,Dawn,6.8,97,2.2,453,6.3,0.0,2.0,0.0,2.0,Spring,No Holiday,Yes,9
12557,2018-05-13,5,Sunday,1,6,Dawn,13.5,98,0.4,251,13.1,0.01,0.0,0.0,0.0,Spring,No Holiday,Yes,139
14120,2018-07-02,7,Monday,0,21,Evening,23.4,98,0.4,1038,23.0,0.0,1.0,0.0,1.0,Summer,No Holiday,Yes,72
15921,2018-01-29,1,Monday,0,21,Evening,-7.7,42,2.9,1905,-18.4,0.0,0.0,0.0,0.0,Winter,No Holiday,Yes,182
13706,2018-05-05,5,Saturday,1,1,Dawn,12.1,54,1.3,1820,3.0,0.0,0.0,0.0,0.0,Spring,No Holiday,Yes,716
13067,2017-12-18,12,Monday,0,14,Afternoon,0.5,76,0.9,364,-3.2,0.17,0.0,0.42000000000000004,0.42000000000000004,Winter,No Holiday,Yes,116
14974,2018-03-31,3,Saturday,1,16,Afternoon,18.0,32,3.0,1836,1.0,1.03,0.0,0.0,0.0,Spring,No Holiday,Yes,1578
17503,2018-06-20,6,Wednesday,0,19,Evening,25.6,61,2.7,1236,17.5,0.6,0.0,0.0,0.0,Summer,No Holiday,Yes,2741
16125,2017-12-23,12,Saturday,1,4,Dawn,5.3,79,0.9,506,1.9,0.0,0.0,0.0,0.0,Winter,No Holiday,Yes,120
11178,2018-05-30,5,Wednesday,0,1,Dawn,18.8,84,0.5,488,16.0,0.0,0.0,0.0,0.0,Spring,No Holiday,Yes,570
12835,2018-03-30,3,Friday,0,22,Night,12.7,76,1.5,521,8.5,0.0,0.0,0.0,0.0,Spring,No Holiday,Yes,880
13096,2018-11-01,11,Thursday,0,8,Early Morning,2.8,74,0.9,1366,-1.3,0.13,0.0,0.0,0.0,Autumn,No Holiday,Yes,1899
15980,2018-04-07,4,Saturday,1,23,Night,3.1,39,3.1,2000,-9.5,0.0,0.0,0.0,0.0,Spring,No Holiday,Yes,368
17921,2018-05-02,5,Wednesday,0,19,Evening,12.6,93,3.9,831,11.4,0.0,0.0,0.0,0.0,Spring,No Holiday,Yes,131
16629,2018-07-25,7,Wednesday,0,10,Morning,30.7,61,2.8,1521,22.3,1.5,0.0,0.0,0.0,Summer,No Holiday,Yes,696
18228,2018-07-17,7,Tuesday,0,6,Dawn,24.0,81,0.9,1271,20.5,0.02,0.0,0.0,0.0,Summer,No Holiday,Yes,713
13963,2018-08-06,8,Monday,0,15,Afternoon,33.6,58,3.6,1448,24.1,1.98,0.0,0.0,0.0,Summer,No Holiday,Yes,646
12969,2018-10-01,10,Monday,0,9,Early Morning,14.9,50,3.4,1989,4.5,1.08,0.0,0.0,0.0,Autumn,No Holiday,Yes,1106
12259,2017-12-23,12,Saturday,1,1,Dawn,5.7,75,1.7,706,1.6,0.0,0.0,0.0,0.0,Winter,No Holiday,Yes,337
18317,2017-12-29,12,Friday,0,15,Afternoon,5.7,53,2.7,408,-3.1,0.65,0.0,0.0,0.0,Winter,No Holiday,Yes,426
11131,2018-09-15,9,Saturday,1,4,Dawn,21.2,83,0.6,2000,18.1,0.0,0.1,0.0,0.1,Autumn,No Holiday,Yes,234
17944,2018-06-04,6,Monday,0,1,Dawn,20.7,47,0.9,1987,8.9,0.0,0.0,0.0,0.0,Summer,No Holiday,Yes,596
17401,2018-03-13,3,Tuesday,0,16,Afternoon,17.6,53,3.7,1735,7.8,1.4,0.0,0.0,0.0,Spring,No Holiday,Yes,890
13394,2017-12-10,12,Sunday,1,9,Early Morning,0.2,90,1.0,305,-1.2,0.0,1.6,0.43,2.0300000000000002,Winter,No Holiday,Yes,31
14271,2018-08-01,8,Wednesday,0,11,Morning,35.8,41,1.6,1795,20.4,2.77,0.0,0.0,0.0,Summer,No Holiday,Yes,521
16323,2018-10-25,10,Thursday,0,9,Early Morning,10.3,64,1.0,1544,3.7,0.91,0.0,0.0,0.0,Autumn,No Holiday,Yes,1168
10868,2018-11-14,11,Wednesday,0,9,Early Morning,7.1,61,0.5,1493,0.0,0.57,0.0,0.0,0.0,Autumn,No Holiday,Yes,1019
12970,2018-01-30,1,Tuesday,0,22,Night,-1.7,85,1.2,1006,-3.8,0.0,0.0,0.35,0.35,Winter,No Holiday,Yes,73
12541,2018-06-09,6,Saturday,1,12,Morning,28.2,42,1.4,1563,14.0,2.84,0.0,0.0,0.0,Summer,No Holiday,Yes,1462
15219,2018-11-27,11,Tuesday,0,8,Early Morning,4.2,78,1.2,362,0.6,0.02,0.0,0.0,0.0,Autumn,No Holiday,Yes,1577
12573,2018-07-09,7,Monday,0,9,Early Morning,21.1,72,1.0,1982,15.8,0.52,0.0,0.0,0.0,Summer,No Holiday,Yes,575
13367,2018-03-26,3,Monday,0,22,Night,10.7,58,1.4,600,2.7,0.0,0.0,0.0,0.0,Spring,No Holiday,Yes,662
13153,2018-10-20,10,Saturday,1,4,Dawn,8.9,75,0.4,1877,4.7,0.0,0.0,0.0,0.0,Autumn,No Holiday,Yes,246
10178,2018-08-30,8,Thursday,0,13,Afternoon,28.2,66,2.2,1006,21.2,1.81,0.0,0.0,0.0,Summer,No Holiday,Yes,865
12436,2018-04-14,4,Saturday,1,0,Dawn,14.8,27,2.1,2000,-4.0,0.0,0.0,0.0,0.0,Spring,No Holiday,Yes,664
13118,2018-02-22,2,Thursday,0,3,Dawn,-2.8,57,0.5,1995,-10.1,0.0,0.0,0.0,0.0,Winter,No Holiday,Yes,71
15452,2018-11-17,11,Saturday,1,16,Afternoon,8.3,35,2.1,1987,-6.2,0.37,0.0,0.0,0.0,Autumn,No Holiday,Yes,974
12642,2018-11-16,11,Friday,0,1,Dawn,7.8,59,0.6,768,0.2,0.0,0.0,0.0,0.0,Autumn,No Holiday,Yes,520
10850,2018-10-26,10,Friday,0,17,Afternoon,14.3,77,2.9,1966,10.3,0.5,0.0,0.0,0.0,Autumn,No Holiday,Yes,1386
14299,2018-05-12,5,Saturday,1,20,Evening,15.7,97,0.3,343,15.2,0.0,1.0,0.0,1.0,Spring,No Holiday,Yes,29
18629,2018-06-19,6,Tuesday,0,22,Night,20.8,71,2.1,800,15.3,0.0,0.0,0.0,0.0,Summer,No Holiday,Yes,2096
12574,2018-05-12,5,Saturday,1,12,Morning,12.3,97,0.8,238,11.8,0.14,2.0,0.0,2.0,Spring,No Holiday,Yes,11
12423,2018-03-06,3,Tuesday,0,5,Dawn,-0.9,78,0.6,1687,-4.2,0.0,0.0,0.0,0.0,Spring,No Holiday,Yes,80
18254,2018-08-07,8,Tuesday,0,22,Night,29.8,75,1.4,1609,24.8,0.0,0.0,0.0,0.0,Summer,No Holiday,Yes,1664
13967,2018-07-12,7,Thursday,0,15,Afternoon,28.0,76,2.3,1437,23.3,1.0,0.0,0.0,0.0,Summer,No Holiday,Yes,1163
15275,2018-09-05,9,Wednesday,0,15,Afternoon,28.1,43,5.1,1929,14.3,2.65,0.0,0.0,0.0,Autumn,No Holiday,Yes,1131
14092,2018-02-18,2,Sunday,1,1,Dawn,-4.4,33,1.4,2000,-18.2,0.0,0.0,0.0,0.0,Winter,No Holiday,Yes,103
15898,2018-09-05,9,Wednesday,0,1,Dawn,20.9,66,1.1,2000,14.3,0.0,0.0,0.0,0.0,Autumn,No Holiday,Yes,748
10384,2018-06-16,6,Saturday,1,5,Dawn,16.6,65,1.2,2000,9.9,0.0,0.0,0.0,0.0,Summer,No Holiday,Yes,277
12337,2018-02-28,2,Wednesday,0,19,Evening,2.5,95,1.9,838,1.7,0.0,0.0,0.0,0.0,Winter,No Holiday,Yes,19
12614,2018-11-12,11,Monday,0,21,Evening,8.5,50,0.5,1707,-1.3,0.0,0.0,0.0,0.0,Autumn,No Holiday,Yes,1189
10736,2018-11-13,11,Tuesday,0,21,Evening,8.5,42,1.1,2000,-3.7,0.0,0.0,0.0,0.0,Autumn,No Holiday,Yes,1163
12951,2018-07-04,7,Wednesday,0,17,Afternoon,31.2,56,3.4,1943,21.3,1.82,0.0,0.0,0.0,Summer,No Holiday,Yes,1856
13477,2018-09-23,9,Sunday,1,15,Afternoon,25.0,28,2.2,2000,5.2,2.39,0.0,0.0,0.0,Autumn,Holiday,Yes,1366
15889,2018-04-23,4,Monday,0,14,Afternoon,9.4,96,2.6,304,8.7,0.39,4.0,0.0,4.0,Spring,No Holiday,Yes,17
15526,2018-07-10,7,Tuesday,0,20,Evening,25.3,89,0.3,745,23.3,0.0,0.0,0.0,0.0,Summer,No Holiday,Yes,908
17378,2018-08-04,8,Saturday,1,20,Evening,30.2,66,2.8,2000,23.1,0.02,0.0,0.0,0.0,Summer,No Holiday,Yes,1387
13642,2018-02-21,2,Wednesday,0,5,Dawn,-4.0,35,1.8,2000,-17.2,0.0,0.0,0.0,0.0,Winter,No Holiday,Yes,63
14253,2018-08-28,8,Tuesday,0,13,Afternoon,24.6,97,0.5,765,24.0,0.1,9.5,0.0,9.5,Summer,No Holiday,Yes,31
13356,2018-02-28,2,Wednesday,0,2,Dawn,5.2,54,1.3,516,-3.3,0.0,0.0,0.0,0.0,Winter,No Holiday,Yes,174
16622,2018-09-07,9,Friday,0,16,Afternoon,25.2,39,2.8,1987,10.2,1.65,0.0,0.0,0.0,Autumn,No Holiday,Yes,1577
11176,2018-11-12,11,Monday,0,20,Evening,9.0,48,1.9,1879,-1.4,0.0,0.0,0.0,0.0,Autumn,No Holiday,Yes,1292
16060,2018-08-22,8,Wednesday,0,21,Evening,33.1,46,2.7,2000,19.9,0.0,0.0,0.0,0.0,Summer,No Holiday,Yes,1807
10020,2018-01-26,1,Friday,0,17,Afternoon,-11.5,31,3.3,1745,-25.2,0.41,0.0,0.03,0.03,Winter,No Holiday,Yes,196
13022,2018-06-23,6,Saturday,1,22,Night,23.0,74,2.4,473,18.1,0.0,0.0,0.0,0.0,Summer,No Holiday,Yes,1932
10417,2018-09-26,9,Wednesday,0,17,Afternoon,23.6,38,1.4,2000,8.4,1.04,0.0,0.0,0.0,Autumn,No Holiday,Yes,2349
15140,2018-09-28,9,Friday,0,10,Morning,17.4,51,1.3,1989,7.1,0.81,0.0,0.0,0.0,Autumn,No Holiday,No,0
11031,2018-08-29,8,Wednesday,0,3,Dawn,24.5,87,4.3,1985,22.1,0.0,0.0,0.0,0.0,Summer,No Holiday,Yes,171
12093,2017-12-02,12,Saturday,1,11,Morning,1.9,49,1.8,1406,-7.7,1.0,0.0,0.0,0.0,Winter,No Holiday,Yes,388
13432,2018-03-17,3,Saturday,1,10,Morning,6.0,43,1.0,1829,-5.6,1.69,0.0,0.0,0.0,Spring,No Holiday,Yes,561
11577,2018-08-13,8,Monday,0,10,Morning,30.6,67,0.7,1354,23.7,1.2,0.0,0.0,0.0,Summer,No Holiday,Yes,639
16753,2018-11-03,11,Saturday,1,23,Night,9.2,65,1.2,1064,2.9,0.0,0.0,0.0,0.0,Autumn,No Holiday,No,0
13641,2018-10-11,10,Thursday,0,16,Afternoon,13.8,36,2.9,2000,-1.0,0.98,0.0,0.0,0.0,Autumn,No Holiday,Yes,1284
14553,2018-10-29,10,Monday,0,0,Dawn,5.3,81,1.7,1993,2.2,0.0,0.0,0.0,0.0,Autumn,No Holiday,Yes,434
13287,2018-09-14,9,Friday,0,15,Afternoon,26.6,55,1.8,2000,16.8,1.1,0.0,0.0,0.0,Autumn,No Holiday,Yes,1347
12864,2018-06-10,6,Sunday,1,6,Dawn,18.3,71,0.9,2000,12.9,0.0,0.0,0.0,0.0,Summer,No Holiday,Yes,216
17707,2017-12-26,12,Tuesday,0,11,Morning,-2.1,28,4.9,1887,-18.2,0.87,0.0,0.0,0.0,Winter,No Holiday,Yes,250
17728,2018-07-02,7,Monday,0,16,Afternoon,25.2,87,0.9,601,22.8,0.88,0.0,0.0,0.0,Summer,No Holiday,Yes,839
14322,2017-12-25,12,Monday,0,10,Morning,-3.7,35,3.7,1937,-16.9,0.57,0.0,0.0,0.0,Winter,Holiday,Yes,133
11018,2018-01-16,1,Tuesday,0,12,Morning,5.2,52,1.2,349,-3.8,0.45,0.0,0.0,0.0,Winter,No Holiday,Yes,276
11994,2018-01-19,1,Friday,0,23,Night,-0.5,59,0.9,1487,-7.5,0.0,0.0,0.0,0.0,Winter,No Holiday,Yes,236
18579,2018-09-03,9,Monday,0,6,Dawn,23.8,71,1.2,2000,18.2,0.0,0.0,0.0,0.0,Autumn,No Holiday,Yes,656
15731,2018-11-15,11,Thursday,0,20,Evening,9.5,49,1.3,918,-0.7,0.0,0.0,0.0,0.0,Autumn,No Holiday,Yes,1146
15261,2018-02-19,2,Monday,0,10,Morning,2.6,45,1.2,1230,-8.1,1.17,0.0,0.0,0.0,Winter,No Holiday,Yes,235
17794,2018-07-05,7,Thursday,0,11,Morning,26.3,71,1.1,1340,20.6,0.86,0.0,0.0,0.0,Summer,No Holiday,Yes,890
12125,2018-08-03,8,Friday,0,8,Early Morning,31.8,55,1.3,1537,21.6,0.78,0.0,0.0,0.0,Summer,No Holiday,Yes,1471
11651,2018-05-16,5,Wednesday,0,6,Dawn,22.1,94,0.9,269,21.0,0.0,2.0,0.0,2.0,Spring,No Holiday,Yes,135
11044,2018-11-03,11,Saturday,1,20,Evening,12.1,68,0.8,592,6.3,0.0,0.0,0.0,0.0,Autumn,No Holiday,No,0
10466,2018-05-09,5,Wednesday,0,14,Afternoon,20.7,36,2.2,1788,5.0,3.1,0.0,0.0,0.0,Spring,No Holiday,Yes,1186
12841,2017-12-25,12,Monday,0,7,Early Morning,-4.6,46,2.8,2000,-14.4,0.0,0.0,0.0,0.0,Winter,Holiday,Yes,61
12408,2018-01-21,1,Sunday,1,18,Evening,2.5,24,2.0,2000,-16.0,0.02,0.0,0.0,0.0,Winter,No Holiday,Yes,295
12655,2018-02-24,2,Saturday,1,0,Dawn,4.6,82,3.0,240,1.7,0.0,0.0,0.0,0.0,Winter,No Holiday,Yes,226
14690,2018-06-29,6,Friday,0,15,Afternoon,28.4,63,2.8,742,20.6,2.47,0.0,0.0,0.0,Summer,No Holiday,Yes,1209
10981,2018-07-07,7,Saturday,1,6,Dawn,19.5,61,1.5,2000,11.7,0.03,0.0,0.0,0.0,Summer,No Holiday,Yes,396
14112,2018-03-16,3,Friday,0,12,Morning,9.4,40,2.6,1913,-3.5,2.78,0.0,0.0,0.0,Spring,No Holiday,Yes,705
16262,2018-02-12,2,Monday,0,16,Afternoon,-2.4,33,4.5,1815,-16.5,1.55,0.0,0.0,0.0,Winter,No Holiday,Yes,239
18058,2018-06-29,6,Friday,0,18,Evening,28.1,60,1.9,959,19.5,1.05,0.0,0.0,0.0,Summer,No Holiday,Yes,3113
10368,2018-04-03,4,Tuesday,0,23,Night,15.0,94,1.6,163,14.0,0.0,0.0,0.0,0.0,Spring,No Holiday,Yes,454
17839,2018-07-28,7,Saturday,1,6,Dawn,28.0,85,0.8,647,25.2,0.01,0.0,0.0,0.0,Summer,No Holiday,Yes,313
17416,2018-07-07,7,Saturday,1,23,Night,21.7,51,1.7,2000,11.1,0.0,0.0,0.0,0.0,Summer,No Holiday,Yes,1416
10561,2018-07-01,7,Sunday,1,14,Afternoon,21.5,97,0.7,1522,20.9,0.29,1.0,0.0,1.0,Summer,No Holiday,Yes,14
18051,2018-11-30,11,Friday,0,16,Afternoon,7.2,23,1.5,1945,-12.6,0.72,0.0,0.0,0.0,Autumn,No Holiday,Yes,837
16501,2018-05-06,5,Sunday,1,19,Evening,19.0,70,0.7,2000,13.3,0.33,0.0,0.0,0.0,Spring,No Holiday,Yes,1639
12744,2018-01-01,1,Monday,0,18,Evening,0.8,34,1.9,1887,-13.3,0.01,0.0,0.0,0.0,Winter,Holiday,Yes,218
11188,2018-10-18,10,Thursday,0,15,Afternoon,19.0,38,1.9,2000,4.3,1.72,0.0,0.0,0.0,Autumn,No Holiday,Yes,1203
11842,2018-07-07,7,Saturday,1,18,Evening,27.8,48,1.2,2000,15.7,0.91,0.0,0.0,0.0,Summer,No Holiday,Yes,2238
15586,2018-03-11,3,Sunday,1,11,Morning,7.6,54,1.6,430,-1.1,2.06,0.0,0.0,0.0,Spring,No Holiday,Yes,425
18315,2018-08-02,8,Thursday,0,18,Evening,36.7,47,2.5,1803,23.5,0.99,0.0,0.0,0.0,Summer,No Holiday,Yes,1881
18190,2018-10-21,10,Sunday,1,10,Morning,13.4,46,0.8,1718,1.9,1.61,0.0,0.0,0.0,Autumn,No Holiday,Yes,936
12509,2018-09-08,9,Saturday,1,0,Dawn,19.2,53,3.7,2000,9.3,0.0,0.0,0.0,0.0,Autumn,No Holiday,Yes,1107
16414,2018-08-20,8,Monday,0,22,Night,29.0,63,4.2,1776,21.2,0.0,0.0,0.0,0.0,Summer,No Holiday,Yes,1630
12335,2017-12-21,12,Thursday,0,13,Afternoon,3.2,42,1.8,1349,-8.5,1.08,0.0,0.18,0.18,Winter,No Holiday,Yes,285
17087,2018-07-24,7,Tuesday,0,15,Afternoon,35.8,47,2.2,1029,22.7,1.51,0.0,0.0,0.0,Summer,No Holiday,Yes,735
16859,2018-09-11,9,Tuesday,0,15,Afternoon,26.0,40,1.9,2000,11.3,1.53,0.0,0.0,0.0,Autumn,No Holiday,Yes,1222
17188,2018-10-25,10,Thursday,0,11,Morning,16.4,43,0.7,1713,3.7,1.96,0.0,0.0,0.0,Autumn,No Holiday,Yes,956
15585,2018-06-22,6,Friday,0,20,Evening,25.4,31,2.5,2000,7.0,0.07,0.0,0.0,0.0,Summer,No Holiday,Yes,2493
10515,2018-05-10,5,Thursday,0,13,Afternoon,20.7,46,2.9,1078,8.6,3.26,0.0,0.0,0.0,Spring,No Holiday,No,0
12822,2018-05-27,5,Sunday,1,18,Evening,23.0,36,2.8,1904,7.1,0.85,0.0,0.0,0.0,Spring,No Holiday,Yes,2267
16788,2018-08-30,8,Thursday,0,22,Night,24.6,71,1.5,1319,18.9,0.0,0.0,0.0,0.0,Summer,No Holiday,Yes,1582
11790,2018-04-21,4,Saturday,1,13,Afternoon,24.6,10,2.7,2000,-9.0,3.31,0.0,0.0,0.0,Spring,No Holiday,Yes,1315
15444,2018-01-25,1,Thursday,0,12,Morning,-12.8,25,3.2,1981,-28.7,1.16,0.0,0.06,0.06,Winter,No Holiday,Yes,142
15202,2018-03-12,3,Monday,0,3,Dawn,2.3,48,0.8,1448,-7.6,0.0,0.0,0.0,0.0,Spring,No Holiday,Yes,60
11818,2018-11-01,11,Thursday,0,15,Afternoon,14.8,30,2.7,1990,-2.6,1.71,0.0,0.0,0.0,Autumn,No Holiday,Yes,1094
13896,2018-05-12,5,Saturday,1,10,Morning,11.8,96,1.3,221,11.1,0.12,2.5,0.0,2.5,Spring,No Holiday,Yes,6
12975,2018-01-06,1,Saturday,1,20,Evening,-2.1,41,1.1,1578,-13.6,0.0,0.0,0.0,0.0,Winter,No Holiday,Yes,189
15718,2018-05-06,5,Sunday,1,23,Night,15.9,83,0.6,2000,13.0,0.0,0.0,0.0,0.0,Spring,No Holiday,Yes,1016
11522,2018-01-21,1,Sunday,1,6,Dawn,-3.1,54,1.4,1037,-11.1,0.0,0.0,0.0,0.0,Winter,No Holiday,Yes,36
13007,2018-10-09,10,Tuesday,0,14,Afternoon,18.8,39,1.6,2000,4.5,0.67,0.0,0.0,0.0,Autumn,Holiday,No,0
16564,2018-05-22,5,Tuesday,0,14,Afternoon,22.8,53,1.4,1630,12.7,0.98,0.0,0.0,0.0,Spring,Holiday,Yes,1407
17066,2018-10-25,10,Thursday,0,1,Dawn,10.0,78,0.4,1669,6.3,0.0,0.0,0.0,0.0,Autumn,No Holiday,Yes,572
11261,2018-07-14,7,Saturday,1,19,Evening,30.4,59,2.4,1972,21.4,0.69,0.0,0.0,0.0,Summer,No Holiday,Yes,1797
15195,2018-02-12,2,Monday,0,22,Night,-4.2,57,1.7,2000,-11.4,0.0,0.0,0.0,0.0,Winter,No Holiday,Yes,200
10806,2018-08-10,8,Friday,0,4,Dawn,26.3,85,0.4,1216,23.5,0.0,0.0,0.0,0.0,Summer,No Holiday,Yes,214
17842,2018-01-22,1,Monday,0,9,Early Morning,0.1,33,0.8,1901,-14.3,0.06,0.0,0.0,0.0,Winter,No Holiday,Yes,365
12812,2018-09-24,9,Monday,0,0,Dawn,17.2,50,1.7,2000,6.6,0.0,0.0,0.0,0.0,Autumn,Holiday,Yes,620
18566,2018-05-30,5,Wednesday,0,20,Evening,19.1,64,2.6,1530,12.1,0.06,0.0,0.0,0.0,Spring,No Holiday,Yes,2224
13621,2018-08-20,8,Monday,0,18,Evening,31.6,47,2.1,1867,18.9,0.26,0.0,0.0,0.0,Summer,No Holiday,Yes,2628
11314,2018-10-30,10,Tuesday,0,13,Afternoon,9.8,33,1.8,1937,-5.7,2.3,0.0,0.0,0.0,Autumn,No Holiday,Yes,847
12349,2018-01-15,1,Monday,0,16,Afternoon,7.5,37,0.9,813,-6.2,0.48,0.0,0.0,0.0,Winter,No Holiday,Yes,365
12358,2018-09-25,9,Tuesday,0,2,Dawn,13.4,62,0.2,2000,6.2,0.0,0.0,0.0,0.0,Autumn,Holiday,Yes,292
12664,2018-04-18,4,Wednesday,0,15,Afternoon,19.0,21,3.3,1716,-3.8,2.88,0.0,0.0,0.0,Spring,No Holiday,Yes,1149
11716,2018-05-28,5,Monday,0,9,Early Morning,21.7,48,1.1,1806,10.2,1.92,0.0,0.0,0.0,Spring,No Holiday,Yes,1131
10974,2018-08-30,8,Thursday,0,21,Evening,24.8,72,1.4,1298,19.4,0.0,0.0,0.0,0.0,Summer,No Holiday,Yes,1732
18468,2018-08-03,8,Friday,0,5,Dawn,30.5,72,0.5,1084,24.8,0.0,0.0,0.0,0.0,Summer,No Holiday,Yes,266
10510,2018-04-04,4,Wednesday,0,6,Dawn,11.7,95,0.7,2000,10.9,0.0,2.0,0.0,2.0,Spring,No Holiday,Yes,172
14709,2018-07-25,7,Wednesday,0,5,Dawn,28.3,74,2.4,1378,23.2,0.0,0.0,0.0,0.0,Summer,No Holiday,Yes,299
17581,2018-01-09,1,Tuesday,0,15,Afternoon,-2.4,51,4.6,1458,-11.1,0.46,0.0,0.0,0.0,Winter,No Holiday,Yes,257
12006,2018-01-22,1,Monday,0,14,Afternoon,3.3,73,0.4,744,-1.0,0.11,0.0,0.0,0.0,Winter,No Holiday,Yes,249
17672,2018-09-20,9,Thursday,0,22,Night,18.4,85,2.1,1772,15.8,0.0,0.0,0.0,0.0,Autumn,No Holiday,Yes,1049
10939,2018-04-09,4,Monday,0,20,Evening,11.7,34,0.9,1393,-3.6,0.0,0.0,0.0,0.0,Spring,No Holiday,Yes,1362
16921,2018-03-24,3,Saturday,1,4,Dawn,5.1,54,1.2,550,-3.4,0.0,0.0,0.0,0.0,Spring,No Holiday,Yes,122
14081,2018-09-12,9,Wednesday,0,5,Dawn,17.5,60,1.6,2000,9.6,0.0,0.0,0.0,0.0,Autumn,No Holiday,Yes,241
18273,2018-02-11,2,Sunday,1,16,Afternoon,-3.6,36,4.4,2000,-16.5,0.67,0.0,0.0,0.0,Winter,No Holiday,Yes,175
18084,2018-05-05,5,Saturday,1,14,Afternoon,23.6,34,3.3,1829,6.8,2.57,0.0,0.0,0.0,Spring,No Holiday,Yes,1669
16591,2018-11-13,11,Tuesday,0,6,Dawn,4.2,72,0.8,1326,-0.4,0.0,0.0,0.0,0.0,Autumn,No Holiday,Yes,402
15017,2018-11-11,11,Sunday,1,14,Afternoon,10.1,58,0.9,605,2.1,0.43,0.0,0.0,0.0,Autumn,No Holiday,Yes,810
17308,2018-03-18,3,Sunday,1,14,Afternoon,11.0,41,1.1,763,-1.7,0.81,0.0,0.0,0.0,Spring,No Holiday,Yes,993
17933,2018-06-29,6,Friday,0,0,Dawn,21.9,95,1.9,357,21.0,0.0,0.0,0.0,0.0,Summer,No Holiday,Yes,470
11542,2018-03-10,3,Saturday,1,11,Morning,5.7,58,2.3,700,-1.9,2.08,0.0,0.0,0.0,Spring,No Holiday,Yes,497
13443,2018-11-13,11,Tuesday,0,22,Night,8.1,50,0.5,2000,-1.7,0.0,0.0,0.0,0.0,Autumn,No Holiday,Yes,1126
16027,2018-05-21,5,Monday,0,7,Early Morning,12.3,0,0.9,1989,-2.7,0.48,0.0,0.0,0.0,Spring,No Holiday,Yes,1135
13156,2018-07-25,7,Wednesday,0,16,Afternoon,34.1,52,2.5,1304,22.8,2.23,0.0,0.0,0.0,Summer,No Holiday,Yes,977
12366,2018-08-08,8,Wednesday,0,9,Early Morning,30.2,66,1.4,1131,23.1,1.48,0.0,0.0,0.0,Summer,No Holiday,Yes,920
12412,2018-10-20,10,Saturday,1,13,Afternoon,19.4,26,1.1,1942,-0.6,2.45,0.0,0.0,0.0,Autumn,No Holiday,Yes,1585
10056,2018-02-27,2,Tuesday,0,20,Evening,5.9,44,1.3,733,-5.4,0.0,0.0,0.0,0.0,Winter,No Holiday,Yes,461
12952,2018-10-26,10,Friday,0,5,Dawn,12.4,60,0.8,1563,4.8,0.0,0.0,0.0,0.0,Autumn,No Holiday,Yes,178
13005,2018-04-22,4,Sunday,1,20,Evening,13.3,80,1.8,821,9.9,0.0,1.5,0.0,1.5,Spring,No Holiday,Yes,12
15270,2018-02-23,2,Friday,0,12,Morning,5.3,70,0.9,226,0.2,1.73,0.0,0.16999999999999998,0.16999999999999998,Winter,No Holiday,Yes,283
15971,2018-02-20,2,Tuesday,0,15,Afternoon,5.4,18,3.7,1940,-17.0,1.82,0.0,0.0,0.0,Winter,No Holiday,Yes,431
13607,2018-04-01,4,Sunday,1,19,Evening,17.4,79,2.3,614,13.7,0.03,0.0,0.0,0.0,Spring,No Holiday,Yes,1066
17380,2018-07-23,7,Monday,0,20,Evening,31.5,61,1.8,2000,23.0,0.07,0.0,0.0,0.0,Summer,No Holiday,Yes,2051
13971,2018-04-30,4,Monday,0,9,Early Morning,17.5,65,1.0,416,10.8,1.0,0.0,0.0,0.0,Spring,No Holiday,Yes,983
10065,2017-12-21,12,Thursday,0,17,Afternoon,2.9,60,1.3,1193,-4.1,0.16,0.0,0.08,0.08,Winter,No Holiday,Yes,366
12752,2018-05-09,5,Wednesday,0,2,Dawn,10.9,59,1.1,2000,3.1,0.0,0.0,0.0,0.0,Spring,No Holiday,Yes,245
17498,2017-12-24,12,Sunday,1,16,Afternoon,2.3,91,3.3,270,0.9,0.07,0.0,0.0,0.0,Winter,Holiday,Yes,54
13742,2018-11-04,11,Sunday,1,19,Evening,12.9,56,2.5,1345,4.3,0.0,0.0,0.0,0.0,Autumn,No Holiday,Yes,1180
12432,2018-10-06,10,Saturday,1,6,Dawn,16.5,96,2.3,417,15.8,0.0,8.5,0.0,8.5,Autumn,No Holiday,No,0
18439,2018-02-16,2,Friday,0,9,Early Morning,-4.3,33,0.7,1923,-18.2,0.6,0.0,0.0,0.0,Winter,Holiday,Yes,48
13933,2018-04-05,4,Thursday,0,20,Evening,7.3,96,1.9,2000,6.6,0.0,0.0,0.0,0.0,Spring,No Holiday,Yes,56
14289,2018-01-16,1,Tuesday,0,23,Night,3.9,60,0.9,379,-3.1,0.0,0.0,0.0,0.0,Winter,No Holiday,Yes,242
15165,2018-03-04,3,Sunday,1,19,Evening,11.2,81,2.3,1614,8.0,0.0,0.0,0.0,0.0,Spring,No Holiday,Yes,289
16428,2018-09-08,9,Saturday,1,22,Night,21.5,51,2.0,2000,10.9,0.0,0.0,0.0,0.0,Autumn,No Holiday,Yes,1675
10530,2018-02-21,2,Wednesday,0,14,Afternoon,3.3,14,2.9,1985,-21.7,2.49,0.0,0.0,0.0,Winter,No Holiday,Yes,365
16618,2018-06-19,6,Tuesday,0,20,Evening,22.4,62,2.2,1041,14.7,0.05,0.0,0.0,0.0,Summer,No Holiday,Yes,2525
17749,2018-06-14,6,Thursday,0,11,Morning,20.5,79,1.7,770,16.7,1.25,0.0,0.0,0.0,Summer,No Holiday,Yes,735
12658,2018-07-28,7,Saturday,1,8,Early Morning,29.6,75,0.4,749,24.6,0.66,0.0,0.0,0.0,Summer,No Holiday,Yes,606
18673,2018-10-09,10,Tuesday,0,19,Evening,17.3,47,2.2,2000,5.8,0.0,0.0,0.0,0.0,Autumn,Holiday,No,0
16064,2018-05-31,5,Thursday,0,1,Dawn,15.5,82,1.5,513,12.4,0.0,0.0,0.0,0.0,Spring,No Holiday,Yes,610
18279,2018-10-23,10,Tuesday,0,15,Afternoon,16.6,68,1.5,955,10.6,1.55,0.0,0.0,0.0,Autumn,No Holiday,Yes,1010
15024,2018-08-28,8,Tuesday,0,17,Afternoon,24.8,96,1.8,564,24.1,0.14,2.5,0.0,2.5,Summer,No Holiday,Yes,39
18054,2018-02-18,2,Sunday,1,23,Night,-0.7,37,0.9,1814,-13.6,0.0,0.0,0.0,0.0,Winter,No Holiday,Yes,153
14337,2017-12-09,12,Saturday,1,14,Afternoon,4.7,32,2.2,1948,-10.6,1.06,0.0,0.0,0.0,Winter,No Holiday,Yes,486
10265,2018-01-14,1,Sunday,1,10,Morning,-2.1,72,1.7,489,-6.4,0.34,0.0,0.0,0.0,Winter,No Holiday,Yes,134
11299,2018-04-01,4,Sunday,1,1,Dawn,11.7,74,0.5,979,7.2,0.0,0.0,0.0,0.0,Spring,No Holiday,Yes,453
11996,2018-07-06,7,Friday,0,3,Dawn,22.6,66,1.5,2000,15.9,0.0,0.0,0.0,0.0,Summer,No Holiday,Yes,403
12543,2018-06-08,6,Friday,0,11,Morning,21.9,64,2.4,1359,14.7,1.03,0.0,0.0,0.0,Summer,No Holiday,Yes,1095
11691,2018-09-30,9,Sunday,1,5,Dawn,16.1,78,0.4,2000,12.2,0.0,0.0,0.0,0.0,Autumn,No Holiday,No,0
14172,2018-09-08,9,Saturday,1,12,Morning,25.2,36,2.4,1995,9.0,2.93,0.0,0.0,0.0,Autumn,No Holiday,Yes,1273
15798,2018-04-22,4,Sunday,1,1,Dawn,15.9,39,0.2,2000,1.9,0.0,0.0,0.0,0.0,Spring,No Holiday,Yes,578
10308,2018-11-11,11,Sunday,1,21,Evening,8.0,51,0.5,1989,-1.5,0.0,0.0,0.0,0.0,Autumn,No Holiday,Yes,689
12385,2018-10-03,10,Wednesday,0,3,Dawn,12.6,78,0.6,1907,8.8,0.0,0.0,0.0,0.0,Autumn,Holiday,Yes,497
10722,2018-11-13,11,Tuesday,0,2,Dawn,5.6,64,0.1,1556,-0.6,0.0,0.0,0.0,0.0,Autumn,No Holiday,Yes,330
15654,2018-10-05,10,Friday,0,9,Early Morning,16.3,85,1.8,942,13.7,0.13,1.2,0.0,1.2,Autumn,No Holiday,Yes,47
16994,2018-07-21,7,Saturday,1,7,Early Morning,25.3,71,0.4,1226,19.6,0.34,0.0,0.0,0.0,Summer,No Holiday,Yes,491
11746,2018-06-29,6,Friday,0,13,Afternoon,26.8,65,2.0,732,19.6,2.37,0.0,0.0,0.0,Summer,No Holiday,Yes,1117
12175,2018-02-11,2,Sunday,1,21,Evening,-5.6,69,2.2,1984,-10.3,0.0,0.0,0.0,0.0,Winter,No Holiday,Yes,119
10501,2018-09-19,9,Wednesday,0,15,Afternoon,25.9,39,1.4,1836,10.8,0.9,0.0,0.0,0.0,Autumn,No Holiday,No,0
15644,2017-12-26,12,Tuesday,0,15,Afternoon,-1.9,17,5.0,2000,-23.7,0.93,0.0,0.0,0.0,Winter,No Holiday,Yes,246
10130,2018-02-08,2,Thursday,0,22,Night,-3.9,41,0.4,1462,-15.2,0.0,0.0,0.0,0.0,Winter,No Holiday,Yes,233
17803,2018-03-04,3,Sunday,1,8,Early Morning,8.3,97,0.6,152,7.8,0.01,0.0,0.0,0.0,Spring,No Holiday,Yes,70
10419,2018-04-18,4,Wednesday,0,19,Evening,14.7,40,2.4,1207,1.2,0.21,0.0,0.0,0.0,Spring,No Holiday,Yes,842
13302,2018-08-29,8,Wednesday,0,0,Dawn,22.7,96,0.3,2000,22.0,0.0,1.0,0.0,1.0,Summer,No Holiday,Yes,208
11376,2018-06-03,6,Sunday,1,23,Night,22.0,44,0.8,1978,9.1,0.0,0.0,0.0,0.0,Summer,No Holiday,Yes,1274
13066,2018-01-04,1,Thursday,0,16,Afternoon,-1.4,34,1.8,1719,-15.2,0.3,0.0,0.0,0.0,Winter,No Holiday,Yes,309
12151,2018-08-24,8,Friday,0,23,Night,23.4,79,2.7,1990,19.5,0.0,0.0,0.0,0.0,Summer,No Holiday,Yes,1084
15923,2018-09-16,9,Sunday,1,4,Dawn,22.5,89,0.7,444,20.5,0.0,0.3,0.0,0.3,Autumn,No Holiday,Yes,188
17156,2018-05-15,5,Tuesday,0,2,Dawn,17.1,74,0.4,350,12.4,0.0,0.0,0.0,0.0,Spring,No Holiday,Yes,372
14231,2018-09-15,9,Saturday,1,0,Dawn,21.8,83,1.5,2000,18.7,0.0,0.0,0.0,0.0,Autumn,No Holiday,Yes,906
17389,2018-01-11,1,Thursday,0,16,Afternoon,-8.2,39,2.8,1807,-19.7,0.63,0.0,0.0,0.0,Winter,No Holiday,Yes,179
15468,2018-09-14,9,Friday,0,19,Evening,25.3,60,1.2,2000,16.9,0.04,0.0,0.0,0.0,Autumn,No Holiday,Yes,1996
17309,2018-11-05,11,Monday,0,20,Evening,12.7,75,2.0,433,8.3,0.0,0.0,0.0,0.0,Autumn,No Holiday,Yes,1464
14471,2018-02-06,2,Tuesday,0,18,Evening,-7.6,36,3.3,2000,-20.1,0.11,0.0,0.0,0.0,Winter,No Holiday,Yes,392
14137,2018-05-27,5,Sunday,1,21,Evening,19.5,46,1.8,1734,7.5,0.0,0.0,0.0,0.0,Spring,No Holiday,Yes,1729
11114,2018-06-08,6,Friday,0,16,Afternoon,26.6,49,3.2,1200,15.0,2.35,0.0,0.0,0.0,Summer,No Holiday,Yes,1668
10754,2018-08-10,8,Friday,0,22,Night,30.9,54,0.8,2000,20.5,0.0,0.0,0.0,0.0,Summer,No Holiday,Yes,1544
17907,2018-11-28,11,Wednesday,0,2,Dawn,4.1,34,1.3,928,-10.3,0.0,0.0,0.0,0.0,Autumn,No Holiday,Yes,275
10370,2018-07-22,7,Sunday,1,17,Afternoon,37.6,33,2.1,1837,18.5,1.82,0.0,0.0,0.0,Summer,No Holiday,Yes,965
17258,2018-06-26,6,Tuesday,0,11,Morning,20.4,97,1.4,129,19.9,0.09,16.0,0.0,16.0,Summer,No Holiday,Yes,11
10074,2018-01-16,1,Tuesday,0,9,Early Morning,1.9,65,0.8,402,-3.9,0.06,0.0,0.0,0.0,Winter,No Holiday,Yes,376
12606,2018-04-02,4,Monday,0,7,Early Morning,15.1,80,1.0,623,11.6,0.01,0.0,0.0,0.0,Spring,No Holiday,Yes,918
12182,2018-11-19,11,Monday,0,15,Afternoon,11.1,35,1.9,861,-3.8,1.11,0.0,0.0,0.0,Autumn,No Holiday,Yes,839
18285,2018-06-11,6,Monday,0,2,Dawn,19.2,60,1.5,2000,11.2,0.0,0.0,0.0,0.0,Summer,No Holiday,Yes,353
14286,2018-02-12,2,Monday,0,13,Afternoon,-2.7,29,2.9,1961,-18.3,2.29,0.0,0.0,0.0,Winter,No Holiday,Yes,246
16965,2018-10-13,10,Saturday,1,8,Early Morning,7.4,70,0.5,1373,2.2,0.36,0.0,0.0,0.0,Autumn,No Holiday,Yes,728
14706,2018-04-03,4,Tuesday,0,9,Early Morning,18.3,67,2.4,1375,12.0,0.55,0.0,0.0,0.0,Spring,No Holiday,Yes,867
14908,2018-01-26,1,Friday,0,8,Early Morning,-17.8,40,2.5,2000,-28.1,0.0,0.0,0.05,0.05,Winter,No Holiday,Yes,322
10839,2018-01-20,1,Saturday,1,19,Evening,3.5,66,1.7,187,-2.2,0.0,0.0,0.0,0.0,Winter,No Holiday,Yes,223
15207,2018-07-14,7,Saturday,1,14,Afternoon,30.7,59,2.9,1612,21.7,2.05,0.0,0.0,0.0,Summer,No Holiday,Yes,1038
10439,2018-01-13,1,Saturday,1,5,Dawn,-6.3,51,0.8,2000,-14.8,0.0,0.0,0.0,0.0,Winter,No Holiday,Yes,40
13931,2018-02-20,2,Tuesday,0,0,Dawn,0.0,75,2.3,394,-3.9,0.0,0.0,0.0,0.0,Winter,No Holiday,Yes,177
11006,2018-08-29,8,Wednesday,0,21,Evening,23.7,98,0.6,410,23.3,0.0,5.5,0.0,5.5,Summer,No Holiday,Yes,22
13301,2018-07-03,7,Tuesday,0,12,Morning,30.1,64,1.2,2000,22.5,2.54,0.0,0.0,0.0,Summer,No Holiday,Yes,944
11507,2018-06-13,6,Wednesday,0,16,Afternoon,25.8,50,1.7,1152,14.5,0.66,0.0,0.0,0.0,Summer,No Holiday,Yes,2474
14377,2018-09-17,9,Monday,0,13,Afternoon,25.6,50,3.8,1876,14.3,2.82,0.0,0.0,0.0,Autumn,No Holiday,Yes,1069
13038,2018-02-13,2,Tuesday,0,5,Dawn,-6.7,64,1.6,1981,-12.3,0.0,0.0,0.0,0.0,Winter,No Holiday,Yes,51
17520,2017-12-06,12,Wednesday,0,1,Dawn,-3.0,79,0.0,293,-6.1,0.0,0.0,0.03,0.03,Winter,No Holiday,Yes,144
13390,2018-08-18,8,Saturday,1,23,Night,25.9,52,1.3,2000,15.2,0.0,0.0,0.0,0.0,Summer,No Holiday,Yes,1342
12523,2018-08-14,8,Tuesday,0,21,Evening,31.3,59,0.3,2000,22.3,0.0,0.0,0.0,0.0,Summer,No Holiday,Yes,1684
10667,2018-07-19,7,Thursday,0,11,Morning,30.7,48,1.6,1705,18.4,2.92,0.0,0.0,0.0,Summer,No Holiday,Yes,687
18061,2018-05-01,5,Tuesday,0,10,Morning,22.2,61,1.2,531,14.3,1.72,0.0,0.0,0.0,Spring,Holiday,Yes,1002
15006,2018-01-07,1,Sunday,1,12,Morning,1.1,34,0.9,1455,-13.0,0.6,0.0,0.0,0.0,Winter,No Holiday,Yes,278
17854,2018-11-08,11,Thursday,0,10,Morning,10.8,94,1.8,578,9.8,0.15,0.0,0.0,0.0,Autumn,No Holiday,Yes,17
11604,2018-05-18,5,Friday,0,0,Dawn,19.3,97,1.8,523,18.8,0.0,1.0,0.0,1.0,Spring,No Holiday,Yes,129
13914,2018-02-02,2,Friday,0,22,Night,-2.4,63,1.3,1523,-8.4,0.0,0.0,0.0,0.0,Winter,No Holiday,Yes,227
10725,2018-03-18,3,Sunday,1,19,Evening,10.0,53,1.7,796,0.8,0.01,0.0,0.0,0.0,Spring,No Holiday,Yes,237
14021,2018-09-12,9,Wednesday,0,18,Evening,27.0,44,1.4,2000,13.6,0.62,0.0,0.0,0.0,Autumn,No Holiday,Yes,3256
13381,2018-04-01,4,Sunday,1,17,Afternoon,18.0,72,1.8,559,12.8,0.47,0.0,0.0,0.0,Spring,No Holiday,Yes,1362
17105,2018-10-14,10,Sunday,1,0,Dawn,10.4,59,0.0,971,2.7,0.0,0.0,0.0,0.0,Autumn,No Holiday,Yes,811
11465,2018-04-24,4,Tuesday,0,13,Afternoon,15.9,53,2.1,2000,6.3,1.54,0.0,0.0,0.0,Spring,No Holiday,Yes,923
18125,2018-02-19,2,Monday,0,23,Night,0.5,73,1.5,465,-3.7,0.0,0.0,0.0,0.0,Winter,No Holiday,Yes,218
14670,2018-03-22,3,Thursday,0,21,Evening,4.5,62,2.0,826,-2.1,0.0,0.0,0.0,0.0,Spring,No Holiday,Yes,726
11435,2018-10-10,10,Wednesday,0,18,Evening,12.2,45,3.1,2000,0.5,0.16,0.0,0.0,0.0,Autumn,No Holiday,Yes,2514
15834,2018-06-29,6,Friday,0,2,Dawn,22.2,96,0.8,269,21.5,0.0,0.2,0.0,0.2,Summer,No Holiday,Yes,345
10345,2018-11-26,11,Monday,0,11,Morning,7.2,66,1.5,542,1.2,1.41,0.0,0.0,0.0,Autumn,No Holiday,Yes,643
15503,2018-05-05,5,Saturday,1,16,Afternoon,23.2,30,4.5,1787,4.6,1.49,0.0,0.0,0.0,Spring,No Holiday,Yes,1223
10485,2018-03-08,3,Thursday,0,17,Afternoon,7.5,64,4.3,538,1.1,0.88,0.0,0.0,0.0,Spring,No Holiday,Yes,757
10713,2017-12-24,12,Sunday,1,20,Evening,0.6,67,3.3,506,-4.8,0.0,0.0,0.0,0.0,Winter,Holiday,Yes,116
18503,2018-01-25,1,Thursday,0,1,Dawn,-16.1,42,2.2,2000,-26.0,0.0,0.0,0.06999999999999999,0.06999999999999999,Winter,No Holiday,Yes,68
18469,2018-04-26,4,Thursday,0,17,Afternoon,20.7,30,3.3,1482,2.4,1.48,0.0,0.0,0.0,Spring,No Holiday,Yes,1796
15068,2018-03-24,3,Saturday,1,18,Evening,9.0,76,3.0,288,4.9,0.45,0.0,0.0,0.0,Spring,No Holiday,Yes,736
15062,2018-05-25,5,Friday,0,2,Dawn,16.1,70,0.6,787,10.6,0.0,0.0,0.0,0.0,Spring,No Holiday,Yes,437
16422,2018-07-02,7,Monday,0,3,Dawn,21.1,96,2.4,866,20.4,0.0,4.5,0.0,4.5,Summer,No Holiday,Yes,23
14753,2018-02-17,2,Saturday,1,16,Afternoon,1.3,15,4.2,2000,-22.5,1.63,0.0,0.0,0.0,Winter,Holiday,Yes,267
13307,2018-02-05,2,Monday,0,12,Morning,-7.8,28,4.1,2000,-23.1,2.12,0.0,0.0,0.0,Winter,No Holiday,Yes,157
10874,2017-12-03,12,Sunday,1,19,Evening,5.7,85,1.7,309,3.3,0.0,0.0,0.0,0.0,Winter,No Holiday,Yes,422
10219,2018-08-15,8,Wednesday,0,11,Morning,35.4,44,1.2,1887,21.2,2.58,0.0,0.0,0.0,Summer,Holiday,Yes,586
14436,2017-12-15,12,Friday,0,2,Dawn,-6.8,58,0.4,1089,-13.6,0.0,0.0,0.0,0.0,Winter,No Holiday,Yes,162
14643,2018-01-17,1,Wednesday,0,1,Dawn,3.3,64,0.4,339,-2.8,0.0,0.0,0.0,0.0,Winter,No Holiday,Yes,183
12885,2018-11-06,11,Tuesday,0,21,Evening,13.0,76,0.9,231,8.8,0.0,0.0,0.0,0.0,Autumn,No Holiday,No,0
14891,2018-04-07,4,Saturday,1,18,Evening,6.4,43,3.7,2000,-5.2,0.92,0.0,0.0,0.0,Spring,No Holiday,Yes,714
17518,2018-08-18,8,Saturday,1,7,Early Morning,21.7,57,1.3,2000,12.8,0.23,0.0,0.0,0.0,Summer,No Holiday,Yes,475
14763,2018-08-02,8,Thursday,0,19,Evening,35.2,52,2.3,1754,23.8,0.44,0.0,0.0,0.0,Summer,No Holiday,Yes,1605
13653,2018-10-30,10,Tuesday,0,22,Night,7.6,50,1.8,2000,-2.1,0.0,0.0,0.0,0.0,Autumn,No Holiday,Yes,948
16486,2018-04-26,4,Thursday,0,9,Early Morning,14.0,54,1.5,1054,4.8,1.37,0.0,0.0,0.0,Spring,No Holiday,Yes,1027
17323,2018-04-27,4,Friday,0,13,Afternoon,21.0,36,1.0,1164,5.3,2.99,0.0,0.0,0.0,Spring,No Holiday,Yes,1133
14561,2018-05-15,5,Tuesday,0,14,Afternoon,28.5,33,0.9,1348,10.6,2.51,0.0,0.0,0.0,Spring,No Holiday,Yes,1092
15962,2018-04-27,4,Friday,0,12,Morning,19.5,40,1.1,1055,5.5,2.89,0.0,0.0,0.0,Spring,No Holiday,Yes,1142
10697,2018-05-06,5,Sunday,1,22,Night,16.4,80,1.2,2000,12.9,0.0,0.0,0.0,0.0,Spring,No Holiday,Yes,1290
15395,2018-03-21,3,Wednesday,0,4,Dawn,1.3,39,2.3,2000,-11.1,0.0,0.0,0.0,0.0,Spring,No Holiday,Yes,70
12907,2018-04-22,4,Sunday,1,19,Evening,15.2,64,1.7,1185,8.4,0.02,0.5,0.0,0.5,Spring,No Holiday,Yes,32
15011,2018-05-11,5,Friday,0,20,Evening,16.7,52,0.9,1328,6.7,0.0,0.0,0.0,0.0,Spring,No Holiday,Yes,941
17138,2018-06-24,6,Sunday,1,18,Evening,29.8,35,3.3,1805,12.6,1.15,0.0,0.0,0.0,Summer,No Holiday,Yes,2094
16052,2017-12-14,12,Thursday,0,21,Evening,-4.8,45,0.8,1351,-14.9,0.0,0.0,0.0,0.0,Winter,No Holiday,Yes,316
18401,2018-01-08,1,Monday,0,7,Early Morning,0.7,44,0.8,1357,-10.1,0.0,0.0,0.0,0.0,Winter,No Holiday,Yes,374
12407,2018-05-29,5,Tuesday,0,17,Afternoon,23.9,65,1.9,1425,16.9,1.02,0.0,0.0,0.0,Spring,No Holiday,Yes,2022
10298,2018-11-10,11,Saturday,1,4,Dawn,9.5,87,0.6,266,7.4,0.0,0.0,0.0,0.0,Autumn,No Holiday,Yes,223
14078,2018-09-10,9,Monday,0,14,Afternoon,27.8,37,1.4,1983,11.7,2.67,0.0,0.0,0.0,Autumn,No Holiday,Yes,1064
10963,2018-08-10,8,Friday,0,23,Night,30.4,58,1.4,2000,21.2,0.0,0.0,0.0,0.0,Summer,No Holiday,Yes,1198
15084,2018-10-07,10,Sunday,1,9,Early Morning,16.2,60,1.9,1899,8.4,1.16,0.0,0.0,0.0,Autumn,No Holiday,Yes,753
16005,2018-02-08,2,Thursday,0,2,Dawn,-8.3,65,0.4,1750,-13.7,0.0,0.0,0.0,0.0,Winter,No Holiday,Yes,103
12052,2018-08-28,8,Tuesday,0,9,Early Morning,24.2,80,1.2,1708,20.5,0.57,0.0,0.0,0.0,Summer,No Holiday,Yes,865
14152,2018-02-01,2,Thursday,0,21,Evening,-3.2,47,1.8,1917,-12.9,0.0,0.0,0.0,0.0,Winter,No Holiday,Yes,257
10978,2018-06-30,6,Saturday,1,21,Evening,23.9,84,0.7,1552,21.0,0.0,0.0,0.0,0.0,Summer,No Holiday,Yes,1005
15097,2018-06-17,6,Sunday,1,2,Dawn,20.5,76,1.1,994,16.1,0.0,0.0,0.0,0.0,Summer,No Holiday,Yes,755
12419,2018-08-13,8,Monday,0,13,Afternoon,33.0,54,1.7,1458,22.4,1.23,0.0,0.0,0.0,Summer,No Holiday,Yes,698
15145,2017-12-21,12,Thursday,0,18,Evening,1.7,64,1.3,1140,-4.3,0.0,0.0,0.08,0.08,Winter,No Holiday,Yes,531
13003,2018-06-07,6,Thursday,0,8,Early Morning,18.9,82,2.3,326,15.7,0.44,0.0,0.0,0.0,Summer,No Holiday,Yes,2317
17729,2018-03-22,3,Thursday,0,14,Afternoon,11.4,30,3.1,1672,-5.5,2.82,0.0,0.0,0.0,Spring,No Holiday,Yes,674
11895,2018-09-15,9,Saturday,1,2,Dawn,21.7,78,1.0,2000,17.6,0.0,0.0,0.0,0.0,Autumn,No Holiday,Yes,580
16358,2018-07-21,7,Saturday,1,21,Evening,30.2,54,1.8,2000,19.8,0.0,0.0,0.0,0.0,Summer,No Holiday,Yes,1731
10781,2018-09-05,9,Wednesday,0,18,Evening,27.0,45,2.4,2000,14.0,0.77,0.0,0.0,0.0,Autumn,No Holiday,Yes,3160
10385,2018-07-15,7,Sunday,1,13,Afternoon,31.4,53,3.2,1695,20.6,3.28,0.0,0.0,0.0,Summer,No Holiday,Yes,810
10305,2018-11-02,11,Friday,0,17,Afternoon,17.0,36,1.5,1672,1.8,0.47,0.0,0.0,0.0,Autumn,No Holiday,Yes,1730
13771,2017-12-28,12,Thursday,0,0,Dawn,-6.5,41,1.7,2000,-17.6,0.0,0.0,0.0,0.0,Winter,No Holiday,Yes,164
18569,2018-11-17,11,Saturday,1,4,Dawn,1.7,74,1.7,1226,-2.4,0.0,0.0,0.0,0.0,Autumn,No Holiday,Yes,195
16401,2018-08-29,8,Wednesday,0,6,Dawn,24.7,85,3.8,2000,22.0,0.0,0.0,0.0,0.0,Summer,No Holiday,Yes,346
10547,2018-04-17,4,Tuesday,0,7,Early Morning,6.9,57,1.1,1633,-1.0,0.18,0.0,0.0,0.0,Spring,No Holiday,Yes,1100
16075,2018-07-18,7,Wednesday,0,1,Dawn,25.7,80,0.2,805,21.9,0.0,0.0,0.0,0.0,Summer,No Holiday,Yes,741
14396,2017-12-17,12,Sunday,1,3,Dawn,-9.0,40,3.1,2000,-20.1,0.0,0.0,0.0,0.0,Winter,No Holiday,Yes,100
15518,2018-07-02,7,Monday,0,13,Afternoon,22.6,97,0.6,367,22.0,0.3,0.5,0.0,0.5,Summer,No Holiday,Yes,304
12904,2018-07-05,7,Thursday,0,17,Afternoon,27.3,76,0.9,1971,22.6,0.52,0.0,0.0,0.0,Summer,No Holiday,Yes,1381
13473,2018-01-07,1,Sunday,1,16,Afternoon,2.6,32,1.0,1381,-12.4,0.27,0.0,0.0,0.0,Winter,No Holiday,Yes,333
14403,2018-11-26,11,Monday,0,7,Early Morning,1.7,89,1.3,295,0.0,0.0,0.0,0.03,0.03,Autumn,No Holiday,Yes,819
16477,2018-07-12,7,Thursday,0,19,Evening,27.4,78,1.1,1899,23.2,0.27,0.0,0.0,0.0,Summer,No Holiday,Yes,2313
11599,2018-10-29,10,Monday,0,5,Dawn,5.1,76,0.7,2000,1.2,0.0,0.0,0.0,0.0,Autumn,No Holiday,Yes,161
12223,2018-09-26,9,Wednesday,0,9,Early Morning,17.7,54,1.8,2000,8.2,0.63,0.0,0.0,0.0,Autumn,No Holiday,Yes,680
11856,2018-08-31,8,Friday,0,13,Afternoon,28.7,46,2.6,1815,15.9,3.1,0.0,0.0,0.0,Summer,No Holiday,Yes,965
17592,2018-05-28,5,Monday,0,7,Early Morning,16.8,0,0.8,1387,8.9,0.36,0.0,0.0,0.0,Spring,No Holiday,Yes,1502
13688,2017-12-15,12,Friday,0,1,Dawn,-6.3,57,0.4,1148,-13.4,0.0,0.0,0.0,0.0,Winter,No Holiday,Yes,241
15075,2018-06-10,6,Sunday,1,7,Early Morning,18.4,68,0.6,2000,12.3,0.04,0.0,0.0,0.0,Summer,No Holiday,Yes,313
12107,2018-02-25,2,Sunday,1,10,Morning,2.1,42,1.1,1564,-9.5,1.12,0.0,0.0,0.0,Winter,No Holiday,Yes,195
13987,2017-12-16,12,Saturday,1,11,Morning,-5.2,30,4.0,1991,-20.1,0.86,0.0,0.0,0.0,Winter,No Holiday,Yes,239
17345,2018-07-06,7,Friday,0,10,Morning,23.7,59,1.7,2000,15.2,0.89,0.0,0.0,0.0,Summer,No Holiday,Yes,998
13246,2018-05-09,5,Wednesday,0,23,Night,15.2,62,1.4,2000,7.9,0.0,0.0,0.0,0.0,Spring,No Holiday,Yes,1073
11864,2018-09-21,9,Friday,0,21,Evening,19.9,82,0.6,2000,16.7,0.0,0.0,0.0,0.0,Autumn,No Holiday,Yes,1540
10263,2018-10-13,10,Saturday,1,22,Night,11.7,60,0.5,1002,4.1,0.0,0.0,0.0,0.0,Autumn,No Holiday,Yes,1147
15255,2018-03-10,3,Saturday,1,2,Dawn,1.6,79,0.9,685,-1.6,0.0,0.0,0.0,0.0,Spring,No Holiday,Yes,241
13959,2018-04-18,4,Wednesday,0,23,Night,10.7,42,0.9,1236,-1.7,0.0,0.0,0.0,0.0,Spring,No Holiday,Yes,671
11401,2018-04-18,4,Wednesday,0,17,Afternoon,17.8,26,3.3,1439,-1.9,1.63,0.0,0.0,0.0,Spring,No Holiday,Yes,1738
12463,2018-02-03,2,Saturday,1,21,Evening,-9.1,38,2.7,2000,-20.8,0.0,0.0,0.0,0.0,Winter,No Holiday,Yes,107
14245,2018-10-07,10,Sunday,1,22,Night,13.6,38,1.5,2000,-0.4,0.0,0.0,0.0,0.0,Autumn,No Holiday,Yes,1160
18234,2017-12-14,12,Thursday,0,3,Dawn,-10.7,48,0.4,1651,-19.6,0.0,0.0,0.0,0.0,Winter,No Holiday,Yes,80
14995,2018-02-26,2,Monday,0,22,Night,2.7,40,1.0,1089,-9.5,0.0,0.0,0.0,0.0,Winter,No Holiday,Yes,443
12912,2018-08-27,8,Monday,0,1,Dawn,20.5,89,0.5,235,18.6,0.0,1.5,0.0,1.5,Summer,No Holiday,Yes,61
10646,2018-04-24,4,Tuesday,0,19,Evening,13.3,37,1.2,2000,-1.1,0.12,0.0,0.0,0.0,Spring,No Holiday,Yes,1580
18511,2018-03-27,3,Tuesday,0,5,Dawn,8.0,63,0.8,439,1.3,0.0,0.0,0.0,0.0,Spring,No Holiday,Yes,110
16572,2018-10-02,10,Tuesday,0,14,Afternoon,21.5,39,2.5,1691,6.9,2.56,0.0,0.0,0.0,Autumn,No Holiday,No,0
15257,2018-04-03,4,Tuesday,0,5,Dawn,16.9,73,1.6,1275,12.0,0.0,0.0,0.0,0.0,Spring,No Holiday,Yes,163
14967,2017-12-16,12,Saturday,1,5,Dawn,-5.6,72,2.0,662,-9.8,0.0,0.0,0.0,0.0,Winter,No Holiday,Yes,45
11874,2017-12-18,12,Monday,0,6,Dawn,-5.2,85,0.9,271,-7.3,0.0,0.4,0.13,0.53,Winter,No Holiday,Yes,45
15366,2018-01-21,1,Sunday,1,16,Afternoon,4.7,17,2.1,2000,-18.3,0.55,0.0,0.0,0.0,Winter,No Holiday,Yes,396
13848,2018-06-03,6,Sunday,1,16,Afternoon,30.4,28,3.6,1790,9.8,2.48,0.0,0.0,0.0,Summer,No Holiday,Yes,1834
12159,2018-05-06,5,Sunday,1,15,Afternoon,17.8,77,1.6,2000,13.7,1.13,0.0,0.0,0.0,Spring,No Holiday,Yes,770
15108,2018-08-12,8,Sunday,1,14,Afternoon,35.0,45,2.2,1957,21.2,2.73,0.0,0.0,0.0,Summer,No Holiday,Yes,697
18025,2018-07-12,7,Thursday,0,1,Dawn,26.6,80,0.0,1485,22.8,0.0,0.0,0.0,0.0,Summer,No Holiday,Yes,787
11503,2018-08-09,8,Thursday,0,0,Dawn,28.9,75,1.6,1946,24.0,0.0,0.0,0.0,0.0,Summer,No Holiday,Yes,929
16390,2018-03-30,3,Friday,0,19,Evening,15.2,60,3.2,1081,7.4,0.09,0.0,0.0,0.0,Spring,No Holiday,Yes,1268
17046,2018-11-10,11,Saturday,1,13,Afternoon,15.9,48,2.7,538,4.8,1.87,0.0,0.0,0.0,Autumn,No Holiday,Yes,1094
10329,2018-06-27,6,Wednesday,0,21,Evening,23.3,71,1.3,1145,17.7,0.0,0.0,0.0,0.0,Summer,No Holiday,Yes,2200
12603,2018-03-20,3,Tuesday,0,1,Dawn,5.5,42,3.1,2000,-6.4,0.0,0.0,0.0,0.0,Spring,No Holiday,Yes,243
10059,2018-06-23,6,Saturday,1,18,Evening,26.3,55,3.2,1119,16.5,0.64,0.0,0.0,0.0,Summer,No Holiday,Yes,2256
14384,2017-12-17,12,Sunday,1,20,Evening,-6.0,42,0.8,2000,-16.8,0.0,0.0,0.0,0.0,Winter,No Holiday,Yes,166
12203,2018-07-17,7,Tuesday,0,9,Early Morning,27.5,60,2.2,1252,19.0,1.59,0.0,0.0,0.0,Summer,No Holiday,Yes,1031
11339,2018-07-30,7,Monday,0,14,Afternoon,35.3,41,1.3,2000,20.0,2.01,0.0,0.0,0.0,Summer,No Holiday,Yes,645
16717,2018-11-10,11,Saturday,1,2,Dawn,10.7,80,0.6,409,7.3,0.0,0.0,0.0,0.0,Autumn,No Holiday,Yes,568
15210,2018-06-20,6,Wednesday,0,20,Evening,23.3,68,3.6,895,17.0,0.11,0.0,0.0,0.0,Summer,No Holiday,Yes,2519
10104,2018-11-25,11,Sunday,1,1,Dawn,2.7,86,1.0,460,0.5,0.0,0.0,0.29,0.29,Autumn,No Holiday,Yes,370
10206,2018-01-02,1,Tuesday,0,0,Dawn,-1.8,54,1.1,1772,-9.8,0.0,0.0,0.0,0.0,Winter,No Holiday,Yes,148
10766,2017-12-17,12,Sunday,1,7,Early Morning,-10.2,42,2.3,2000,-20.6,0.0,0.0,0.0,0.0,Winter,No Holiday,Yes,53
17168,2018-06-19,6,Tuesday,0,21,Evening,21.6,66,2.4,962,14.9,0.0,0.0,0.0,0.0,Summer,No Holiday,Yes,2378
13277,2018-06-20,6,Wednesday,0,12,Morning,25.2,53,3.3,976,14.9,3.38,0.0,0.0,0.0,Summer,No Holiday,Yes,1252
13929,2018-11-12,11,Monday,0,22,Night,7.6,55,1.7,1694,-0.8,0.0,0.0,0.0,0.0,Autumn,No Holiday,Yes,1023
16126,2018-03-28,3,Wednesday,0,7,Early Morning,9.6,82,1.1,284,6.6,0.04,0.0,0.0,0.0,Spring,No Holiday,Yes,741
14762,2018-05-14,5,Monday,0,4,Dawn,11.9,94,1.3,210,10.9,0.0,0.0,0.0,0.0,Spring,No Holiday,Yes,121
11711,2018-06-06,6,Wednesday,0,8,Early Morning,21.2,59,1.2,794,12.8,1.13,0.0,0.0,0.0,Summer,Holiday,Yes,799
16359,2018-07-11,7,Wednesday,0,18,Evening,28.4,75,2.4,1564,23.5,0.52,0.0,0.0,0.0,Summer,No Holiday,Yes,2931
18029,2018-04-05,4,Thursday,0,14,Afternoon,8.0,95,1.5,514,7.2,0.35,0.0,0.0,0.0,Spring,No Holiday,Yes,46
13737,2018-05-30,5,Wednesday,0,21,Evening,18.2,69,2.0,1286,12.4,0.0,0.0,0.0,0.0,Spring,No Holiday,Yes,2074
15964,2018-02-14,2,Wednesday,0,14,Afternoon,7.8,57,3.5,675,-0.2,1.34,0.0,0.0,0.0,Winter,No Holiday,Yes,398
13482,2018-04-27,4,Friday,0,23,Night,14.0,66,1.2,519,7.7,0.0,0.0,0.0,0.0,Spring,No Holiday,Yes,975
12520,2018-02-10,2,Saturday,1,10,Morning,1.8,73,2.8,270,-2.5,0.69,0.0,0.0,0.0,Winter,No Holiday,Yes,223
18024,2018-10-11,10,Thursday,0,23,Night,8.4,60,1.5,2000,1.0,0.0,0.0,0.0,0.0,Autumn,No Holiday,Yes,857
11888,2018-01-10,1,Wednesday,0,14,Afternoon,-5.3,37,5.3,2000,-17.7,1.05,0.0,0.03,0.03,Winter,No Holiday,Yes,177
13121,2018-04-26,4,Thursday,0,4,Dawn,10.7,70,0.7,1404,5.4,0.0,0.0,0.0,0.0,Spring,No Holiday,Yes,140
10503,2018-04-06,4,Friday,0,22,Night,3.9,68,3.0,737,-1.4,0.0,0.0,0.0,0.0,Spring,No Holiday,Yes,499
16349,2018-07-20,7,Friday,0,22,Night,28.8,65,1.3,1988,21.5,0.0,0.0,0.0,0.0,Summer,No Holiday,Yes,1782
18587,2018-04-29,4,Sunday,1,6,Dawn,9.5,65,1.0,1325,3.2,0.01,0.0,0.0,0.0,Spring,No Holiday,Yes,183
18192,2018-04-02,4,Monday,0,22,Night,17.4,66,2.3,1565,10.9,0.0,0.0,0.0,0.0,Spring,No Holiday,Yes,1213
15284,2018-04-01,4,Sunday,1,11,Morning,16.7,55,2.1,1182,7.6,1.37,0.0,0.0,0.0,Spring,No Holiday,Yes,737
11807,2018-08-01,8,Wednesday,0,19,Evening,36.1,56,3.7,1837,25.9,0.47,0.0,0.0,0.0,Summer,No Holiday,Yes,1553
12467,2018-03-31,3,Saturday,1,6,Dawn,9.4,75,0.9,1117,5.1,0.0,0.0,0.0,0.0,Spring,No Holiday,Yes,142
17006,2018-11-16,11,Friday,0,9,Early Morning,8.2,61,0.6,586,1.1,0.26,0.0,0.0,0.0,Autumn,No Holiday,Yes,991
10765,2018-10-14,10,Sunday,1,16,Afternoon,19.1,31,2.1,1960,1.5,1.27,0.0,0.0,0.0,Autumn,No Holiday,Yes,2097
13135,2018-08-04,8,Saturday,1,12,Morning,33.2,52,2.5,1514,22.0,1.59,0.0,0.0,0.0,Summer,No Holiday,Yes,640
18226,2017-12-07,12,Thursday,0,11,Morning,2.3,69,1.7,628,-2.8,0.63,0.0,0.06,0.06,Winter,No Holiday,Yes,333
17472,2018-06-26,6,Tuesday,0,4,Dawn,24.7,49,1.0,1293,13.2,0.0,0.0,0.0,0.0,Summer,No Holiday,Yes,143
16852,2018-11-28,11,Wednesday,0,19,Evening,6.0,24,3.0,1861,-13.0,0.0,0.0,0.0,0.0,Autumn,No Holiday,Yes,1039
10018,2018-04-06,4,Friday,0,13,Afternoon,7.9,58,4.3,488,0.1,1.88,0.0,0.0,0.0,Spring,No Holiday,Yes,683
18516,2018-05-13,5,Sunday,1,19,Evening,17.6,73,2.0,886,12.6,0.34,0.0,0.0,0.0,Spring,No Holiday,Yes,2023
12431,2018-09-23,9,Sunday,1,23,Night,17.7,45,1.1,2000,5.6,0.0,0.0,0.0,0.0,Autumn,Holiday,Yes,768
10151,2018-04-17,4,Tuesday,0,5,Dawn,7.4,56,0.6,1746,-0.8,0.0,0.0,0.0,0.0,Spring,No Holiday,Yes,143
18613,2018-06-23,6,Saturday,1,3,Dawn,22.0,42,0.2,1891,8.4,0.0,0.0,0.0,0.0,Summer,No Holiday,Yes,540
16257,2018-03-24,3,Saturday,1,13,Afternoon,12.4,50,2.5,379,2.2,2.48,0.0,0.0,0.0,Spring,No Holiday,Yes,880
13361,2018-08-27,8,Monday,0,21,Evening,23.9,88,0.8,2000,21.7,0.0,0.0,0.0,0.0,Summer,No Holiday,Yes,1762
15651,2018-05-24,5,Thursday,0,17,Afternoon,23.4,38,2.7,1885,8.2,1.76,0.0,0.0,0.0,Spring,No Holiday,Yes,1863
13797,2018-06-07,6,Thursday,0,12,Morning,25.0,56,3.0,715,15.6,3.19,0.0,0.0,0.0,Summer,No Holiday,Yes,1099
13728,2017-12-12,12,Tuesday,0,23,Night,-9.3,47,2.1,2000,-18.5,0.0,0.0,0.0,0.0,Winter,No Holiday,Yes,173
10164,2018-09-22,9,Saturday,1,3,Dawn,18.8,90,1.0,1191,17.1,0.0,0.0,0.0,0.0,Autumn,No Holiday,Yes,458
13527,2018-10-01,10,Monday,0,0,Dawn,14.1,55,2.6,2000,5.1,0.0,0.0,0.0,0.0,Autumn,No Holiday,Yes,680
17288,2018-06-27,6,Wednesday,0,15,Afternoon,25.5,68,2.4,638,19.1,1.61,0.0,0.0,0.0,Summer,No Holiday,Yes,1362
14227,2018-06-16,6,Saturday,1,7,Early Morning,17.0,60,1.1,1993,9.1,0.47,0.0,0.0,0.0,Summer,No Holiday,Yes,583
12568,2018-10-10,10,Wednesday,0,17,Afternoon,13.1,45,3.1,2000,1.4,0.62,0.0,0.0,0.0,Autumn,No Holiday,Yes,1775
13011,2018-04-22,4,Sunday,1,3,Dawn,15.2,31,0.3,2000,-1.8,0.0,0.0,0.0,0.0,Spring,No Holiday,Yes,289
17316,2018-11-19,11,Monday,0,0,Dawn,6.8,56,0.7,1505,-1.3,0.0,0.0,0.0,0.0,Autumn,No Holiday,Yes,457
11993,2018-01-05,1,Friday,0,17,Afternoon,-0.6,45,3.3,1827,-11.0,0.24,0.0,0.0,0.0,Winter,No Holiday,Yes,446
15157,2017-12-16,12,Saturday,1,10,Morning,-6.2,42,2.3,1893,-17.0,0.52,0.0,0.0,0.0,Winter,No Holiday,Yes,201
12738,2018-03-12,3,Monday,0,19,Evening,10.6,47,2.0,425,-0.2,0.03,0.0,0.0,0.0,Spring,No Holiday,Yes,946
13893,2018-11-26,11,Monday,0,10,Morning,5.1,70,1.2,498,0.0,0.93,0.0,0.0,0.0,Autumn,No Holiday,Yes,586
17699,2018-04-18,4,Wednesday,0,4,Dawn,7.2,49,0.8,1546,-2.8,0.0,0.0,0.0,0.0,Spring,No Holiday,Yes,105
13937,2018-09-26,9,Wednesday,0,12,Morning,22.5,37,1.8,2000,7.0,2.5,0.0,0.0,0.0,Autumn,No Holiday,Yes,1358
10484,2018-08-23,8,Thursday,0,10,Morning,30.2,52,1.8,2000,19.2,0.93,0.0,0.0,0.0,Summer,No Holiday,Yes,551
11950,2018-08-09,8,Thursday,0,16,Afternoon,31.6,73,3.0,1133,26.1,1.57,0.0,0.0,0.0,Summer,No Holiday,Yes,559
16777,2018-11-03,11,Saturday,1,9,Early Morning,7.9,58,1.3,1033,0.1,0.8,0.0,0.0,0.0,Autumn,No Holiday,No,0
16833,2018-10-02,10,Tuesday,0,5,Dawn,10.8,82,0.3,1778,7.8,0.0,0.0,0.0,0.0,Autumn,No Holiday,No,0
13206,2018-02-04,2,Sunday,1,3,Dawn,-10.6,47,3.7,2000,-19.7,0.0,0.0,0.0,0.0,Winter,No Holiday,Yes,54
12127,2017-12-28,12,Thursday,0,1,Dawn,-6.6,39,1.4,2000,-18.2,0.0,0.0,0.0,0.0,Winter,No Holiday,Yes,169
10373,2018-06-04,6,Monday,0,16,Afternoon,25.5,43,3.2,1892,11.9,1.72,0.0,0.0,0.0,Summer,No Holiday,Yes,1671
15976,2018-03-22,3,Thursday,0,5,Dawn,1.1,88,0.9,927,-0.6,0.0,0.0,0.0,0.0,Spring,No Holiday,Yes,81
14275,2018-06-12,6,Tuesday,0,13,Afternoon,25.7,46,0.8,2000,13.2,3.18,0.0,0.0,0.0,Summer,No Holiday,Yes,1215
14401,2018-11-30,11,Friday,0,10,Morning,1.9,51,0.8,1029,-7.1,1.01,0.0,0.0,0.0,Autumn,No Holiday,Yes,554
13239,2018-10-12,10,Friday,0,13,Afternoon,15.8,36,1.5,1888,0.7,2.59,0.0,0.0,0.0,Autumn,No Holiday,Yes,1110
17808,2018-09-20,9,Thursday,0,21,Evening,18.7,84,2.7,1744,15.9,0.0,0.0,0.0,0.0,Autumn,No Holiday,Yes,784
12619,2018-09-20,9,Thursday,0,2,Dawn,19.9,64,1.5,1755,12.8,0.0,0.0,0.0,0.0,Autumn,No Holiday,Yes,524
12316,2018-02-16,2,Friday,0,0,Dawn,-3.3,35,1.8,1977,-16.6,0.0,0.0,0.0,0.0,Winter,Holiday,Yes,105
11683,2018-01-15,1,Monday,0,2,Dawn,3.6,65,0.9,959,-2.3,0.0,0.0,0.0,0.0,Winter,No Holiday,Yes,74
17282,2018-08-09,8,Thursday,0,20,Evening,27.9,78,0.6,1989,23.7,0.03,0.0,0.0,0.0,Summer,No Holiday,Yes,1591
16362,2018-09-03,9,Monday,0,21,Evening,21.6,97,0.5,646,21.0,0.0,0.5,0.0,0.5,Autumn,No Holiday,Yes,110
17176,2018-09-28,9,Friday,0,8,Early Morning,15.2,58,1.7,2000,6.9,0.29,0.0,0.0,0.0,Autumn,No Holiday,No,0
12446,2017-12-03,12,Sunday,1,5,Dawn,3.9,75,1.9,914,-0.1,0.0,0.0,0.0,0.0,Winter,No Holiday,Yes,32
15550,2018-02-19,2,Monday,0,20,Evening,2.4,60,1.9,661,-4.5,0.0,0.0,0.0,0.0,Winter,No Holiday,Yes,417
16746,2018-05-09,5,Wednesday,0,21,Evening,16.4,56,0.8,2000,7.5,0.0,0.0,0.0,0.0,Spring,No Holiday,Yes,1940
10950,2018-07-13,7,Friday,0,0,Dawn,25.1,87,0.4,1800,22.7,0.0,0.0,0.0,0.0,Summer,No Holiday,Yes,1006
12966,2018-04-30,4,Monday,0,15,Afternoon,24.1,48,2.7,419,12.3,2.47,0.0,0.0,0.0,Spring,No Holiday,Yes,1168
12703,2018-09-01,9,Saturday,1,17,Afternoon,29.6,42,1.3,2000,15.3,0.98,0.0,0.0,0.0,Autumn,No Holiday,Yes,1845
12870,2017-12-04,12,Monday,0,3,Dawn,3.6,85,2.3,206,1.3,0.0,0.0,0.0,0.0,Winter,No Holiday,Yes,65
16284,2018-05-24,5,Thursday,0,5,Dawn,11.3,64,1.2,1634,4.7,0.0,0.0,0.0,0.0,Spring,No Holiday,Yes,205
17598,2018-02-01,2,Thursday,0,5,Dawn,-7.8,65,2.3,1737,-13.2,0.0,0.0,0.16,0.16,Winter,No Holiday,Yes,51
18081,2018-08-24,8,Friday,0,15,Afternoon,24.0,94,3.1,1188,22.9,0.41,0.5,0.0,0.5,Summer,No Holiday,Yes,405
18130,2018-04-28,4,Saturday,1,4,Dawn,11.4,78,1.8,362,7.6,0.0,0.0,0.0,0.0,Spring,No Holiday,Yes,166
12962,2018-05-29,5,Tuesday,0,9,Early Morning,21.0,67,1.1,1012,14.6,0.54,0.0,0.0,0.0,Spring,No Holiday,Yes,1192
18397,2018-09-12,9,Wednesday,0,20,Evening,24.0,56,0.5,1890,14.6,0.0,0.0,0.0,0.0,Autumn,No Holiday,Yes,2146
16699,2018-09-04,9,Tuesday,0,15,Afternoon,26.7,51,3.4,2000,15.7,2.09,0.0,0.0,0.0,Autumn,No Holiday,Yes,1178
13883,2018-09-14,9,Friday,0,0,Dawn,22.1,74,1.1,1962,17.2,0.0,0.0,0.0,0.0,Autumn,No Holiday,Yes,971
10171,2018-11-10,11,Saturday,1,0,Dawn,11.3,77,0.9,433,7.4,0.0,0.0,0.0,0.0,Autumn,No Holiday,Yes,754
15833,2018-08-14,8,Tuesday,0,0,Dawn,29.3,68,1.6,2000,22.7,0.0,0.0,0.0,0.0,Summer,No Holiday,Yes,872
16413,2018-01-14,1,Sunday,1,5,Dawn,-4.2,79,1.2,442,-7.3,0.0,0.0,0.0,0.0,Winter,No Holiday,Yes,29
10053,2018-03-26,3,Monday,0,14,Afternoon,17.4,39,2.9,520,3.2,2.7,0.0,0.0,0.0,Spring,No Holiday,Yes,575
10202,2018-07-26,7,Thursday,0,3,Dawn,27.7,76,0.2,1376,23.0,0.0,0.0,0.0,0.0,Summer,No Holiday,Yes,355
16250,2018-11-22,11,Thursday,0,19,Evening,3.6,48,2.6,2000,-6.4,0.0,0.0,0.0,0.0,Autumn,No Holiday,Yes,1032
11015,2018-04-19,4,Thursday,0,21,Evening,14.2,44,2.4,1290,2.1,0.0,0.0,0.0,0.0,Spring,No Holiday,Yes,1165
15267,2018-06-05,6,Tuesday,0,3,Dawn,19.1,72,0.6,1370,13.9,0.0,0.0,0.0,0.0,Summer,No Holiday,Yes,314
14109,2018-09-08,9,Saturday,1,8,Early Morning,17.1,57,1.0,1979,8.5,0.76,0.0,0.0,0.0,Autumn,No Holiday,Yes,827
11929,2018-09-06,9,Thursday,0,19,Evening,25.3,71,3.3,2000,19.6,0.05,0.0,0.0,0.0,Autumn,No Holiday,Yes,1990
17031,2018-05-26,5,Saturday,1,12,Morning,26.2,31,1.2,1161,7.7,3.18,0.0,0.0,0.0,Spring,No Holiday,Yes,1285
14574,2018-11-30,11,Friday,0,2,Dawn,0.6,66,0.5,1368,-5.0,0.0,0.0,0.0,0.0,Autumn,No Holiday,Yes,300
17859,2018-05-06,5,Sunday,1,9,Early Morning,15.4,97,0.8,413,14.9,0.18,1.0,0.0,1.0,Spring,No Holiday,Yes,12
14106,2017-12-11,12,Monday,0,19,Evening,-8.6,45,3.9,2000,-18.4,0.0,0.0,0.0,0.0,Winter,No Holiday,Yes,371
11518,2018-01-10,1,Wednesday,0,18,Evening,-7.8,32,4.5,2000,-21.6,0.02,0.0,0.0,0.0,Winter,No Holiday,Yes,437
18427,2018-01-18,1,Thursday,0,23,Night,0.6,47,2.3,1046,-9.4,0.0,0.0,0.0,0.0,Winter,No Holiday,Yes,232
12693,2018-10-28,10,Sunday,1,12,Morning,11.9,74,1.6,1801,7.4,1.84,0.0,0.0,0.0,Autumn,No Holiday,Yes,630
14218,2018-06-13,6,Wednesday,0,8,Early Morning,20.7,65,1.5,1004,13.8,0.97,0.0,0.0,0.0,Summer,No Holiday,Yes,959
13199,2018-06-28,6,Thursday,0,6,Dawn,22.0,90,0.4,373,20.2,0.04,0.1,0.0,0.1,Summer,No Holiday,Yes,594
14703,2018-11-30,11,Friday,0,4,Dawn,-0.5,71,0.4,1345,-5.1,0.0,0.0,0.0,0.0,Autumn,No Holiday,Yes,116
17169,2017-12-09,12,Saturday,1,4,Dawn,-4.3,49,0.7,2000,-13.4,0.0,0.0,0.0,0.0,Winter,No Holiday,Yes,96
14066,2018-08-05,8,Sunday,1,0,Dawn,28.0,82,1.4,1221,24.6,0.0,0.0,0.0,0.0,Summer,No Holiday,Yes,983
14803,2018-02-16,2,Friday,0,5,Dawn,-5.0,44,0.9,1976,-15.3,0.0,0.0,0.0,0.0,Winter,Holiday,Yes,28
13740,2017-12-26,12,Tuesday,0,13,Afternoon,-2.0,15,4.7,1970,-25.2,1.18,0.0,0.0,0.0,Winter,No Holiday,Yes,262
17002,2018-03-19,3,Monday,0,11,Morning,10.2,65,3.3,2000,3.9,0.57,0.0,0.0,0.0,Spring,No Holiday,Yes,393
15160,2017-12-11,12,Monday,0,9,Early Morning,-5.9,36,5.1,1941,-18.6,0.1,0.0,0.0,0.0,Winter,No Holiday,Yes,326
16107,2018-02-20,2,Tuesday,0,11,Morning,2.8,35,3.9,1265,-11.1,1.71,0.0,0.0,0.0,Winter,No Holiday,Yes,322
15515,2018-06-18,6,Monday,0,12,Morning,28.4,45,2.2,649,15.3,2.92,0.0,0.0,0.0,Summer,No Holiday,Yes,988
16945,2018-05-22,5,Tuesday,0,0,Dawn,16.0,71,0.5,1299,10.7,0.0,0.0,0.0,0.0,Spring,Holiday,Yes,957
10934,2018-09-06,9,Thursday,0,3,Dawn,21.5,85,0.1,1282,18.8,0.0,0.0,0.0,0.0,Autumn,No Holiday,Yes,320
11914,2018-01-23,1,Tuesday,0,7,Early Morning,-12.5,41,4.5,2000,-23.0,0.0,0.0,0.1,0.1,Winter,No Holiday,Yes,211
12789,2018-01-15,1,Monday,0,5,Dawn,5.0,76,1.9,808,1.1,0.0,0.0,0.0,0.0,Winter,No Holiday,Yes,55
16706,2018-06-17,6,Sunday,1,4,Dawn,19.4,82,0.9,531,16.2,0.0,0.0,0.0,0.0,Summer,No Holiday,Yes,304
12622,2018-04-17,4,Tuesday,0,18,Evening,17.1,31,3.3,1501,-0.1,0.93,0.0,0.0,0.0,Spring,No Holiday,Yes,1727
16121,2018-10-18,10,Thursday,0,8,Early Morning,8.5,77,0.5,1995,4.6,0.21,0.0,0.0,0.0,Autumn,No Holiday,Yes,2154
16585,2018-10-24,10,Wednesday,0,18,Evening,15.1,53,1.7,2000,5.5,0.06,0.0,0.0,0.0,Autumn,No Holiday,Yes,2612
17394,2018-01-18,1,Thursday,0,18,Evening,2.0,39,2.1,1259,-10.5,0.01,0.0,0.0,0.0,Winter,No Holiday,Yes,506
12656,2018-03-20,3,Tuesday,0,5,Dawn,4.1,42,3.1,2000,-7.6,0.0,0.0,0.0,0.0,Spring,No Holiday,Yes,92
15534,2017-12-09,12,Saturday,1,13,Afternoon,3.9,36,2.0,1702,-9.8,1.13,0.0,0.0,0.0,Winter,No Holiday,Yes,431
18059,2017-12-01,12,Friday,0,2,Dawn,-6.0,39,1.0,2000,-17.7,0.0,0.0,0.0,0.0,Winter,No Holiday,Yes,173
17145,2018-07-22,7,Sunday,1,21,Evening,32.3,50,1.7,1784,20.5,0.0,0.0,0.0,0.0,Summer,No Holiday,Yes,1666
18181,2018-09-06,9,Thursday,0,12,Morning,26.9,60,2.3,1592,18.4,1.67,0.0,0.0,0.0,Autumn,No Holiday,Yes,1041
11113,2018-03-11,3,Sunday,1,7,Early Morning,2.9,84,1.9,241,0.4,0.0,0.0,0.0,0.0,Spring,No Holiday,Yes,119
16670,2017-12-27,12,Wednesday,0,10,Morning,-8.5,29,2.4,1992,-23.4,0.56,0.0,0.0,0.0,Winter,No Holiday,Yes,146
12511,2018-11-11,11,Sunday,1,16,Afternoon,9.9,59,1.3,578,2.2,0.1,0.0,0.0,0.0,Autumn,No Holiday,Yes,616
14551,2018-09-16,9,Sunday,1,17,Afternoon,22.0,89,2.2,285,20.0,0.21,1.0,0.0,1.0,Autumn,No Holiday,Yes,322
16897,2018-03-19,3,Monday,0,12,Morning,10.2,58,3.5,2000,2.2,0.32,0.0,0.0,0.0,Spring,No Holiday,Yes,403
14947,2018-04-10,4,Tuesday,0,0,Dawn,9.0,46,1.2,1259,-2.0,0.0,0.0,0.0,0.0,Spring,No Holiday,Yes,485
18220,2018-03-30,3,Friday,0,16,Afternoon,20.7,36,3.6,811,5.0,1.82,0.0,0.0,0.0,Spring,No Holiday,Yes,1156
12753,2018-08-29,8,Wednesday,0,22,Night,24.3,97,2.1,1028,23.7,0.0,4.5,0.0,4.5,Summer,No Holiday,Yes,74
10170,2018-04-20,4,Friday,0,10,Morning,18.2,36,1.0,620,2.8,1.99,0.0,0.0,0.0,Spring,No Holiday,Yes,708
14532,2018-11-10,11,Saturday,1,17,Afternoon,14.8,47,1.3,787,3.5,0.35,0.0,0.0,0.0,Autumn,No Holiday,Yes,1379
14276,2018-11-20,11,Tuesday,0,20,Evening,8.5,32,2.6,1789,-7.2,0.0,0.0,0.0,0.0,Autumn,No Holiday,Yes,1078
15265,2018-03-26,3,Monday,0,3,Dawn,5.5,96,1.6,72,4.9,0.0,0.0,0.0,0.0,Spring,No Holiday,Yes,62
12691,2018-06-14,6,Thursday,0,15,Afternoon,24.6,57,1.8,1664,15.5,1.54,0.0,0.0,0.0,Summer,No Holiday,Yes,1292
15737,2018-09-01,9,Saturday,1,12,Morning,28.9,46,1.6,1966,16.1,2.96,0.0,0.0,0.0,Autumn,No Holiday,Yes,1086
12810,2018-10-24,10,Wednesday,0,12,Morning,16.8,48,1.6,1673,5.7,2.1,0.0,0.0,0.0,Autumn,No Holiday,Yes,1126
17956,2018-05-08,5,Tuesday,0,15,Afternoon,22.4,39,1.9,2000,7.7,2.16,0.0,0.0,0.0,Spring,No Holiday,Yes,1267
18256,2018-08-09,8,Thursday,0,14,Afternoon,30.8,69,1.8,1218,24.4,1.58,0.0,0.0,0.0,Summer,No Holiday,Yes,561
12990,2018-03-19,3,Monday,0,15,Afternoon,9.8,57,3.0,2000,1.6,0.43,0.0,0.0,0.0,Spring,No Holiday,Yes,263
17039,2017-12-16,12,Saturday,1,23,Night,-8.0,41,2.2,2000,-18.9,0.0,0.0,0.0,0.0,Winter,No Holiday,Yes,142
11055,2018-11-02,11,Friday,0,14,Afternoon,18.0,31,1.2,1506,0.5,1.98,0.0,0.0,0.0,Autumn,No Holiday,Yes,1160
13000,2018-06-22,6,Friday,0,22,Night,23.3,32,1.1,2000,5.6,0.0,0.0,0.0,0.0,Summer,No Holiday,Yes,2103
16599,2018-04-11,4,Wednesday,0,10,Morning,13.3,51,4.1,1487,3.3,2.17,0.0,0.0,0.0,Spring,No Holiday,No,0
17060,2018-07-02,7,Monday,0,4,Dawn,20.8,97,1.0,2000,20.3,0.0,4.0,0.0,4.0,Summer,No Holiday,Yes,58
17130,2018-07-15,7,Sunday,1,7,Early Morning,25.2,80,0.2,1551,21.4,0.18,0.0,0.0,0.0,Summer,No Holiday,Yes,402
13981,2018-07-13,7,Friday,0,20,Evening,28.2,76,2.2,1888,23.5,0.08,0.0,0.0,0.0,Summer,No Holiday,Yes,2069
14589,2018-07-11,7,Wednesday,0,2,Dawn,24.5,96,0.5,476,23.8,0.0,0.0,0.0,0.0,Summer,No Holiday,Yes,236
18233,2018-07-18,7,Wednesday,0,0,Dawn,26.2,79,0.7,850,22.2,0.0,0.0,0.0,0.0,Summer,No Holiday,Yes,1002
13762,2017-12-30,12,Saturday,1,21,Evening,1.8,92,1.1,109,0.6,0.0,0.2,0.0,0.2,Winter,No Holiday,Yes,64
10896,2018-01-09,1,Tuesday,0,8,Early Morning,-6.0,64,3.2,1384,-11.7,0.0,0.0,0.06999999999999999,0.06999999999999999,Winter,No Holiday,Yes,554
11418,2018-06-01,6,Friday,0,10,Morning,25.3,45,1.3,1371,12.5,2.45,0.0,0.0,0.0,Summer,No Holiday,Yes,862
15919,2018-10-05,10,Friday,0,18,Evening,16.7,96,1.6,1461,16.0,0.03,1.0,0.0,1.0,Autumn,No Holiday,Yes,74
18703,2018-03-17,3,Saturday,1,2,Dawn,2.3,56,0.6,2000,-5.5,0.0,0.0,0.0,0.0,Spring,No Holiday,Yes,268
14893,2018-08-19,8,Sunday,1,11,Morning,28.4,43,1.0,1914,14.6,1.52,0.0,0.0,0.0,Summer,No Holiday,Yes,795
16264,2018-11-28,11,Wednesday,0,12,Morning,7.9,14,1.7,1688,-18.0,1.81,0.0,0.0,0.0,Autumn,No Holiday,Yes,635
11739,2017-12-22,12,Friday,0,0,Dawn,-1.7,79,0.5,794,-4.8,0.0,0.0,0.08,0.08,Winter,Holiday,Yes,196
12195,2018-05-12,5,Saturday,1,16,Afternoon,13.8,97,0.7,196,13.3,0.12,1.5,0.0,1.5,Spring,No Holiday,Yes,34
12109,2018-02-15,2,Thursday,0,23,Night,-2.5,31,1.4,1996,-17.3,0.0,0.0,0.0,0.0,Winter,Holiday,Yes,92
12815,2018-03-22,3,Thursday,0,15,Afternoon,10.7,34,4.5,1850,-4.5,2.51,0.0,0.0,0.0,Spring,No Holiday,Yes,758
11048,2018-07-09,7,Monday,0,3,Dawn,21.9,63,1.3,2000,14.5,0.0,0.0,0.0,0.0,Summer,No Holiday,Yes,285
12852,2018-05-12,5,Saturday,1,5,Dawn,15.0,61,1.2,903,7.5,0.0,0.0,0.0,0.0,Spring,No Holiday,Yes,70
10179,2018-01-18,1,Thursday,0,15,Afternoon,4.2,36,2.3,957,-9.5,0.57,0.0,0.0,0.0,Winter,No Holiday,Yes,269
11954,2018-04-29,4,Sunday,1,17,Afternoon,21.9,28,3.1,1023,2.5,1.6,0.0,0.0,0.0,Spring,No Holiday,Yes,2094
15092,2018-05-04,5,Friday,0,4,Dawn,9.5,66,1.1,1737,3.4,0.0,0.0,0.0,0.0,Spring,No Holiday,Yes,138
17269,2018-06-29,6,Friday,0,8,Early Morning,22.2,95,1.6,389,21.3,0.26,0.0,0.0,0.0,Summer,No Holiday,Yes,2028
17196,2018-09-27,9,Thursday,0,21,Evening,18.7,48,1.3,2000,7.4,0.0,0.0,0.0,0.0,Autumn,No Holiday,Yes,1930
10016,2018-09-04,9,Tuesday,0,6,Dawn,20.0,97,0.0,647,19.5,0.0,0.0,0.0,0.0,Autumn,No Holiday,Yes,602
13701,2018-06-16,6,Saturday,1,15,Afternoon,27.8,41,1.6,1851,13.3,2.89,0.0,0.0,0.0,Summer,No Holiday,Yes,1861
18624,2018-02-08,2,Thursday,0,14,Afternoon,0.9,25,2.4,1730,-16.9,2.09,0.0,0.0,0.0,Winter,No Holiday,Yes,253
15917,2018-02-05,2,Monday,0,13,Afternoon,-7.0,25,4.2,1999,-23.7,2.29,0.0,0.0,0.0,Winter,No Holiday,Yes,169
16778,2018-01-04,1,Thursday,0,0,Dawn,-6.3,54,1.4,1990,-14.1,0.0,0.0,0.0,0.0,Winter,No Holiday,Yes,159
11179,2018-01-26,1,Friday,0,4,Dawn,-16.4,36,1.5,2000,-28.0,0.0,0.0,0.05,0.05,Winter,No Holiday,Yes,24
13321,2018-09-05,9,Wednesday,0,3,Dawn,20.2,77,0.4,2000,16.0,0.0,0.0,0.0,0.0,Autumn,No Holiday,Yes,376
18089,2018-03-01,3,Thursday,0,18,Evening,-0.8,40,4.7,1429,-12.7,0.43,0.0,0.0,0.0,Spring,Holiday,Yes,317
10734,2018-04-03,4,Tuesday,0,20,Evening,17.3,80,2.4,927,13.8,0.0,0.0,0.0,0.0,Spring,No Holiday,Yes,1470
11835,2018-04-21,4,Saturday,1,4,Dawn,13.6,67,1.6,521,7.5,0.0,0.0,0.0,0.0,Spring,No Holiday,Yes,166
13497,2018-05-18,5,Friday,0,22,Night,14.2,73,1.9,2000,9.4,0.0,0.0,0.0,0.0,Spring,No Holiday,Yes,1221
13045,2017-12-09,12,Saturday,1,12,Morning,2.4,40,0.8,1809,-9.8,1.05,0.0,0.0,0.0,Winter,No Holiday,Yes,427
10253,2017-12-01,12,Friday,0,23,Night,-1.3,84,1.0,1265,-3.6,0.0,0.0,0.0,0.0,Winter,No Holiday,Yes,323
11269,2018-11-20,11,Tuesday,0,22,Night,8.9,40,3.4,1810,-3.9,0.0,0.0,0.0,0.0,Autumn,No Holiday,Yes,922
13568,2018-05-24,5,Thursday,0,12,Morning,22.1,36,5.3,1696,6.3,3.2,0.0,0.0,0.0,Spring,No Holiday,Yes,1087
16868,2018-02-27,2,Tuesday,0,7,Early Morning,1.3,47,0.7,1084,-8.7,0.0,0.0,0.0,0.0,Winter,No Holiday,Yes,443
16672,2018-05-31,5,Thursday,0,20,Evening,23.1,58,2.9,1950,14.3,0.06,0.0,0.0,0.0,Spring,No Holiday,Yes,2164
17625,2017-12-31,12,Sunday,1,10,Morning,-0.5,73,1.7,609,-4.7,0.53,0.0,0.11000000000000001,0.11000000000000001,Winter,Holiday,Yes,110
17042,2018-02-20,2,Tuesday,0,4,Dawn,-1.6,83,0.6,368,-4.1,0.0,0.0,0.0,0.0,Winter,No Holiday,Yes,64
15179,2017-12-19,12,Tuesday,0,16,Afternoon,-1.8,31,3.1,1993,-16.7,0.56,0.0,0.2,0.2,Winter,No Holiday,Yes,211
14583,2018-07-06,7,Friday,0,22,Night,22.5,54,2.1,2000,12.7,0.0,0.0,0.0,0.0,Summer,No Holiday,Yes,1917
16598,2018-07-09,7,Monday,0,6,Dawn,21.0,64,1.0,2000,13.9,0.03,0.0,0.0,0.0,Summer,No Holiday,Yes,486
13073,2018-05-13,5,Sunday,1,0,Dawn,15.5,97,1.5,181,15.0,0.0,0.5,0.0,0.5,Spring,No Holiday,Yes,145
11768,2018-11-29,11,Thursday,0,19,Evening,5.2,48,1.9,1590,-4.9,0.0,0.0,0.0,0.0,Autumn,No Holiday,Yes,1026
18151,2018-05-26,5,Saturday,1,16,Afternoon,29.0,31,2.9,889,10.1,2.26,0.0,0.0,0.0,Spring,No Holiday,Yes,1690
11606,2017-12-06,12,Wednesday,0,16,Afternoon,5.3,37,2.9,2000,-8.2,0.36,0.0,0.0,0.0,Winter,No Holiday,Yes,496
15384,2018-03-27,3,Tuesday,0,23,Night,12.4,74,1.5,356,7.8,0.0,0.0,0.0,0.0,Spring,No Holiday,Yes,527
15457,2018-10-02,10,Tuesday,0,1,Dawn,12.5,74,1.9,1992,7.9,0.0,0.0,0.0,0.0,Autumn,No Holiday,No,0
13487,2017-12-04,12,Monday,0,4,Dawn,2.8,89,1.5,130,1.1,0.0,0.0,0.0,0.0,Winter,No Holiday,Yes,41
13857,2018-07-31,7,Tuesday,0,8,Early Morning,29.3,51,0.9,2000,18.1,1.02,0.0,0.0,0.0,Summer,No Holiday,Yes,1665
10656,2018-06-30,6,Saturday,1,15,Afternoon,27.8,71,0.9,733,22.0,0.93,0.0,0.0,0.0,Summer,No Holiday,Yes,1311
13422,2018-05-04,5,Friday,0,12,Morning,17.9,32,4.6,1874,0.9,3.28,0.0,0.0,0.0,Spring,No Holiday,Yes,1206
17353,2018-03-04,3,Sunday,1,21,Evening,10.6,89,2.1,606,8.8,0.0,2.0,0.0,2.0,Spring,No Holiday,Yes,7
17247,2018-02-06,2,Tuesday,0,4,Dawn,-12.0,36,2.7,1998,-24.0,0.0,0.0,0.0,0.0,Winter,No Holiday,Yes,32
17481,2018-06-14,6,Thursday,0,13,Afternoon,22.8,67,1.2,930,16.3,1.55,0.0,0.0,0.0,Summer,No Holiday,Yes,1056
18631,2018-08-04,8,Saturday,1,17,Afternoon,34.3,48,3.4,2000,21.7,1.82,0.0,0.0,0.0,Summer,No Holiday,Yes,901
11854,2018-08-20,8,Monday,0,12,Morning,31.7,45,2.5,1814,18.3,1.96,0.0,0.0,0.0,Summer,No Holiday,Yes,808
17516,2018-10-02,10,Tuesday,0,19,Evening,17.6,57,1.7,2000,8.9,0.0,0.0,0.0,0.0,Autumn,No Holiday,No,0
17476,2018-09-25,9,Tuesday,0,21,Evening,18.5,48,1.0,2000,7.2,0.0,0.0,0.0,0.0,Autumn,Holiday,Yes,1565
12426,2018-01-13,1,Saturday,1,23,Night,-4.4,81,0.7,420,-7.1,0.0,0.0,0.0,0.0,Winter,No Holiday,Yes,131
10552,2018-04-03,4,Tuesday,0,2,Dawn,17.0,73,1.6,1184,12.1,0.0,0.0,0.0,0.0,Spring,No Holiday,Yes,275
12248,2018-05-18,5,Friday,0,15,Afternoon,16.7,85,1.2,2000,14.1,0.49,0.0,0.0,0.0,Spring,No Holiday,Yes,906
10729,2018-10-03,10,Wednesday,0,14,Afternoon,23.4,35,1.6,1972,7.0,2.51,0.0,0.0,0.0,Autumn,Holiday,Yes,1995
11062,2017-12-21,12,Thursday,0,4,Dawn,-3.6,91,1.2,241,-4.8,0.0,0.0,0.22000000000000003,0.22000000000000003,Winter,No Holiday,Yes,58
13457,2018-07-01,7,Sunday,1,19,Evening,21.9,96,1.2,509,21.2,0.01,5.5,0.0,5.5,Summer,No Holiday,Yes,18
11880,2018-05-03,5,Thursday,0,15,Afternoon,12.2,56,4.8,2000,3.6,0.57,0.5,0.0,0.5,Spring,No Holiday,Yes,590
15580,2018-04-18,4,Wednesday,0,6,Dawn,6.2,52,0.8,1609,-2.9,0.0,0.0,0.0,0.0,Spring,No Holiday,Yes,395
18218,2018-05-03,5,Thursday,0,14,Afternoon,12.7,75,3.8,1510,8.3,0.88,0.4,0.0,0.4,Spring,No Holiday,Yes,367
14214,2018-08-22,8,Wednesday,0,18,Evening,35.4,40,1.0,2000,19.7,0.34,0.0,0.0,0.0,Summer,No Holiday,Yes,2528
16127,2018-05-19,5,Saturday,1,22,Night,18.4,34,1.2,2000,2.2,0.0,0.0,0.0,0.0,Spring,No Holiday,Yes,1595
11629,2018-07-24,7,Tuesday,0,18,Evening,34.9,53,2.2,1296,23.8,0.86,0.0,0.0,0.0,Summer,No Holiday,Yes,2300
16597,2018-11-29,11,Thursday,0,23,Night,2.6,56,1.9,1394,-5.3,0.0,0.0,0.0,0.0,Autumn,No Holiday,Yes,559
13138,2018-04-17,4,Tuesday,0,22,Night,11.0,34,1.2,1529,-4.2,0.0,0.0,0.0,0.0,Spring,No Holiday,Yes,1071
18677,2018-07-18,7,Wednesday,0,16,Afternoon,33.1,42,2.9,1712,18.4,2.52,0.0,0.0,0.0,Summer,No Holiday,Yes,912
17164,2018-03-26,3,Monday,0,13,Afternoon,16.0,47,2.5,459,4.6,2.8,0.0,0.0,0.0,Spring,No Holiday,Yes,504
11615,2018-08-22,8,Wednesday,0,7,Early Morning,24.3,74,0.6,1999,19.3,0.1,0.0,0.0,0.0,Summer,No Holiday,Yes,1330
12269,2018-07-14,7,Saturday,1,10,Morning,27.8,68,2.1,1490,21.3,1.29,0.0,0.0,0.0,Summer,No Holiday,Yes,910
16171,2017-12-22,12,Friday,0,7,Early Morning,-0.3,72,0.7,919,-4.7,0.0,0.0,0.06999999999999999,0.06999999999999999,Winter,Holiday,Yes,283
12295,2018-04-17,4,Tuesday,0,13,Afternoon,19.1,26,2.5,1134,-0.8,3.16,0.0,0.0,0.0,Spring,No Holiday,Yes,1007
17568,2018-04-09,4,Monday,0,5,Dawn,0.7,96,1.0,206,0.1,0.0,0.0,0.0,0.0,Spring,No Holiday,Yes,91
17486,2018-10-26,10,Friday,0,10,Morning,12.9,84,1.0,534,10.2,0.27,0.0,0.0,0.0,Autumn,No Holiday,Yes,191
14368,2018-11-17,11,Saturday,1,21,Evening,5.0,42,1.5,1927,-6.8,0.0,0.0,0.0,0.0,Autumn,No Holiday,Yes,685
11980,2018-10-21,10,Sunday,1,0,Dawn,11.2,62,0.0,1613,4.1,0.0,0.0,0.0,0.0,Autumn,No Holiday,Yes,848
14693,2018-11-26,11,Monday,0,12,Morning,9.1,57,1.1,562,1.0,1.69,0.0,0.0,0.0,Autumn,No Holiday,Yes,752
17265,2018-11-27,11,Tuesday,0,14,Afternoon,11.6,70,1.5,388,6.3,0.45,0.0,0.0,0.0,Autumn,No Holiday,Yes,600
11190,2018-01-13,1,Saturday,1,12,Morning,-3.7,66,1.1,1140,-9.1,0.45,0.2,0.04,0.24000000000000002,Winter,No Holiday,Yes,174
17411,2018-07-06,7,Friday,0,14,Afternoon,27.0,52,2.1,2000,16.2,2.51,0.0,0.0,0.0,Summer,No Holiday,Yes,1209
12892,2018-03-31,3,Saturday,1,15,Afternoon,18.9,28,3.7,1769,0.0,2.09,0.0,0.0,0.0,Spring,No Holiday,Yes,1542
13699,2018-03-29,3,Thursday,0,22,Night,13.3,71,2.1,581,8.1,0.0,0.0,0.0,0.0,Spring,No Holiday,Yes,949
11389,2017-12-16,12,Saturday,1,19,Evening,-6.0,32,2.4,2000,-20.0,0.0,0.0,0.0,0.0,Winter,No Holiday,Yes,173
12473,2018-02-04,2,Sunday,1,11,Morning,-9.7,37,2.8,1436,-21.6,1.57,0.0,0.0,0.0,Winter,No Holiday,Yes,115
15432,2018-06-28,6,Thursday,0,20,Evening,21.0,96,0.1,1431,20.3,0.02,0.0,0.0,0.0,Summer,No Holiday,Yes,1039
10748,2018-06-02,6,Saturday,1,19,Evening,25.4,33,2.7,2000,7.9,0.54,0.0,0.0,0.0,Summer,No Holiday,Yes,2337
18607,2018-07-20,7,Friday,0,2,Dawn,25.7,84,0.1,1293,22.7,0.0,0.0,0.0,0.0,Summer,No Holiday,Yes,557
12954,2018-03-04,3,Sunday,1,22,Night,9.6,92,2.5,721,8.3,0.0,0.0,0.0,0.0,Spring,No Holiday,Yes,8
14460,2018-09-22,9,Saturday,1,10,Morning,21.8,67,1.9,878,15.3,1.88,0.0,0.0,0.0,Autumn,No Holiday,Yes,925
15122,2018-04-21,4,Saturday,1,6,Dawn,12.3,67,0.5,483,6.3,0.0,0.0,0.0,0.0,Spring,No Holiday,Yes,184
10893,2018-09-30,9,Sunday,1,21,Evening,15.2,40,3.0,2000,1.6,0.0,0.0,0.0,0.0,Autumn,No Holiday,No,0
17460,2017-12-12,12,Tuesday,0,12,Morning,-8.3,35,2.9,1967,-21.0,1.14,0.0,0.0,0.0,Winter,No Holiday,Yes,228
15477,2018-04-30,4,Monday,0,6,Dawn,14.9,64,0.5,424,8.1,0.0,0.0,0.0,0.0,Spring,No Holiday,Yes,397
11833,2018-03-09,3,Friday,0,7,Early Morning,1.6,76,0.7,1024,-2.1,0.0,0.0,0.0,0.0,Spring,No Holiday,Yes,574
10708,2018-07-11,7,Wednesday,0,11,Morning,27.2,82,0.9,1093,23.8,0.93,0.0,0.0,0.0,Summer,No Holiday,Yes,792
17534,2017-12-31,12,Sunday,1,1,Dawn,0.5,95,2.1,79,-0.2,0.0,0.0,0.06,0.06,Winter,Holiday,Yes,43
18680,2018-08-08,8,Wednesday,0,8,Early Morning,28.6,80,1.6,708,24.8,0.49,0.0,0.0,0.0,Summer,No Holiday,Yes,1693
15601,2018-05-08,5,Tuesday,0,13,Afternoon,21.7,44,2.1,2000,8.9,2.46,0.0,0.0,0.0,Spring,No Holiday,Yes,1117
15949,2018-11-01,11,Thursday,0,12,Morning,12.6,36,2.6,1785,-2.1,2.14,0.0,0.0,0.0,Autumn,No Holiday,Yes,926
16546,2018-11-21,11,Wednesday,0,19,Evening,5.1,50,0.7,2000,-4.4,0.0,0.0,0.0,0.0,Autumn,No Holiday,Yes,1113
17044,2018-09-23,9,Sunday,1,10,Morning,19.3,59,0.2,2000,11.0,0.94,0.0,0.0,0.0,Autumn,Holiday,Yes,620
18542,2018-08-08,8,Wednesday,0,18,Evening,34.5,45,2.0,2000,20.8,1.0,0.0,0.0,0.0,Summer,No Holiday,Yes,2326
11751,2018-06-25,6,Monday,0,14,Afternoon,32.3,35,1.8,982,14.8,2.71,0.0,0.0,0.0,Summer,No Holiday,Yes,1016
10058,2018-10-05,10,Friday,0,15,Afternoon,17.2,96,0.6,213,16.5,0.26,4.0,0.0,4.0,Autumn,No Holiday,Yes,8
12053,2018-09-25,9,Tuesday,0,14,Afternoon,23.7,28,1.4,2000,4.0,2.77,0.0,0.0,0.0,Autumn,Holiday,Yes,1522
18107,2018-09-21,9,Friday,0,16,Afternoon,21.5,78,1.2,2000,17.4,0.51,0.0,0.0,0.0,Autumn,No Holiday,Yes,1550
10916,2018-01-08,1,Monday,0,12,Morning,2.7,33,2.7,1281,-12.0,0.6,0.0,0.0,0.0,Winter,No Holiday,Yes,356
12572,2018-08-27,8,Monday,0,11,Morning,22.0,96,1.6,602,21.3,0.36,0.5,0.0,0.5,Summer,No Holiday,Yes,148
10497,2018-02-22,2,Thursday,0,10,Morning,0.9,44,1.1,1826,-10.0,1.16,0.0,0.0,0.0,Winter,No Holiday,Yes,259
12321,2018-03-23,3,Friday,0,1,Dawn,2.5,75,1.5,786,-1.4,0.0,0.0,0.0,0.0,Spring,No Holiday,Yes,283
18463,2018-07-17,7,Tuesday,0,20,Evening,28.9,64,1.7,1567,21.3,0.1,0.0,0.0,0.0,Summer,No Holiday,Yes,2174
18413,2018-01-04,1,Thursday,0,6,Dawn,-7.6,47,2.3,2000,-16.9,0.0,0.0,0.0,0.0,Winter,No Holiday,Yes,120
17293,2018-04-16,4,Monday,0,14,Afternoon,18.0,28,1.6,1820,-0.8,3.11,0.0,0.0,0.0,Spring,No Holiday,Yes,1016
11434,2018-01-20,1,Saturday,1,23,Night,0.8,53,1.7,382,-7.7,0.0,0.0,0.0,0.0,Winter,No Holiday,Yes,164
11309,2018-06-26,6,Tuesday,0,2,Dawn,26.1,51,1.7,760,15.1,0.0,0.0,0.0,0.0,Summer,No Holiday,Yes,524
14121,2018-09-03,9,Monday,0,7,Early Morning,23.9,71,0.4,2000,18.3,0.02,0.0,0.0,0.0,Autumn,No Holiday,Yes,1287
14969,2018-05-07,5,Monday,0,1,Dawn,15.1,84,0.3,1858,12.4,0.0,0.0,0.0,0.0,Spring,No Holiday,Yes,609
13612,2018-07-11,7,Wednesday,0,5,Dawn,24.5,97,0.5,229,23.9,0.0,0.5,0.0,0.5,Summer,No Holiday,Yes,76
17030,2018-10-07,10,Sunday,1,8,Early Morning,14.6,71,1.0,1896,9.3,0.43,0.0,0.0,0.0,Autumn,No Holiday,Yes,589
11941,2018-11-02,11,Friday,0,16,Afternoon,18.8,32,1.4,1717,1.7,1.09,0.0,0.0,0.0,Autumn,No Holiday,Yes,1424
17549,2018-08-04,8,Saturday,1,21,Evening,29.2,73,1.9,1933,23.8,0.0,0.0,0.0,0.0,Summer,No Holiday,Yes,1377
16565,2018-02-17,2,Saturday,1,14,Afternoon,-0.1,15,4.0,2000,-23.7,2.39,0.0,0.0,0.0,Winter,Holiday,Yes,258
15391,2017-12-31,12,Sunday,1,16,Afternoon,2.7,26,2.7,2000,-14.9,0.59,0.0,0.0,0.0,Winter,Holiday,Yes,272
12278,2018-09-27,9,Thursday,0,0,Dawn,16.7,50,1.7,2000,6.2,0.0,0.0,0.0,0.0,Autumn,No Holiday,Yes,770
14080,2018-02-25,2,Sunday,1,23,Night,-0.3,58,1.0,1945,-7.5,0.0,0.0,0.0,0.0,Winter,No Holiday,Yes,173
16412,2018-10-03,10,Wednesday,0,1,Dawn,13.8,75,0.5,2000,9.4,0.0,0.0,0.0,0.0,Autumn,Holiday,Yes,882
11890,2017-12-19,12,Tuesday,0,12,Morning,-2.5,31,2.6,1778,-17.3,1.08,0.0,0.22999999999999998,0.22999999999999998,Winter,No Holiday,Yes,191
18625,2018-11-01,11,Thursday,0,0,Dawn,5.7,62,2.3,1909,-1.0,0.0,0.0,0.0,0.0,Autumn,No Holiday,Yes,584
18276,2018-04-27,4,Friday,0,16,Afternoon,23.2,33,2.4,869,6.0,2.12,0.0,0.0,0.0,Spring,No Holiday,Yes,1446
13603,2018-08-24,8,Friday,0,11,Morning,26.2,76,2.6,1995,21.6,0.88,0.0,0.0,0.0,Summer,No Holiday,Yes,415
15950,2018-10-14,10,Sunday,1,1,Dawn,9.5,65,0.9,990,3.2,0.0,0.0,0.0,0.0,Autumn,No Holiday,Yes,584
16532,2018-05-31,5,Thursday,0,9,Early Morning,18.8,59,1.6,1233,10.6,1.9,0.0,0.0,0.0,Spring,No Holiday,Yes,1277
17011,2018-04-01,4,Sunday,1,8,Early Morning,12.9,64,1.5,778,6.2,0.06,0.0,0.0,0.0,Spring,No Holiday,Yes,342
11851,2018-06-24,6,Sunday,1,2,Dawn,20.9,87,1.8,222,18.6,0.0,0.0,0.0,0.0,Summer,No Holiday,Yes,1254
10070,2018-05-17,5,Thursday,0,19,Evening,22.3,96,2.6,191,21.6,0.0,0.0,0.0,0.0,Spring,No Holiday,Yes,29
17294,2018-09-17,9,Monday,0,19,Evening,23.0,63,3.1,2000,15.5,0.03,0.0,0.0,0.0,Autumn,No Holiday,Yes,2489
18049,2018-03-17,3,Saturday,1,12,Morning,10.0,38,1.5,1677,-3.6,2.51,0.0,0.0,0.0,Spring,No Holiday,Yes,933
15103,2018-04-13,4,Friday,0,3,Dawn,9.9,27,1.3,2000,-8.2,0.0,0.0,0.0,0.0,Spring,No Holiday,Yes,167
17112,2017-12-01,12,Friday,0,8,Early Morning,-7.6,37,1.1,2000,-19.8,0.01,0.0,0.0,0.0,Winter,No Holiday,Yes,930
12137,2018-02-20,2,Tuesday,0,1,Dawn,-0.5,76,1.6,402,-4.2,0.0,0.0,0.0,0.0,Winter,No Holiday,Yes,172
17252,2018-01-16,1,Tuesday,0,13,Afternoon,5.8,47,0.8,382,-4.6,0.53,0.0,0.0,0.0,Winter,No Holiday,Yes,296
16045,2018-02-08,2,Thursday,0,9,Early Morning,-8.5,55,1.0,1482,-15.9,0.4,0.0,0.0,0.0,Winter,No Holiday,Yes,270
18639,2018-07-27,7,Friday,0,19,Evening,32.0,68,3.0,1286,25.3,0.38,0.0,0.0,0.0,Summer,No Holiday,Yes,1657
12160,2018-08-24,8,Friday,0,20,Evening,23.5,81,3.5,2000,20.0,0.0,0.0,0.0,0.0,Summer,No Holiday,Yes,1162
15569,2018-01-06,1,Saturday,1,5,Dawn,-6.1,64,1.0,1231,-11.8,0.0,0.0,0.0,0.0,Winter,No Holiday,Yes,48
11935,2018-02-22,2,Thursday,0,1,Dawn,-2.2,58,1.0,2000,-9.3,0.0,0.0,0.0,0.0,Winter,No Holiday,Yes,190
11719,2018-03-12,3,Monday,0,10,Morning,6.6,40,1.0,1061,-6.0,0.65,0.0,0.0,0.0,Spring,No Holiday,Yes,406
15436,2018-09-28,9,Friday,0,7,Early Morning,14.5,62,1.5,2000,7.2,0.03,0.0,0.0,0.0,Autumn,No Holiday,No,0
15153,2018-02-13,2,Tuesday,0,8,Early Morning,-7.1,68,0.6,1931,-12.0,0.03,0.0,0.0,0.0,Winter,No Holiday,Yes,568
11059,2018-07-08,7,Sunday,1,8,Early Morning,19.1,53,1.7,1952,9.2,0.8,0.0,0.0,0.0,Summer,No Holiday,Yes,684
16805,2018-07-12,7,Thursday,0,6,Dawn,25.6,93,1.1,852,24.3,0.01,0.0,0.0,0.0,Summer,No Holiday,Yes,593
11041,2018-04-21,4,Saturday,1,11,Morning,23.1,19,2.0,1172,-1.8,2.85,0.0,0.0,0.0,Spring,No Holiday,Yes,872
11084,2018-06-20,6,Wednesday,0,23,Night,20.1,82,3.6,494,16.9,0.0,0.0,0.0,0.0,Summer,No Holiday,Yes,1401
13154,2018-03-12,3,Monday,0,22,Night,7.8,49,0.1,528,-2.2,0.0,0.0,0.0,0.0,Spring,No Holiday,Yes,695
14150,2018-01-25,1,Thursday,0,7,Early Morning,-16.2,33,2.2,2000,-28.7,0.0,0.0,0.06999999999999999,0.06999999999999999,Winter,No Holiday,Yes,165
13012,2018-06-22,6,Friday,0,19,Evening,27.1,32,3.5,2000,8.9,0.52,0.0,0.0,0.0,Summer,No Holiday,Yes,2732
18365,2018-07-11,7,Wednesday,0,16,Afternoon,28.7,70,3.2,1586,22.6,0.73,0.0,0.0,0.0,Summer,No Holiday,Yes,1344
10696,2018-11-30,11,Friday,0,6,Dawn,-0.8,68,0.8,1322,-5.9,0.0,0.0,0.0,0.0,Autumn,No Holiday,Yes,293
15875,2018-06-09,6,Saturday,1,14,Afternoon,30.1,35,1.4,1583,12.9,2.53,0.0,0.0,0.0,Summer,No Holiday,Yes,1744
10913,2018-03-31,3,Saturday,1,22,Night,12.8,52,1.5,1616,3.1,0.0,0.0,0.0,0.0,Spring,No Holiday,Yes,922
14274,2018-02-05,2,Monday,0,15,Afternoon,-5.7,25,4.4,1995,-22.6,1.94,0.0,0.0,0.0,Winter,No Holiday,Yes,169
12678,2017-12-03,12,Sunday,1,12,Morning,5.8,85,1.7,349,3.4,0.43,0.0,0.0,0.0,Winter,No Holiday,Yes,333
14285,2018-10-16,10,Tuesday,0,0,Dawn,13.3,64,1.7,860,6.6,0.0,0.0,0.0,0.0,Autumn,No Holiday,Yes,726
14796,2018-04-01,4,Sunday,1,14,Afternoon,17.5,67,2.1,832,11.2,0.42,0.0,0.0,0.0,Spring,No Holiday,Yes,1201
14764,2018-05-23,5,Wednesday,0,12,Morning,20.1,37,4.0,1910,4.9,3.44,0.0,0.0,0.0,Spring,No Holiday,Yes,1216
14353,2018-07-03,7,Tuesday,0,7,Early Morning,23.5,86,0.2,1908,21.0,0.38,0.0,0.0,0.0,Summer,No Holiday,Yes,1308
10670,2018-01-17,1,Wednesday,0,6,Dawn,2.7,71,1.1,270,-2.0,0.0,0.0,0.0,0.0,Winter,No Holiday,Yes,115
18293,2018-08-24,8,Friday,0,8,Early Morning,24.4,86,1.7,2000,21.8,0.13,0.0,0.0,0.0,Summer,No Holiday,Yes,578
10283,2018-04-04,4,Wednesday,0,19,Evening,14.3,53,2.1,2000,4.8,0.17,0.0,0.0,0.0,Spring,No Holiday,Yes,1626
15130,2017-12-16,12,Saturday,1,8,Early Morning,-7.3,62,2.6,1112,-13.3,0.0,0.0,0.0,0.0,Winter,No Holiday,Yes,190
13687,2018-06-12,6,Tuesday,0,9,Early Morning,21.1,60,0.9,1998,13.0,2.18,0.0,0.0,0.0,Summer,No Holiday,Yes,1317
15944,2018-06-15,6,Friday,0,13,Afternoon,25.3,48,1.8,1935,13.4,3.42,0.0,0.0,0.0,Summer,No Holiday,Yes,1035
17593,2018-05-14,5,Monday,0,20,Evening,21.4,64,2.1,411,14.3,0.02,0.0,0.0,0.0,Spring,No Holiday,Yes,1965
10097,2018-01-04,1,Thursday,0,21,Evening,-3.1,41,2.0,1742,-14.5,0.0,0.0,0.0,0.0,Winter,No Holiday,Yes,310
10988,2018-03-03,3,Saturday,1,9,Early Morning,2.2,30,1.5,1513,-13.6,0.81,0.0,0.0,0.0,Spring,No Holiday,Yes,329
18001,2018-10-23,10,Tuesday,0,10,Morning,13.8,65,1.1,475,7.3,1.06,0.0,0.0,0.0,Autumn,No Holiday,Yes,735
16511,2018-03-12,3,Monday,0,0,Dawn,3.5,46,1.1,1040,-7.0,0.0,0.0,0.0,0.0,Spring,No Holiday,Yes,222
16820,2018-11-01,11,Thursday,0,4,Dawn,3.6,70,0.8,1934,-1.3,0.0,0.0,0.0,0.0,Autumn,No Holiday,Yes,147
12004,2018-09-09,9,Sunday,1,1,Dawn,18.8,54,0.1,2000,9.2,0.0,0.0,0.0,0.0,Autumn,No Holiday,Yes,835
15538,2018-06-07,6,Thursday,0,20,Evening,22.8,67,1.6,1219,16.3,0.06,0.0,0.0,0.0,Summer,No Holiday,Yes,2278
10576,2018-04-03,4,Tuesday,0,10,Morning,18.9,66,2.0,1298,12.4,0.85,0.0,0.0,0.0,Spring,No Holiday,Yes,664
16213,2018-08-19,8,Sunday,1,15,Afternoon,33.8,31,1.6,2000,14.3,2.45,0.0,0.0,0.0,Summer,No Holiday,Yes,1181
12672,2018-07-21,7,Saturday,1,17,Afternoon,36.3,36,3.1,1972,18.8,1.91,0.0,0.0,0.0,Summer,No Holiday,Yes,1011
10709,2018-05-03,5,Thursday,0,4,Dawn,7.0,87,1.3,2000,4.9,0.0,0.0,0.0,0.0,Spring,No Holiday,Yes,109
18302,2018-04-19,4,Thursday,0,6,Dawn,7.6,55,1.2,1021,-0.8,0.0,0.0,0.0,0.0,Spring,No Holiday,Yes,367
13726,2018-01-26,1,Friday,0,20,Evening,-13.7,35,1.7,1878,-25.9,0.0,0.0,0.03,0.03,Winter,No Holiday,Yes,121
10652,2018-02-11,2,Sunday,1,11,Morning,-5.0,25,3.2,1853,-22.0,1.75,0.0,0.0,0.0,Winter,No Holiday,Yes,155
13364,2018-10-21,10,Sunday,1,17,Afternoon,18.8,24,2.1,2000,-2.2,0.63,0.0,0.0,0.0,Autumn,No Holiday,Yes,1883
12312,2018-02-26,2,Monday,0,13,Afternoon,8.1,26,1.2,1422,-10.2,2.48,0.0,0.0,0.0,Winter,No Holiday,Yes,444
17613,2018-10-21,10,Sunday,1,3,Dawn,9.2,68,0.4,1538,3.5,0.0,0.0,0.0,0.0,Autumn,No Holiday,Yes,342
15455,2018-08-05,8,Sunday,1,21,Evening,29.3,75,3.6,1674,24.4,0.0,0.0,0.0,0.0,Summer,No Holiday,Yes,1465
15236,2017-12-24,12,Sunday,1,13,Afternoon,3.7,90,0.7,744,2.2,0.15,0.0,0.0,0.0,Winter,Holiday,Yes,7
18237,2018-01-07,1,Sunday,1,20,Evening,1.3,38,0.4,1386,-11.4,0.0,0.0,0.0,0.0,Winter,No Holiday,Yes,233
18621,2017-12-30,12,Saturday,1,5,Dawn,-1.2,81,0.8,258,-4.0,0.0,0.0,0.0,0.0,Winter,No Holiday,Yes,52
16741,2018-04-11,4,Wednesday,0,0,Dawn,14.4,82,4.6,1041,11.3,0.0,0.0,0.0,0.0,Spring,No Holiday,No,0
18087,2018-04-15,4,Sunday,1,11,Morning,11.8,57,2.6,1041,3.5,2.18,0.0,0.0,0.0,Spring,No Holiday,Yes,797
10312,2018-02-19,2,Monday,0,0,Dawn,-1.1,39,1.7,1832,-13.3,0.0,0.0,0.0,0.0,Winter,No Holiday,Yes,148
16089,2018-10-19,10,Friday,0,8,Early Morning,7.9,63,0.6,2000,1.2,0.3,0.0,0.0,0.0,Autumn,No Holiday,Yes,2113
18422,2018-05-22,5,Tuesday,0,20,Evening,17.2,85,1.4,467,14.6,0.0,0.5,0.0,0.5,Spring,Holiday,Yes,30
15874,2018-01-15,1,Monday,0,11,Morning,4.7,75,2.3,533,0.6,0.54,0.0,0.0,0.0,Winter,No Holiday,Yes,254
12772,2018-10-24,10,Wednesday,0,9,Early Morning,10.1,72,1.1,728,5.2,0.9,0.0,0.0,0.0,Autumn,No Holiday,Yes,1151
16628,2018-10-17,10,Wednesday,0,4,Dawn,9.7,76,0.0,1308,5.6,0.0,0.0,0.0,0.0,Autumn,No Holiday,Yes,157
11244,2018-10-12,10,Friday,0,7,Early Morning,5.3,73,0.7,2000,0.8,0.01,0.0,0.0,0.0,Autumn,No Holiday,Yes,1142
10508,2018-08-20,8,Monday,0,13,Afternoon,31.6,46,2.7,1864,18.5,1.77,0.0,0.0,0.0,Summer,No Holiday,Yes,847
16152,2017-12-26,12,Tuesday,0,9,Early Morning,-2.8,52,2.9,1895,-11.3,0.16,0.0,0.0,0.0,Winter,No Holiday,Yes,293
14190,2018-07-14,7,Saturday,1,2,Dawn,25.3,85,1.7,1594,22.5,0.0,0.0,0.0,0.0,Summer,No Holiday,Yes,783
15268,2018-04-01,4,Sunday,1,18,Evening,17.7,75,2.1,519,13.2,0.12,0.0,0.0,0.0,Spring,No Holiday,Yes,1296
13818,2018-02-10,2,Saturday,1,22,Night,-6.2,32,3.5,2000,-20.2,0.0,0.0,0.0,0.0,Winter,No Holiday,Yes,128
11208,2018-08-13,8,Monday,0,18,Evening,33.1,59,3.1,1726,24.0,0.72,0.0,0.0,0.0,Summer,No Holiday,Yes,2367
15868,2017-12-24,12,Sunday,1,7,Early Morning,4.7,89,1.1,100,3.0,0.0,0.0,0.0,0.0,Winter,Holiday,Yes,3
16397,2018-04-04,4,Wednesday,0,18,Evening,16.0,47,2.1,2000,4.6,0.79,0.0,0.0,0.0,Spring,No Holiday,Yes,2402
10302,2018-07-22,7,Sunday,1,15,Afternoon,37.5,33,2.0,1816,18.4,2.32,0.0,0.0,0.0,Summer,No Holiday,Yes,632
10845,2018-02-05,2,Monday,0,16,Afternoon,-5.4,25,3.4,1985,-22.3,1.44,0.0,0.0,0.0,Winter,No Holiday,Yes,199
18369,2018-01-15,1,Monday,0,8,Early Morning,4.1,85,1.1,470,1.7,0.0,0.0,0.0,0.0,Winter,No Holiday,Yes,444
18457,2017-12-29,12,Friday,0,9,Early Morning,1.2,67,0.2,591,-4.2,0.06,0.0,0.0,0.0,Winter,No Holiday,Yes,353
12845,2018-06-25,6,Monday,0,18,Evening,30.7,43,1.6,931,16.6,0.74,0.0,0.0,0.0,Summer,No Holiday,Yes,3238
15102,2018-10-31,10,Wednesday,0,5,Dawn,4.1,74,0.9,2000,-0.1,0.0,0.0,0.0,0.0,Autumn,No Holiday,Yes,141
15346,2018-05-26,5,Saturday,1,17,Afternoon,27.9,34,3.8,1259,10.5,1.73,0.0,0.0,0.0,Spring,No Holiday,Yes,1886
13252,2018-11-25,11,Sunday,1,21,Evening,4.7,81,1.0,437,1.7,0.0,0.0,0.04,0.04,Autumn,No Holiday,Yes,546
17426,2018-01-24,1,Wednesday,0,10,Morning,-14.5,24,4.6,1902,-30.6,0.61,0.0,0.09,0.09,Winter,No Holiday,Yes,90
18345,2018-02-11,2,Sunday,1,14,Afternoon,-2.2,29,4.1,1983,-17.8,1.93,0.0,0.0,0.0,Winter,No Holiday,Yes,191
12551,2018-11-14,11,Wednesday,0,22,Night,8.8,58,0.5,1358,0.9,0.0,0.0,0.0,0.0,Autumn,No Holiday,Yes,1074
11249,2018-09-20,9,Thursday,0,18,Evening,19.1,77,2.5,2000,14.9,0.08,0.0,0.0,0.0,Autumn,No Holiday,Yes,1786
12600,2018-03-28,3,Wednesday,0,1,Dawn,11.6,74,1.2,374,7.1,0.0,0.0,0.0,0.0,Spring,No Holiday,Yes,337
10597,2018-01-18,1,Thursday,0,22,Night,0.7,45,2.0,1084,-9.9,0.0,0.0,0.0,0.0,Winter,No Holiday,Yes,318
10026,2018-10-10,10,Wednesday,0,8,Early Morning,11.8,80,3.7,1518,8.4,0.16,0.0,0.0,0.0,Autumn,No Holiday,Yes,2082
15754,2018-08-29,8,Wednesday,0,10,Morning,26.4,78,2.7,2000,22.2,0.44,0.0,0.0,0.0,Summer,No Holiday,Yes,642
16605,2018-06-02,6,Saturday,1,9,Early Morning,23.3,43,1.2,1257,10.0,1.91,0.0,0.0,0.0,Summer,No Holiday,Yes,1005
11130,2018-10-03,10,Wednesday,0,8,Early Morning,11.8,73,1.0,1649,7.1,0.49,0.0,0.0,0.0,Autumn,Holiday,Yes,762
18564,2018-10-01,10,Monday,0,5,Dawn,13.7,57,1.8,1999,5.3,0.0,0.0,0.0,0.0,Autumn,No Holiday,Yes,246
10615,2018-05-21,5,Monday,0,13,Afternoon,22.8,31,1.9,1923,4.7,3.49,0.0,0.0,0.0,Spring,No Holiday,Yes,1456
10859,2018-03-11,3,Sunday,1,6,Dawn,3.4,85,1.5,234,1.1,0.0,0.0,0.0,0.0,Spring,No Holiday,Yes,63
11881,2018-09-09,9,Sunday,1,3,Dawn,17.4,57,0.6,2000,8.7,0.0,0.0,0.0,0.0,Autumn,No Holiday,Yes,395
14383,2018-08-14,8,Tuesday,0,15,Afternoon,37.2,38,2.5,1832,20.5,2.68,0.0,0.0,0.0,Summer,No Holiday,Yes,700
14952,2018-05-02,5,Wednesday,0,6,Dawn,17.9,93,0.9,202,16.7,0.0,0.1,0.0,0.1,Spring,No Holiday,Yes,67
12073,2018-04-16,4,Monday,0,11,Morning,14.1,32,1.3,2000,-2.3,2.67,0.0,0.0,0.0,Spring,No Holiday,Yes,855
15675,2018-11-30,11,Friday,0,8,Early Morning,-1.5,68,1.1,1286,-6.6,0.02,0.0,0.0,0.0,Autumn,No Holiday,Yes,1527
13525,2018-08-01,8,Wednesday,0,13,Afternoon,37.9,38,2.3,1868,21.1,3.05,0.0,0.0,0.0,Summer,No Holiday,Yes,533
10028,2018-02-21,2,Wednesday,0,20,Evening,-1.1,43,1.5,2000,-12.1,0.0,0.0,0.0,0.0,Winter,No Holiday,Yes,356
17365,2018-01-25,1,Thursday,0,21,Evening,-14.1,35,2.2,2000,-26.2,0.0,0.0,0.05,0.05,Winter,No Holiday,Yes,137
11222,2018-09-09,9,Sunday,1,4,Dawn,17.0,59,0.0,2000,8.9,0.0,0.0,0.0,0.0,Autumn,No Holiday,Yes,264
17344,2018-03-09,3,Friday,0,17,Afternoon,8.9,46,1.8,789,-2.1,1.0,0.0,0.0,0.0,Spring,No Holiday,Yes,834
14283,2018-07-19,7,Thursday,0,23,Night,27.2,78,1.9,1601,23.0,0.0,0.0,0.0,0.0,Summer,No Holiday,Yes,1318
13013,2018-05-16,5,Wednesday,0,0,Dawn,24.4,63,0.8,745,16.8,0.0,0.0,0.0,0.0,Spring,No Holiday,Yes,662
10718,2018-03-26,3,Monday,0,1,Dawn,6.3,87,1.8,153,4.2,0.0,0.0,0.0,0.0,Spring,No Holiday,Yes,185
17654,2018-10-07,10,Sunday,1,5,Dawn,15.1,89,1.1,1615,13.2,0.0,0.0,0.0,0.0,Autumn,No Holiday,Yes,146
13106,2018-11-13,11,Tuesday,0,3,Dawn,5.3,62,0.0,1485,-1.4,0.0,0.0,0.0,0.0,Autumn,No Holiday,Yes,205
13385,2018-02-03,2,Saturday,1,13,Afternoon,-5.8,38,3.7,1961,-17.8,2.25,0.0,0.0,0.0,Winter,No Holiday,Yes,229
14207,2018-02-18,2,Sunday,1,15,Afternoon,5.0,16,2.0,1970,-18.8,1.42,0.0,0.0,0.0,Winter,No Holiday,Yes,440
14606,2017-12-15,12,Friday,0,3,Dawn,-6.9,56,0.5,1111,-14.2,0.0,0.0,0.0,0.0,Winter,No Holiday,Yes,110
17035,2018-09-23,9,Sunday,1,6,Dawn,16.5,73,1.2,2000,11.6,0.0,0.0,0.0,0.0,Autumn,Holiday,Yes,144
10185,2018-06-04,6,Monday,0,12,Morning,26.3,36,3.1,1377,10.0,2.61,0.0,0.0,0.0,Summer,No Holiday,Yes,1152
12502,2018-09-23,9,Sunday,1,14,Afternoon,24.2,40,1.2,1953,9.7,2.62,0.0,0.0,0.0,Autumn,Holiday,Yes,1136
17594,2018-05-19,5,Saturday,1,5,Dawn,10.4,71,1.1,2000,5.3,0.0,0.0,0.0,0.0,Spring,No Holiday,Yes,198
16824,2018-04-08,4,Sunday,1,19,Evening,2.5,94,1.8,349,1.6,0.0,1.0,0.0,1.0,Spring,No Holiday,Yes,44
13358,2017-12-01,12,Friday,0,18,Evening,0.6,66,1.4,2000,-5.0,0.0,0.0,0.0,0.0,Winter,No Holiday,Yes,862
12967,2018-08-23,8,Thursday,0,12,Morning,31.9,49,1.9,2000,19.8,1.85,0.0,0.0,0.0,Summer,No Holiday,Yes,769
17847,2018-03-29,3,Thursday,0,18,Evening,19.1,47,2.4,942,7.5,0.57,0.0,0.0,0.0,Spring,No Holiday,Yes,1776
18426,2018-03-19,3,Monday,0,22,Night,7.6,48,3.1,2000,-2.7,0.0,0.0,0.0,0.0,Spring,No Holiday,Yes,565
18403,2018-11-27,11,Tuesday,0,3,Dawn,3.5,86,1.4,281,1.3,0.0,0.0,0.0,0.0,Autumn,No Holiday,Yes,183
18664,2018-08-11,8,Saturday,1,9,Early Morning,29.7,58,1.3,1955,20.5,1.68,0.0,0.0,0.0,Summer,No Holiday,Yes,672
10641,2018-08-21,8,Tuesday,0,13,Afternoon,27.1,66,2.6,1895,20.1,1.54,0.0,0.0,0.0,Summer,No Holiday,Yes,827
18754,2018-07-25,7,Wednesday,0,1,Dawn,28.7,67,2.6,2000,21.9,0.0,0.0,0.0,0.0,Summer,No Holiday,Yes,726
13453,2018-08-10,8,Friday,0,13,Afternoon,34.2,41,1.7,2000,19.0,2.31,0.0,0.0,0.0,Summer,No Holiday,Yes,696
18477,2018-10-26,10,Friday,0,15,Afternoon,14.0,87,1.2,1482,11.8,0.68,1.0,0.0,1.0,Autumn,No Holiday,Yes,576
13197,2018-10-12,10,Friday,0,22,Night,10.5,62,1.2,2000,3.5,0.0,0.0,0.0,0.0,Autumn,No Holiday,Yes,1347
15294,2018-03-18,3,Sunday,1,17,Afternoon,11.1,42,2.2,765,-1.3,0.34,0.0,0.0,0.0,Spring,No Holiday,Yes,603
10487,2018-04-07,4,Saturday,1,17,Afternoon,7.6,36,5.3,2000,-6.5,1.8,0.0,0.0,0.0,Spring,No Holiday,Yes,908
14688,2018-06-20,6,Wednesday,0,16,Afternoon,28.2,48,3.9,1103,16.1,2.55,0.0,0.0,0.0,Summer,No Holiday,Yes,1600
13433,2018-01-22,1,Monday,0,20,Evening,-0.8,85,2.9,836,-3.0,0.0,0.0,0.1,0.1,Winter,No Holiday,Yes,181
16827,2018-09-23,9,Sunday,1,12,Morning,20.8,52,1.2,1984,10.5,1.25,0.0,0.0,0.0,Autumn,Holiday,Yes,915
15883,2018-10-29,10,Monday,0,15,Afternoon,11.0,46,3.4,2000,-0.1,0.57,0.0,0.0,0.0,Autumn,No Holiday,Yes,884
17418,2018-04-07,4,Saturday,1,14,Afternoon,8.1,24,4.7,1914,-11.3,2.99,0.0,0.0,0.0,Spring,No Holiday,Yes,919
13667,2018-05-04,5,Friday,0,1,Dawn,9.7,63,2.1,1610,2.9,0.0,0.0,0.0,0.0,Spring,No Holiday,Yes,480
17836,2018-09-03,9,Monday,0,12,Morning,23.9,83,1.1,1901,20.8,0.27,0.0,0.0,0.0,Autumn,No Holiday,Yes,673
17019,2018-05-29,5,Tuesday,0,2,Dawn,20.2,56,2.3,1498,0.0,0.0,0.0,0.0,0.0,Spring,No Holiday,Yes,466
17920,2018-10-06,10,Saturday,1,12,Morning,18.0,92,2.9,1999,16.6,0.45,1.0,0.0,1.0,Autumn,No Holiday,Yes,130
16307,2018-09-23,9,Sunday,1,22,Night,18.5,40,2.5,2000,4.6,0.0,0.0,0.0,0.0,Autumn,Holiday,Yes,1074
11283,2018-06-02,6,Saturday,1,16,Afternoon,29.6,26,3.7,2000,8.0,2.58,0.0,0.0,0.0,Summer,No Holiday,Yes,1707
17733,2018-06-14,6,Thursday,0,22,Night,21.8,72,1.0,1952,16.5,0.0,0.0,0.0,0.0,Summer,No Holiday,Yes,1737
15844,2018-09-14,9,Friday,0,4,Dawn,20.7,76,1.0,2000,16.3,0.0,0.0,0.0,0.0,Autumn,No Holiday,Yes,223
16418,2018-02-03,2,Saturday,1,1,Dawn,-2.3,71,3.2,1078,-6.8,0.0,0.0,0.0,0.0,Winter,No Holiday,Yes,184
17991,2018-07-06,7,Friday,0,5,Dawn,22.5,66,1.5,2000,15.8,0.0,0.0,0.0,0.0,Summer,No Holiday,Yes,311
16525,2018-03-14,3,Wednesday,0,3,Dawn,14.0,67,2.3,1733,7.9,0.0,0.0,0.0,0.0,Spring,No Holiday,Yes,142
12334,2018-11-28,11,Wednesday,0,7,Early Morning,2.5,24,0.2,1306,-16.0,0.0,0.0,0.0,0.0,Autumn,No Holiday,Yes,796
14720,2018-02-15,2,Thursday,0,7,Early Morning,-3.0,40,0.9,2000,-14.7,0.0,0.0,0.0,0.0,Winter,Holiday,Yes,55
14556,2018-01-31,1,Wednesday,0,17,Afternoon,-0.9,34,2.8,2000,-14.8,0.28,0.0,0.18,0.18,Winter,No Holiday,Yes,279
10042,2018-05-02,5,Wednesday,0,15,Afternoon,17.0,90,3.7,216,15.3,0.26,0.0,0.0,0.0,Spring,No Holiday,Yes,143
15924,2018-08-10,8,Friday,0,5,Dawn,26.1,83,0.3,1617,22.9,0.0,0.0,0.0,0.0,Summer,No Holiday,Yes,283
17155,2018-04-23,4,Monday,0,9,Early Morning,8.5,95,2.6,447,7.7,0.1,8.0,0.0,8.0,Spring,No Holiday,Yes,9
10420,2018-09-13,9,Thursday,0,5,Dawn,20.5,70,1.2,2000,14.8,0.0,0.0,0.0,0.0,Autumn,No Holiday,Yes,248
11438,2018-07-02,7,Monday,0,9,Early Morning,21.0,97,1.3,825,20.4,0.14,3.0,0.0,3.0,Summer,No Holiday,Yes,128
18445,2018-11-26,11,Monday,0,22,Night,6.2,70,0.4,474,1.1,0.0,0.0,0.0,0.0,Autumn,No Holiday,Yes,846
11117,2018-11-21,11,Wednesday,0,2,Dawn,6.9,87,0.7,822,4.8,0.0,0.0,0.0,0.0,Autumn,No Holiday,Yes,129
11057,2017-12-20,12,Wednesday,0,20,Evening,-1.9,86,0.9,700,-3.9,0.0,0.0,0.24,0.24,Winter,No Holiday,Yes,165
15437,2018-08-06,8,Monday,0,6,Dawn,28.3,83,1.1,900,25.1,0.0,0.0,0.0,0.0,Summer,No Holiday,Yes,546
13061,2018-09-25,9,Tuesday,0,17,Afternoon,22.9,33,1.4,2000,5.7,0.83,0.0,0.0,0.0,Autumn,Holiday,Yes,2033
14191,2018-01-11,1,Thursday,0,8,Early Morning,-12.6,61,1.6,1610,-18.5,0.0,0.0,0.0,0.0,Winter,No Holiday,Yes,443
15233,2018-08-02,8,Thursday,0,6,Dawn,30.4,54,1.3,2000,20.0,0.01,0.0,0.0,0.0,Summer,No Holiday,Yes,578
18609,2018-06-22,6,Friday,0,8,Early Morning,21.9,58,1.2,771,13.2,1.29,0.0,0.0,0.0,Summer,No Holiday,Yes,2283
17259,2018-02-20,2,Tuesday,0,17,Afternoon,3.9,19,3.6,2000,-17.6,0.58,0.0,0.0,0.0,Winter,No Holiday,Yes,514
15426,2018-07-02,7,Monday,0,0,Dawn,21.4,97,0.6,680,20.8,0.0,2.5,0.0,2.5,Summer,No Holiday,Yes,26
16837,2018-02-15,2,Thursday,0,0,Dawn,-0.7,37,3.5,1716,-13.6,0.0,0.0,0.0,0.0,Winter,Holiday,Yes,126
12171,2018-01-18,1,Thursday,0,9,Early Morning,1.2,84,2.1,210,-1.2,0.07,0.0,0.0,0.0,Winter,No Holiday,Yes,305
12806,2018-10-05,10,Friday,0,13,Afternoon,16.9,95,1.6,325,16.0,0.48,4.0,0.0,4.0,Autumn,No Holiday,Yes,22
14692,2017-12-13,12,Wednesday,0,15,Afternoon,-4.9,26,3.1,1887,-21.5,0.89,0.0,0.0,0.0,Winter,No Holiday,Yes,240
16815,2018-04-25,4,Wednesday,0,10,Morning,14.8,29,0.6,1749,-3.0,2.2,0.0,0.0,0.0,Spring,No Holiday,Yes,756
13247,2018-06-22,6,Friday,0,0,Dawn,20.7,67,1.9,885,14.3,0.0,0.0,0.0,0.0,Summer,No Holiday,Yes,1137
10771,2017-12-02,12,Saturday,1,18,Evening,5.5,53,1.5,1697,-3.3,0.0,0.0,0.0,0.0,Winter,No Holiday,Yes,489
10257,2018-02-22,2,Thursday,0,0,Dawn,-2.7,58,1.7,2000,-9.8,0.0,0.0,0.0,0.0,Winter,No Holiday,Yes,195
16930,2017-12-02,12,Saturday,1,17,Afternoon,6.0,51,2.5,1891,-3.3,0.06,0.0,0.0,0.0,Winter,No Holiday,Yes,572
11647,2018-09-10,9,Monday,0,13,Afternoon,27.1,38,1.7,2000,11.5,2.56,0.0,0.0,0.0,Autumn,No Holiday,Yes,1057
18012,2018-04-12,4,Thursday,0,3,Dawn,7.8,49,1.4,1972,-2.2,0.0,0.0,0.0,0.0,Spring,No Holiday,Yes,182
16851,2018-11-30,11,Friday,0,3,Dawn,-0.1,69,0.9,1338,-5.1,0.0,0.0,0.0,0.0,Autumn,No Holiday,Yes,213
10098,2018-09-13,9,Thursday,0,18,Evening,26.7,56,1.8,2000,17.1,0.47,0.0,0.0,0.0,Autumn,No Holiday,Yes,3146
15023,2018-07-27,7,Friday,0,22,Night,29.9,74,2.0,1201,24.7,0.0,0.0,0.0,0.0,Summer,No Holiday,Yes,1507
11644,2018-07-06,7,Friday,0,21,Evening,23.1,54,2.1,2000,13.2,0.0,0.0,0.0,0.0,Summer,No Holiday,Yes,2183
17996,2018-11-02,11,Friday,0,6,Dawn,4.5,77,1.0,1410,0.8,0.0,0.0,0.0,0.0,Autumn,No Holiday,Yes,403
14708,2018-03-03,3,Saturday,1,22,Night,10.2,49,1.7,1972,0.0,0.0,0.0,0.0,0.0,Spring,No Holiday,Yes,516
18327,2018-07-02,7,Monday,0,22,Night,23.4,98,0.3,585,23.0,0.0,2.5,0.0,2.5,Summer,No Holiday,Yes,83
16767,2018-04-21,4,Saturday,1,16,Afternoon,24.8,13,3.3,1955,-5.5,2.5,0.0,0.0,0.0,Spring,No Holiday,Yes,1942
10926,2018-09-20,9,Thursday,0,0,Dawn,20.1,58,0.3,2000,11.5,0.0,0.0,0.0,0.0,Autumn,No Holiday,Yes,886
10887,2018-04-13,4,Friday,0,18,Evening,17.5,18,1.3,2000,-7.1,0.23,0.0,0.0,0.0,Spring,No Holiday,Yes,2404
16734,2017-12-24,12,Sunday,1,8,Early Morning,4.6,91,1.7,95,3.2,0.0,0.0,0.0,0.0,Winter,Holiday,Yes,4
18022,2018-06-07,6,Thursday,0,23,Night,20.3,77,1.3,770,16.1,0.0,0.0,0.0,0.0,Summer,No Holiday,Yes,1290
16375,2018-07-06,7,Friday,0,13,Afternoon,26.2,53,2.1,2000,15.8,2.23,0.0,0.0,0.0,Summer,No Holiday,Yes,1210
10555,2018-11-17,11,Saturday,1,18,Evening,7.1,40,0.6,1995,-5.6,0.01,0.0,0.0,0.0,Autumn,No Holiday,Yes,877
14063,2018-01-25,1,Thursday,0,11,Morning,-13.8,25,3.5,1996,-29.6,0.91,0.0,0.06,0.06,Winter,No Holiday,Yes,122
17792,2018-01-23,1,Tuesday,0,10,Morning,-12.1,34,3.5,1968,-24.8,0.62,0.0,0.1,0.1,Winter,No Holiday,Yes,132
18555,2018-07-11,7,Wednesday,0,6,Dawn,24.5,97,0.1,290,23.9,0.0,0.5,0.0,0.5,Summer,No Holiday,Yes,187
16996,2018-10-01,10,Monday,0,3,Dawn,13.6,56,1.6,2000,4.9,0.0,0.0,0.0,0.0,Autumn,No Holiday,Yes,179
17328,2018-07-13,7,Friday,0,16,Afternoon,30.0,67,2.0,1698,23.1,1.46,0.0,0.0,0.0,Summer,No Holiday,Yes,1291
14016,2018-11-01,11,Thursday,0,7,Early Morning,2.5,75,0.5,1763,-1.4,0.0,0.0,0.0,0.0,Autumn,No Holiday,Yes,1055
14921,2018-04-25,4,Wednesday,0,9,Early Morning,11.7,32,0.8,1862,-4.4,1.6,0.0,0.0,0.0,Spring,No Holiday,Yes,1066
15316,2018-11-20,11,Tuesday,0,11,Morning,7.5,29,1.3,1926,-9.4,1.55,0.0,0.0,0.0,Autumn,No Holiday,Yes,699
15795,2018-09-03,9,Monday,0,0,Dawn,24.7,67,1.2,2000,18.1,0.0,0.0,0.0,0.0,Autumn,No Holiday,Yes,763
10474,2018-09-15,9,Saturday,1,21,Evening,23.3,80,0.7,1877,19.6,0.0,0.0,0.0,0.0,Autumn,No Holiday,Yes,1710
15565,2018-07-01,7,Sunday,1,12,Morning,21.1,97,1.2,653,20.5,0.17,7.5,0.0,7.5,Summer,No Holiday,Yes,9
11091,2017-12-17,12,Sunday,1,22,Night,-6.6,50,0.6,1990,-15.3,0.0,0.0,0.0,0.0,Winter,No Holiday,Yes,172
18255,2018-03-08,3,Thursday,0,16,Afternoon,9.5,56,3.1,994,1.1,1.1,0.0,0.0,0.0,Spring,No Holiday,Yes,594
13295,2018-10-13,10,Saturday,1,19,Evening,14.8,47,1.3,1111,3.5,0.0,0.0,0.0,0.0,Autumn,No Holiday,Yes,1381
12948,2018-09-22,9,Saturday,1,7,Early Morning,18.1,96,0.9,557,17.4,0.04,0.0,0.0,0.0,Autumn,No Holiday,Yes,363
10284,2018-06-10,6,Sunday,1,19,Evening,23.4,55,1.0,2000,13.8,0.12,0.0,0.0,0.0,Summer,No Holiday,Yes,2267
12172,2018-08-24,8,Friday,0,12,Morning,25.8,81,3.2,1828,22.2,0.8,0.0,0.0,0.0,Summer,No Holiday,Yes,355
14830,2018-05-24,5,Thursday,0,23,Night,18.1,56,1.6,1095,9.1,0.0,0.0,0.0,0.0,Spring,No Holiday,Yes,1087
11798,2018-06-17,6,Sunday,1,11,Morning,23.6,63,0.7,523,16.1,0.93,0.0,0.0,0.0,Summer,No Holiday,Yes,1146
11414,2017-12-29,12,Friday,0,11,Morning,3.1,62,1.1,517,-3.4,0.29,0.0,0.0,0.0,Winter,No Holiday,Yes,317
14886,2018-11-21,11,Wednesday,0,11,Morning,7.4,30,1.4,2000,-9.0,0.44,0.0,0.0,0.0,Autumn,No Holiday,Yes,649
16899,2018-10-22,10,Monday,0,2,Dawn,10.5,57,0.2,1837,2.3,0.0,0.0,0.0,0.0,Autumn,No Holiday,Yes,253
11295,2018-11-16,11,Friday,0,15,Afternoon,13.2,61,3.9,719,5.8,1.03,0.0,0.0,0.0,Autumn,No Holiday,Yes,995
14158,2018-07-10,7,Tuesday,0,22,Night,25.0,86,0.5,796,22.4,0.0,0.0,0.0,0.0,Summer,No Holiday,Yes,971
15939,2018-01-08,1,Monday,0,19,Evening,0.9,88,1.6,290,-0.8,0.0,0.0,0.05,0.05,Winter,No Holiday,Yes,127
12285,2018-04-03,4,Tuesday,0,12,Morning,19.6,63,2.9,1034,12.3,0.68,0.0,0.0,0.0,Spring,No Holiday,Yes,913
13790,2018-06-16,6,Saturday,1,2,Dawn,17.9,60,0.8,2000,10.0,0.0,0.0,0.0,0.0,Summer,No Holiday,Yes,764
13992,2018-07-24,7,Tuesday,0,2,Dawn,28.6,66,0.9,2000,21.6,0.0,0.0,0.0,0.0,Summer,No Holiday,Yes,487
12964,2018-11-01,11,Thursday,0,16,Afternoon,14.7,32,2.0,1934,-1.8,1.13,0.0,0.0,0.0,Autumn,No Holiday,Yes,1206
18209,2018-05-13,5,Sunday,1,22,Night,13.5,87,2.2,433,11.3,0.0,0.0,0.0,0.0,Spring,No Holiday,Yes,1155
14437,2018-10-22,10,Monday,0,15,Afternoon,20.2,31,1.6,855,2.5,1.25,0.0,0.0,0.0,Autumn,No Holiday,Yes,1167
10814,2018-05-21,5,Monday,0,1,Dawn,14.5,31,1.1,2000,-2.4,0.0,0.0,0.0,0.0,Spring,No Holiday,Yes,420
17455,2018-04-24,4,Tuesday,0,21,Evening,11.5,47,1.1,2000,0.5,0.0,0.0,0.0,0.0,Spring,No Holiday,Yes,1372
12915,2017-12-08,12,Friday,0,23,Night,-3.5,43,0.9,2000,-14.3,0.0,0.0,0.0,0.0,Winter,No Holiday,Yes,275
14581,2018-07-15,7,Sunday,1,1,Dawn,25.5,83,2.3,1576,22.3,0.0,0.0,0.0,0.0,Summer,No Holiday,Yes,868
10143,2017-12-22,12,Friday,0,16,Afternoon,6.0,58,0.7,732,-1.6,0.19,0.0,0.0,0.0,Winter,Holiday,Yes,416
17467,2018-05-31,5,Thursday,0,5,Dawn,14.4,82,1.2,708,11.3,0.0,0.0,0.0,0.0,Spring,No Holiday,Yes,265
14432,2018-08-12,8,Sunday,1,20,Evening,29.4,86,1.1,1194,26.8,0.03,4.0,0.0,4.0,Summer,No Holiday,Yes,1208
10425,2018-06-01,6,Friday,0,3,Dawn,18.6,72,1.4,1340,13.4,0.0,0.0,0.0,0.0,Summer,No Holiday,Yes,366
12322,2018-08-29,8,Wednesday,0,9,Early Morning,25.8,79,2.7,1963,21.8,0.3,0.0,0.0,0.0,Summer,No Holiday,Yes,867
11958,2018-10-16,10,Tuesday,0,19,Evening,15.5,63,1.7,1774,8.4,0.0,0.0,0.0,0.0,Autumn,No Holiday,Yes,1867
18337,2017-12-12,12,Tuesday,0,7,Early Morning,-12.1,50,2.3,1929,-20.4,0.0,0.0,0.0,0.0,Winter,No Holiday,Yes,280
14147,2018-08-26,8,Sunday,1,14,Afternoon,25.8,69,3.6,1309,19.6,0.56,0.1,0.0,0.1,Summer,No Holiday,Yes,417
12814,2018-08-10,8,Friday,0,15,Afternoon,34.8,47,2.4,2000,21.8,2.21,0.0,0.0,0.0,Summer,No Holiday,Yes,725
13131,2018-07-15,7,Sunday,1,4,Dawn,24.6,86,0.1,1358,22.0,0.0,0.0,0.0,0.0,Summer,No Holiday,Yes,278
11251,2018-08-03,8,Friday,0,11,Morning,35.7,42,1.6,1727,20.7,2.56,0.0,0.0,0.0,Summer,No Holiday,Yes,575
11207,2018-11-06,11,Tuesday,0,4,Dawn,9.1,81,0.0,493,6.0,0.0,0.0,0.0,0.0,Autumn,No Holiday,No,0
18553,2018-02-09,2,Friday,0,15,Afternoon,5.0,24,1.0,1037,-13.9,1.16,0.0,0.0,0.0,Winter,No Holiday,Yes,315
17560,2018-03-10,3,Saturday,1,16,Afternoon,8.3,37,3.8,1867,-5.5,1.73,0.0,0.0,0.0,Spring,No Holiday,Yes,972
11715,2018-05-08,5,Tuesday,0,19,Evening,17.9,42,2.1,2000,4.7,0.37,0.0,0.0,0.0,Spring,No Holiday,Yes,2241
12378,2018-07-31,7,Tuesday,0,1,Dawn,30.2,57,0.7,2000,20.7,0.0,0.0,0.0,0.0,Summer,No Holiday,Yes,695
13973,2018-11-27,11,Tuesday,0,13,Afternoon,11.0,60,0.9,411,3.5,0.85,0.0,0.0,0.0,Autumn,No Holiday,Yes,671
14102,2018-10-21,10,Sunday,1,13,Afternoon,19.3,24,1.5,1745,-1.8,2.4,0.0,0.0,0.0,Autumn,No Holiday,Yes,1519
13915,2018-07-18,7,Wednesday,0,6,Dawn,23.7,83,0.1,713,20.6,0.03,0.0,0.0,0.0,Summer,No Holiday,Yes,695
10264,2018-01-28,1,Sunday,1,21,Evening,-7.3,34,3.5,2000,-20.5,0.0,0.0,0.0,0.0,Winter,No Holiday,Yes,106
15988,2018-08-26,8,Sunday,1,11,Morning,28.0,46,1.7,1990,15.2,2.73,0.0,0.0,0.0,Summer,No Holiday,Yes,791
10287,2018-03-23,3,Friday,0,11,Morning,7.1,50,1.7,799,-2.6,2.24,0.0,0.0,0.0,Spring,No Holiday,Yes,584
10054,2018-04-22,4,Sunday,1,6,Dawn,14.6,42,0.5,2000,1.8,0.0,0.0,0.0,0.0,Spring,No Holiday,Yes,155
11142,2018-02-16,2,Friday,0,10,Morning,-1.3,32,1.5,1933,-15.9,1.24,0.0,0.0,0.0,Winter,Holiday,Yes,78
16478,2018-08-04,8,Saturday,1,22,Night,28.6,74,2.5,1804,23.5,0.0,0.0,0.0,0.0,Summer,No Holiday,Yes,1337
17419,2018-01-02,1,Tuesday,0,19,Evening,-1.3,28,2.4,2000,-17.5,0.0,0.0,0.0,0.0,Winter,No Holiday,Yes,403
14774,2018-05-11,5,Friday,0,11,Morning,18.3,56,1.4,519,9.3,2.53,0.0,0.0,0.0,Spring,No Holiday,Yes,972
10400,2018-08-03,8,Friday,0,6,Dawn,30.5,62,1.3,1583,22.3,0.01,0.0,0.0,0.0,Summer,No Holiday,Yes,544
13157,2018-03-29,3,Thursday,0,13,Afternoon,19.5,48,1.9,596,8.1,2.32,0.0,0.0,0.0,Spring,No Holiday,Yes,716
15356,2018-03-17,3,Saturday,1,17,Afternoon,12.1,34,2.5,1240,-3.3,0.81,0.0,0.0,0.0,Spring,No Holiday,Yes,1272
18580,2017-12-03,12,Sunday,1,22,Night,4.3,89,1.8,201,2.6,0.0,0.0,0.0,0.0,Winter,No Holiday,Yes,350
17413,2018-10-03,10,Wednesday,0,17,Afternoon,23.3,36,1.7,1960,7.3,0.95,0.0,0.0,0.0,Autumn,Holiday,Yes,2400
15083,2018-09-13,9,Thursday,0,7,Early Morning,20.5,69,1.4,2000,14.6,0.03,0.0,0.0,0.0,Autumn,No Holiday,Yes,1448
17629,2017-12-29,12,Friday,0,18,Evening,3.6,62,1.4,389,-3.0,0.01,0.0,0.0,0.0,Winter,No Holiday,Yes,574
14407,2018-09-20,9,Thursday,0,7,Early Morning,18.0,95,1.6,375,17.1,0.0,1.5,0.0,1.5,Autumn,No Holiday,Yes,130
15638,2018-04-11,4,Wednesday,0,12,Morning,15.7,46,3.9,1132,4.0,3.05,0.0,0.0,0.0,Spring,No Holiday,No,0
13139,2018-04-21,4,Saturday,1,8,Early Morning,14.6,54,0.9,431,5.3,0.89,0.0,0.0,0.0,Spring,No Holiday,Yes,600
17141,2018-10-22,10,Monday,0,11,Morning,16.7,37,0.7,1074,1.9,1.74,0.0,0.0,0.0,Autumn,No Holiday,Yes,941
18282,2018-05-12,5,Saturday,1,8,Early Morning,12.0,87,1.0,296,9.8,0.1,1.0,0.0,1.0,Spring,No Holiday,Yes,20
12719,2018-01-27,1,Saturday,1,12,Morning,-7.7,32,2.5,1763,-21.5,1.13,0.0,0.03,0.03,Winter,No Holiday,Yes,145
18418,2018-10-17,10,Wednesday,0,13,Afternoon,17.7,25,2.1,1917,-2.6,2.48,0.0,0.0,0.0,Autumn,No Holiday,Yes,1115
10155,2018-11-26,11,Monday,0,13,Afternoon,11.7,50,1.4,609,1.6,1.74,0.0,0.0,0.0,Autumn,No Holiday,Yes,718
13459,2018-01-04,1,Thursday,0,8,Early Morning,-8.6,55,0.6,1984,-16.0,0.0,0.0,0.0,0.0,Winter,No Holiday,Yes,646
18344,2017-12-06,12,Wednesday,0,0,Dawn,-2.8,77,0.0,331,-6.2,0.0,0.1,0.01,0.11,Winter,No Holiday,Yes,145
17702,2018-02-23,2,Friday,0,18,Evening,7.5,70,5.0,374,2.3,0.08,0.0,0.0,0.0,Winter,No Holiday,Yes,669
12450,2018-11-15,11,Thursday,0,16,Afternoon,15.4,34,1.4,1016,-0.4,0.68,0.0,0.0,0.0,Autumn,No Holiday,Yes,1123
16395,2018-04-01,4,Sunday,1,20,Evening,17.1,80,1.5,480,13.6,0.0,0.0,0.0,0.0,Spring,No Holiday,Yes,984
16302,2018-04-09,4,Monday,0,4,Dawn,1.1,95,0.5,345,0.3,0.0,0.0,0.0,0.0,Spring,No Holiday,Yes,43
15371,2018-05-16,5,Wednesday,0,19,Evening,21.9,97,2.2,196,21.3,0.01,0.0,0.0,0.0,Spring,No Holiday,Yes,404
15041,2018-04-15,4,Sunday,1,17,Afternoon,11.8,60,2.9,1457,4.2,0.6,0.0,0.0,0.0,Spring,No Holiday,Yes,42
14228,2017-12-07,12,Thursday,0,5,Dawn,1.5,92,1.1,175,0.3,0.0,0.0,0.09,0.09,Winter,No Holiday,Yes,83
17272,2018-06-28,6,Thursday,0,8,Early Morning,24.2,73,1.0,1581,19.0,0.96,0.0,0.0,0.0,Summer,No Holiday,Yes,2288
12595,2018-01-03,1,Wednesday,0,18,Evening,-3.1,39,2.1,2000,-15.1,0.0,0.0,0.0,0.0,Winter,No Holiday,Yes,637
15250,2018-08-15,8,Wednesday,0,0,Dawn,30.0,67,0.8,1986,23.1,0.0,0.0,0.0,0.0,Summer,Holiday,Yes,1034
10119,2018-10-09,10,Tuesday,0,18,Evening,17.7,43,1.5,2000,4.9,0.05,0.0,0.0,0.0,Autumn,Holiday,No,0
10463,2018-04-30,4,Monday,0,7,Early Morning,15.1,78,1.5,354,11.2,0.06,0.0,0.0,0.0,Spring,No Holiday,Yes,1075
13796,2018-09-21,9,Friday,0,1,Dawn,19.0,78,1.6,2000,15.0,0.0,0.0,0.0,0.0,Autumn,No Holiday,Yes,674
17656,2018-04-19,4,Thursday,0,18,Evening,19.1,31,3.0,958,1.5,0.7,0.0,0.0,0.0,Spring,No Holiday,Yes,2198
17833,2018-01-27,1,Saturday,1,22,Night,-7.8,43,2.3,1804,-18.2,0.0,0.0,0.0,0.0,Winter,No Holiday,Yes,114
18404,2018-06-13,6,Wednesday,0,23,Night,21.5,62,0.1,1827,13.9,0.0,0.0,0.0,0.0,Summer,No Holiday,Yes,1394
12315,2018-08-04,8,Saturday,1,11,Morning,33.4,52,2.8,1462,22.1,2.19,0.0,0.0,0.0,Summer,No Holiday,Yes,655
17371,2018-10-11,10,Thursday,0,14,Afternoon,13.4,32,4.9,2000,-2.9,1.78,0.0,0.0,0.0,Autumn,No Holiday,Yes,991
15362,2018-08-29,8,Wednesday,0,11,Morning,26.9,74,3.2,2000,21.8,0.45,0.0,0.0,0.0,Summer,No Holiday,Yes,671
12613,2018-04-29,4,Sunday,1,0,Dawn,11.7,53,1.4,1620,2.4,0.0,0.0,0.0,0.0,Spring,No Holiday,Yes,790
15374,2018-09-14,9,Friday,0,17,Afternoon,25.9,56,1.7,2000,16.4,0.42,0.0,0.0,0.0,Autumn,No Holiday,Yes,2059
10086,2018-04-03,4,Tuesday,0,19,Evening,18.0,74,3.1,1258,13.2,0.02,0.0,0.0,0.0,Spring,No Holiday,Yes,1415
13087,2017-12-26,12,Tuesday,0,14,Afternoon,-1.6,20,4.3,2000,-21.6,1.11,0.0,0.0,0.0,Winter,No Holiday,Yes,271
16829,2018-03-11,3,Sunday,1,10,Morning,5.9,69,2.6,330,0.6,1.43,0.0,0.0,0.0,Spring,No Holiday,Yes,394
12636,2018-11-22,11,Thursday,0,5,Dawn,-0.4,39,0.8,2000,-12.6,0.0,0.0,0.0,0.0,Autumn,No Holiday,Yes,133
17837,2018-06-27,6,Wednesday,0,20,Evening,24.2,72,1.4,833,18.8,0.03,0.0,0.0,0.0,Summer,No Holiday,Yes,2274
16225,2018-10-04,10,Thursday,0,2,Dawn,14.0,73,0.5,1992,9.2,0.0,0.0,0.0,0.0,Autumn,No Holiday,No,0
14822,2018-03-09,3,Friday,0,14,Afternoon,8.0,42,1.5,1690,-4.1,1.24,0.0,0.0,0.0,Spring,No Holiday,Yes,542
13174,2018-10-04,10,Thursday,0,14,Afternoon,24.3,39,1.7,2000,9.4,2.18,0.0,0.0,0.0,Autumn,No Holiday,No,0
11717,2018-08-02,8,Thursday,0,4,Dawn,31.1,54,1.9,2000,20.6,0.0,0.0,0.0,0.0,Summer,No Holiday,Yes,215
13748,2018-01-29,1,Monday,0,6,Dawn,-10.9,43,1.0,1967,-21.0,0.0,0.0,0.0,0.0,Winter,No Holiday,Yes,94
11622,2018-02-23,2,Friday,0,6,Dawn,0.4,95,0.3,197,-0.3,0.0,0.0,0.38,0.38,Winter,No Holiday,Yes,63
10550,2018-09-22,9,Saturday,1,23,Night,17.9,66,1.0,2000,11.4,0.0,0.0,0.0,0.0,Autumn,No Holiday,Yes,1108
14077,2018-03-29,3,Thursday,0,6,Dawn,12.6,83,0.5,332,9.7,0.0,0.0,0.0,0.0,Spring,No Holiday,Yes,274
18242,2018-03-01,3,Thursday,0,19,Evening,-1.7,45,3.3,1375,-12.1,0.01,0.0,0.0,0.0,Spring,Holiday,Yes,231
15975,2018-10-08,10,Monday,0,15,Afternoon,20.6,26,1.2,2000,0.4,1.76,0.0,0.0,0.0,Autumn,No Holiday,Yes,1502
11397,2017-12-29,12,Friday,0,8,Early Morning,1.0,68,0.6,624,-4.2,0.0,0.0,0.0,0.0,Winter,No Holiday,Yes,636
14544,2018-02-23,2,Friday,0,22,Night,5.7,81,2.5,292,2.6,0.0,0.0,0.0,0.0,Winter,No Holiday,Yes,291
13582,2017-12-30,12,Saturday,1,3,Dawn,-1.1,83,0.8,237,-3.6,0.0,0.0,0.0,0.0,Winter,No Holiday,Yes,127
14045,2018-07-30,7,Monday,0,3,Dawn,27.4,59,1.4,2000,18.6,0.0,0.0,0.0,0.0,Summer,No Holiday,Yes,253
13034,2018-03-01,3,Thursday,0,10,Morning,0.1,53,5.3,1022,-8.3,1.12,0.0,0.0,0.0,Spring,Holiday,Yes,191
18717,2018-03-06,3,Tuesday,0,20,Evening,6.1,31,2.8,2000,-9.8,0.0,0.0,0.0,0.0,Spring,No Holiday,Yes,666
10371,2017-12-04,12,Monday,0,12,Morning,-0.3,38,4.8,1823,-12.9,1.11,0.0,0.0,0.0,Winter,No Holiday,Yes,393
15633,2018-03-20,3,Tuesday,0,19,Evening,3.2,45,3.7,2000,-7.6,0.02,0.0,0.0,0.0,Spring,No Holiday,Yes,716
16170,2017-12-28,12,Thursday,0,12,Morning,-0.8,38,1.0,1686,-13.3,0.75,0.0,0.0,0.0,Winter,No Holiday,Yes,286
11852,2018-03-30,3,Friday,0,15,Afternoon,21.8,28,2.3,1162,2.4,2.4,0.0,0.0,0.0,Spring,No Holiday,Yes,1068
16280,2018-03-26,3,Monday,0,20,Evening,12.9,42,2.8,1047,0.2,0.0,0.0,0.0,0.0,Spring,No Holiday,Yes,835
13276,2018-08-13,8,Monday,0,22,Night,29.9,60,1.3,2000,21.2,0.0,0.0,0.0,0.0,Summer,No Holiday,Yes,1635
14015,2018-02-12,2,Monday,0,20,Evening,-4.7,55,1.7,2000,-12.3,0.0,0.0,0.0,0.0,Winter,No Holiday,Yes,244
11467,2018-03-11,3,Sunday,1,1,Dawn,4.8,80,1.3,583,1.6,0.0,0.0,0.0,0.0,Spring,No Holiday,Yes,222
14138,2018-10-28,10,Sunday,1,5,Dawn,7.2,68,2.5,1740,1.6,0.0,0.0,0.0,0.0,Autumn,No Holiday,Yes,27
17931,2018-02-18,2,Sunday,1,17,Afternoon,4.2,17,2.5,1990,-18.7,0.66,0.0,0.0,0.0,Winter,No Holiday,Yes,354
17373,2018-08-18,8,Saturday,1,17,Afternoon,29.9,39,2.9,2000,14.4,0.86,0.0,0.0,0.0,Summer,No Holiday,Yes,1806
14046,2018-02-11,2,Sunday,1,13,Afternoon,-2.4,28,3.0,1953,-18.4,2.35,0.0,0.0,0.0,Winter,No Holiday,Yes,212
18475,2018-06-13,6,Wednesday,0,12,Morning,24.5,56,2.3,1094,15.1,1.74,0.0,0.0,0.0,Summer,No Holiday,Yes,1747
10570,2018-09-02,9,Sunday,1,8,Early Morning,21.3,57,1.3,2000,12.4,0.81,0.0,0.0,0.0,Autumn,No Holiday,Yes,576
17976,2018-07-04,7,Wednesday,0,6,Dawn,24.0,84,0.1,1969,21.1,0.05,0.0,0.0,0.0,Summer,No Holiday,Yes,747
12686,2017-12-07,12,Thursday,0,9,Early Morning,0.1,91,0.8,265,-1.1,0.14,0.0,0.08,0.08,Winter,No Holiday,Yes,415
14007,2018-03-01,3,Thursday,0,1,Dawn,2.1,97,0.2,859,1.6,0.0,0.0,0.0,0.0,Spring,Holiday,Yes,147
12639,2018-05-20,5,Sunday,1,4,Dawn,12.8,44,0.8,2000,0.8,0.0,0.0,0.0,0.0,Spring,No Holiday,Yes,205
18573,2018-11-27,11,Tuesday,0,5,Dawn,3.6,84,0.6,315,1.1,0.0,0.0,0.0,0.0,Autumn,No Holiday,Yes,140
16800,2018-06-30,6,Saturday,1,20,Evening,24.2,88,0.8,1276,22.0,0.06,0.0,0.0,0.0,Summer,No Holiday,Yes,778
11358,2018-09-12,9,Wednesday,0,2,Dawn,19.0,56,0.9,2000,10.0,0.0,0.0,0.0,0.0,Autumn,No Holiday,Yes,462
15692,2018-07-27,7,Friday,0,13,Afternoon,35.3,48,2.5,880,22.6,2.89,0.0,0.0,0.0,Summer,No Holiday,Yes,653
13608,2017-12-05,12,Tuesday,0,19,Evening,-3.2,45,0.0,2000,-13.5,0.0,0.0,0.0,0.0,Winter,No Holiday,Yes,597
12170,2017-12-12,12,Tuesday,0,19,Evening,-8.2,43,1.1,2000,-18.5,0.0,0.0,0.0,0.0,Winter,No Holiday,Yes,350
16757,2017-12-19,12,Tuesday,0,7,Early Morning,-4.4,64,2.8,1367,-10.1,0.0,0.0,0.26,0.26,Winter,No Holiday,Yes,165
10739,2018-02-20,2,Tuesday,0,7,Early Morning,-2.2,76,1.9,527,-5.8,0.0,0.0,0.0,0.0,Winter,No Holiday,Yes,404
11639,2018-05-03,5,Thursday,0,2,Dawn,7.3,86,1.7,2000,5.1,0.0,0.0,0.0,0.0,Spring,No Holiday,Yes,251
13249,2018-10-04,10,Thursday,0,23,Night,19.4,62,1.7,2000,11.9,0.0,0.0,0.0,0.0,Autumn,No Holiday,No,0
14501,2018-11-24,11,Saturday,1,10,Morning,0.4,97,1.8,207,0.0,0.0,0.0,0.8800000000000001,0.8800000000000001,Autumn,No Holiday,Yes,62
10388,2018-02-06,2,Tuesday,0,21,Evening,-10.6,39,3.1,2000,-21.9,0.0,0.0,0.0,0.0,Winter,No Holiday,Yes,175
13763,2017-12-27,12,Wednesday,0,4,Dawn,-9.1,33,2.3,2000,-22.4,0.0,0.0,0.0,0.0,Winter,No Holiday,Yes,55
15655,2018-08-03,8,Friday,0,0,Dawn,32.1,67,1.1,1077,25.1,0.0,0.0,0.0,0.0,Summer,No Holiday,Yes,763
14810,2018-01-10,1,Wednesday,0,19,Evening,-8.5,35,2.9,2000,-21.2,0.0,0.0,0.0,0.0,Winter,No Holiday,Yes,259
16684,2018-08-20,8,Monday,0,10,Morning,29.3,49,2.0,1875,17.4,1.65,0.0,0.0,0.0,Summer,No Holiday,Yes,719
17494,2018-10-20,10,Saturday,1,12,Morning,17.7,33,2.2,1556,1.2,2.37,0.0,0.0,0.0,Autumn,No Holiday,Yes,1407
17740,2018-06-03,6,Sunday,1,6,Dawn,16.9,62,0.4,1768,9.5,0.06,0.0,0.0,0.0,Summer,No Holiday,Yes,228
11945,2018-04-15,4,Sunday,1,23,Night,8.6,69,2.2,1730,3.2,0.0,0.0,0.0,0.0,Spring,No Holiday,Yes,467
17820,2017-12-26,12,Tuesday,0,0,Dawn,-1.4,58,1.0,1880,-8.6,0.0,0.0,0.0,0.0,Winter,No Holiday,Yes,178
17090,2018-11-24,11,Saturday,1,19,Evening,2.6,85,1.2,797,0.3,0.0,0.0,0.32999999999999996,0.32999999999999996,Autumn,No Holiday,Yes,420
13991,2018-01-07,1,Sunday,1,5,Dawn,-5.6,58,0.7,1350,-12.5,0.0,0.0,0.0,0.0,Winter,No Holiday,Yes,40
15808,2017-12-28,12,Thursday,0,18,Evening,-0.6,62,1.6,1129,-6.9,0.0,0.0,0.0,0.0,Winter,No Holiday,Yes,552
18063,2018-06-24,6,Sunday,1,4,Dawn,20.5,90,0.8,223,18.7,0.0,0.0,0.0,0.0,Summer,No Holiday,Yes,286
14114,2018-01-30,1,Tuesday,0,21,Evening,-1.6,91,1.3,508,-2.8,0.0,1.5,0.35,1.85,Winter,No Holiday,Yes,60
16644,2018-07-12,7,Thursday,0,12,Morning,27.4,80,2.7,1083,23.6,0.97,0.0,0.0,0.0,Summer,No Holiday,Yes,991
16278,2018-01-23,1,Tuesday,0,16,Afternoon,-10.1,34,4.3,2000,-23.0,0.74,0.0,0.1,0.1,Winter,No Holiday,Yes,181
12774,2018-08-03,8,Friday,0,12,Morning,36.8,41,2.1,1759,21.3,2.53,0.0,0.0,0.0,Summer,No Holiday,Yes,585
11232,2018-02-09,2,Friday,0,21,Evening,2.9,63,1.0,786,-3.4,0.0,0.0,0.0,0.0,Winter,No Holiday,Yes,243
13693,2018-06-01,6,Friday,0,8,Early Morning,20.6,55,0.7,1200,11.2,1.21,0.0,0.0,0.0,Summer,No Holiday,Yes,2149
16276,2018-06-04,6,Monday,0,4,Dawn,19.4,56,1.2,1752,10.3,0.0,0.0,0.0,0.0,Summer,No Holiday,Yes,172
12427,2018-04-02,4,Monday,0,8,Early Morning,15.7,75,1.1,804,11.2,0.11,0.0,0.0,0.0,Spring,No Holiday,Yes,1469
18570,2018-09-16,9,Sunday,1,21,Evening,21.2,88,1.7,373,19.1,0.0,0.0,0.0,0.0,Autumn,No Holiday,Yes,1146
12733,2018-03-29,3,Thursday,0,5,Dawn,12.7,83,0.8,392,9.8,0.0,0.0,0.0,0.0,Spring,No Holiday,Yes,106
18630,2018-10-20,10,Saturday,1,16,Afternoon,20.9,20,2.0,1976,-2.9,1.35,0.0,0.0,0.0,Autumn,No Holiday,Yes,1813
16175,2018-09-27,9,Thursday,0,3,Dawn,14.9,57,1.1,2000,6.4,0.0,0.0,0.0,0.0,Autumn,No Holiday,Yes,178
16416,2018-05-01,5,Tuesday,0,14,Afternoon,23.0,64,2.8,520,15.8,1.59,0.0,0.0,0.0,Spring,Holiday,Yes,1536
10629,2018-06-11,6,Monday,0,1,Dawn,19.8,59,1.3,2000,11.5,0.0,0.0,0.0,0.0,Summer,No Holiday,Yes,555
14242,2017-12-26,12,Tuesday,0,16,Afternoon,-1.9,17,3.3,2000,-23.7,0.61,0.0,0.0,0.0,Winter,No Holiday,Yes,282
18737,2018-10-21,10,Sunday,1,15,Afternoon,20.9,23,1.5,1892,-1.0,1.87,0.0,0.0,0.0,Autumn,No Holiday,Yes,1891
17023,2018-09-12,9,Wednesday,0,17,Afternoon,27.8,41,1.9,1999,13.3,1.27,0.0,0.0,0.0,Autumn,No Holiday,Yes,2129
14889,2018-07-03,7,Tuesday,0,9,Early Morning,25.7,76,0.8,1920,21.1,1.11,0.0,0.0,0.0,Summer,No Holiday,Yes,1156
16718,2018-05-10,5,Thursday,0,7,Early Morning,12.1,71,1.6,876,6.9,0.34,0.0,0.0,0.0,Spring,No Holiday,No,0
10440,2018-11-24,11,Saturday,1,11,Morning,1.2,97,2.3,975,0.7,0.07,0.0,0.8800000000000001,0.8800000000000001,Autumn,No Holiday,Yes,114
10706,2018-04-30,4,Monday,0,19,Evening,21.2,65,2.9,559,14.3,0.25,0.0,0.0,0.0,Spring,No Holiday,Yes,2064
16763,2018-03-13,3,Tuesday,0,20,Evening,13.9,77,1.5,1010,9.9,0.0,0.0,0.0,0.0,Spring,No Holiday,Yes,986
14954,2018-11-06,11,Tuesday,0,23,Night,12.2,74,1.1,291,7.6,0.0,0.0,0.0,0.0,Autumn,No Holiday,No,0
15637,2018-04-09,4,Monday,0,19,Evening,13.4,33,1.2,1356,-2.5,0.15,0.0,0.0,0.0,Spring,No Holiday,Yes,1599
11486,2018-09-16,9,Sunday,1,16,Afternoon,22.5,86,2.5,342,20.0,0.47,0.0,0.0,0.0,Autumn,No Holiday,Yes,142
14744,2018-11-21,11,Wednesday,0,8,Early Morning,6.4,86,0.9,450,4.2,0.03,0.0,0.0,0.0,Autumn,No Holiday,Yes,1622
12229,2018-09-18,9,Tuesday,0,21,Evening,22.1,61,1.5,2000,14.2,0.0,0.0,0.0,0.0,Autumn,No Holiday,No,0
13523,2018-02-28,2,Wednesday,0,17,Afternoon,3.8,90,2.7,654,2.3,0.0,0.0,0.0,0.0,Winter,No Holiday,Yes,8
18656,2018-05-28,5,Monday,0,10,Morning,23.3,49,1.1,1881,11.9,2.46,0.0,0.0,0.0,Spring,No Holiday,Yes,828
14395,2018-11-25,11,Sunday,1,15,Afternoon,9.5,54,1.3,675,0.6,0.76,0.0,0.11000000000000001,0.11000000000000001,Autumn,No Holiday,Yes,846
16666,2018-09-19,9,Wednesday,0,23,Night,20.4,57,0.9,2000,11.5,0.0,0.0,0.0,0.0,Autumn,No Holiday,No,0
15885,2018-04-22,4,Sunday,1,15,Afternoon,19.6,44,2.4,1885,7.0,0.47,0.2,0.0,0.2,Spring,No Holiday,Yes,234
10117,2017-12-11,12,Monday,0,14,Afternoon,-5.4,31,4.1,1945,-19.9,1.13,0.0,0.0,0.0,Winter,No Holiday,Yes,253
17192,2018-07-21,7,Saturday,1,10,Morning,31.4,51,1.1,847,20.0,2.32,0.0,0.0,0.0,Summer,No Holiday,Yes,699
15128,2018-07-29,7,Sunday,1,4,Dawn,27.0,74,0.8,1816,21.9,0.0,0.0,0.0,0.0,Summer,No Holiday,Yes,245
17422,2018-10-10,10,Wednesday,0,23,Night,8.5,52,0.6,2000,-0.8,0.0,0.0,0.0,0.0,Autumn,No Holiday,Yes,901
14458,2017-12-22,12,Friday,0,15,Afternoon,6.5,55,0.9,801,-1.9,0.38,0.0,0.0,0.0,Winter,Holiday,Yes,386
12250,2018-01-08,1,Monday,0,17,Afternoon,2.7,50,2.8,1957,-6.7,0.06,0.0,0.0,0.0,Winter,No Holiday,Yes,385
17256,2018-04-24,4,Tuesday,0,23,Night,9.6,44,0.7,2000,-2.0,0.0,0.0,0.0,0.0,Spring,No Holiday,Yes,725
15643,2017-12-11,12,Monday,0,4,Dawn,-5.2,35,3.2,2000,-18.3,0.0,0.0,0.0,0.0,Winter,No Holiday,Yes,44
13116,2018-01-24,1,Wednesday,0,0,Dawn,-14.6,34,3.9,2000,-27.0,0.0,0.0,0.09,0.09,Winter,No Holiday,Yes,90
12364,2018-10-05,10,Friday,0,7,Early Morning,17.7,56,1.3,2000,8.8,0.0,0.0,0.0,0.0,Autumn,No Holiday,Yes,282
11346,2018-10-29,10,Monday,0,23,Night,4.3,58,1.4,2000,-3.2,0.0,0.0,0.0,0.0,Autumn,No Holiday,Yes,658
17449,2018-01-03,1,Wednesday,0,4,Dawn,-6.1,45,2.3,2000,-16.1,0.0,0.0,0.0,0.0,Winter,No Holiday,Yes,43
18241,2018-11-14,11,Wednesday,0,21,Evening,9.8,52,0.5,1255,0.3,0.0,0.0,0.0,0.0,Autumn,No Holiday,Yes,1239
11946,2018-08-31,8,Friday,0,15,Afternoon,30.3,41,2.5,1864,15.5,2.72,0.0,0.0,0.0,Summer,No Holiday,Yes,1119
16571,2018-07-19,7,Thursday,0,16,Afternoon,33.7,43,2.7,1890,19.3,2.55,0.0,0.0,0.0,Summer,No Holiday,Yes,1017
13841,2017-12-08,12,Friday,0,20,Evening,-3.3,34,1.5,2000,-16.9,0.0,0.0,0.0,0.0,Winter,No Holiday,Yes,384
17775,2018-11-10,11,Saturday,1,15,Afternoon,16.6,36,2.5,808,1.4,1.45,0.0,0.0,0.0,Autumn,No Holiday,Yes,1229
15793,2018-11-02,11,Friday,0,10,Morning,10.0,49,1.2,1411,-0.2,1.4,0.0,0.0,0.0,Autumn,No Holiday,Yes,751
12945,2018-04-10,4,Tuesday,0,22,Night,15.8,83,5.4,691,12.9,0.0,1.5,0.0,1.5,Spring,No Holiday,Yes,75
17900,2018-11-29,11,Thursday,0,6,Dawn,1.1,39,1.3,1857,-11.3,0.0,0.0,0.0,0.0,Autumn,No Holiday,Yes,328
14648,2018-03-25,3,Sunday,1,7,Early Morning,4.7,82,1.3,198,1.8,0.02,0.0,0.0,0.0,Spring,No Holiday,Yes,137
12216,2018-11-07,11,Wednesday,0,21,Evening,13.5,75,0.8,1275,9.1,0.0,0.0,0.0,0.0,Autumn,No Holiday,Yes,1062
12657,2018-07-08,7,Sunday,1,21,Evening,25.3,55,1.4,2000,15.6,0.0,0.0,0.0,0.0,Summer,No Holiday,Yes,2055
13872,2018-06-13,6,Wednesday,0,19,Evening,22.8,64,2.3,1444,15.6,0.45,0.0,0.0,0.0,Summer,No Holiday,Yes,2404
13647,2018-08-20,8,Monday,0,16,Afternoon,32.3,45,2.8,1928,18.8,0.98,0.0,0.0,0.0,Summer,No Holiday,Yes,1253
11921,2018-02-05,2,Monday,0,21,Evening,-9.8,41,3.9,1949,-20.6,0.0,0.0,0.0,0.0,Winter,No Holiday,Yes,177
17955,2017-12-15,12,Friday,0,12,Morning,-2.5,43,0.7,895,-13.3,0.34,0.0,0.0,0.0,Winter,No Holiday,Yes,309
17650,2018-02-03,2,Saturday,1,10,Morning,-8.5,43,4.0,1797,-18.8,1.09,0.0,0.02,0.02,Winter,No Holiday,Yes,144
17466,2018-02-03,2,Saturday,1,5,Dawn,-6.3,65,3.9,1521,-11.8,0.0,0.0,0.03,0.03,Winter,No Holiday,Yes,31
16516,2018-05-09,5,Wednesday,0,7,Early Morning,10.0,59,1.1,2000,2.3,0.36,0.0,0.0,0.0,Spring,No Holiday,Yes,1333
16678,2018-04-14,4,Saturday,1,16,Afternoon,8.9,87,1.8,2000,6.8,0.32,0.0,0.0,0.0,Spring,No Holiday,Yes,445
16761,2017-12-26,12,Tuesday,0,19,Evening,-5.4,27,3.0,2000,-21.5,0.0,0.0,0.0,0.0,Winter,No Holiday,Yes,317
16905,2018-04-02,4,Monday,0,9,Early Morning,16.6,70,1.5,945,11.0,0.3,0.0,0.0,0.0,Spring,No Holiday,Yes,806
16745,2017-12-21,12,Thursday,0,12,Morning,1.9,40,2.0,1835,-10.3,1.04,0.0,0.19,0.19,Winter,No Holiday,Yes,290
17741,2018-05-26,5,Saturday,1,4,Dawn,14.8,73,0.5,994,9.9,0.0,0.0,0.0,0.0,Spring,No Holiday,Yes,232
12488,2018-08-06,8,Monday,0,21,Evening,30.6,70,1.6,1542,24.4,0.0,0.0,0.0,0.0,Summer,No Holiday,Yes,1611
13905,2018-04-26,4,Thursday,0,18,Evening,17.4,45,3.1,1092,5.3,0.75,0.0,0.0,0.0,Spring,No Holiday,Yes,2574
13460,2018-02-12,2,Monday,0,5,Dawn,-9.2,37,1.1,2000,-21.2,0.0,0.0,0.0,0.0,Winter,No Holiday,Yes,30
17572,2018-04-17,4,Tuesday,0,6,Dawn,6.9,57,0.5,1775,-1.0,0.0,0.0,0.0,0.0,Spring,No Holiday,Yes,406
10553,2018-07-02,7,Monday,0,15,Afternoon,24.2,93,1.0,590,22.9,0.78,0.0,0.0,0.0,Summer,No Holiday,Yes,619
17216,2018-10-15,10,Monday,0,17,Afternoon,19.3,49,2.8,966,8.3,0.55,0.0,0.0,0.0,Autumn,No Holiday,Yes,1773
11056,2018-10-17,10,Wednesday,0,16,Afternoon,18.0,26,2.1,2000,-1.8,1.45,0.0,0.0,0.0,Autumn,No Holiday,Yes,1409
18346,2018-03-12,3,Monday,0,16,Afternoon,14.5,34,3.1,471,-1.2,1.59,0.0,0.0,0.0,Spring,No Holiday,Yes,752
17212,2018-11-14,11,Wednesday,0,3,Dawn,6.1,66,0.5,1347,0.2,0.0,0.0,0.0,0.0,Autumn,No Holiday,Yes,210
15482,2018-10-29,10,Monday,0,14,Afternoon,11.3,39,3.7,2000,-2.1,1.18,0.0,0.0,0.0,Autumn,No Holiday,Yes,838
15314,2018-06-28,6,Thursday,0,10,Morning,25.3,70,0.6,1386,19.4,0.7,0.0,0.0,0.0,Summer,No Holiday,Yes,826
11137,2018-11-22,11,Thursday,0,20,Evening,3.1,42,2.4,2000,-8.5,0.0,0.0,0.0,0.0,Autumn,No Holiday,Yes,777
13965,2018-02-20,2,Tuesday,0,2,Dawn,-0.8,76,0.8,421,-4.5,0.0,0.0,0.0,0.0,Winter,No Holiday,Yes,115
15689,2018-03-13,3,Tuesday,0,21,Evening,13.7,79,2.0,1035,10.1,0.0,0.0,0.0,0.0,Spring,No Holiday,Yes,982
14389,2018-04-04,4,Wednesday,0,17,Afternoon,17.2,46,2.2,2000,5.4,1.6,0.0,0.0,0.0,Spring,No Holiday,Yes,1745
11011,2018-01-12,1,Friday,0,10,Morning,-13.0,37,2.2,1960,-24.6,0.59,0.0,0.0,0.0,Winter,No Holiday,Yes,119
16017,2018-07-17,7,Tuesday,0,5,Dawn,24.1,81,0.9,1646,20.6,0.0,0.0,0.0,0.0,Summer,No Holiday,Yes,372
15086,2018-05-25,5,Friday,0,15,Afternoon,25.1,25,2.7,1959,3.6,2.2,0.0,0.0,0.0,Spring,No Holiday,Yes,1306
11669,2018-09-08,9,Saturday,1,3,Dawn,17.8,60,0.2,2000,9.9,0.0,0.0,0.0,0.0,Autumn,No Holiday,Yes,504
16998,2018-03-29,3,Thursday,0,9,Early Morning,13.5,79,1.9,382,9.9,0.2,0.0,0.0,0.0,Spring,No Holiday,Yes,757
10469,2018-01-09,1,Tuesday,0,11,Morning,-3.9,51,4.5,1746,-12.5,0.73,0.0,0.05,0.05,Winter,No Holiday,Yes,247
13939,2017-12-07,12,Thursday,0,14,Afternoon,4.4,36,2.7,1975,-9.4,1.04,0.0,0.0,0.0,Winter,No Holiday,Yes,390
15995,2018-07-04,7,Wednesday,0,21,Evening,26.2,70,2.2,1908,20.2,0.0,0.0,0.0,0.0,Summer,No Holiday,Yes,2274
12635,2018-06-13,6,Wednesday,0,22,Night,21.6,66,1.2,1438,14.9,0.0,0.0,0.0,0.0,Summer,No Holiday,Yes,1934
16342,2018-09-11,9,Tuesday,0,7,Early Morning,16.9,55,1.4,2000,7.7,0.07,0.0,0.0,0.0,Autumn,No Holiday,Yes,1556
17457,2017-12-09,12,Saturday,1,23,Night,-0.1,54,1.3,1570,-8.3,0.0,0.0,0.0,0.0,Winter,No Holiday,Yes,265
15132,2018-06-20,6,Wednesday,0,17,Afternoon,28.0,50,3.2,1137,16.6,1.93,0.0,0.0,0.0,Summer,No Holiday,Yes,2289
12390,2018-01-14,1,Sunday,1,16,Afternoon,5.3,49,1.8,982,-4.5,0.43,0.0,0.0,0.0,Winter,No Holiday,Yes,366
13105,2018-02-05,2,Monday,0,2,Dawn,-11.2,55,1.5,2000,-18.4,0.0,0.0,0.0,0.0,Winter,No Holiday,Yes,39
17443,2018-02-22,2,Thursday,0,2,Dawn,-2.9,57,0.0,1985,-10.2,0.0,0.0,0.0,0.0,Winter,No Holiday,Yes,116
10009,2018-04-03,4,Tuesday,0,21,Evening,17.0,83,3.2,744,14.0,0.0,0.0,0.0,0.0,Spring,No Holiday,Yes,1223
15697,2018-05-26,5,Saturday,1,5,Dawn,14.4,73,0.4,978,9.6,0.0,0.0,0.0,0.0,Spring,No Holiday,Yes,198
16316,2018-05-06,5,Sunday,1,20,Evening,17.6,77,1.2,2000,13.5,0.01,0.0,0.0,0.0,Spring,No Holiday,Yes,1526
14823,2017-12-20,12,Wednesday,0,4,Dawn,-8.5,73,1.0,1723,-12.4,0.0,0.0,0.2,0.2,Winter,No Holiday,Yes,38
16950,2018-06-12,6,Tuesday,0,8,Early Morning,19.0,67,1.1,1976,12.7,1.29,0.0,0.0,0.0,Summer,No Holiday,Yes,2495
11442,2018-01-06,1,Saturday,1,6,Dawn,-6.5,67,0.7,1175,-11.6,0.0,0.0,0.0,0.0,Winter,No Holiday,Yes,69
16058,2018-10-31,10,Wednesday,0,7,Early Morning,3.2,74,0.9,2000,-0.9,0.0,0.0,0.0,0.0,Autumn,No Holiday,Yes,1060
12909,2018-07-19,7,Thursday,0,12,Morning,31.7,42,2.6,1868,17.2,3.23,0.0,0.0,0.0,Summer,No Holiday,Yes,828
15766,2018-08-16,8,Thursday,0,17,Afternoon,33.8,37,2.2,2000,17.0,1.74,0.0,0.0,0.0,Summer,No Holiday,Yes,1384
16270,2017-12-10,12,Sunday,1,16,Afternoon,5.4,71,3.5,622,0.5,0.2,0.0,0.05,0.05,Winter,No Holiday,Yes,214
10428,2018-11-02,11,Friday,0,21,Evening,10.8,57,2.0,1219,2.6,0.0,0.0,0.0,0.0,Autumn,No Holiday,Yes,1146
15313,2018-02-11,2,Sunday,1,17,Afternoon,-4.2,47,2.7,2000,-13.8,0.31,0.0,0.0,0.0,Winter,No Holiday,Yes,198
11631,2018-11-17,11,Saturday,1,17,Afternoon,7.7,34,2.6,2000,-7.2,0.13,0.0,0.0,0.0,Autumn,No Holiday,Yes,1031
11862,2018-06-30,6,Saturday,1,8,Early Morning,23.4,81,0.5,313,19.9,0.37,0.0,0.0,0.0,Summer,No Holiday,Yes,825
16619,2018-10-16,10,Tuesday,0,14,Afternoon,19.9,29,1.9,1833,1.3,2.09,0.0,0.0,0.0,Autumn,No Holiday,Yes,1113
15232,2018-07-18,7,Wednesday,0,5,Dawn,23.9,83,0.4,780,20.8,0.0,0.0,0.0,0.0,Summer,No Holiday,Yes,327
18103,2018-03-04,3,Sunday,1,17,Afternoon,11.8,82,1.7,990,8.8,0.4,0.0,0.0,0.0,Spring,No Holiday,Yes,492
14108,2018-05-04,5,Friday,0,20,Evening,14.1,46,3.4,1940,2.6,0.01,0.0,0.0,0.0,Spring,No Holiday,Yes,1389
18420,2018-11-09,11,Friday,0,4,Dawn,10.6,75,3.2,913,6.3,0.0,0.0,0.0,0.0,Autumn,No Holiday,No,0
14594,2018-08-08,8,Wednesday,0,23,Night,29.1,77,0.4,1552,24.6,0.0,0.0,0.0,0.0,Summer,No Holiday,Yes,1180
12375,2017-12-22,12,Friday,0,11,Morning,3.1,57,0.8,804,-4.6,0.63,0.0,0.0,0.0,Winter,Holiday,Yes,278
12135,2018-08-20,8,Monday,0,1,Dawn,26.6,64,0.2,2000,19.2,0.0,0.0,0.0,0.0,Summer,No Holiday,Yes,527
10001,2018-08-24,8,Friday,0,2,Dawn,25.4,85,2.0,1453,22.6,0.0,0.8,0.0,0.8,Summer,No Holiday,Yes,83
11364,2018-08-09,8,Thursday,0,9,Early Morning,29.4,64,2.3,1926,21.8,0.9,0.0,0.0,0.0,Summer,No Holiday,Yes,977
17958,2018-10-04,10,Thursday,0,13,Afternoon,23.4,39,1.4,2000,8.6,1.72,0.0,0.0,0.0,Autumn,No Holiday,No,0
12992,2018-10-18,10,Thursday,0,3,Dawn,8.6,74,0.6,1985,4.2,0.0,0.0,0.0,0.0,Autumn,No Holiday,Yes,244
15448,2018-10-08,10,Monday,0,2,Dawn,11.1,56,1.4,2000,2.6,0.0,0.0,0.0,0.0,Autumn,No Holiday,Yes,265
16287,2018-10-14,10,Sunday,1,15,Afternoon,20.1,32,2.4,1893,2.8,2.0,0.0,0.0,0.0,Autumn,No Holiday,Yes,1948
17200,2018-03-30,3,Friday,0,4,Dawn,9.9,67,1.1,820,4.0,0.0,0.0,0.0,0.0,Spring,No Holiday,Yes,115
10932,2018-06-15,6,Friday,0,7,Early Morning,18.2,75,1.4,2000,13.6,0.56,0.0,0.0,0.0,Summer,No Holiday,Yes,1467
17903,2018-06-10,6,Sunday,1,9,Early Morning,19.2,65,1.4,2000,12.4,0.34,0.0,0.0,0.0,Summer,No Holiday,Yes,786
17970,2018-03-17,3,Saturday,1,6,Dawn,0.8,63,1.0,2000,-5.4,0.0,0.0,0.0,0.0,Spring,No Holiday,Yes,109
15739,2018-07-30,7,Monday,0,23,Night,31.7,52,1.2,2000,20.6,0.0,0.0,0.0,0.0,Summer,No Holiday,Yes,1202
10507,2018-03-04,3,Sunday,1,0,Dawn,8.5,87,0.9,303,6.4,0.0,0.0,0.0,0.0,Spring,No Holiday,Yes,161
11265,2018-04-06,4,Friday,0,6,Dawn,6.1,96,2.1,798,5.5,0.0,0.0,0.0,0.0,Spring,No Holiday,Yes,178
18390,2018-06-09,6,Saturday,1,7,Early Morning,20.2,73,1.1,708,15.1,0.41,0.0,0.0,0.0,Summer,No Holiday,Yes,616
16130,2018-06-03,6,Sunday,1,10,Morning,24.8,34,1.3,1869,7.8,2.09,0.0,0.0,0.0,Summer,No Holiday,Yes,938
18306,2018-03-22,3,Thursday,0,12,Morning,8.3,36,2.5,1665,-5.9,2.7,0.0,0.0,0.0,Spring,No Holiday,Yes,668
12628,2018-06-24,6,Sunday,1,3,Dawn,20.6,91,0.8,194,19.0,0.0,0.0,0.0,0.0,Summer,No Holiday,Yes,644
11457,2018-08-12,8,Sunday,1,10,Morning,31.6,51,2.3,1969,20.2,2.3,0.0,0.0,0.0,Summer,No Holiday,Yes,483
12727,2018-03-19,3,Monday,0,23,Night,6.9,44,3.3,2000,-4.5,0.0,0.0,0.0,0.0,Spring,No Holiday,Yes,382
12169,2018-01-25,1,Thursday,0,2,Dawn,-16.0,42,1.3,2000,-25.9,0.0,0.0,0.06999999999999999,0.06999999999999999,Winter,No Holiday,Yes,60
15292,2018-06-09,6,Saturday,1,19,Evening,25.7,47,1.8,2000,13.5,0.04,0.0,0.0,0.0,Summer,No Holiday,Yes,1058
16632,2017-12-29,12,Friday,0,3,Dawn,0.6,64,0.4,731,-5.4,0.0,0.0,0.0,0.0,Winter,No Holiday,Yes,135
11270,2018-05-04,5,Friday,0,13,Afternoon,18.9,30,3.8,1854,0.9,3.39,0.0,0.0,0.0,Spring,No Holiday,Yes,1222
13263,2018-03-25,3,Sunday,1,6,Dawn,4.6,84,0.7,193,2.1,0.0,0.0,0.0,0.0,Spring,No Holiday,Yes,71
15779,2018-06-27,6,Wednesday,0,0,Dawn,20.5,94,3.7,896,19.4,0.0,0.0,0.0,0.0,Summer,No Holiday,Yes,513
12791,2018-01-20,1,Saturday,1,11,Morning,3.7,59,1.8,978,-3.5,0.51,0.0,0.0,0.0,Winter,No Holiday,Yes,285
15412,2018-08-19,8,Sunday,1,10,Morning,27.3,49,0.9,1968,15.6,1.17,0.0,0.0,0.0,Summer,No Holiday,Yes,732
17524,2018-07-09,7,Monday,0,5,Dawn,21.1,64,1.5,2000,14.0,0.0,0.0,0.0,0.0,Summer,No Holiday,Yes,301
13961,2018-06-17,6,Sunday,1,8,Early Morning,21.1,70,0.3,766,15.4,0.9,0.0,0.0,0.0,Summer,No Holiday,Yes,715
13659,2018-10-01,10,Monday,0,4,Dawn,13.7,56,1.9,2000,5.0,0.0,0.0,0.0,0.0,Autumn,No Holiday,Yes,143
10935,2018-05-28,5,Monday,0,8,Early Morning,19.5,50,0.7,1329,8.7,1.19,0.0,0.0,0.0,Spring,No Holiday,Yes,2194
14040,2018-04-24,4,Tuesday,0,6,Dawn,9.6,87,2.0,2000,7.5,0.0,0.0,0.0,0.0,Spring,No Holiday,Yes,262
12134,2018-05-04,5,Friday,0,8,Early Morning,11.3,46,1.2,1788,0.0,1.04,0.0,0.0,0.0,Spring,No Holiday,Yes,2041
18473,2018-10-10,10,Wednesday,0,13,Afternoon,14.3,43,3.6,1995,1.8,1.86,0.0,0.0,0.0,Autumn,No Holiday,Yes,1015
11823,2018-05-27,5,Sunday,1,6,Dawn,17.3,62,1.4,1293,9.9,0.03,0.0,0.0,0.0,Spring,No Holiday,Yes,234
12780,2018-03-11,3,Sunday,1,13,Afternoon,10.3,31,2.1,885,-6.1,2.67,0.0,0.0,0.0,Spring,No Holiday,Yes,843
12618,2018-11-02,11,Friday,0,23,Night,9.7,56,1.3,1423,1.3,0.0,0.0,0.0,0.0,Autumn,No Holiday,Yes,851
13972,2018-11-08,11,Thursday,0,5,Dawn,10.8,89,1.6,957,9.0,0.0,0.0,0.0,0.0,Autumn,No Holiday,Yes,49
14067,2018-05-03,5,Thursday,0,3,Dawn,7.0,86,1.2,2000,4.8,0.0,0.0,0.0,0.0,Spring,No Holiday,Yes,156
14963,2018-07-01,7,Sunday,1,10,Morning,21.6,97,0.5,266,21.0,0.13,12.0,0.0,12.0,Summer,No Holiday,Yes,13
14050,2018-03-15,3,Thursday,0,16,Afternoon,10.7,98,1.2,196,10.3,0.14,0.0,0.0,0.0,Spring,No Holiday,Yes,214
12122,2018-06-20,6,Wednesday,0,4,Dawn,19.1,82,1.5,471,15.9,0.0,0.0,0.0,0.0,Summer,No Holiday,Yes,249
13225,2018-03-28,3,Wednesday,0,23,Night,13.5,74,1.2,603,8.9,0.0,0.0,0.0,0.0,Spring,No Holiday,Yes,614
10359,2018-05-16,5,Wednesday,0,18,Evening,21.9,97,2.1,191,21.3,0.08,0.0,0.0,0.0,Spring,No Holiday,Yes,562
12923,2018-08-05,8,Sunday,1,23,Night,28.8,79,1.3,1484,24.7,0.0,0.0,0.0,0.0,Summer,No Holiday,Yes,942
12919,2018-05-13,5,Sunday,1,11,Morning,16.4,78,1.6,1209,12.5,1.37,0.0,0.0,0.0,Spring,No Holiday,Yes,993
11217,2018-11-09,11,Friday,0,22,Night,11.2,75,1.7,478,6.9,0.0,0.0,0.0,0.0,Autumn,No Holiday,No,0
18079,2018-10-19,10,Friday,0,7,Early Morning,7.3,72,0.4,2000,2.5,0.0,0.0,0.0,0.0,Autumn,No Holiday,Yes,1188
10579,2018-07-05,7,Thursday,0,21,Evening,25.2,67,1.5,2000,18.6,0.0,0.0,0.0,0.0,Summer,No Holiday,Yes,2063
17678,2018-05-20,5,Sunday,1,22,Night,16.8,29,1.2,2000,-1.3,0.0,0.0,0.0,0.0,Spring,No Holiday,Yes,1325
13916,2018-06-17,6,Sunday,1,10,Morning,23.0,66,1.1,516,16.2,0.83,0.0,0.0,0.0,Summer,No Holiday,Yes,953
15960,2018-05-30,5,Wednesday,0,12,Morning,23.2,64,3.0,1305,16.0,2.08,0.0,0.0,0.0,Spring,No Holiday,Yes,1187
14524,2018-06-12,6,Tuesday,0,4,Dawn,17.5,84,0.8,2000,14.7,0.0,0.0,0.0,0.0,Summer,No Holiday,Yes,144
10429,2018-07-26,7,Thursday,0,2,Dawn,27.6,78,0.1,1289,23.4,0.0,0.0,0.0,0.0,Summer,No Holiday,Yes,498
12987,2018-07-27,7,Friday,0,8,Early Morning,28.5,76,0.9,725,23.8,0.59,0.0,0.0,0.0,Summer,No Holiday,Yes,1763
17063,2018-09-17,9,Monday,0,11,Morning,23.8,54,2.1,1626,13.9,2.55,0.0,0.0,0.0,Autumn,No Holiday,Yes,954
12498,2018-03-21,3,Wednesday,0,21,Evening,1.2,92,0.7,1474,0.0,0.0,0.5,0.0,0.5,Spring,No Holiday,Yes,231
14767,2018-10-26,10,Friday,0,21,Evening,10.6,70,2.4,2000,5.3,0.0,0.0,0.0,0.0,Autumn,No Holiday,Yes,542
13683,2018-11-29,11,Thursday,0,10,Morning,3.9,28,0.6,1627,-12.9,0.49,0.0,0.0,0.0,Autumn,No Holiday,Yes,595
17303,2018-03-23,3,Friday,0,9,Early Morning,3.3,72,1.4,618,-1.2,0.61,0.0,0.0,0.0,Spring,No Holiday,Yes,664
16845,2018-11-23,11,Friday,0,13,Afternoon,6.5,18,2.2,1984,-16.1,1.94,0.0,0.0,0.0,Autumn,No Holiday,Yes,731
11104,2018-02-22,2,Thursday,0,13,Afternoon,4.5,51,3.8,1108,-4.7,1.08,0.0,0.0,0.0,Winter,No Holiday,Yes,316
14006,2018-03-14,3,Wednesday,0,5,Dawn,14.1,69,1.3,1923,8.4,0.0,0.0,0.0,0.0,Spring,No Holiday,Yes,123
16723,2018-11-13,11,Tuesday,0,11,Morning,11.4,46,0.8,876,0.1,1.57,0.0,0.0,0.0,Autumn,No Holiday,Yes,789
11421,2018-04-12,4,Thursday,0,5,Dawn,7.1,57,0.8,1746,-0.8,0.0,0.0,0.0,0.0,Spring,No Holiday,Yes,144
16816,2018-05-06,5,Sunday,1,4,Dawn,15.8,93,0.4,268,14.6,0.0,1.5,0.0,1.5,Spring,No Holiday,Yes,16
12193,2018-04-29,4,Sunday,1,20,Evening,16.9,42,2.7,942,3.8,0.0,0.0,0.0,0.0,Spring,No Holiday,Yes,1485
17005,2018-10-20,10,Saturday,1,3,Dawn,9.5,77,0.4,1611,5.6,0.0,0.0,0.0,0.0,Autumn,No Holiday,Yes,386
16674,2018-05-02,5,Wednesday,0,9,Early Morning,17.4,94,0.7,230,16.4,0.16,0.0,0.0,0.0,Spring,No Holiday,Yes,609
15273,2018-03-09,3,Friday,0,2,Dawn,2.8,74,1.2,415,-1.3,0.0,0.0,0.0,0.0,Spring,No Holiday,Yes,155
13254,2018-02-08,2,Thursday,0,17,Afternoon,1.5,24,1.9,1788,-16.9,0.72,0.0,0.0,0.0,Winter,No Holiday,Yes,337
12384,2018-01-13,1,Saturday,1,15,Afternoon,-1.5,62,0.9,957,-7.8,0.28,0.0,0.0,0.0,Winter,No Holiday,Yes,251
14522,2018-09-11,9,Tuesday,0,19,Evening,23.7,49,1.8,2000,12.3,0.03,0.0,0.0,0.0,Autumn,No Holiday,Yes,2455
15579,2018-07-10,7,Tuesday,0,16,Afternoon,26.3,74,0.7,1580,21.2,0.52,0.0,0.0,0.0,Summer,No Holiday,Yes,1462
13917,2018-08-06,8,Monday,0,0,Dawn,28.7,79,2.2,1473,24.6,0.0,0.0,0.0,0.0,Summer,No Holiday,Yes,707
17111,2017-12-10,12,Sunday,1,18,Evening,2.0,61,3.0,2000,-4.7,0.0,0.0,0.0,0.0,Winter,No Holiday,Yes,210
13212,2018-10-04,10,Thursday,0,12,Morning,23.2,38,1.7,1990,8.0,2.44,0.0,0.0,0.0,Autumn,No Holiday,No,0
16235,2018-11-21,11,Wednesday,0,18,Evening,5.4,58,0.2,2000,-2.2,0.0,0.0,0.0,0.0,Autumn,No Holiday,Yes,1679
17104,2018-04-05,4,Thursday,0,3,Dawn,8.9,64,2.2,2000,2.4,0.0,0.0,0.0,0.0,Spring,No Holiday,Yes,150
10924,2018-07-26,7,Thursday,0,20,Evening,31.0,68,1.4,1162,24.3,0.05,0.0,0.0,0.0,Summer,No Holiday,Yes,1790
14678,2017-12-23,12,Saturday,1,11,Morning,5.7,81,1.1,192,2.6,0.18,0.0,0.0,0.0,Winter,No Holiday,Yes,282
14730,2018-05-13,5,Sunday,1,9,Early Morning,14.8,95,1.0,986,14.0,0.53,0.0,0.0,0.0,Spring,No Holiday,Yes,579
15845,2018-09-03,9,Monday,0,16,Afternoon,25.5,91,1.3,403,23.9,0.23,3.5,0.0,3.5,Autumn,No Holiday,Yes,39
13039,2018-08-08,8,Wednesday,0,10,Morning,31.6,58,2.3,1528,22.3,2.02,0.0,0.0,0.0,Summer,No Holiday,Yes,657
10035,2018-08-08,8,Wednesday,0,13,Afternoon,34.4,48,2.1,1921,21.7,2.37,0.0,0.0,0.0,Summer,No Holiday,Yes,673
15046,2018-10-08,10,Monday,0,17,Afternoon,20.0,28,0.7,2000,0.9,0.79,0.0,0.0,0.0,Autumn,No Holiday,Yes,2127
12512,2018-07-30,7,Monday,0,12,Morning,33.6,48,1.6,2000,21.0,1.89,0.0,0.0,0.0,Summer,No Holiday,Yes,663
11469,2018-06-13,6,Wednesday,0,0,Dawn,19.3,76,1.2,1968,14.9,0.0,0.0,0.0,0.0,Summer,No Holiday,Yes,1274
12546,2018-05-11,5,Friday,0,18,Evening,17.9,37,3.1,1819,2.9,0.36,0.0,0.0,0.0,Spring,No Holiday,Yes,2701
16014,2017-12-05,12,Tuesday,0,11,Morning,-3.9,25,0.0,1959,-21.0,0.0,0.0,0.0,0.0,Winter,No Holiday,Yes,334
12400,2018-05-09,5,Wednesday,0,17,Afternoon,21.3,34,2.7,1967,4.7,1.82,0.0,0.0,0.0,Spring,No Holiday,Yes,2034
17278,2017-12-24,12,Sunday,1,3,Dawn,5.2,82,0.8,190,2.3,0.0,0.0,0.0,0.0,Winter,Holiday,Yes,149
12611,2018-10-03,10,Wednesday,0,18,Evening,21.5,43,1.8,2000,8.3,0.26,0.0,0.0,0.0,Autumn,Holiday,Yes,2235
14680,2018-06-03,6,Sunday,1,22,Night,23.0,38,1.2,1996,7.9,0.0,0.0,0.0,0.0,Summer,No Holiday,Yes,1741
13941,2018-04-15,4,Sunday,1,22,Night,9.0,65,1.7,1953,2.7,0.0,0.0,0.0,0.0,Spring,No Holiday,Yes,620
10860,2018-10-25,10,Thursday,0,2,Dawn,9.1,79,0.5,1625,5.6,0.0,0.0,0.0,0.0,Autumn,No Holiday,Yes,421
11955,2018-04-28,4,Saturday,1,8,Early Morning,12.7,67,0.6,378,6.7,0.86,0.0,0.0,0.0,Spring,No Holiday,Yes,647
14306,2018-06-27,6,Wednesday,0,16,Afternoon,25.0,74,2.2,578,20.0,0.52,0.0,0.0,0.0,Summer,No Holiday,Yes,1618
18305,2018-01-22,1,Monday,0,11,Morning,2.4,27,0.9,1796,-14.7,0.47,0.0,0.0,0.0,Winter,No Holiday,Yes,277
10085,2018-05-18,5,Friday,0,11,Morning,16.6,96,0.7,539,15.9,0.41,0.0,0.0,0.0,Spring,No Holiday,Yes,352
16854,2018-01-15,1,Monday,0,21,Evening,3.4,59,0.8,471,-3.8,0.0,0.0,0.0,0.0,Winter,No Holiday,Yes,334
18380,2018-07-16,7,Monday,0,5,Dawn,24.3,85,1.0,1496,21.6,0.0,0.0,0.0,0.0,Summer,No Holiday,Yes,324
12599,2018-04-17,4,Tuesday,0,20,Evening,12.5,31,3.8,1746,-4.2,0.0,0.0,0.0,0.0,Spring,No Holiday,Yes,1290
16224,2018-01-07,1,Sunday,1,3,Dawn,-4.8,56,0.6,1505,-12.2,0.0,0.0,0.0,0.0,Winter,No Holiday,Yes,102
17321,2018-07-31,7,Tuesday,0,12,Morning,35.2,39,1.2,2000,19.1,2.86,0.0,0.0,0.0,Summer,No Holiday,Yes,626
17249,2017-12-27,12,Wednesday,0,9,Early Morning,-9.8,33,2.0,1997,-23.0,0.17,0.0,0.0,0.0,Winter,No Holiday,Yes,279
15768,2018-09-02,9,Sunday,1,4,Dawn,21.1,62,1.8,2000,13.5,0.0,0.0,0.0,0.0,Autumn,No Holiday,Yes,255
18331,2018-02-10,2,Saturday,1,14,Afternoon,2.2,24,4.5,1700,-16.3,1.66,0.0,0.0,0.0,Winter,No Holiday,Yes,286
16634,2018-04-10,4,Tuesday,0,6,Dawn,6.9,51,0.9,1546,-2.5,0.0,0.0,0.0,0.0,Spring,No Holiday,Yes,370
16118,2018-03-11,3,Sunday,1,5,Dawn,3.9,85,1.6,264,1.6,0.0,0.0,0.0,0.0,Spring,No Holiday,Yes,45
10823,2018-01-16,1,Tuesday,0,20,Evening,4.5,58,0.8,383,-3.0,0.0,0.0,0.0,0.0,Winter,No Holiday,Yes,332
13581,2018-06-08,6,Friday,0,14,Afternoon,25.0,54,2.2,1146,15.0,1.86,0.0,0.0,0.0,Summer,No Holiday,Yes,1249
15419,2018-09-27,9,Thursday,0,6,Dawn,13.4,61,0.8,2000,6.0,0.0,0.0,0.0,0.0,Autumn,No Holiday,Yes,589
16821,2018-06-11,6,Monday,0,20,Evening,19.1,84,1.7,2000,16.3,0.04,0.0,0.0,0.0,Summer,No Holiday,Yes,1280
17205,2018-06-25,6,Monday,0,17,Afternoon,31.5,42,2.3,990,17.0,1.36,0.0,0.0,0.0,Summer,No Holiday,Yes,2008
14984,2018-03-30,3,Friday,0,1,Dawn,11.4,77,0.7,466,7.5,0.0,0.0,0.0,0.0,Spring,No Holiday,Yes,401
13137,2018-06-13,6,Wednesday,0,4,Dawn,18.7,74,0.9,1933,13.9,0.0,0.0,0.0,0.0,Summer,No Holiday,Yes,421
13259,2018-02-02,2,Friday,0,8,Early Morning,-7.4,58,2.2,1882,-14.2,0.01,0.0,0.0,0.0,Winter,No Holiday,Yes,558
14369,2017-12-22,12,Friday,0,18,Evening,4.9,63,0.6,677,-1.5,0.0,0.0,0.0,0.0,Winter,Holiday,Yes,671
11650,2018-07-26,7,Thursday,0,6,Dawn,27.4,77,0.7,1113,23.0,0.0,0.0,0.0,0.0,Summer,No Holiday,Yes,602
13313,2018-01-08,1,Monday,0,16,Afternoon,3.5,36,1.7,1702,-10.2,0.16,0.0,0.0,0.0,Winter,No Holiday,Yes,353
18227,2018-02-01,2,Thursday,0,3,Dawn,-6.2,57,1.6,1874,-13.3,0.0,0.0,0.16,0.16,Winter,No Holiday,Yes,81
12106,2018-05-16,5,Wednesday,0,4,Dawn,22.3,86,0.5,387,19.8,0.0,0.0,0.0,0.0,Spring,No Holiday,Yes,124
17708,2018-05-24,5,Thursday,0,0,Dawn,13.7,51,1.3,1651,3.7,0.0,0.0,0.0,0.0,Spring,No Holiday,Yes,778
12916,2018-02-17,2,Saturday,1,20,Evening,-2.1,38,2.0,2000,-14.5,0.0,0.0,0.0,0.0,Winter,Holiday,Yes,145
18584,2018-10-25,10,Thursday,0,7,Early Morning,7.3,85,1.4,1039,4.9,0.0,0.0,0.0,0.0,Autumn,No Holiday,Yes,1251
10076,2018-07-28,7,Saturday,1,18,Evening,29.0,81,0.8,989,25.4,0.22,0.0,0.0,0.0,Summer,No Holiday,Yes,843
11454,2018-05-12,5,Saturday,1,11,Morning,12.0,96,1.0,184,11.3,0.14,3.5,0.0,3.5,Spring,No Holiday,Yes,18
13634,2018-02-20,2,Tuesday,0,21,Evening,1.1,21,1.6,2000,-18.8,0.0,0.0,0.0,0.0,Winter,No Holiday,Yes,415
13566,2018-02-21,2,Wednesday,0,13,Afternoon,2.9,14,3.3,2000,-22.0,2.14,0.0,0.0,0.0,Winter,No Holiday,Yes,299
15605,2018-07-28,7,Saturday,1,23,Night,28.6,74,0.7,1807,23.5,0.0,0.0,0.0,0.0,Summer,No Holiday,Yes,1039
10222,2018-01-21,1,Sunday,1,0,Dawn,-0.3,60,1.9,340,-7.1,0.0,0.0,0.0,0.0,Winter,No Holiday,Yes,196
13645,2018-02-26,2,Monday,0,11,Morning,4.6,37,1.6,1309,-8.8,1.95,0.0,0.0,0.0,Winter,No Holiday,Yes,356
15213,2018-11-23,11,Friday,0,12,Morning,5.5,20,1.4,1992,-15.7,1.85,0.0,0.0,0.0,Autumn,No Holiday,Yes,664
15321,2018-04-06,4,Friday,0,19,Evening,4.8,48,3.8,1126,-5.3,0.17,0.0,0.0,0.0,Spring,No Holiday,Yes,659
17527,2018-01-11,1,Thursday,0,13,Afternoon,-8.6,41,3.4,1593,-19.5,1.2,0.0,0.0,0.0,Winter,No Holiday,Yes,178
14990,2018-03-02,3,Friday,0,4,Dawn,-5.8,48,1.5,1552,-15.0,0.0,0.0,0.0,0.0,Spring,No Holiday,Yes,47
14127,2018-03-29,3,Thursday,0,10,Morning,15.0,69,1.5,552,9.3,1.02,0.0,0.0,0.0,Spring,No Holiday,Yes,482
14588,2018-10-22,10,Monday,0,0,Dawn,11.4,56,0.2,1778,2.9,0.0,0.0,0.0,0.0,Autumn,No Holiday,Yes,623
12180,2018-05-26,5,Saturday,1,8,Early Morning,17.8,52,0.6,1094,7.8,1.18,0.0,0.0,0.0,Spring,No Holiday,Yes,763
13392,2018-03-20,3,Tuesday,0,8,Early Morning,4.3,43,4.2,2000,-7.2,0.37,0.0,0.0,0.0,Spring,No Holiday,Yes,1212
13994,2018-06-16,6,Saturday,1,0,Dawn,19.0,57,1.6,2000,10.2,0.0,0.0,0.0,0.0,Summer,No Holiday,Yes,1217
14314,2017-12-28,12,Thursday,0,19,Evening,-0.4,62,0.9,1103,-6.8,0.0,0.0,0.0,0.0,Winter,No Holiday,Yes,402
11453,2018-03-28,3,Wednesday,0,18,Evening,17.0,53,3.1,1855,7.3,0.35,0.0,0.0,0.0,Spring,No Holiday,Yes,1839
17742,2018-11-26,11,Monday,0,14,Afternoon,12.8,47,1.2,648,1.7,1.59,0.0,0.0,0.0,Autumn,No Holiday,Yes,796
10689,2018-09-05,9,Wednesday,0,21,Evening,23.9,75,2.3,1975,19.1,0.0,0.0,0.0,0.0,Autumn,No Holiday,Yes,2024
15840,2018-09-06,9,Thursday,0,6,Dawn,21.4,84,0.8,1506,18.5,0.0,0.0,0.0,0.0,Autumn,No Holiday,Yes,680
16796,2018-10-14,10,Sunday,1,20,Evening,14.4,61,2.3,1945,6.9,0.0,0.0,0.0,0.0,Autumn,No Holiday,Yes,1306
16562,2018-05-08,5,Tuesday,0,5,Dawn,15.0,64,1.6,2000,8.2,0.0,0.0,0.0,0.0,Spring,No Holiday,Yes,200
14997,2018-08-24,8,Friday,0,13,Afternoon,25.8,78,2.8,2000,21.6,0.95,0.0,0.0,0.0,Summer,No Holiday,Yes,274
10842,2018-02-14,2,Wednesday,0,9,Early Morning,3.9,64,2.9,1483,-2.3,0.18,0.0,0.0,0.0,Winter,No Holiday,Yes,326
11827,2018-02-17,2,Saturday,1,12,Morning,-1.3,17,1.5,1998,-23.2,2.28,0.0,0.0,0.0,Winter,Holiday,Yes,183
17977,2018-10-17,10,Wednesday,0,22,Night,9.9,50,0.1,2000,0.0,0.0,0.0,0.0,0.0,Autumn,No Holiday,Yes,1278
15560,2018-07-23,7,Monday,0,13,Afternoon,33.8,47,1.7,1887,20.9,1.57,0.0,0.0,0.0,Summer,No Holiday,Yes,688
17270,2018-10-01,10,Monday,0,22,Night,13.9,69,0.5,2000,8.2,0.0,0.0,0.0,0.0,Autumn,No Holiday,Yes,1501
11120,2018-09-06,9,Thursday,0,11,Morning,25.9,63,2.5,1693,18.3,1.32,0.0,0.0,0.0,Autumn,No Holiday,Yes,941
12420,2018-01-13,1,Saturday,1,3,Dawn,-6.5,42,0.7,1996,-17.3,0.0,0.0,0.0,0.0,Winter,No Holiday,Yes,77
17823,2018-11-26,11,Monday,0,6,Dawn,1.8,88,1.1,313,0.0,0.0,0.0,0.03,0.03,Autumn,No Holiday,Yes,339
11325,2018-03-07,3,Wednesday,0,3,Dawn,2.7,55,1.5,1989,-5.4,0.0,0.0,0.0,0.0,Spring,No Holiday,Yes,92
12078,2018-01-14,1,Sunday,1,1,Dawn,-3.7,79,0.9,438,-6.8,0.0,0.0,0.0,0.0,Winter,No Holiday,Yes,150
13352,2018-01-12,1,Friday,0,3,Dawn,-14.1,45,1.8,2000,-23.4,0.0,0.0,0.0,0.0,Winter,No Holiday,Yes,42
14647,2018-10-13,10,Saturday,1,23,Night,11.0,62,0.3,946,3.9,0.0,0.0,0.0,0.0,Autumn,No Holiday,Yes,971
18088,2018-11-22,11,Thursday,0,11,Morning,5.1,21,3.2,1965,-15.4,1.63,0.0,0.0,0.0,Autumn,No Holiday,Yes,644
17452,2018-11-23,11,Friday,0,6,Dawn,-2.6,40,1.4,2000,-14.3,0.0,0.0,0.0,0.0,Autumn,No Holiday,Yes,339
15423,2018-09-14,9,Friday,0,6,Dawn,20.4,78,1.0,2000,16.4,0.0,0.0,0.0,0.0,Autumn,No Holiday,Yes,644
11779,2018-07-15,7,Sunday,1,14,Afternoon,32.4,50,2.0,1735,20.6,3.13,0.0,0.0,0.0,Summer,No Holiday,Yes,822
15234,2018-10-12,10,Friday,0,10,Morning,11.6,40,1.7,1991,-1.5,1.77,0.0,0.0,0.0,Autumn,No Holiday,Yes,877
10099,2018-06-28,6,Thursday,0,22,Night,21.6,94,1.1,766,20.5,0.0,0.0,0.0,0.0,Summer,No Holiday,Yes,1239
15628,2018-10-03,10,Wednesday,0,9,Early Morning,14.4,61,0.7,1340,6.9,1.21,0.0,0.0,0.0,Autumn,Holiday,Yes,966
12111,2018-06-21,6,Thursday,0,14,Afternoon,28.0,39,2.6,1833,12.7,3.14,0.0,0.0,0.0,Summer,No Holiday,Yes,1152
15806,2018-02-03,2,Saturday,1,20,Evening,-8.5,31,4.1,2000,-22.6,0.0,0.0,0.0,0.0,Winter,No Holiday,Yes,109
17093,2017-12-13,12,Wednesday,0,9,Early Morning,-11.1,46,3.4,1981,-20.4,0.1,0.0,0.0,0.0,Winter,No Holiday,Yes,340
14164,2018-03-18,3,Sunday,1,18,Evening,10.4,47,0.4,824,-0.4,0.14,0.0,0.0,0.0,Spring,No Holiday,Yes,365
12136,2018-11-17,11,Saturday,1,23,Night,4.1,46,1.8,2000,-6.5,0.0,0.0,0.0,0.0,Autumn,No Holiday,Yes,576
13891,2018-02-11,2,Sunday,1,10,Morning,-6.9,21,3.4,1827,-25.6,1.16,0.0,0.0,0.0,Winter,No Holiday,Yes,130
17062,2018-11-16,11,Friday,0,8,Early Morning,7.0,64,0.8,683,0.6,0.03,0.0,0.0,0.0,Autumn,No Holiday,Yes,1692
16059,2018-06-23,6,Saturday,1,5,Dawn,21.1,48,0.3,2000,9.6,0.0,0.0,0.0,0.0,Summer,No Holiday,Yes,339
14857,2018-05-04,5,Friday,0,5,Dawn,9.2,63,0.8,1896,2.5,0.0,0.0,0.0,0.0,Spring,No Holiday,Yes,186
16201,2018-01-13,1,Saturday,1,18,Evening,-2.6,73,1.0,684,-6.7,0.01,0.0,0.0,0.0,Winter,No Holiday,Yes,223
13590,2018-05-15,5,Tuesday,0,5,Dawn,15.7,76,0.6,330,11.4,0.0,0.0,0.0,0.0,Spring,No Holiday,Yes,182
13975,2018-11-26,11,Monday,0,1,Dawn,3.1,84,1.0,365,0.6,0.0,0.0,0.03,0.03,Autumn,No Holiday,Yes,214
17580,2018-03-20,3,Tuesday,0,7,Early Morning,3.8,44,4.1,2000,-7.3,0.02,0.0,0.0,0.0,Spring,No Holiday,Yes,677
16841,2018-09-24,9,Monday,0,11,Morning,19.4,31,4.1,1966,1.8,2.55,0.0,0.0,0.0,Autumn,Holiday,Yes,588
10486,2018-02-14,2,Wednesday,0,5,Dawn,1.0,68,0.6,1519,-4.2,0.0,0.0,0.0,0.0,Winter,No Holiday,Yes,56
16057,2018-10-26,10,Friday,0,8,Early Morning,12.1,81,0.8,706,8.9,0.0,0.5,0.0,0.5,Autumn,No Holiday,Yes,556
16931,2018-03-17,3,Saturday,1,11,Morning,8.0,39,1.2,1783,-5.1,2.26,0.0,0.0,0.0,Spring,No Holiday,Yes,742
11165,2018-02-28,2,Wednesday,0,22,Night,2.3,96,1.9,1207,1.7,0.0,0.0,0.0,0.0,Winter,No Holiday,Yes,13
17667,2018-08-14,8,Tuesday,0,13,Afternoon,35.7,38,2.4,1863,19.1,2.5,0.0,0.0,0.0,Summer,No Holiday,Yes,695
16252,2018-04-23,4,Monday,0,18,Evening,9.4,96,1.9,600,8.7,0.07,1.0,0.0,1.0,Spring,No Holiday,Yes,39
18694,2018-07-30,7,Monday,0,6,Dawn,26.2,64,1.4,2000,18.8,0.01,0.0,0.0,0.0,Summer,No Holiday,Yes,668
13779,2018-06-06,6,Wednesday,0,14,Afternoon,27.4,50,3.5,615,16.0,3.01,0.0,0.0,0.0,Summer,Holiday,Yes,1603
12041,2018-10-12,10,Friday,0,19,Evening,12.9,50,1.4,2000,2.7,0.0,0.0,0.0,0.0,Autumn,No Holiday,Yes,1804
18428,2018-08-12,8,Sunday,1,7,Early Morning,27.4,61,0.6,2000,19.2,0.17,0.0,0.0,0.0,Summer,No Holiday,Yes,316
18759,2018-05-01,5,Tuesday,0,20,Evening,20.6,72,1.3,587,15.3,0.0,0.0,0.0,0.0,Spring,Holiday,Yes,1656
11656,2018-03-11,3,Sunday,1,20,Evening,6.7,32,1.9,1722,-8.8,0.0,0.0,0.0,0.0,Spring,No Holiday,Yes,530
15307,2018-02-18,2,Sunday,1,9,Early Morning,-4.1,30,0.5,2000,-19.1,0.28,0.0,0.0,0.0,Winter,No Holiday,Yes,137
13093,2018-05-06,5,Sunday,1,12,Morning,15.7,96,1.1,568,15.0,0.5,3.0,0.0,3.0,Spring,No Holiday,Yes,71
16697,2018-05-18,5,Friday,0,12,Morning,16.6,96,0.8,430,15.9,0.34,0.0,0.0,0.0,Spring,No Holiday,Yes,185
10961,2018-01-31,1,Wednesday,0,19,Evening,-2.2,36,2.2,2000,-15.2,0.0,0.0,0.16,0.16,Winter,No Holiday,Yes,270
14689,2018-07-07,7,Saturday,1,11,Morning,25.0,48,1.5,1986,13.2,2.95,0.0,0.0,0.0,Summer,No Holiday,Yes,1129
10953,2018-06-10,6,Sunday,1,20,Evening,22.8,55,1.3,2000,13.2,0.01,0.0,0.0,0.0,Summer,No Holiday,Yes,2300
16403,2018-10-12,10,Friday,0,11,Morning,13.0,38,2.7,2000,-1.0,2.3,0.0,0.0,0.0,Autumn,No Holiday,Yes,959
12201,2018-10-02,10,Tuesday,0,12,Morning,19.4,41,3.1,1956,5.7,2.67,0.0,0.0,0.0,Autumn,No Holiday,No,0
11422,2017-12-31,12,Sunday,1,20,Evening,-1.0,32,0.9,2000,-15.6,0.0,0.0,0.0,0.0,Winter,Holiday,Yes,161
17588,2018-02-22,2,Thursday,0,22,Night,2.9,65,2.3,1150,-3.0,0.0,0.0,0.0,0.0,Winter,No Holiday,Yes,346
14029,2018-03-30,3,Friday,0,6,Dawn,10.3,70,1.2,555,5.0,0.0,0.0,0.0,0.0,Spring,No Holiday,Yes,284
14336,2018-11-09,11,Friday,0,9,Early Morning,10.8,78,2.6,1985,7.1,0.13,0.5,0.0,0.5,Autumn,No Holiday,No,0
12211,2018-08-24,8,Friday,0,4,Dawn,24.5,88,2.0,1433,22.3,0.0,1.0,0.0,1.0,Summer,No Holiday,Yes,30
15814,2018-02-06,2,Tuesday,0,22,Night,-11.1,43,1.8,1960,-21.2,0.0,0.0,0.0,0.0,Winter,No Holiday,Yes,169
13949,2018-01-31,1,Wednesday,0,21,Evening,-3.4,40,0.9,2000,-15.0,0.0,0.0,0.16,0.16,Winter,No Holiday,Yes,229
10410,2018-09-08,9,Saturday,1,23,Night,20.7,52,1.4,2000,10.4,0.0,0.0,0.0,0.0,Autumn,No Holiday,Yes,1142
11600,2018-06-12,6,Tuesday,0,10,Morning,22.1,53,1.1,1999,12.0,2.28,0.0,0.0,0.0,Summer,No Holiday,Yes,971
17134,2018-09-15,9,Saturday,1,15,Afternoon,25.2,71,0.2,2000,19.5,0.41,0.0,0.0,0.0,Autumn,No Holiday,Yes,1077
15039,2018-09-03,9,Monday,0,19,Evening,21.7,97,0.2,1154,21.1,0.01,1.0,0.0,1.0,Autumn,No Holiday,Yes,73
10756,2018-04-13,4,Friday,0,6,Dawn,8.3,35,0.3,2000,-6.2,0.0,0.0,0.0,0.0,Spring,No Holiday,Yes,368
15879,2017-12-24,12,Sunday,1,2,Dawn,5.4,80,0.9,190,2.2,0.0,0.0,0.0,0.0,Winter,Holiday,Yes,196
11918,2017-12-20,12,Wednesday,0,22,Night,-1.6,82,0.4,929,-4.2,0.0,0.0,0.22999999999999998,0.22999999999999998,Winter,No Holiday,Yes,184
17939,2018-02-13,2,Tuesday,0,0,Dawn,-5.0,60,1.8,1995,-11.5,0.0,0.0,0.0,0.0,Winter,No Holiday,Yes,158
14052,2018-05-08,5,Tuesday,0,21,Evening,14.5,49,1.9,2000,3.8,0.0,0.0,0.0,0.0,Spring,No Holiday,Yes,1513
16579,2018-04-02,4,Monday,0,14,Afternoon,23.0,42,3.4,1315,9.3,2.1,0.0,0.0,0.0,Spring,No Holiday,Yes,920
18651,2018-10-21,10,Sunday,1,21,Evening,13.0,49,1.0,1702,2.5,0.0,0.0,0.0,0.0,Autumn,No Holiday,Yes,1158
13408,2018-11-09,11,Friday,0,0,Dawn,12.0,96,3.1,1185,11.3,0.0,18.0,0.0,18.0,Autumn,No Holiday,No,0
13789,2018-02-25,2,Sunday,1,3,Dawn,-1.3,42,0.8,1648,-12.5,0.0,0.0,0.0,0.0,Winter,No Holiday,Yes,103
16956,2018-04-20,4,Friday,0,3,Dawn,11.3,61,0.3,934,4.0,0.0,0.0,0.0,0.0,Spring,No Holiday,Yes,188
10683,2018-01-29,1,Monday,0,14,Afternoon,-5.7,23,4.5,1956,-23.5,1.25,0.0,0.0,0.0,Winter,No Holiday,Yes,168
12748,2018-04-18,4,Wednesday,0,14,Afternoon,18.9,15,1.8,1822,-8.3,3.17,0.0,0.0,0.0,Spring,No Holiday,Yes,967
10339,2018-10-05,10,Friday,0,10,Morning,15.8,89,1.8,742,13.9,0.18,1.5,0.0,1.5,Autumn,No Holiday,Yes,33
15205,2017-12-23,12,Saturday,1,13,Afternoon,7.7,68,1.0,249,2.1,0.58,0.0,0.0,0.0,Winter,No Holiday,Yes,423
16453,2018-01-22,1,Monday,0,22,Night,-3.2,81,3.9,492,-6.0,0.0,0.0,0.1,0.1,Winter,No Holiday,Yes,170
17796,2018-07-06,7,Friday,0,11,Morning,23.9,59,2.1,2000,15.3,1.08,0.0,0.0,0.0,Summer,No Holiday,Yes,1024
18348,2018-05-25,5,Friday,0,8,Early Morning,17.1,57,1.7,792,8.5,1.21,0.0,0.0,0.0,Spring,No Holiday,Yes,1996
15198,2018-03-16,3,Friday,0,20,Evening,6.7,41,1.0,2000,-5.6,0.0,0.0,0.0,0.0,Spring,No Holiday,Yes,774
17162,2018-02-17,2,Saturday,1,10,Morning,-4.3,21,1.4,1908,-23.4,1.34,0.0,0.0,0.0,Winter,Holiday,Yes,103
12090,2018-05-21,5,Monday,0,10,Morning,19.3,27,1.4,2000,-0.1,2.63,0.0,0.0,0.0,Spring,No Holiday,Yes,962
10489,2017-12-23,12,Saturday,1,23,Night,5.5,80,0.6,185,2.3,0.0,0.0,0.0,0.0,Winter,No Holiday,Yes,237
13993,2018-10-22,10,Monday,0,12,Morning,18.2,34,1.0,758,2.0,2.03,0.0,0.0,0.0,Autumn,No Holiday,Yes,1034
11341,2018-08-17,8,Friday,0,8,Early Morning,23.5,44,1.7,1944,10.5,0.98,0.0,0.0,0.0,Summer,No Holiday,Yes,1918
18078,2018-09-28,9,Friday,0,19,Evening,19.3,61,0.8,2000,11.5,0.01,0.0,0.0,0.0,Autumn,No Holiday,No,0
18518,2018-10-25,10,Thursday,0,6,Dawn,7.5,86,1.3,1301,5.3,0.0,0.0,0.0,0.0,Autumn,No Holiday,Yes,450
11676,2018-05-29,5,Tuesday,0,10,Morning,21.6,68,1.6,980,15.4,0.83,0.0,0.0,0.0,Spring,No Holiday,Yes,893
17223,2018-02-05,2,Monday,0,9,Early Morning,-11.1,38,2.4,1945,-22.6,0.43,0.0,0.0,0.0,Winter,No Holiday,Yes,216
11085,2018-09-23,9,Sunday,1,3,Dawn,15.8,70,0.8,2000,10.3,0.0,0.0,0.0,0.0,Autumn,Holiday,Yes,334
11643,2018-06-17,6,Sunday,1,12,Morning,24.8,56,0.9,530,15.4,1.57,0.0,0.0,0.0,Summer,No Holiday,Yes,1422
15855,2018-05-25,5,Friday,0,21,Evening,19.1,50,1.4,1378,8.4,0.0,0.0,0.0,0.0,Spring,No Holiday,Yes,1740
14659,2018-03-09,3,Friday,0,15,Afternoon,7.7,51,2.9,670,-1.8,0.94,0.0,0.0,0.0,Spring,No Holiday,Yes,611
14456,2018-04-03,4,Tuesday,0,1,Dawn,17.1,72,1.7,1353,12.0,0.0,0.0,0.0,0.0,Spring,No Holiday,Yes,430
13924,2018-03-04,3,Sunday,1,16,Afternoon,11.7,82,1.1,753,8.7,0.32,0.0,0.0,0.0,Spring,No Holiday,Yes,396
11436,2018-05-12,5,Saturday,1,18,Evening,15.4,97,1.9,340,14.9,0.03,2.0,0.0,2.0,Spring,No Holiday,Yes,22
11526,2018-04-16,4,Monday,0,12,Morning,15.5,33,2.5,1893,-0.7,3.1,0.0,0.0,0.0,Spring,No Holiday,Yes,1052
16924,2018-04-22,4,Sunday,1,12,Morning,18.9,44,0.9,1910,6.3,0.75,0.0,0.0,0.0,Spring,No Holiday,Yes,631
11849,2018-04-23,4,Monday,0,7,Early Morning,9.0,95,2.3,294,8.2,0.0,6.0,0.0,6.0,Spring,No Holiday,Yes,17
13311,2018-03-16,3,Friday,0,7,Early Morning,3.7,59,2.9,2000,-3.5,0.0,0.0,0.0,0.0,Spring,No Holiday,Yes,652
13911,2018-01-19,1,Friday,0,21,Evening,0.5,52,0.8,1595,-8.2,0.0,0.0,0.0,0.0,Winter,No Holiday,Yes,331
12389,2018-04-06,4,Friday,0,3,Dawn,7.2,96,0.8,349,6.5,0.0,2.0,0.0,2.0,Spring,No Holiday,Yes,18
16494,2018-08-18,8,Saturday,1,1,Dawn,23.9,51,0.9,2000,13.1,0.0,0.0,0.0,0.0,Summer,No Holiday,Yes,969
10021,2018-08-02,8,Thursday,0,22,Night,32.9,64,1.0,1088,25.1,0.0,0.0,0.0,0.0,Summer,No Holiday,Yes,1375
12605,2018-09-19,9,Wednesday,0,22,Night,20.9,71,1.6,1057,15.4,0.0,0.1,0.0,0.1,Autumn,No Holiday,No,0
13109,2018-03-14,3,Wednesday,0,18,Evening,19.2,53,2.4,2000,9.3,0.58,0.0,0.0,0.0,Spring,No Holiday,Yes,2100
18650,2018-07-20,7,Friday,0,5,Dawn,24.9,83,0.3,1207,21.8,0.0,0.0,0.0,0.0,Summer,No Holiday,Yes,327
11829,2018-03-15,3,Thursday,0,13,Afternoon,12.7,97,2.6,467,12.2,0.23,0.0,0.0,0.0,Spring,No Holiday,Yes,269
15619,2018-07-22,7,Sunday,1,5,Dawn,25.5,72,0.4,2000,20.0,0.0,0.0,0.0,0.0,Summer,No Holiday,Yes,256
12652,2018-11-05,11,Monday,0,13,Afternoon,16.8,46,1.1,760,5.0,1.71,0.0,0.0,0.0,Autumn,No Holiday,Yes,986
15522,2018-07-05,7,Thursday,0,1,Dawn,23.9,79,1.7,1121,20.0,0.0,0.0,0.0,0.0,Summer,No Holiday,Yes,846
17233,2018-10-19,10,Friday,0,21,Evening,13.3,56,1.1,2000,4.6,0.0,0.0,0.0,0.0,Autumn,No Holiday,Yes,1457
10459,2018-03-17,3,Saturday,1,14,Afternoon,12.1,29,2.3,1734,-5.4,2.26,0.0,0.0,0.0,Spring,No Holiday,Yes,1294
10323,2018-06-28,6,Thursday,0,7,Early Morning,22.7,81,0.4,866,19.2,0.4,0.0,0.0,0.0,Summer,No Holiday,Yes,1391
12483,2018-05-30,5,Wednesday,0,9,Early Morning,19.8,79,1.3,405,16.0,0.45,0.0,0.0,0.0,Spring,No Holiday,Yes,1200
14559,2018-10-28,10,Sunday,1,17,Afternoon,9.4,85,1.2,2000,6.9,0.07,1.5,0.0,1.5,Autumn,No Holiday,Yes,535
15138,2018-01-07,1,Sunday,1,14,Afternoon,1.9,32,0.7,1368,-13.0,0.41,0.0,0.0,0.0,Winter,No Holiday,Yes,331
12542,2017-12-18,12,Monday,0,12,Morning,-1.8,83,1.2,351,-4.3,0.09,1.1,0.51,1.61,Winter,No Holiday,Yes,62
12363,2018-10-01,10,Monday,0,20,Evening,15.4,63,2.1,2000,8.3,0.0,0.0,0.0,0.0,Autumn,No Holiday,Yes,1824
12564,2018-02-21,2,Wednesday,0,2,Dawn,-2.9,31,1.6,1931,-17.7,0.0,0.0,0.0,0.0,Winter,No Holiday,Yes,105
12976,2018-06-14,6,Thursday,0,19,Evening,23.6,63,0.6,1956,16.1,0.19,0.0,0.0,0.0,Summer,No Holiday,Yes,1856
14972,2018-05-24,5,Thursday,0,1,Dawn,12.9,62,0.6,1557,5.7,0.0,0.0,0.0,0.0,Spring,No Holiday,Yes,578
17624,2018-01-08,1,Monday,0,13,Afternoon,3.0,32,1.6,1518,-12.1,0.38,0.0,0.0,0.0,Winter,No Holiday,Yes,303
10872,2018-04-10,4,Tuesday,0,9,Early Morning,11.9,35,1.1,1664,-3.1,0.95,0.0,0.0,0.0,Spring,No Holiday,Yes,982
12560,2018-03-23,3,Friday,0,2,Dawn,2.2,80,1.4,615,-0.8,0.0,0.0,0.0,0.0,Spring,No Holiday,Yes,216
15970,2018-03-28,3,Wednesday,0,0,Dawn,12.0,76,0.8,346,7.8,0.0,0.0,0.0,0.0,Spring,No Holiday,Yes,400
10343,2018-06-18,6,Monday,0,23,Night,22.3,59,1.1,1892,13.8,0.0,0.0,0.0,0.0,Summer,No Holiday,Yes,1732
17167,2018-03-27,3,Tuesday,0,8,Early Morning,9.3,62,0.6,519,2.3,0.25,0.0,0.0,0.0,Spring,No Holiday,Yes,1201
17569,2018-09-01,9,Saturday,1,6,Dawn,20.9,87,0.7,1198,18.6,0.0,0.0,0.0,0.0,Autumn,No Holiday,Yes,362
14655,2018-08-07,8,Tuesday,0,8,Early Morning,28.5,64,2.0,2000,21.0,0.89,0.0,0.0,0.0,Summer,No Holiday,Yes,1695
17458,2018-07-16,7,Monday,0,1,Dawn,25.9,83,1.3,1520,22.7,0.0,0.0,0.0,0.0,Summer,No Holiday,Yes,498
10435,2018-03-16,3,Friday,0,6,Dawn,4.4,61,1.7,2000,-2.4,0.0,0.0,0.0,0.0,Spring,No Holiday,Yes,222
12707,2018-11-14,11,Wednesday,0,8,Early Morning,5.0,77,1.5,1115,1.2,0.07,0.0,0.0,0.0,Autumn,No Holiday,Yes,1916
10954,2018-11-29,11,Thursday,0,11,Morning,5.2,26,0.5,1471,-12.7,0.64,0.0,0.0,0.0,Autumn,No Holiday,Yes,623
12235,2018-09-30,9,Sunday,1,4,Dawn,16.6,73,0.3,2000,11.7,0.0,0.0,0.0,0.0,Autumn,No Holiday,No,0
12142,2018-01-21,1,Sunday,1,14,Afternoon,5.4,18,1.2,1923,-17.0,0.96,0.0,0.0,0.0,Winter,No Holiday,Yes,340
10441,2018-03-22,3,Thursday,0,3,Dawn,1.3,87,1.7,822,-0.6,0.0,0.0,0.0,0.0,Spring,No Holiday,Yes,107
10034,2018-03-11,3,Sunday,1,9,Early Morning,3.9,77,2.0,263,0.2,0.65,0.0,0.0,0.0,Spring,No Holiday,Yes,289
11809,2018-03-31,3,Saturday,1,1,Dawn,11.5,77,2.0,593,7.6,0.0,0.0,0.0,0.0,Spring,No Holiday,Yes,502
13533,2018-08-11,8,Saturday,1,23,Night,30.7,55,1.5,2000,20.6,0.0,0.0,0.0,0.0,Summer,No Holiday,Yes,1076
15282,2018-08-03,8,Friday,0,16,Afternoon,36.7,44,3.5,1666,22.4,2.16,0.0,0.0,0.0,Summer,No Holiday,Yes,763
10330,2018-02-20,2,Tuesday,0,16,Afternoon,5.1,17,3.4,2000,-18.0,1.2,0.0,0.0,0.0,Winter,No Holiday,Yes,393
10352,2017-12-16,12,Saturday,1,21,Evening,-7.1,39,3.2,2000,-18.7,0.0,0.0,0.0,0.0,Winter,No Holiday,Yes,159
17998,2018-07-13,7,Friday,0,18,Evening,30.8,60,2.5,1793,22.1,1.43,0.0,0.0,0.0,Summer,No Holiday,Yes,2884
17232,2018-08-23,8,Thursday,0,20,Evening,29.2,62,2.1,1952,21.1,0.0,0.1,0.0,0.1,Summer,No Holiday,Yes,257
14517,2018-04-15,4,Sunday,1,16,Afternoon,12.0,61,3.6,1374,4.6,0.57,0.0,0.0,0.0,Spring,No Holiday,Yes,124
15471,2018-07-05,7,Thursday,0,9,Early Morning,24.2,84,0.9,632,21.3,0.49,0.0,0.0,0.0,Summer,No Holiday,Yes,1112
16251,2018-09-02,9,Sunday,1,15,Afternoon,29.3,43,1.5,1958,15.4,2.4,0.0,0.0,0.0,Autumn,No Holiday,Yes,1550
12117,2018-03-06,3,Tuesday,0,13,Afternoon,9.3,27,2.2,1816,-8.7,2.65,0.0,0.0,0.0,Spring,No Holiday,Yes,528
10387,2018-06-24,6,Sunday,1,12,Morning,28.9,40,2.3,809,13.9,3.15,0.0,0.0,0.0,Summer,No Holiday,Yes,1042
12310,2018-07-31,7,Tuesday,0,16,Afternoon,37.0,38,1.2,2000,20.3,2.07,0.0,0.0,0.0,Summer,No Holiday,Yes,763
15060,2018-10-03,10,Wednesday,0,4,Dawn,12.1,80,1.2,1834,8.7,0.0,0.0,0.0,0.0,Autumn,Holiday,Yes,284
16148,2018-02-15,2,Thursday,0,21,Evening,-1.1,32,2.4,2000,-15.7,0.0,0.0,0.0,0.0,Winter,Holiday,Yes,134
14357,2017-12-02,12,Saturday,1,9,Early Morning,-2.9,68,1.6,1487,-7.9,0.3,0.0,0.0,0.0,Winter,No Holiday,Yes,328
12294,2017-12-03,12,Sunday,1,0,Dawn,4.0,58,1.4,1296,-3.5,0.0,0.0,0.0,0.0,Winter,No Holiday,Yes,342
18388,2018-07-19,7,Thursday,0,5,Dawn,23.6,88,0.2,604,21.4,0.0,0.0,0.0,0.0,Summer,No Holiday,Yes,329
10405,2018-02-24,2,Saturday,1,6,Dawn,1.2,83,2.5,245,-1.3,0.0,0.0,0.0,0.0,Winter,No Holiday,Yes,72
13196,2018-09-11,9,Tuesday,0,4,Dawn,17.7,52,1.5,2000,7.7,0.0,0.0,0.0,0.0,Autumn,No Holiday,Yes,193
14144,2018-08-15,8,Wednesday,0,3,Dawn,29.1,70,0.3,1952,23.0,0.0,0.0,0.0,0.0,Summer,Holiday,Yes,474
14506,2018-03-03,3,Saturday,1,3,Dawn,0.8,38,0.8,1594,-11.9,0.0,0.0,0.0,0.0,Spring,No Holiday,Yes,149
17777,2018-03-21,3,Wednesday,0,20,Evening,1.7,85,1.3,396,-0.5,0.0,0.0,0.0,0.0,Spring,No Holiday,Yes,120
12528,2018-07-24,7,Tuesday,0,11,Morning,33.9,46,1.6,1387,20.6,2.15,0.0,0.0,0.0,Summer,No Holiday,Yes,620
15670,2018-01-24,1,Wednesday,0,11,Morning,-13.1,25,3.8,1964,-29.0,0.96,0.0,0.09,0.09,Winter,No Holiday,Yes,124
13112,2018-03-17,3,Saturday,1,23,Night,6.4,59,1.1,961,-1.0,0.0,0.0,0.0,0.0,Spring,No Holiday,Yes,422
11246,2018-08-13,8,Monday,0,23,Night,29.6,63,0.1,2000,21.8,0.0,0.0,0.0,0.0,Summer,No Holiday,Yes,1086
17395,2018-05-27,5,Sunday,1,12,Morning,23.4,38,2.8,1756,8.2,1.87,0.0,0.0,0.0,Spring,No Holiday,Yes,1404
16393,2018-08-15,8,Wednesday,0,2,Dawn,29.5,68,0.4,1949,22.9,0.0,0.0,0.0,0.0,Summer,Holiday,Yes,676
11699,2018-05-05,5,Saturday,1,15,Afternoon,23.8,29,4.7,1876,4.6,2.72,0.0,0.0,0.0,Spring,No Holiday,Yes,1837
18700,2018-02-16,2,Friday,0,16,Afternoon,3.3,38,3.8,1921,-9.6,1.33,0.0,0.0,0.0,Winter,Holiday,Yes,189
16275,2018-02-28,2,Wednesday,0,15,Afternoon,4.8,87,2.9,312,2.8,0.08,4.5,0.0,4.5,Winter,No Holiday,Yes,7
17951,2018-08-09,8,Thursday,0,12,Morning,31.1,63,3.0,1795,23.2,1.14,0.0,0.0,0.0,Summer,No Holiday,Yes,484
14562,2018-10-15,10,Monday,0,9,Early Morning,12.8,74,0.5,831,8.2,0.31,0.0,0.0,0.0,Autumn,No Holiday,Yes,1119
17909,2018-09-01,9,Saturday,1,7,Early Morning,21.1,81,1.0,1738,17.7,0.14,0.0,0.0,0.0,Autumn,No Holiday,Yes,511
12935,2018-05-29,5,Tuesday,0,19,Evening,22.3,71,2.5,1268,16.7,0.14,0.0,0.0,0.0,Spring,No Holiday,Yes,477
16589,2018-05-25,5,Friday,0,10,Morning,21.4,30,2.5,1730,3.0,2.53,0.0,0.0,0.0,Spring,No Holiday,Yes,819
12809,2018-07-30,7,Monday,0,1,Dawn,28.5,54,1.1,2000,18.2,0.0,0.0,0.0,0.0,Summer,No Holiday,Yes,575
12438,2018-04-05,4,Thursday,0,7,Early Morning,7.1,94,2.2,572,6.1,0.0,1.5,0.0,1.5,Spring,No Holiday,Yes,38
18329,2018-03-15,3,Thursday,0,3,Dawn,16.5,69,2.4,1659,10.7,0.0,0.0,0.0,0.0,Spring,No Holiday,Yes,51
11982,2018-08-07,8,Tuesday,0,21,Evening,30.3,69,2.2,1834,23.9,0.0,0.0,0.0,0.0,Summer,No Holiday,Yes,1826
10866,2018-04-06,4,Friday,0,23,Night,3.8,75,4.1,604,-0.2,0.0,0.0,0.0,0.0,Spring,No Holiday,Yes,312
12660,2018-06-24,6,Sunday,1,11,Morning,27.1,52,2.1,557,16.3,2.82,0.0,0.0,0.0,Summer,No Holiday,Yes,870
13056,2018-11-15,11,Thursday,0,0,Dawn,7.7,67,0.4,1102,1.9,0.0,0.0,0.0,0.0,Autumn,No Holiday,Yes,610
15999,2017-12-15,12,Friday,0,10,Morning,-4.6,52,0.8,648,-12.9,0.34,0.0,0.0,0.0,Winter,No Holiday,Yes,221
16560,2018-05-05,5,Saturday,1,22,Night,19.1,61,2.7,1830,11.3,0.0,0.0,0.0,0.0,Spring,No Holiday,Yes,1360
13269,2018-01-03,1,Wednesday,0,23,Night,-5.9,54,0.8,1968,-13.7,0.0,0.0,0.0,0.0,Winter,No Holiday,Yes,197
18712,2018-08-09,8,Thursday,0,22,Night,27.5,82,0.4,1228,24.1,0.0,0.0,0.0,0.0,Summer,No Holiday,Yes,1494
13934,2018-03-23,3,Friday,0,4,Dawn,2.0,80,0.8,474,-1.0,0.0,0.0,0.0,0.0,Spring,No Holiday,Yes,92
16543,2018-04-04,4,Wednesday,0,13,Afternoon,16.7,47,1.4,2000,5.3,3.24,0.0,0.0,0.0,Spring,No Holiday,Yes,951
14834,2018-11-01,11,Thursday,0,10,Morning,8.1,51,0.7,1100,-1.4,1.38,0.0,0.0,0.0,Autumn,No Holiday,Yes,696
13234,2018-11-08,11,Thursday,0,3,Dawn,11.8,86,1.6,1819,9.5,0.0,0.5,0.0,0.5,Autumn,No Holiday,Yes,78
12145,2018-04-12,4,Thursday,0,12,Morning,17.5,20,4.6,2000,-5.7,3.07,0.0,0.0,0.0,Spring,No Holiday,Yes,969
13704,2018-09-08,9,Saturday,1,4,Dawn,17.2,66,0.6,2000,10.7,0.0,0.0,0.0,0.0,Autumn,No Holiday,Yes,285
10114,2018-01-27,1,Saturday,1,9,Early Morning,-15.1,49,1.1,1401,-23.4,0.2,0.0,0.03,0.03,Winter,No Holiday,Yes,105
17895,2018-01-09,1,Tuesday,0,10,Morning,-4.8,57,3.0,1559,-12.0,0.47,0.0,0.05,0.05,Winter,No Holiday,Yes,190
18043,2018-03-10,3,Saturday,1,14,Afternoon,9.2,38,2.6,1377,-4.4,2.53,0.0,0.0,0.0,Spring,No Holiday,Yes,906
12253,2018-11-02,11,Friday,0,1,Dawn,6.6,69,0.0,1512,1.3,0.0,0.0,0.0,0.0,Autumn,No Holiday,Yes,560
11199,2017-12-16,12,Saturday,1,4,Dawn,-5.0,70,2.7,702,-9.6,0.0,0.0,0.0,0.0,Winter,No Holiday,Yes,80
12421,2018-04-28,4,Saturday,1,15,Afternoon,21.1,25,4.1,1885,0.2,2.96,0.0,0.0,0.0,Spring,No Holiday,Yes,1875
14749,2018-08-01,8,Wednesday,0,6,Dawn,27.8,73,0.9,1971,22.5,0.01,0.0,0.0,0.0,Summer,No Holiday,Yes,622
12325,2018-08-14,8,Tuesday,0,10,Morning,31.7,57,1.3,1875,22.1,1.25,0.0,0.0,0.0,Summer,No Holiday,Yes,615
16485,2018-05-01,5,Tuesday,0,1,Dawn,18.3,83,1.1,451,15.3,0.0,0.0,0.0,0.0,Spring,Holiday,Yes,705
16294,2018-05-07,5,Monday,0,4,Dawn,14.4,85,0.8,1437,11.9,0.0,0.0,0.0,0.0,Spring,No Holiday,Yes,185
14883,2018-11-12,11,Monday,0,1,Dawn,5.0,67,1.3,2000,-0.6,0.0,0.0,0.0,0.0,Autumn,No Holiday,Yes,344
15765,2018-01-24,1,Wednesday,0,5,Dawn,-15.6,29,3.7,2000,-29.6,0.0,0.0,0.09,0.09,Winter,No Holiday,Yes,34
14125,2018-03-23,3,Friday,0,19,Evening,8.3,48,3.0,779,-2.0,0.06,0.0,0.0,0.0,Spring,No Holiday,Yes,932
11548,2018-11-11,11,Sunday,1,12,Morning,10.6,72,2.0,365,5.7,0.29,0.0,0.0,0.0,Autumn,No Holiday,Yes,769
11808,2018-07-11,7,Wednesday,0,8,Early Morning,25.1,97,0.8,490,24.5,0.26,0.0,0.0,0.0,Summer,No Holiday,Yes,827
16531,2018-06-09,6,Saturday,1,2,Dawn,19.4,84,0.7,382,16.6,0.0,0.0,0.0,0.0,Summer,No Holiday,Yes,732
14946,2018-06-17,6,Sunday,1,19,Evening,24.2,62,1.9,1225,16.4,0.39,0.0,0.0,0.0,Summer,No Holiday,Yes,2481
18045,2018-09-16,9,Sunday,1,9,Early Morning,22.3,84,1.9,751,19.4,0.47,0.0,0.0,0.0,Autumn,No Holiday,Yes,725
14482,2018-03-07,3,Wednesday,0,9,Early Morning,3.8,58,2.0,1785,-3.7,0.49,0.0,0.0,0.0,Spring,No Holiday,Yes,566
17940,2018-11-05,11,Monday,0,17,Afternoon,15.7,49,2.0,1252,5.0,0.26,0.0,0.0,0.0,Autumn,No Holiday,Yes,1664
15694,2018-07-29,7,Sunday,1,18,Evening,35.8,35,1.3,2000,17.9,1.21,0.0,0.0,0.0,Summer,No Holiday,Yes,1141
11782,2018-05-12,5,Saturday,1,21,Evening,15.8,97,0.6,193,15.3,0.0,0.5,0.0,0.5,Spring,No Holiday,Yes,25
11978,2017-12-10,12,Sunday,1,0,Dawn,-0.2,55,1.0,1629,-8.1,0.0,0.0,0.0,0.0,Winter,No Holiday,Yes,326
16940,2018-09-06,9,Thursday,0,18,Evening,25.8,58,2.9,2000,16.9,0.16,0.0,0.0,0.0,Autumn,No Holiday,Yes,2497
12430,2018-05-17,5,Thursday,0,1,Dawn,22.0,97,2.1,192,21.4,0.0,0.5,0.0,0.5,Spring,No Holiday,Yes,144
13593,2018-06-12,6,Tuesday,0,5,Dawn,17.2,87,0.6,2000,15.0,0.0,0.0,0.0,0.0,Summer,No Holiday,Yes,296
11162,2018-03-05,3,Monday,0,3,Dawn,5.7,92,2.0,458,4.4,0.0,1.5,0.0,1.5,Spring,No Holiday,Yes,2
17771,2018-08-27,8,Monday,0,18,Evening,24.8,83,0.8,1947,21.7,0.26,0.0,0.0,0.0,Summer,No Holiday,Yes,2153
10518,2018-02-01,2,Thursday,0,1,Dawn,-5.4,54,1.7,1996,-13.2,0.0,0.0,0.16,0.16,Winter,No Holiday,Yes,149
10910,2018-02-15,2,Thursday,0,17,Afternoon,2.4,17,3.1,1990,-20.2,0.78,0.0,0.0,0.0,Winter,Holiday,Yes,236
17348,2018-08-03,8,Friday,0,10,Morning,34.3,48,2.5,1822,21.7,2.12,0.0,0.0,0.0,Summer,No Holiday,Yes,530
11099,2017-12-08,12,Friday,0,13,Afternoon,-1.7,28,1.8,1963,-17.8,1.22,0.0,0.0,0.0,Winter,No Holiday,Yes,354
13602,2018-08-02,8,Thursday,0,2,Dawn,31.5,68,0.0,1504,24.8,0.0,0.0,0.0,0.0,Summer,No Holiday,Yes,459
10446,2018-03-13,3,Tuesday,0,5,Dawn,6.8,56,0.9,570,-1.3,0.0,0.0,0.0,0.0,Spring,No Holiday,Yes,97
11183,2018-03-21,3,Wednesday,0,12,Morning,4.8,51,2.2,1715,-4.5,1.12,0.0,0.0,0.0,Spring,No Holiday,Yes,333
15732,2018-09-23,9,Sunday,1,2,Dawn,16.0,72,1.3,2000,10.9,0.0,0.0,0.0,0.0,Autumn,Holiday,Yes,489
17107,2018-06-11,6,Monday,0,6,Dawn,18.6,61,0.8,2000,10.9,0.03,0.0,0.0,0.0,Summer,No Holiday,Yes,807
10133,2018-04-22,4,Sunday,1,7,Early Morning,15.0,41,0.3,2000,1.8,0.12,0.0,0.0,0.0,Spring,No Holiday,Yes,278
10649,2017-12-04,12,Monday,0,15,Afternoon,-0.1,25,5.8,2000,-17.8,0.88,0.0,0.0,0.0,Winter,No Holiday,Yes,341
18139,2018-08-17,8,Friday,0,3,Dawn,22.4,52,1.3,2000,12.0,0.0,0.0,0.0,0.0,Summer,No Holiday,Yes,375
13281,2018-02-18,2,Sunday,1,4,Dawn,-4.1,27,0.6,2000,-20.3,0.0,0.0,0.0,0.0,Winter,No Holiday,Yes,37
17531,2018-08-29,8,Wednesday,0,8,Early Morning,25.3,83,3.4,1982,22.1,0.14,0.0,0.0,0.0,Summer,No Holiday,Yes,1595
16106,2018-07-04,7,Wednesday,0,23,Night,24.7,74,1.4,1596,19.7,0.0,0.0,0.0,0.0,Summer,No Holiday,Yes,1432
14177,2018-07-03,7,Tuesday,0,21,Evening,27.8,72,0.6,2000,22.2,0.0,0.0,0.0,0.0,Summer,No Holiday,Yes,2264
13273,2018-01-30,1,Tuesday,0,23,Night,-1.7,83,1.0,1093,-4.2,0.0,0.0,0.35,0.35,Winter,No Holiday,Yes,62
13120,2018-10-29,10,Monday,0,18,Evening,9.4,51,3.4,2000,-0.2,0.02,0.0,0.0,0.0,Autumn,No Holiday,Yes,1987
12786,2018-08-16,8,Thursday,0,16,Afternoon,34.5,37,1.9,2000,17.6,2.36,0.0,0.0,0.0,Summer,No Holiday,Yes,902
14918,2018-04-05,4,Thursday,0,17,Afternoon,8.0,96,1.4,298,7.3,0.13,1.0,0.0,1.0,Spring,No Holiday,Yes,46
14392,2018-09-01,9,Saturday,1,9,Early Morning,24.1,56,2.1,1956,14.7,1.46,0.0,0.0,0.0,Autumn,No Holiday,Yes,925
14970,2018-06-04,6,Monday,0,21,Evening,22.6,62,1.1,1363,14.9,0.0,0.0,0.0,0.0,Summer,No Holiday,Yes,2377
12045,2018-04-02,4,Monday,0,0,Dawn,16.1,80,1.9,605,12.6,0.0,0.0,0.0,0.0,Spring,No Holiday,Yes,468
11777,2018-06-23,6,Saturday,1,16,Afternoon,28.3,48,3.1,1232,16.2,2.41,0.0,0.0,0.0,Summer,No Holiday,Yes,1837
13851,2017-12-31,12,Sunday,1,0,Dawn,0.9,95,1.8,63,0.1,0.0,0.2,0.02,0.22,Winter,Holiday,Yes,43
15355,2018-08-30,8,Thursday,0,17,Afternoon,26.8,73,2.6,916,21.5,0.37,0.0,0.0,0.0,Summer,No Holiday,Yes,1473
12735,2018-11-29,11,Thursday,0,16,Afternoon,5.8,39,2.6,1489,-7.1,0.1,0.0,0.0,0.0,Autumn,No Holiday,Yes,748
10079,2018-08-15,8,Wednesday,0,16,Afternoon,36.6,39,0.7,2000,20.3,0.44,0.0,0.0,0.0,Summer,Holiday,Yes,877
11662,2017-12-27,12,Wednesday,0,0,Dawn,-7.9,37,2.2,2000,-20.0,0.0,0.0,0.0,0.0,Winter,No Holiday,Yes,133
11525,2018-01-08,1,Monday,0,1,Dawn,0.9,42,0.2,1333,-10.5,0.0,0.0,0.0,0.0,Winter,No Holiday,Yes,109
12023,2018-08-21,8,Tuesday,0,15,Afternoon,29.5,57,2.0,2000,20.0,2.1,0.0,0.0,0.0,Summer,No Holiday,Yes,957
16612,2018-10-29,10,Monday,0,9,Early Morning,7.5,53,1.6,1981,-1.4,1.01,0.0,0.0,0.0,Autumn,No Holiday,Yes,1021
15043,2018-01-01,1,Monday,0,2,Dawn,-3.7,42,0.9,2000,-14.7,0.0,0.0,0.0,0.0,Winter,Holiday,Yes,178
18252,2018-02-25,2,Sunday,1,13,Afternoon,6.1,22,2.4,1710,-14.0,2.5,0.0,0.0,0.0,Winter,No Holiday,Yes,482
17953,2018-08-13,8,Monday,0,0,Dawn,28.4,85,1.3,1406,25.6,0.0,0.0,0.0,0.0,Summer,No Holiday,Yes,409
16498,2018-09-19,9,Wednesday,0,18,Evening,24.0,55,2.2,1691,14.3,0.12,0.0,0.0,0.0,Autumn,No Holiday,No,0
18643,2018-11-13,11,Tuesday,0,15,Afternoon,15.3,37,1.8,1774,0.6,1.5,0.0,0.0,0.0,Autumn,No Holiday,Yes,980
14615,2018-08-06,8,Monday,0,20,Evening,31.3,65,2.0,1586,23.9,0.02,0.0,0.0,0.0,Summer,No Holiday,Yes,1537
16890,2018-06-10,6,Sunday,1,10,Morning,20.2,62,1.8,2000,12.6,0.82,0.0,0.0,0.0,Summer,No Holiday,Yes,942
14760,2018-08-09,8,Thursday,0,17,Afternoon,28.8,83,4.0,969,25.6,0.39,1.1,0.0,1.1,Summer,No Holiday,Yes,740
13509,2018-07-16,7,Monday,0,9,Early Morning,28.0,64,1.0,1682,20.5,1.35,0.0,0.0,0.0,Summer,No Holiday,Yes,1014
12493,2018-10-17,10,Wednesday,0,20,Evening,12.2,47,1.1,2000,1.2,0.0,0.0,0.0,0.0,Autumn,No Holiday,Yes,1558
13686,2018-11-06,11,Tuesday,0,3,Dawn,9.4,81,0.3,500,6.2,0.0,0.0,0.0,0.0,Autumn,No Holiday,No,0
12648,2018-05-16,5,Wednesday,0,8,Early Morning,22.4,93,1.2,683,21.2,0.04,0.0,0.0,0.0,Spring,No Holiday,Yes,291
13114,2018-01-17,1,Wednesday,0,13,Afternoon,8.0,54,1.8,435,-0.7,0.57,0.0,0.0,0.0,Winter,No Holiday,Yes,273
18713,2018-09-24,9,Monday,0,1,Dawn,16.8,53,2.0,2000,7.1,0.0,0.0,0.0,0.0,Autumn,Holiday,Yes,426
16959,2017-12-15,12,Friday,0,23,Night,-1.3,60,2.5,792,-8.0,0.0,0.0,0.0,0.0,Winter,No Holiday,Yes,247
16593,2018-07-26,7,Thursday,0,14,Afternoon,33.0,56,2.5,879,23.0,1.33,0.0,0.0,0.0,Summer,No Holiday,Yes,706
15297,2018-02-19,2,Monday,0,15,Afternoon,6.3,35,2.6,991,-8.0,1.2,0.0,0.0,0.0,Winter,No Holiday,Yes,392
10193,2018-01-30,1,Tuesday,0,17,Afternoon,-2.4,85,0.3,174,-4.5,0.06,0.0,0.06,0.06,Winter,No Holiday,Yes,53
14694,2018-04-15,4,Sunday,1,3,Dawn,6.4,83,2.3,1158,3.7,0.0,0.0,0.0,0.0,Spring,No Holiday,Yes,183
11743,2018-01-13,1,Saturday,1,1,Dawn,-6.5,45,0.5,1964,-16.4,0.0,0.0,0.0,0.0,Winter,No Holiday,Yes,168
10960,2018-10-28,10,Sunday,1,3,Dawn,6.2,59,0.6,2000,-1.2,0.0,0.0,0.0,0.0,Autumn,No Holiday,Yes,299
14488,2018-10-09,10,Tuesday,0,2,Dawn,11.4,65,1.1,2000,5.0,0.0,0.0,0.0,0.0,Autumn,Holiday,No,0
16469,2018-11-27,11,Tuesday,0,19,Evening,9.3,52,2.7,482,0.0,0.0,0.0,0.0,0.0,Autumn,No Holiday,Yes,1023
12381,2018-08-27,8,Monday,0,2,Dawn,20.3,97,0.7,315,19.8,0.0,1.0,0.0,1.0,Summer,No Holiday,Yes,44
10796,2018-04-15,4,Sunday,1,19,Evening,11.0,62,2.1,1661,3.9,0.19,0.0,0.0,0.0,Spring,No Holiday,Yes,317
13948,2018-07-03,7,Tuesday,0,13,Afternoon,31.2,54,1.3,1961,20.7,3.11,0.0,0.0,0.0,Summer,No Holiday,Yes,994
12276,2018-05-07,5,Monday,0,3,Dawn,14.7,82,0.8,1822,11.6,0.0,0.0,0.0,0.0,Spring,No Holiday,Yes,249
13194,2018-06-14,6,Thursday,0,12,Morning,21.2,75,0.7,876,16.5,1.07,0.0,0.0,0.0,Summer,No Holiday,Yes,945
15614,2018-06-07,6,Thursday,0,15,Afternoon,29.3,41,2.0,609,14.6,2.63,0.0,0.0,0.0,Summer,No Holiday,Yes,1171
13516,2018-02-27,2,Tuesday,0,8,Early Morning,2.0,51,0.7,990,-7.0,0.0,0.0,0.0,0.0,Winter,No Holiday,Yes,767
16168,2017-12-16,12,Saturday,1,14,Afternoon,-3.4,22,4.3,1966,-22.1,1.07,0.0,0.0,0.0,Winter,No Holiday,Yes,292
13353,2018-04-25,4,Wednesday,0,20,Evening,16.8,29,4.3,1971,-1.3,0.01,0.0,0.0,0.0,Spring,No Holiday,Yes,1651
13216,2017-12-09,12,Saturday,1,18,Evening,2.5,41,1.0,1974,-9.4,0.0,0.0,0.0,0.0,Winter,No Holiday,Yes,384
10919,2018-11-06,11,Tuesday,0,8,Early Morning,8.7,77,0.7,529,4.8,0.11,0.0,0.0,0.0,Autumn,No Holiday,No,0
18478,2018-10-25,10,Thursday,0,17,Afternoon,19.2,36,0.7,1643,3.7,0.38,0.0,0.0,0.0,Autumn,No Holiday,Yes,1961
18050,2018-06-01,6,Friday,0,11,Morning,26.8,38,2.6,1879,11.2,2.99,0.0,0.0,0.0,Summer,No Holiday,Yes,1036
10673,2018-07-26,7,Thursday,0,16,Afternoon,33.5,57,2.8,989,23.8,1.55,0.0,0.0,0.0,Summer,No Holiday,Yes,920
16640,2018-11-06,11,Tuesday,0,15,Afternoon,16.3,54,1.6,374,6.9,0.76,0.0,0.0,0.0,Autumn,No Holiday,No,0
16575,2018-01-17,1,Wednesday,0,22,Night,2.8,74,0.5,309,-1.3,0.0,0.0,0.0,0.0,Winter,No Holiday,Yes,313
15115,2018-04-21,4,Saturday,1,22,Night,16.7,28,1.0,1996,-1.9,0.0,0.0,0.0,0.0,Spring,No Holiday,Yes,1292
13936,2018-03-15,3,Thursday,0,7,Early Morning,14.3,97,0.3,189,13.8,0.0,0.0,0.0,0.0,Spring,No Holiday,Yes,15
11151,2018-10-23,10,Tuesday,0,0,Dawn,11.6,61,0.7,673,4.3,0.0,0.0,0.0,0.0,Autumn,No Holiday,Yes,726
15729,2018-02-22,2,Thursday,0,6,Dawn,-3.0,62,0.8,1996,-9.2,0.0,0.0,0.0,0.0,Winter,No Holiday,Yes,151
16348,2018-05-24,5,Thursday,0,18,Evening,22.6,39,2.8,1655,7.9,1.1,0.0,0.0,0.0,Spring,No Holiday,Yes,2825
14747,2018-02-08,2,Thursday,0,21,Evening,-3.3,42,1.1,1596,-14.4,0.0,0.0,0.0,0.0,Winter,No Holiday,Yes,268
12328,2018-09-22,9,Saturday,1,6,Dawn,18.4,95,0.1,752,17.5,0.0,0.0,0.0,0.0,Autumn,No Holiday,Yes,215
14327,2018-05-31,5,Thursday,0,19,Evening,25.2,53,3.1,1983,0.0,0.51,0.0,0.0,0.0,Spring,No Holiday,Yes,2534
15405,2018-05-01,5,Tuesday,0,23,Night,19.8,73,0.9,442,14.8,0.0,0.0,0.0,0.0,Spring,Holiday,Yes,855
10840,2018-08-20,8,Monday,0,8,Early Morning,26.6,54,1.1,1739,16.5,0.75,0.0,0.0,0.0,Summer,No Holiday,Yes,1912
12264,2018-03-04,3,Sunday,1,10,Morning,9.8,90,0.8,335,8.2,0.64,0.0,0.0,0.0,Spring,No Holiday,Yes,239
11214,2018-04-22,4,Sunday,1,13,Afternoon,20.5,35,1.1,2000,4.4,1.13,0.0,0.0,0.0,Spring,No Holiday,Yes,842
14295,2018-03-05,3,Monday,0,20,Evening,4.3,57,1.3,2000,-3.4,0.0,0.0,0.0,0.0,Spring,No Holiday,Yes,578
12902,2018-08-31,8,Friday,0,19,Evening,26.5,69,2.3,2000,20.3,0.18,0.0,0.0,0.0,Summer,No Holiday,Yes,2372
10246,2018-08-16,8,Thursday,0,11,Morning,33.5,48,2.4,1968,20.9,2.71,0.0,0.0,0.0,Summer,No Holiday,Yes,672
15264,2018-11-07,11,Wednesday,0,23,Night,12.9,72,1.4,2000,7.9,0.0,0.0,0.0,0.0,Autumn,No Holiday,Yes,679
14094,2018-08-14,8,Tuesday,0,9,Early Morning,31.0,56,0.8,1945,21.1,1.32,0.0,0.0,0.0,Summer,No Holiday,Yes,944
16238,2018-08-25,8,Saturday,1,18,Evening,27.1,56,3.0,1987,17.5,0.87,0.0,0.0,0.0,Summer,No Holiday,Yes,2080
10174,2018-11-20,11,Tuesday,0,16,Afternoon,11.3,21,2.8,1925,-10.2,0.82,0.0,0.0,0.0,Autumn,No Holiday,Yes,967
12067,2018-01-02,1,Tuesday,0,2,Dawn,-2.3,62,0.9,1560,-8.6,0.0,0.0,0.0,0.0,Winter,No Holiday,Yes,69
14879,2018-08-12,8,Sunday,1,17,Afternoon,33.7,48,2.3,2000,21.1,0.41,0.0,0.0,0.0,Summer,No Holiday,Yes,1156
11285,2018-06-13,6,Wednesday,0,2,Dawn,18.4,75,0.6,1986,13.8,0.0,0.0,0.0,0.0,Summer,No Holiday,Yes,847
17450,2017-12-21,12,Thursday,0,9,Early Morning,-5.3,88,0.4,463,-6.9,0.21,0.0,0.22000000000000003,0.22000000000000003,Winter,No Holiday,Yes,265
10906,2018-11-15,11,Thursday,0,6,Dawn,4.9,76,1.1,800,1.0,0.0,0.0,0.0,0.0,Autumn,No Holiday,Yes,357
17132,2018-02-22,2,Thursday,0,4,Dawn,-2.4,58,0.3,2000,-9.5,0.0,0.0,0.0,0.0,Winter,No Holiday,Yes,66
15431,2018-09-03,9,Monday,0,13,Afternoon,24.9,78,1.5,1910,20.7,0.72,0.0,0.0,0.0,Autumn,No Holiday,Yes,731
15144,2018-05-21,5,Monday,0,0,Dawn,15.3,29,1.3,2000,-2.6,0.0,0.0,0.0,0.0,Spring,No Holiday,Yes,666
10049,2018-08-15,8,Wednesday,0,21,Evening,28.6,69,1.3,2000,22.3,0.0,0.0,0.0,0.0,Summer,Holiday,Yes,1507
10295,2017-12-09,12,Saturday,1,9,Early Morning,-4.7,48,1.0,1784,-14.0,0.23,0.0,0.0,0.0,Winter,No Holiday,Yes,291
11307,2018-05-25,5,Friday,0,0,Dawn,17.6,57,1.8,943,8.9,0.0,0.0,0.0,0.0,Spring,No Holiday,Yes,831
11934,2018-08-30,8,Thursday,0,9,Early Morning,25.0,92,1.1,782,23.6,0.39,0.0,0.0,0.0,Summer,No Holiday,Yes,846
11338,2018-09-18,9,Tuesday,0,11,Morning,24.1,46,2.1,1678,11.7,2.03,0.0,0.0,0.0,Autumn,No Holiday,No,0
13624,2018-03-20,3,Tuesday,0,6,Dawn,3.9,43,3.4,2000,-7.5,0.0,0.0,0.0,0.0,Spring,No Holiday,Yes,235
11791,2018-07-09,7,Monday,0,2,Dawn,22.7,63,0.9,2000,15.2,0.0,0.0,0.0,0.0,Summer,No Holiday,Yes,387
10678,2018-04-23,4,Monday,0,17,Afternoon,9.4,95,1.9,660,8.6,0.11,0.5,0.0,0.5,Spring,No Holiday,Yes,42
10438,2018-06-13,6,Wednesday,0,5,Dawn,18.6,76,0.4,1957,14.2,0.0,0.0,0.0,0.0,Summer,No Holiday,Yes,290
18074,2018-07-16,7,Monday,0,3,Dawn,25.1,85,0.7,1507,22.3,0.0,0.0,0.0,0.0,Summer,No Holiday,Yes,276
15937,2018-11-17,11,Saturday,1,9,Early Morning,2.2,53,0.5,1595,-6.4,0.62,0.0,0.0,0.0,Autumn,No Holiday,Yes,644
16828,2018-08-23,8,Thursday,0,0,Dawn,30.7,52,1.3,2000,19.7,0.0,0.0,0.0,0.0,Summer,No Holiday,Yes,908
11956,2018-08-05,8,Sunday,1,3,Dawn,27.3,84,1.7,1089,24.3,0.0,0.0,0.0,0.0,Summer,No Holiday,Yes,401
12025,2018-08-14,8,Tuesday,0,7,Early Morning,27.9,71,0.4,2000,22.1,0.13,0.0,0.0,0.0,Summer,No Holiday,Yes,1097
18259,2018-02-03,2,Saturday,1,14,Afternoon,-5.0,31,4.0,2000,-19.5,2.18,0.0,0.0,0.0,Winter,No Holiday,Yes,196
15151,2018-10-06,10,Saturday,1,17,Afternoon,21.1,64,1.2,2000,14.0,0.4,0.0,0.0,0.0,Autumn,No Holiday,Yes,1870
16807,2018-08-11,8,Saturday,1,11,Morning,31.5,54,2.5,1918,21.0,1.78,0.0,0.0,0.0,Summer,No Holiday,Yes,766
10537,2018-10-25,10,Thursday,0,22,Night,13.6,56,1.0,1611,4.9,0.0,0.0,0.0,0.0,Autumn,No Holiday,Yes,1316
16088,2018-05-06,5,Sunday,1,0,Dawn,18.7,64,3.3,1654,11.7,0.0,0.0,0.0,0.0,Spring,No Holiday,Yes,733
12940,2018-01-11,1,Thursday,0,5,Dawn,-11.9,61,1.8,1759,-17.9,0.0,0.0,0.0,0.0,Winter,No Holiday,Yes,42
13856,2018-08-28,8,Tuesday,0,4,Dawn,22.6,95,0.4,1919,21.7,0.0,0.0,0.0,0.0,Summer,No Holiday,Yes,200
15378,2018-02-17,2,Saturday,1,3,Dawn,-4.5,28,3.0,2000,-20.3,0.0,0.0,0.0,0.0,Winter,Holiday,Yes,34
18324,2018-05-06,5,Sunday,1,16,Afternoon,19.5,66,1.7,2000,12.9,1.71,0.0,0.0,0.0,Spring,No Holiday,Yes,1482
13912,2017-12-31,12,Sunday,1,6,Dawn,-1.3,84,2.4,425,-3.6,0.0,0.0,0.12,0.12,Winter,Holiday,Yes,25
11967,2018-04-07,4,Saturday,1,4,Dawn,1.6,70,3.6,1392,-3.2,0.0,0.1,0.0,0.1,Spring,No Holiday,Yes,80
17937,2018-09-18,9,Tuesday,0,4,Dawn,18.3,78,0.4,1906,14.3,0.0,0.0,0.0,0.0,Autumn,No Holiday,No,0
18291,2018-05-11,5,Friday,0,23,Night,16.2,50,1.6,1327,5.7,0.0,0.0,0.0,0.0,Spring,No Holiday,Yes,1185
17502,2018-06-25,6,Monday,0,10,Morning,26.4,55,0.9,901,16.6,1.16,0.0,0.0,0.0,Summer,No Holiday,Yes,878
14278,2018-05-14,5,Monday,0,18,Evening,23.6,48,3.1,666,11.9,0.85,0.0,0.0,0.0,Spring,No Holiday,Yes,2906
16858,2018-06-15,6,Friday,0,5,Dawn,17.4,86,1.1,1820,15.0,0.0,0.5,0.0,0.5,Summer,No Holiday,Yes,161
14960,2018-08-20,8,Monday,0,23,Night,28.5,62,4.9,1882,20.5,0.0,0.0,0.0,0.0,Summer,No Holiday,Yes,1241
13761,2017-12-08,12,Friday,0,15,Afternoon,-0.8,26,3.3,1977,-17.9,0.87,0.0,0.0,0.0,Winter,No Holiday,Yes,362
16432,2018-11-05,11,Monday,0,2,Dawn,8.8,81,0.0,773,5.7,0.0,0.0,0.0,0.0,Autumn,No Holiday,Yes,206
16588,2018-07-20,7,Friday,0,21,Evening,29.8,59,1.4,2000,20.9,0.0,0.0,0.0,0.0,Summer,No Holiday,Yes,1869
10002,2018-01-17,1,Wednesday,0,4,Dawn,3.0,68,0.5,322,-2.3,0.0,0.0,0.0,0.0,Winter,No Holiday,Yes,55
14627,2018-04-05,4,Thursday,0,4,Dawn,8.8,65,2.5,2000,2.5,0.0,0.0,0.0,0.0,Spring,No Holiday,Yes,87
11278,2018-06-08,6,Friday,0,15,Afternoon,26.2,51,3.3,1104,15.2,2.87,0.0,0.0,0.0,Summer,No Holiday,Yes,1416
13232,2018-08-02,8,Thursday,0,23,Night,32.4,64,1.7,1153,24.7,0.0,0.0,0.0,0.0,Summer,No Holiday,Yes,1020
14139,2018-05-26,5,Saturday,1,7,Early Morning,15.0,64,0.6,902,8.2,0.46,0.0,0.0,0.0,Spring,No Holiday,Yes,503
12324,2018-04-20,4,Friday,0,22,Night,18.2,52,1.3,818,8.1,0.0,0.0,0.0,0.0,Spring,No Holiday,Yes,1183
12371,2018-10-08,10,Monday,0,4,Dawn,10.4,61,0.6,2000,3.1,0.0,0.0,0.0,0.0,Autumn,No Holiday,Yes,123
16942,2018-04-14,4,Saturday,1,23,Night,8.4,77,3.8,1662,4.5,0.0,0.0,0.0,0.0,Spring,No Holiday,Yes,503
18229,2018-01-11,1,Thursday,0,6,Dawn,-12.0,61,2.3,1709,-18.0,0.0,0.0,0.0,0.0,Winter,No Holiday,Yes,82
12474,2017-12-02,12,Saturday,1,23,Night,4.0,56,1.0,1352,-4.0,0.0,0.0,0.0,0.0,Winter,No Holiday,Yes,366
16430,2018-10-02,10,Tuesday,0,22,Night,15.5,69,0.8,1987,9.8,0.0,0.0,0.0,0.0,Autumn,No Holiday,No,0
14226,2018-07-13,7,Friday,0,9,Early Morning,26.6,73,2.2,1147,21.3,1.01,0.0,0.0,0.0,Summer,No Holiday,Yes,1240
11765,2018-05-21,5,Monday,0,22,Night,16.9,65,0.3,1281,10.2,0.0,0.0,0.0,0.0,Spring,No Holiday,Yes,1832
10153,2018-06-13,6,Wednesday,0,18,Evening,23.4,63,3.6,1245,15.9,0.5,0.0,0.0,0.0,Summer,No Holiday,Yes,2479
10511,2018-02-02,2,Friday,0,5,Dawn,-6.8,61,0.2,1724,-13.0,0.0,0.0,0.0,0.0,Winter,No Holiday,Yes,48
14716,2018-06-06,6,Wednesday,0,4,Dawn,19.2,68,0.8,1181,13.1,0.0,0.0,0.0,0.0,Summer,Holiday,Yes,332
10163,2018-01-11,1,Thursday,0,17,Afternoon,-9.3,43,2.8,1900,-19.6,0.28,0.0,0.0,0.0,Winter,No Holiday,Yes,219
16867,2018-06-28,6,Thursday,0,4,Dawn,22.3,88,0.9,298,20.2,0.0,0.0,0.0,0.0,Summer,No Holiday,Yes,233
12494,2018-05-01,5,Tuesday,0,18,Evening,21.6,67,2.0,584,15.2,0.24,0.0,0.0,0.0,Spring,Holiday,Yes,2082
14399,2018-03-30,3,Friday,0,10,Morning,16.0,29,1.4,1708,-2.0,1.79,0.0,0.0,0.0,Spring,No Holiday,Yes,583
16245,2017-12-08,12,Friday,0,0,Dawn,-3.5,49,2.6,1893,-12.6,0.0,0.0,0.0,0.0,Winter,No Holiday,Yes,233
16114,2018-01-05,1,Friday,0,15,Afternoon,1.5,34,2.8,1776,-12.6,0.84,0.0,0.0,0.0,Winter,No Holiday,Yes,333
17887,2018-06-12,6,Tuesday,0,16,Afternoon,26.2,47,3.8,1996,13.9,2.45,0.0,0.0,0.0,Summer,No Holiday,Yes,1714
11695,2018-01-16,1,Tuesday,0,2,Dawn,0.5,72,0.7,385,-3.9,0.0,0.0,0.0,0.0,Winter,No Holiday,Yes,141
15782,2018-05-13,5,Sunday,1,2,Dawn,14.5,97,2.9,359,14.0,0.0,0.1,0.0,0.1,Spring,No Holiday,Yes,189
11657,2018-09-08,9,Saturday,1,7,Early Morning,16.0,70,1.1,2000,10.5,0.11,0.0,0.0,0.0,Autumn,No Holiday,Yes,511
15903,2018-09-25,9,Tuesday,0,12,Morning,21.7,36,2.0,2000,5.9,2.78,0.0,0.0,0.0,Autumn,Holiday,Yes,1045
10945,2018-08-28,8,Tuesday,0,2,Dawn,23.2,88,0.6,2000,21.0,0.0,0.0,0.0,0.0,Summer,No Holiday,Yes,482
11272,2018-02-21,2,Wednesday,0,0,Dawn,-1.4,28,3.4,1990,-17.6,0.0,0.0,0.0,0.0,Winter,No Holiday,Yes,171
13845,2018-08-31,8,Friday,0,0,Dawn,23.9,75,1.7,1192,19.1,0.0,0.0,0.0,0.0,Summer,No Holiday,Yes,861
18743,2018-08-16,8,Thursday,0,4,Dawn,27.8,69,0.9,2000,21.5,0.0,0.0,0.0,0.0,Summer,No Holiday,Yes,173
17336,2018-06-14,6,Thursday,0,17,Afternoon,24.6,57,1.0,1866,15.5,0.45,0.0,0.0,0.0,Summer,No Holiday,Yes,1934
12943,2018-10-25,10,Thursday,0,13,Afternoon,19.4,32,1.1,1787,2.2,2.31,0.0,0.0,0.0,Autumn,No Holiday,Yes,1154
10366,2018-06-06,6,Wednesday,0,11,Morning,25.8,52,2.1,905,15.1,2.84,0.0,0.0,0.0,Summer,Holiday,Yes,1152
14118,2018-05-09,5,Wednesday,0,8,Early Morning,12.3,53,1.6,2000,2.9,1.09,0.0,0.0,0.0,Spring,No Holiday,Yes,2068
17405,2018-09-08,9,Saturday,1,15,Afternoon,26.9,33,2.9,1997,9.2,2.65,0.0,0.0,0.0,Autumn,No Holiday,Yes,1792
17928,2018-07-23,7,Monday,0,12,Morning,34.1,47,2.3,1862,21.1,2.94,0.0,0.0,0.0,Summer,No Holiday,Yes,655
16208,2018-11-04,11,Sunday,1,15,Afternoon,19.0,25,2.1,1748,-1.5,1.6,0.0,0.0,0.0,Autumn,No Holiday,Yes,1579
12009,2018-01-26,1,Friday,0,2,Dawn,-15.6,33,2.2,2000,-28.2,0.0,0.0,0.05,0.05,Winter,No Holiday,Yes,54
16769,2018-07-27,7,Friday,0,12,Morning,33.7,53,1.9,990,22.7,2.5,0.0,0.0,0.0,Summer,No Holiday,Yes,714
11189,2018-07-01,7,Sunday,1,5,Dawn,22.6,86,0.5,1076,20.1,0.0,0.1,0.0,0.1,Summer,No Holiday,Yes,54
12181,2018-01-10,1,Wednesday,0,12,Morning,-5.6,44,4.5,1830,-15.9,1.1,0.0,0.05,0.05,Winter,No Holiday,Yes,217
17361,2018-04-02,4,Monday,0,20,Evening,18.2,65,1.8,1563,11.5,0.0,0.0,0.0,0.0,Spring,No Holiday,Yes,1517
11344,2017-12-06,12,Wednesday,0,21,Evening,1.1,92,0.5,235,0.0,0.0,0.7,0.1,0.7999999999999999,Winter,No Holiday,Yes,165
10853,2018-07-21,7,Saturday,1,9,Early Morning,29.6,57,0.9,977,20.1,1.71,0.0,0.0,0.0,Summer,No Holiday,Yes,729
13867,2018-09-22,9,Saturday,1,22,Night,18.6,62,0.6,2000,11.1,0.0,0.0,0.0,0.0,Autumn,No Holiday,Yes,1430
18387,2018-07-09,7,Monday,0,12,Morning,20.7,83,0.6,1244,17.7,0.32,0.0,0.0,0.0,Summer,No Holiday,Yes,71
12518,2018-02-14,2,Wednesday,0,11,Morning,6.3,67,3.5,1179,0.6,0.52,0.0,0.0,0.0,Winter,No Holiday,Yes,288
12843,2018-09-25,9,Tuesday,0,8,Early Morning,12.0,61,1.3,1988,4.6,0.6,0.0,0.0,0.0,Autumn,Holiday,Yes,440
17504,2017-12-28,12,Thursday,0,10,Morning,-3.4,33,1.3,1863,-17.4,0.33,0.0,0.0,0.0,Winter,No Holiday,Yes,225
11386,2018-10-09,10,Tuesday,0,6,Dawn,10.8,69,0.8,2000,5.3,0.0,0.0,0.0,0.0,Autumn,Holiday,No,0
14821,2018-09-15,9,Saturday,1,3,Dawn,21.6,80,1.2,2000,17.9,0.0,0.0,0.0,0.0,Autumn,No Holiday,Yes,302
17279,2018-03-25,3,Sunday,1,18,Evening,14.4,44,2.7,596,2.2,0.6,0.0,0.0,0.0,Spring,No Holiday,Yes,768
10977,2018-02-14,2,Wednesday,0,18,Evening,5.1,34,2.3,1440,-9.5,0.09,0.0,0.0,0.0,Winter,No Holiday,Yes,559
13510,2018-06-22,6,Friday,0,3,Dawn,19.3,85,1.6,345,16.7,0.0,0.0,0.0,0.0,Summer,No Holiday,Yes,413
16549,2018-09-07,9,Friday,0,14,Afternoon,25.2,43,3.2,1981,11.7,2.59,0.0,0.0,0.0,Autumn,No Holiday,Yes,1187
11607,2018-02-12,2,Monday,0,18,Evening,-4.4,46,3.5,2000,-14.3,0.23,0.0,0.0,0.0,Winter,No Holiday,Yes,475
15934,2018-01-02,1,Tuesday,0,14,Afternoon,1.7,20,4.4,1995,-18.9,0.91,0.0,0.0,0.0,Winter,No Holiday,Yes,302
11079,2018-10-29,10,Monday,0,21,Evening,5.7,61,2.3,2000,-1.2,0.0,0.0,0.0,0.0,Autumn,No Holiday,Yes,979
10829,2018-05-16,5,Wednesday,0,21,Evening,21.8,97,1.3,160,21.2,0.0,0.5,0.0,0.5,Spring,No Holiday,Yes,398
10589,2018-01-01,1,Monday,0,0,Dawn,-3.2,40,0.5,1358,-14.9,0.0,0.0,0.0,0.0,Winter,Holiday,Yes,206
15274,2018-10-14,10,Sunday,1,5,Dawn,7.6,79,0.3,765,4.1,0.0,0.0,0.0,0.0,Autumn,No Holiday,Yes,110
11581,2018-11-16,11,Friday,0,4,Dawn,7.1,64,0.6,663,0.7,0.0,0.0,0.0,0.0,Autumn,No Holiday,Yes,171
14542,2018-03-03,3,Saturday,1,18,Evening,13.9,26,1.9,1995,-5.3,0.41,0.0,0.0,0.0,Spring,No Holiday,Yes,920
17738,2018-11-20,11,Tuesday,0,9,Early Morning,2.3,43,1.2,1892,-9.0,0.52,0.0,0.0,0.0,Autumn,No Holiday,Yes,955
13085,2017-12-29,12,Friday,0,21,Evening,1.0,77,1.5,297,-2.5,0.0,0.0,0.0,0.0,Winter,No Holiday,Yes,282
11096,2018-11-22,11,Thursday,0,4,Dawn,0.5,39,1.6,2000,-11.8,0.0,0.0,0.0,0.0,Autumn,No Holiday,Yes,121
17325,2018-03-31,3,Saturday,1,21,Evening,13.3,48,1.6,1582,2.5,0.0,0.0,0.0,0.0,Spring,No Holiday,Yes,1010
10717,2018-03-06,3,Tuesday,0,7,Early Morning,-1.0,78,0.6,1484,-4.3,0.0,0.0,0.0,0.0,Spring,No Holiday,Yes,583
18023,2018-04-07,4,Saturday,1,7,Early Morning,1.9,51,4.9,1297,-7.1,0.07,0.0,0.0,0.0,Spring,No Holiday,Yes,206
17358,2018-03-18,3,Sunday,1,8,Early Morning,5.9,58,1.8,861,-1.7,0.11,0.0,0.0,0.0,Spring,No Holiday,Yes,293
17610,2018-11-08,11,Thursday,0,4,Dawn,10.8,87,1.7,956,8.7,0.0,0.0,0.0,0.0,Autumn,No Holiday,Yes,50
16417,2018-11-26,11,Monday,0,2,Dawn,2.8,87,1.1,321,0.8,0.0,0.0,0.03,0.03,Autumn,No Holiday,Yes,175
17671,2018-05-26,5,Saturday,1,3,Dawn,15.3,69,0.5,1103,9.6,0.0,0.0,0.0,0.0,Spring,No Holiday,Yes,419
18590,2018-11-07,11,Wednesday,0,16,Afternoon,15.2,72,1.2,625,10.1,0.4,0.0,0.0,0.0,Autumn,No Holiday,Yes,834
11848,2018-03-26,3,Monday,0,15,Afternoon,17.6,33,3.6,985,1.1,2.44,0.0,0.0,0.0,Spring,No Holiday,Yes,604
18392,2018-05-15,5,Tuesday,0,15,Afternoon,29.1,38,1.7,1602,13.3,1.89,0.0,0.0,0.0,Spring,No Holiday,Yes,1210
14435,2018-08-06,8,Monday,0,19,Evening,32.2,65,0.8,1894,24.7,0.1,0.0,0.0,0.0,Summer,No Holiday,Yes,1548
11649,2018-08-15,8,Wednesday,0,15,Afternoon,37.4,38,1.4,2000,20.6,1.72,0.0,0.0,0.0,Summer,Holiday,Yes,761
14865,2018-06-07,6,Thursday,0,11,Morning,23.4,62,1.8,603,15.6,2.87,0.0,0.0,0.0,Summer,No Holiday,Yes,967
18374,2018-03-19,3,Monday,0,10,Morning,9.1,77,2.7,1587,5.2,0.27,0.0,0.0,0.0,Spring,No Holiday,Yes,292
16012,2018-10-21,10,Sunday,1,22,Night,12.2,57,0.0,1544,3.9,0.0,0.0,0.0,0.0,Autumn,No Holiday,Yes,1025
12927,2017-12-21,12,Thursday,0,11,Morning,-0.7,62,0.7,519,-7.0,0.77,0.0,0.2,0.2,Winter,No Holiday,Yes,243
12005,2017-12-22,12,Friday,0,22,Night,6.1,70,2.7,806,1.0,0.0,0.0,0.0,0.0,Winter,Holiday,Yes,314
18376,2018-09-04,9,Tuesday,0,3,Dawn,20.6,97,0.2,500,20.1,0.0,0.0,0.0,0.0,Autumn,No Holiday,Yes,223
11697,2018-06-28,6,Thursday,0,2,Dawn,22.4,84,0.6,667,19.5,0.0,0.0,0.0,0.0,Summer,No Holiday,Yes,652
17829,2018-04-13,4,Friday,0,21,Evening,16.4,24,2.9,1983,-4.2,0.0,0.0,0.0,0.0,Spring,No Holiday,Yes,1311
10160,2018-11-28,11,Wednesday,0,4,Dawn,3.9,26,2.4,1071,-13.9,0.0,0.0,0.0,0.0,Autumn,No Holiday,Yes,128
13625,2018-02-19,2,Monday,0,12,Morning,4.7,43,2.1,1131,-6.8,1.38,0.0,0.0,0.0,Winter,No Holiday,Yes,361
11466,2018-04-10,4,Tuesday,0,16,Afternoon,20.9,34,5.8,2000,4.4,1.37,0.0,0.0,0.0,Spring,No Holiday,Yes,1080
18493,2018-04-04,4,Wednesday,0,23,Night,10.2,58,2.4,2000,2.2,0.0,0.0,0.0,0.0,Spring,No Holiday,Yes,668
12781,2018-10-07,10,Sunday,1,7,Early Morning,14.3,89,0.6,1165,12.5,0.03,0.0,0.0,0.0,Autumn,No Holiday,Yes,345
12357,2017-12-12,12,Tuesday,0,14,Afternoon,-5.4,32,2.0,1930,-19.5,1.12,0.0,0.0,0.0,Winter,No Holiday,Yes,258
11712,2018-03-23,3,Friday,0,10,Morning,5.4,64,1.6,637,-0.8,1.7,0.0,0.0,0.0,Spring,No Holiday,Yes,461
14249,2018-01-14,1,Sunday,1,2,Dawn,-3.5,78,1.0,444,-6.7,0.0,0.0,0.0,0.0,Winter,No Holiday,Yes,111
11586,2018-07-30,7,Monday,0,19,Evening,35.2,43,0.9,2000,20.7,0.42,0.0,0.0,0.0,Summer,No Holiday,Yes,2016
15612,2018-02-24,2,Saturday,1,4,Dawn,2.7,82,2.8,222,0.0,0.0,0.0,0.0,0.0,Winter,No Holiday,Yes,63
16518,2018-02-21,2,Wednesday,0,18,Evening,1.8,16,3.4,2000,-21.4,0.31,0.0,0.0,0.0,Winter,No Holiday,Yes,784
10078,2018-03-17,3,Saturday,1,4,Dawn,1.3,61,0.7,2000,-5.4,0.0,0.0,0.0,0.0,Spring,No Holiday,Yes,103
12224,2018-09-01,9,Saturday,1,5,Dawn,21.1,87,0.6,1116,18.8,0.0,0.0,0.0,0.0,Autumn,No Holiday,Yes,260
15310,2018-06-20,6,Wednesday,0,21,Evening,21.6,74,3.3,758,16.7,0.0,0.0,0.0,0.0,Summer,No Holiday,Yes,2246
15056,2018-04-11,4,Wednesday,0,2,Dawn,12.7,80,3.9,885,9.3,0.0,0.0,0.0,0.0,Spring,No Holiday,No,0
15418,2018-03-24,3,Saturday,1,3,Dawn,5.0,51,0.8,659,-4.3,0.0,0.0,0.0,0.0,Spring,No Holiday,Yes,197
16813,2018-11-29,11,Thursday,0,0,Dawn,2.2,30,0.7,1879,-13.6,0.0,0.0,0.0,0.0,Autumn,No Holiday,Yes,517
10454,2018-08-27,8,Monday,0,13,Afternoon,22.9,92,1.2,459,21.5,1.09,0.5,0.0,0.5,Summer,No Holiday,Yes,149
15702,2018-01-02,1,Tuesday,0,10,Morning,-1.4,50,1.9,1355,-10.5,0.38,0.0,0.0,0.0,Winter,No Holiday,Yes,208
17619,2018-01-19,1,Friday,0,2,Dawn,-0.3,44,1.7,1295,-11.1,0.0,0.0,0.0,0.0,Winter,No Holiday,Yes,140
15728,2018-10-20,10,Saturday,1,22,Night,12.7,58,0.0,1480,4.6,0.0,0.0,0.0,0.0,Autumn,No Holiday,Yes,1141
15032,2018-11-20,11,Tuesday,0,15,Afternoon,11.9,18,3.3,1848,-11.7,1.32,0.0,0.0,0.0,Autumn,No Holiday,Yes,861
14838,2018-03-14,3,Wednesday,0,7,Early Morning,14.1,69,1.1,1692,8.4,0.0,0.0,0.0,0.0,Spring,No Holiday,Yes,786
16523,2018-04-29,4,Sunday,1,13,Afternoon,21.9,27,2.2,1055,2.0,3.35,0.0,0.0,0.0,Spring,No Holiday,Yes,1635
14238,2018-09-19,9,Wednesday,0,3,Dawn,19.7,70,0.5,2000,14.0,0.0,0.0,0.0,0.0,Autumn,No Holiday,No,0
10604,2018-06-18,6,Monday,0,14,Afternoon,29.8,36,2.0,1382,13.1,2.63,0.0,0.0,0.0,Summer,No Holiday,Yes,997
18604,2018-01-10,1,Wednesday,0,16,Afternoon,-5.4,30,3.9,2000,-20.2,0.69,0.0,0.02,0.02,Winter,No Holiday,Yes,196
14310,2018-03-13,3,Tuesday,0,14,Afternoon,18.3,43,2.2,1509,5.4,2.43,0.0,0.0,0.0,Spring,No Holiday,Yes,705
17154,2018-05-17,5,Thursday,0,0,Dawn,22.0,97,1.6,152,21.4,0.0,0.5,0.0,0.5,Spring,No Holiday,Yes,118
11612,2018-09-21,9,Friday,0,9,Early Morning,18.2,96,1.3,1251,17.5,0.21,1.0,0.0,1.0,Autumn,No Holiday,Yes,47
11365,2018-11-11,11,Sunday,1,9,Early Morning,7.8,72,1.2,360,3.0,0.54,0.0,0.0,0.0,Autumn,No Holiday,Yes,574
17260,2017-12-02,12,Saturday,1,16,Afternoon,6.4,48,2.6,1945,-3.8,0.22,0.0,0.0,0.0,Winter,No Holiday,Yes,618
14950,2018-04-20,4,Friday,0,18,Evening,24.7,33,2.3,687,7.3,0.78,0.0,0.0,0.0,Spring,No Holiday,Yes,2268
13448,2018-03-10,3,Saturday,1,5,Dawn,0.8,80,0.3,565,-2.2,0.0,0.0,0.0,0.0,Spring,No Holiday,Yes,79
15642,2018-07-22,7,Sunday,1,8,Early Morning,27.9,60,0.6,1835,19.4,1.06,0.0,0.0,0.0,Summer,No Holiday,Yes,477
14224,2018-02-12,2,Monday,0,10,Morning,-6.7,23,2.4,1938,-24.4,1.25,0.0,0.0,0.0,Winter,No Holiday,Yes,161
10980,2018-10-19,10,Friday,0,2,Dawn,9.2,72,1.5,2000,4.4,0.0,0.0,0.0,0.0,Autumn,No Holiday,Yes,433
15289,2018-06-18,6,Monday,0,20,Evening,25.7,43,2.1,2000,12.1,0.12,0.0,0.0,0.0,Summer,No Holiday,Yes,2515
18539,2018-10-01,10,Monday,0,10,Morning,16.3,47,3.6,1815,4.9,1.93,0.0,0.0,0.0,Autumn,No Holiday,Yes,856
13551,2018-11-15,11,Thursday,0,2,Dawn,7.1,68,0.6,1082,1.5,0.0,0.0,0.0,0.0,Autumn,No Holiday,Yes,313
16466,2017-12-12,12,Tuesday,0,0,Dawn,-11.0,51,1.1,2000,-19.1,0.0,0.0,0.0,0.0,Winter,No Holiday,Yes,133
14062,2018-10-10,10,Wednesday,0,10,Morning,12.0,61,4.1,1981,4.6,0.86,0.0,0.0,0.0,Autumn,No Holiday,Yes,792
16984,2018-09-15,9,Saturday,1,23,Night,22.9,81,0.9,1550,19.4,0.0,0.0,0.0,0.0,Autumn,No Holiday,Yes,1210
18425,2018-08-14,8,Tuesday,0,3,Dawn,28.4,73,1.4,1990,23.0,0.0,0.0,0.0,0.0,Summer,No Holiday,Yes,345
10209,2018-10-25,10,Thursday,0,19,Evening,16.4,47,1.0,1694,5.0,0.0,0.0,0.0,0.0,Autumn,No Holiday,Yes,1968
14117,2018-09-13,9,Thursday,0,9,Early Morning,21.8,64,1.6,2000,14.6,0.52,0.0,0.0,0.0,Autumn,No Holiday,Yes,1322
11793,2018-06-22,6,Friday,0,5,Dawn,18.6,85,1.0,384,16.0,0.0,0.0,0.0,0.0,Summer,No Holiday,Yes,336
11051,2018-06-06,6,Wednesday,0,5,Dawn,18.7,73,1.4,1065,13.7,0.0,0.0,0.0,0.0,Summer,Holiday,Yes,218
17314,2018-08-04,8,Saturday,1,4,Dawn,29.5,60,1.2,1774,20.9,0.0,0.0,0.0,0.0,Summer,No Holiday,Yes,304
11992,2018-06-22,6,Friday,0,10,Morning,26.3,34,0.9,1792,9.1,2.57,0.0,0.0,0.0,Summer,No Holiday,Yes,902
13832,2018-11-09,11,Friday,0,12,Morning,13.9,50,4.1,1964,3.6,2.14,0.0,0.0,0.0,Autumn,No Holiday,No,0
10690,2018-09-27,9,Thursday,0,20,Evening,19.5,47,1.2,2000,7.8,0.0,0.0,0.0,0.0,Autumn,No Holiday,Yes,2098
17291,2018-07-29,7,Sunday,1,8,Early Morning,28.6,63,0.8,1867,20.8,1.0,0.0,0.0,0.0,Summer,No Holiday,Yes,456
15473,2018-05-19,5,Saturday,1,15,Afternoon,23.9,37,1.6,2000,8.3,3.07,0.0,0.0,0.0,Spring,No Holiday,Yes,2268
15859,2017-12-26,12,Tuesday,0,22,Night,-7.2,38,3.1,2000,-19.1,0.0,0.0,0.0,0.0,Winter,No Holiday,Yes,213
15344,2018-05-09,5,Wednesday,0,13,Afternoon,20.1,36,1.1,1933,4.5,3.34,0.0,0.0,0.0,Spring,No Holiday,Yes,1188
15690,2018-07-02,7,Monday,0,17,Afternoon,25.3,87,0.6,751,22.9,0.49,0.0,0.0,0.0,Summer,No Holiday,Yes,861
10795,2018-07-12,7,Thursday,0,22,Night,25.9,83,0.6,1827,22.7,0.0,0.0,0.0,0.0,Summer,No Holiday,Yes,1945
16703,2018-07-27,7,Friday,0,18,Evening,33.7,62,3.2,1082,25.3,0.87,0.0,0.0,0.0,Summer,No Holiday,Yes,2183
13519,2018-09-11,9,Tuesday,0,22,Night,21.6,52,1.9,2000,11.3,0.0,0.0,0.0,0.0,Autumn,No Holiday,Yes,1868
14610,2018-05-24,5,Thursday,0,2,Dawn,12.5,54,0.7,1500,3.4,0.0,0.0,0.0,0.0,Spring,No Holiday,Yes,385
13075,2018-02-13,2,Tuesday,0,4,Dawn,-6.4,62,1.8,1978,-12.4,0.0,0.0,0.0,0.0,Winter,No Holiday,Yes,46
16649,2018-05-09,5,Wednesday,0,10,Morning,16.1,43,1.4,1985,3.5,2.41,0.0,0.0,0.0,Spring,No Holiday,Yes,954
12944,2018-06-17,6,Sunday,1,5,Dawn,19.0,85,0.8,567,16.4,0.0,0.0,0.0,0.0,Summer,No Holiday,Yes,238
14578,2018-02-11,2,Sunday,1,22,Night,-5.8,57,3.2,1980,-12.9,0.0,0.0,0.0,0.0,Winter,No Holiday,Yes,103
18441,2018-05-27,5,Sunday,1,1,Dawn,19.8,61,1.4,943,12.0,0.0,0.0,0.0,0.0,Spring,No Holiday,Yes,799
11395,2017-12-04,12,Monday,0,10,Morning,-1.1,40,4.5,2000,-13.0,0.64,0.0,0.0,0.0,Winter,No Holiday,Yes,311
10584,2018-02-20,2,Tuesday,0,18,Evening,3.2,20,2.9,2000,-17.6,0.16,0.0,0.0,0.0,Winter,No Holiday,Yes,764
12449,2017-12-12,12,Tuesday,0,16,Afternoon,-6.0,29,2.8,1983,-21.2,0.58,0.0,0.0,0.0,Winter,No Holiday,Yes,248
16638,2018-08-22,8,Wednesday,0,14,Afternoon,36.2,36,1.5,1985,18.7,2.87,0.0,0.0,0.0,Summer,No Holiday,Yes,760
11780,2018-04-04,4,Wednesday,0,16,Afternoon,17.9,42,1.1,2000,4.7,2.25,0.0,0.0,0.0,Spring,No Holiday,Yes,1413
14945,2018-09-29,9,Saturday,1,14,Afternoon,26.2,33,1.8,2000,8.6,2.62,0.0,0.0,0.0,Autumn,No Holiday,Yes,1892
11470,2018-11-11,11,Sunday,1,7,Early Morning,6.4,84,1.3,369,3.8,0.0,0.0,0.0,0.0,Autumn,No Holiday,Yes,228
16459,2018-09-02,9,Sunday,1,23,Night,25.1,65,2.2,2000,18.0,0.0,0.0,0.0,0.0,Autumn,No Holiday,Yes,1047
18283,2018-09-27,9,Thursday,0,12,Morning,23.2,42,1.4,2000,9.5,2.73,0.0,0.0,0.0,Autumn,No Holiday,Yes,1189
16810,2018-07-27,7,Friday,0,1,Dawn,28.3,78,0.5,1072,24.0,0.0,0.0,0.0,0.0,Summer,No Holiday,Yes,747
13009,2018-06-28,6,Thursday,0,21,Evening,21.3,94,0.3,1314,20.2,0.0,0.0,0.0,0.0,Summer,No Holiday,Yes,1223
11380,2018-10-18,10,Thursday,0,2,Dawn,8.7,71,0.8,2000,3.7,0.0,0.0,0.0,0.0,Autumn,No Holiday,Yes,385
10928,2018-06-30,6,Saturday,1,17,Afternoon,27.4,75,2.3,616,22.5,0.46,0.0,0.0,0.0,Summer,No Holiday,Yes,1291
11844,2018-11-11,11,Sunday,1,8,Early Morning,6.3,81,0.8,365,3.2,0.11,0.0,0.0,0.0,Autumn,No Holiday,Yes,395
16325,2018-01-31,1,Wednesday,0,2,Dawn,-1.6,80,1.4,1097,-4.6,0.0,0.0,0.35,0.35,Winter,No Holiday,Yes,60
14765,2018-03-13,3,Tuesday,0,6,Dawn,7.0,58,0.7,537,-0.7,0.0,0.0,0.0,0.0,Spring,No Holiday,Yes,252
15135,2018-08-29,8,Wednesday,0,12,Morning,27.4,72,4.2,1989,21.8,0.54,0.0,0.0,0.0,Summer,No Holiday,Yes,648
10888,2018-04-14,4,Saturday,1,5,Dawn,9.5,76,0.8,1962,5.4,0.0,0.0,0.0,0.0,Spring,No Holiday,Yes,20
14913,2018-03-22,3,Thursday,0,19,Evening,6.2,54,1.8,883,-2.4,0.08,0.0,0.0,0.0,Spring,No Holiday,Yes,923
15946,2017-12-22,12,Friday,0,23,Night,5.8,74,2.5,832,1.5,0.0,0.0,0.0,0.0,Winter,Holiday,Yes,249
18230,2018-06-24,6,Sunday,1,20,Evening,26.1,49,1.9,1960,14.5,0.1,0.0,0.0,0.0,Summer,No Holiday,Yes,2387
17838,2018-02-19,2,Monday,0,14,Afternoon,5.6,38,1.6,1087,-7.6,1.1,0.0,0.0,0.0,Winter,No Holiday,Yes,373
18653,2018-06-16,6,Saturday,1,3,Dawn,17.4,61,1.2,2000,9.7,0.0,0.0,0.0,0.0,Summer,No Holiday,Yes,518
13732,2017-12-17,12,Sunday,1,8,Early Morning,-10.7,43,0.9,2000,-20.8,0.0,0.0,0.0,0.0,Winter,No Holiday,Yes,94
13413,2018-09-28,9,Friday,0,5,Dawn,14.5,60,1.4,2000,6.8,0.0,0.0,0.0,0.0,Autumn,No Holiday,No,0
12071,2018-05-26,5,Saturday,1,15,Afternoon,29.4,30,2.0,882,10.0,2.82,0.0,0.0,0.0,Spring,No Holiday,Yes,1575
11226,2018-04-20,4,Friday,0,13,Afternoon,24.2,30,1.5,835,5.5,3.03,0.0,0.0,0.0,Spring,No Holiday,Yes,973
17844,2018-01-14,1,Sunday,1,12,Morning,1.2,58,0.8,550,-6.1,0.74,0.0,0.0,0.0,Winter,No Holiday,Yes,226
15059,2018-02-17,2,Saturday,1,7,Early Morning,-6.8,32,1.6,2000,-20.7,0.0,0.0,0.0,0.0,Winter,Holiday,Yes,35
18610,2018-05-19,5,Saturday,1,4,Dawn,10.5,73,1.2,2000,5.8,0.0,0.0,0.0,0.0,Spring,No Holiday,Yes,213
18020,2018-05-07,5,Monday,0,18,Evening,25.1,32,2.4,1899,7.2,1.1,0.0,0.0,0.0,Spring,No Holiday,Yes,2268
16503,2017-12-19,12,Tuesday,0,9,Early Morning,-5.3,48,2.6,1810,-14.6,0.18,0.0,0.25,0.25,Winter,No Holiday,Yes,199
12302,2018-11-28,11,Wednesday,0,13,Afternoon,9.2,13,1.6,1776,-17.8,1.86,0.0,0.0,0.0,Autumn,No Holiday,Yes,681
14444,2018-05-31,5,Thursday,0,10,Morning,20.8,54,1.2,1129,11.1,2.45,0.0,0.0,0.0,Spring,No Holiday,Yes,936
16860,2018-11-23,11,Friday,0,18,Evening,3.9,23,1.0,2000,-15.4,0.0,0.0,0.0,0.0,Autumn,No Holiday,Yes,1548
11841,2018-01-05,1,Friday,0,14,Afternoon,1.4,41,2.0,1003,-10.4,0.99,0.0,0.0,0.0,Winter,No Holiday,Yes,343
11866,2018-01-24,1,Wednesday,0,23,Night,-15.7,43,3.6,2000,-25.4,0.0,0.0,0.06999999999999999,0.06999999999999999,Winter,No Holiday,Yes,82
13326,2018-06-29,6,Friday,0,23,Night,23.5,83,1.4,436,20.4,0.0,0.0,0.0,0.0,Summer,No Holiday,Yes,1552
14512,2018-08-11,8,Saturday,1,10,Morning,31.3,53,1.8,2000,20.5,2.34,0.0,0.0,0.0,Summer,No Holiday,Yes,643
12311,2018-03-15,3,Thursday,0,5,Dawn,14.5,94,2.0,487,13.5,0.0,0.0,0.0,0.0,Spring,No Holiday,Yes,8
15193,2018-03-26,3,Monday,0,17,Afternoon,17.1,31,3.3,1075,-0.1,1.33,0.0,0.0,0.0,Spring,No Holiday,Yes,925
11805,2018-03-03,3,Saturday,1,2,Dawn,0.9,35,0.5,1856,-12.8,0.0,0.0,0.0,0.0,Spring,No Holiday,Yes,176
16169,2018-01-17,1,Wednesday,0,19,Evening,4.2,68,2.4,446,-1.1,0.0,0.0,0.0,0.0,Winter,No Holiday,Yes,360
14206,2018-03-07,3,Wednesday,0,13,Afternoon,9.9,39,1.9,1911,-3.4,1.61,0.0,0.0,0.0,Spring,No Holiday,Yes,509
17867,2018-09-09,9,Sunday,1,13,Afternoon,27.2,32,1.7,2000,9.0,3.12,0.0,0.0,0.0,Autumn,No Holiday,Yes,1432
15815,2018-04-15,4,Sunday,1,12,Morning,12.5,53,3.4,1324,3.1,2.52,0.0,0.0,0.0,Spring,No Holiday,Yes,1105
10917,2018-09-16,9,Sunday,1,6,Dawn,22.0,90,1.3,471,20.2,0.0,0.0,0.0,0.0,Autumn,No Holiday,Yes,137
14390,2017-12-03,12,Sunday,1,15,Afternoon,8.0,73,1.6,433,3.4,0.53,0.0,0.0,0.0,Winter,No Holiday,Yes,621
10475,2017-12-31,12,Sunday,1,3,Dawn,0.3,91,2.0,172,-1.0,0.0,1.0,0.12,1.12,Winter,Holiday,Yes,65
13703,2018-05-24,5,Thursday,0,19,Evening,21.1,44,2.6,1512,8.3,0.41,0.0,0.0,0.0,Spring,No Holiday,Yes,2334
17281,2018-05-27,5,Sunday,1,19,Evening,21.7,38,2.1,1857,6.7,0.27,0.0,0.0,0.0,Spring,No Holiday,Yes,2207
11913,2018-08-07,8,Tuesday,0,15,Afternoon,34.3,49,1.0,1633,22.0,1.62,0.0,0.0,0.0,Summer,No Holiday,Yes,698
16271,2018-10-29,10,Monday,0,7,Early Morning,4.6,76,0.7,2000,0.7,0.0,0.0,0.0,0.0,Autumn,No Holiday,Yes,1070
13143,2018-02-09,2,Friday,0,11,Morning,-0.2,31,0.8,1269,-15.3,0.5,0.0,0.0,0.0,Winter,No Holiday,Yes,238
14686,2018-11-16,11,Friday,0,21,Evening,6.8,73,2.3,730,2.2,0.0,0.0,0.0,0.0,Autumn,No Holiday,Yes,907
12537,2018-08-27,8,Monday,0,20,Evening,24.4,85,0.7,2000,21.7,0.01,0.0,0.0,0.0,Summer,No Holiday,Yes,1560
18679,2018-10-18,10,Thursday,0,13,Afternoon,18.1,43,2.2,2000,5.3,2.3,0.0,0.0,0.0,Autumn,No Holiday,Yes,1152
16756,2018-07-30,7,Monday,0,0,Dawn,29.2,50,1.1,2000,17.7,0.0,0.0,0.0,0.0,Summer,No Holiday,Yes,810
12356,2018-11-28,11,Wednesday,0,5,Dawn,3.0,34,1.1,1032,-11.3,0.0,0.0,0.0,0.0,Autumn,No Holiday,Yes,140
12565,2018-03-10,3,Saturday,1,8,Early Morning,1.5,73,1.2,466,-2.8,0.11,0.0,0.0,0.0,Spring,No Holiday,Yes,340
13435,2018-02-12,2,Monday,0,17,Afternoon,-3.1,36,4.4,1988,-16.0,0.89,0.0,0.0,0.0,Winter,No Holiday,Yes,288
17614,2018-11-01,11,Thursday,0,11,Morning,11.1,46,1.6,1518,-0.1,1.84,0.0,0.0,0.0,Autumn,No Holiday,Yes,852
16653,2017-12-29,12,Friday,0,22,Night,0.8,77,1.4,293,-2.7,0.0,0.0,0.0,0.0,Winter,No Holiday,Yes,294
10969,2017-12-06,12,Wednesday,0,11,Morning,1.6,57,1.2,1261,-6.0,0.93,0.0,0.0,0.0,Winter,No Holiday,Yes,381
14391,2018-01-10,1,Wednesday,0,20,Evening,-8.9,41,2.3,2000,-19.7,0.0,0.0,0.0,0.0,Winter,No Holiday,Yes,207
12677,2017-12-08,12,Friday,0,21,Evening,-3.3,35,0.5,2000,-16.6,0.0,0.0,0.0,0.0,Winter,No Holiday,Yes,336
13474,2018-01-21,1,Sunday,1,17,Afternoon,3.8,20,1.3,2000,-17.1,0.24,0.0,0.0,0.0,Winter,No Holiday,Yes,383
11172,2018-01-02,1,Tuesday,0,11,Morning,-0.4,40,2.3,1633,-12.3,0.66,0.0,0.0,0.0,Winter,No Holiday,Yes,269
10293,2018-04-12,4,Thursday,0,16,Afternoon,18.8,23,4.2,1956,-2.7,2.39,0.0,0.0,0.0,Spring,No Holiday,Yes,1273
14307,2018-05-19,5,Saturday,1,23,Night,17.1,37,1.3,2000,2.2,0.0,0.0,0.0,0.0,Spring,No Holiday,Yes,1169
11026,2018-05-11,5,Friday,0,6,Dawn,12.0,83,0.4,321,9.1,0.01,0.0,0.0,0.0,Spring,No Holiday,Yes,486
11382,2018-06-26,6,Tuesday,0,20,Evening,24.1,94,4.5,214,23.0,0.0,0.5,0.0,0.5,Summer,No Holiday,Yes,199
13412,2018-11-05,11,Monday,0,18,Evening,14.5,54,1.3,1343,5.2,0.01,0.0,0.0,0.0,Autumn,No Holiday,Yes,2357
12485,2018-05-25,5,Friday,0,17,Afternoon,23.6,28,3.1,1844,4.0,1.26,0.0,0.0,0.0,Spring,No Holiday,Yes,2013
10478,2018-01-18,1,Thursday,0,2,Dawn,3.3,73,1.2,288,-1.0,0.0,0.0,0.0,0.0,Winter,No Holiday,Yes,137
11693,2018-08-10,8,Friday,0,17,Afternoon,36.3,40,2.7,2000,20.5,1.93,0.0,0.0,0.0,Summer,No Holiday,Yes,1293
10260,2018-07-11,7,Wednesday,0,17,Afternoon,28.7,71,2.9,1666,22.9,0.71,0.0,0.0,0.0,Summer,No Holiday,Yes,1923
12853,2018-03-26,3,Monday,0,12,Morning,14.6,53,2.5,348,5.1,2.65,0.0,0.0,0.0,Spring,No Holiday,Yes,492
18091,2018-03-15,3,Thursday,0,8,Early Morning,14.1,97,1.1,342,13.6,0.0,0.0,0.0,0.0,Spring,No Holiday,Yes,39
11361,2018-02-18,2,Sunday,1,3,Dawn,-4.5,26,0.0,2000,-21.1,0.0,0.0,0.0,0.0,Winter,No Holiday,Yes,56
18585,2018-06-01,6,Friday,0,16,Afternoon,29.9,34,3.2,1912,12.3,2.46,0.0,0.0,0.0,Summer,No Holiday,Yes,1488
17337,2018-04-04,4,Wednesday,0,14,Afternoon,17.9,42,1.3,1981,4.7,3.04,0.0,0.0,0.0,Spring,No Holiday,Yes,1096
12010,2018-07-17,7,Tuesday,0,11,Morning,30.4,53,1.8,1359,19.7,2.74,0.0,0.0,0.0,Summer,No Holiday,Yes,797
18720,2018-10-24,10,Wednesday,0,11,Morning,15.7,53,1.0,1172,6.1,1.99,0.0,0.0,0.0,Autumn,No Holiday,Yes,940
17166,2018-10-13,10,Saturday,1,14,Afternoon,19.3,27,1.3,1384,-0.1,2.38,0.0,0.0,0.0,Autumn,No Holiday,Yes,1712
11377,2018-09-20,9,Thursday,0,23,Night,18.7,80,1.7,2000,15.1,0.0,0.0,0.0,0.0,Autumn,No Holiday,Yes,935
11947,2018-05-10,5,Thursday,0,19,Evening,15.5,74,3.6,675,10.8,0.35,0.0,0.0,0.0,Spring,No Holiday,No,0
14930,2018-05-20,5,Sunday,1,5,Dawn,12.1,47,1.6,2000,1.1,0.0,0.0,0.0,0.0,Spring,No Holiday,Yes,160
12189,2017-12-10,12,Sunday,1,10,Morning,0.5,91,0.4,143,-0.8,0.0,0.0,0.43,0.43,Winter,No Holiday,Yes,19
14452,2018-01-03,1,Wednesday,0,16,Afternoon,-0.4,30,2.0,2000,-15.9,0.62,0.0,0.0,0.0,Winter,No Holiday,Yes,299
10777,2018-06-18,6,Monday,0,2,Dawn,20.7,76,0.3,920,16.3,0.0,0.0,0.0,0.0,Summer,No Holiday,Yes,436
14315,2018-02-19,2,Monday,0,19,Evening,3.6,55,1.6,728,-4.6,0.0,0.0,0.0,0.0,Winter,No Holiday,Yes,533
16736,2018-06-18,6,Monday,0,17,Afternoon,29.5,36,3.7,1786,12.8,1.94,0.0,0.0,0.0,Summer,No Holiday,Yes,2040
11464,2018-03-04,3,Sunday,1,11,Morning,10.1,88,0.7,453,8.1,0.34,0.0,0.0,0.0,Spring,No Holiday,Yes,273
15363,2018-05-15,5,Tuesday,0,4,Dawn,16.1,74,0.8,440,11.4,0.0,0.0,0.0,0.0,Spring,No Holiday,Yes,170
12569,2018-09-06,9,Thursday,0,21,Evening,24.6,70,2.5,2000,18.7,0.0,0.0,0.0,0.0,Autumn,No Holiday,Yes,1851
16793,2017-12-27,12,Wednesday,0,12,Morning,-5.5,21,2.1,1941,-24.4,1.08,0.0,0.0,0.0,Winter,No Holiday,Yes,230
14279,2018-01-11,1,Thursday,0,10,Morning,-11.1,46,3.7,1638,-20.4,0.48,0.0,0.0,0.0,Winter,No Holiday,Yes,152
12057,2018-07-07,7,Saturday,1,15,Afternoon,28.7,42,1.3,2000,14.5,2.98,0.0,0.0,0.0,Summer,No Holiday,Yes,1579
17408,2018-06-17,6,Sunday,1,21,Evening,22.7,66,0.9,1069,16.0,0.0,0.0,0.0,0.0,Summer,No Holiday,Yes,2055
11889,2018-08-20,8,Monday,0,0,Dawn,27.0,62,0.6,2000,19.0,0.0,0.0,0.0,0.0,Summer,No Holiday,Yes,818
12008,2018-05-12,5,Saturday,1,4,Dawn,15.0,61,0.8,867,7.5,0.0,0.0,0.0,0.0,Spring,No Holiday,Yes,207
17246,2018-08-30,8,Thursday,0,0,Dawn,24.7,94,2.8,1270,23.6,0.0,0.0,0.0,0.0,Summer,No Holiday,Yes,214
18505,2018-10-06,10,Saturday,1,20,Evening,19.4,67,0.8,2000,13.1,0.0,0.0,0.0,0.0,Autumn,No Holiday,Yes,1567
12218,2018-08-23,8,Thursday,0,6,Dawn,28.3,55,1.5,2000,18.3,0.0,0.0,0.0,0.0,Summer,No Holiday,Yes,492
16419,2018-04-13,4,Friday,0,11,Morning,16.9,15,1.7,1994,-9.9,1.8,0.0,0.0,0.0,Spring,No Holiday,Yes,867
14161,2018-02-02,2,Friday,0,10,Morning,-4.1,43,1.2,1187,-14.8,0.59,0.0,0.0,0.0,Winter,No Holiday,Yes,187
15211,2018-10-17,10,Wednesday,0,6,Dawn,8.8,77,0.2,1077,4.9,0.0,0.0,0.0,0.0,Autumn,No Holiday,Yes,503
11696,2018-10-13,10,Saturday,1,2,Dawn,8.0,74,0.5,1786,3.6,0.0,0.0,0.0,0.0,Autumn,No Holiday,Yes,512
14124,2018-10-13,10,Saturday,1,7,Early Morning,6.2,83,0.8,1100,3.5,0.01,0.0,0.0,0.0,Autumn,No Holiday,Yes,412
15632,2018-10-03,10,Wednesday,0,20,Evening,18.6,55,1.5,2000,9.3,0.0,0.0,0.0,0.0,Autumn,Holiday,Yes,1744
10595,2018-08-12,8,Sunday,1,15,Afternoon,34.9,46,2.0,2000,21.5,1.54,0.0,0.0,0.0,Summer,No Holiday,Yes,820
17562,2018-02-27,2,Tuesday,0,14,Afternoon,6.3,40,0.8,943,-6.3,0.34,0.0,0.0,0.0,Winter,No Holiday,Yes,357
16289,2018-11-09,11,Friday,0,13,Afternoon,14.0,46,5.3,927,2.5,1.68,0.0,0.0,0.0,Autumn,No Holiday,No,0
11078,2018-06-18,6,Monday,0,10,Morning,26.1,53,0.9,554,15.7,2.14,0.0,0.0,0.0,Summer,No Holiday,Yes,822
11500,2018-05-28,5,Monday,0,18,Evening,26.0,39,2.7,1950,10.9,1.07,0.0,0.0,0.0,Spring,No Holiday,Yes,3245
14668,2017-12-26,12,Tuesday,0,12,Morning,-1.3,23,4.0,2000,-19.8,1.09,0.0,0.0,0.0,Winter,No Holiday,Yes,262
11439,2018-04-15,4,Sunday,1,21,Evening,9.6,66,1.7,1850,3.5,0.0,0.0,0.0,0.0,Spring,No Holiday,Yes,464
14406,2018-10-29,10,Monday,0,22,Night,5.1,58,2.2,2000,-2.4,0.0,0.0,0.0,0.0,Autumn,No Holiday,Yes,906
18482,2018-02-11,2,Sunday,1,1,Dawn,-7.0,38,2.6,2000,-18.9,0.0,0.0,0.0,0.0,Winter,No Holiday,Yes,95
10938,2018-07-01,7,Sunday,1,22,Night,21.7,97,0.7,540,21.1,0.0,3.5,0.0,3.5,Summer,No Holiday,Yes,16
16036,2017-12-12,12,Tuesday,0,4,Dawn,-11.6,47,2.1,1982,-20.6,0.0,0.0,0.0,0.0,Winter,No Holiday,Yes,46
17648,2018-09-18,9,Tuesday,0,8,Early Morning,18.7,73,0.9,1501,13.7,0.34,0.0,0.0,0.0,Autumn,No Holiday,No,0
15735,2018-04-04,4,Wednesday,0,0,Dawn,15.0,96,2.1,141,14.3,0.0,0.1,0.0,0.1,Spring,No Holiday,Yes,355
12767,2018-05-22,5,Tuesday,0,7,Early Morning,16.3,69,0.7,1750,10.5,0.34,0.0,0.0,0.0,Spring,Holiday,Yes,443
17335,2018-08-08,8,Wednesday,0,14,Afternoon,33.6,50,3.5,1993,21.7,1.15,0.0,0.0,0.0,Summer,No Holiday,Yes,670
17611,2017-12-12,12,Tuesday,0,18,Evening,-7.7,36,1.0,2000,-20.2,0.0,0.0,0.0,0.0,Winter,No Holiday,Yes,529
15369,2018-10-20,10,Saturday,1,23,Night,11.7,58,0.0,1567,3.6,0.0,0.0,0.0,0.0,Autumn,No Holiday,Yes,922
16912,2018-05-26,5,Saturday,1,6,Dawn,14.2,72,0.6,947,9.2,0.04,0.0,0.0,0.0,Spring,No Holiday,Yes,299
10662,2018-10-30,10,Tuesday,0,23,Night,7.7,50,1.0,1988,-2.0,0.0,0.0,0.0,0.0,Autumn,No Holiday,Yes,527
11008,2018-01-28,1,Sunday,1,5,Dawn,-7.5,33,1.5,2000,-21.0,0.0,0.0,0.0,0.0,Winter,No Holiday,Yes,21
13606,2018-03-31,3,Saturday,1,19,Evening,15.3,41,2.0,1751,2.1,0.08,0.0,0.0,0.0,Spring,No Holiday,Yes,1025
16900,2018-10-02,10,Tuesday,0,18,Evening,19.2,48,2.2,2000,7.9,0.28,0.0,0.0,0.0,Autumn,No Holiday,No,0
15081,2018-05-29,5,Tuesday,0,11,Morning,23.1,63,2.6,949,15.6,1.68,0.0,0.0,0.0,Spring,No Holiday,Yes,949
17430,2018-06-08,6,Friday,0,0,Dawn,19.1,82,2.2,874,15.9,0.0,0.0,0.0,0.0,Summer,No Holiday,Yes,926
13707,2018-11-24,11,Saturday,1,23,Night,2.8,86,1.2,476,0.6,0.0,0.0,0.3,0.3,Autumn,No Holiday,Yes,386
15512,2018-10-22,10,Monday,0,17,Afternoon,18.9,35,1.7,720,3.0,0.41,0.0,0.0,0.0,Autumn,No Holiday,Yes,1904
13873,2018-06-12,6,Tuesday,0,22,Night,20.0,70,1.0,2000,14.3,0.0,0.0,0.0,0.0,Summer,No Holiday,Yes,2309
16293,2018-10-06,10,Saturday,1,2,Dawn,16.9,88,2.5,2000,14.8,0.0,1.5,0.0,1.5,Autumn,No Holiday,No,0
17324,2018-04-12,4,Thursday,0,17,Afternoon,18.6,22,3.7,1978,-3.5,1.72,0.0,0.0,0.0,Spring,No Holiday,Yes,1664
11531,2018-10-09,10,Tuesday,0,22,Night,16.7,55,1.9,2000,7.6,0.0,0.0,0.0,0.0,Autumn,Holiday,No,0
13261,2018-07-18,7,Wednesday,0,19,Evening,30.6,54,2.8,1531,20.2,0.59,0.0,0.0,0.0,Summer,No Holiday,Yes,2281
11894,2018-07-29,7,Sunday,1,7,Early Morning,26.9,69,0.8,1960,20.7,0.29,0.0,0.0,0.0,Summer,No Holiday,Yes,345
10068,2018-08-26,8,Sunday,1,8,Early Morning,22.1,74,1.0,1479,17.2,0.77,0.0,0.0,0.0,Summer,No Holiday,Yes,566
17627,2018-11-30,11,Friday,0,22,Night,2.1,41,1.0,1859,-9.8,0.0,0.0,0.0,0.0,Autumn,No Holiday,Yes,712
11218,2018-01-10,1,Wednesday,0,11,Morning,-6.4,49,4.5,1759,-15.3,0.86,0.0,0.05,0.05,Winter,No Holiday,Yes,168
11045,2018-03-17,3,Saturday,1,7,Early Morning,0.5,64,0.8,2000,-5.5,0.01,0.0,0.0,0.0,Spring,No Holiday,Yes,193
17599,2018-06-16,6,Saturday,1,16,Afternoon,28.3,41,2.6,1852,13.7,2.58,0.0,0.0,0.0,Summer,No Holiday,Yes,1991
14135,2018-08-23,8,Thursday,0,5,Dawn,28.5,57,0.9,2000,19.1,0.0,0.1,0.0,0.1,Summer,No Holiday,Yes,185
16345,2018-03-18,3,Sunday,1,23,Night,7.4,80,1.3,471,4.1,0.0,0.0,0.0,0.0,Spring,No Holiday,Yes,53
14937,2018-10-09,10,Tuesday,0,1,Dawn,12.0,58,0.7,2000,3.9,0.0,0.0,0.0,0.0,Autumn,Holiday,No,0
16686,2018-03-09,3,Friday,0,22,Night,2.9,69,1.2,1179,-2.2,0.0,0.0,0.0,0.0,Spring,No Holiday,Yes,521
10328,2018-04-18,4,Wednesday,0,2,Dawn,8.7,44,1.6,1684,-2.8,0.0,0.0,0.0,0.0,Spring,No Holiday,Yes,260
14829,2018-06-21,6,Thursday,0,21,Evening,23.8,63,1.5,1455,16.3,0.0,0.0,0.0,0.0,Summer,No Holiday,Yes,2436
10671,2018-05-04,5,Friday,0,7,Early Morning,9.5,55,2.1,1912,0.8,0.32,0.0,0.0,0.0,Spring,No Holiday,Yes,1260
17414,2017-12-06,12,Wednesday,0,12,Morning,2.4,52,0.9,1224,-6.4,1.08,0.0,0.0,0.0,Winter,No Holiday,Yes,405
15904,2018-08-20,8,Monday,0,9,Early Morning,27.5,54,1.0,1993,17.3,0.81,0.0,0.0,0.0,Summer,No Holiday,Yes,993
14653,2018-07-28,7,Saturday,1,13,Afternoon,34.2,58,1.8,933,24.7,1.33,0.0,0.0,0.0,Summer,No Holiday,Yes,741
15652,2018-01-06,1,Saturday,1,1,Dawn,-4.8,54,1.2,1219,-12.7,0.0,0.0,0.0,0.0,Winter,No Holiday,Yes,222
14887,2018-04-19,4,Thursday,0,11,Morning,16.1,23,2.5,1361,-5.0,2.52,0.0,0.0,0.0,Spring,No Holiday,Yes,795
17668,2018-07-12,7,Thursday,0,21,Evening,26.3,81,0.8,1910,22.7,0.0,0.0,0.0,0.0,Summer,No Holiday,Yes,2115
11785,2018-02-27,2,Tuesday,0,1,Dawn,2.1,44,0.9,1107,-8.9,0.0,0.0,0.0,0.0,Winter,No Holiday,Yes,213
11313,2018-06-08,6,Friday,0,6,Dawn,18.8,78,2.0,1259,14.8,0.01,0.0,0.0,0.0,Summer,No Holiday,Yes,744
16119,2018-06-26,6,Tuesday,0,8,Early Morning,20.8,94,1.0,159,19.7,0.05,3.5,0.0,3.5,Summer,No Holiday,Yes,53
16411,2018-07-06,7,Friday,0,7,Early Morning,22.6,63,1.3,2000,15.1,0.21,0.0,0.0,0.0,Summer,No Holiday,Yes,1449
12503,2018-02-26,2,Monday,0,17,Afternoon,8.7,30,3.1,1117,-7.9,0.96,0.0,0.0,0.0,Winter,No Holiday,Yes,646
13576,2018-07-25,7,Wednesday,0,20,Evening,30.9,67,1.7,1470,24.0,0.05,0.0,0.0,0.0,Summer,No Holiday,Yes,1935
11489,2018-02-25,2,Sunday,1,8,Early Morning,-1.3,54,0.6,1597,-9.4,0.06,0.0,0.0,0.0,Winter,No Holiday,Yes,158
13054,2018-07-15,7,Sunday,1,16,Afternoon,32.8,52,3.0,1803,21.6,2.28,0.0,0.0,0.0,Summer,No Holiday,Yes,1125
10189,2018-09-02,9,Sunday,1,5,Dawn,20.6,65,1.1,2000,13.7,0.0,0.0,0.0,0.0,Autumn,No Holiday,Yes,179
11813,2018-09-09,9,Sunday,1,7,Early Morning,15.7,68,0.9,2000,9.8,0.05,0.0,0.0,0.0,Autumn,No Holiday,Yes,366
11231,2018-10-20,10,Saturday,1,11,Morning,16.2,39,1.6,1580,2.2,2.05,0.0,0.0,0.0,Autumn,No Holiday,Yes,1175
10307,2018-08-15,8,Wednesday,0,14,Afternoon,37.2,38,0.9,1976,20.5,1.96,0.0,0.0,0.0,Summer,Holiday,Yes,627
14317,2018-01-19,1,Friday,0,1,Dawn,0.0,43,1.7,1250,-11.1,0.0,0.0,0.0,0.0,Winter,No Holiday,Yes,207
14786,2018-06-11,6,Monday,0,19,Evening,19.4,85,1.2,1651,16.8,0.08,0.5,0.0,0.5,Summer,No Holiday,Yes,873
13207,2018-03-07,3,Wednesday,0,20,Evening,8.5,46,1.0,1977,-2.4,0.0,0.0,0.0,0.0,Spring,No Holiday,Yes,587
11832,2018-02-25,2,Sunday,1,15,Afternoon,7.5,21,2.7,1900,-13.4,2.22,0.0,0.0,0.0,Winter,No Holiday,Yes,612
10317,2018-09-15,9,Saturday,1,19,Evening,23.8,78,2.2,1991,19.7,0.0,0.0,0.0,0.0,Autumn,No Holiday,Yes,1578
13424,2018-03-14,3,Wednesday,0,4,Dawn,14.0,70,1.5,1648,8.6,0.0,0.0,0.0,0.0,Spring,No Holiday,Yes,82
16409,2018-02-16,2,Friday,0,6,Dawn,-5.2,42,0.7,1980,-16.1,0.0,0.0,0.0,0.0,Winter,Holiday,Yes,30
16394,2018-10-23,10,Tuesday,0,16,Afternoon,16.1,70,1.3,898,10.6,0.83,0.0,0.0,0.0,Autumn,No Holiday,Yes,1294
10369,2018-02-08,2,Thursday,0,16,Afternoon,2.0,25,2.3,1755,-16.0,1.3,0.0,0.0,0.0,Winter,No Holiday,Yes,284
16737,2018-10-19,10,Friday,0,20,Evening,14.2,56,1.8,2000,5.5,0.0,0.0,0.0,0.0,Autumn,No Holiday,Yes,1512
12762,2018-10-07,10,Sunday,1,23,Night,12.9,38,1.5,2000,-1.1,0.0,0.0,0.0,0.0,Autumn,No Holiday,Yes,840
12268,2018-07-14,7,Saturday,1,13,Afternoon,30.7,59,2.3,1534,21.7,2.67,0.0,0.0,0.0,Summer,No Holiday,Yes,1078
16183,2018-06-10,6,Sunday,1,17,Afternoon,24.6,52,1.3,2000,14.0,0.82,0.0,0.0,0.0,Summer,No Holiday,Yes,2431
14783,2018-10-03,10,Wednesday,0,19,Evening,20.0,49,1.5,2000,8.9,0.0,0.0,0.0,0.0,Autumn,Holiday,Yes,1792
13288,2018-11-25,11,Sunday,1,16,Afternoon,9.5,56,1.1,678,1.1,0.54,0.0,0.08,0.08,Autumn,No Holiday,Yes,872
14010,2018-04-12,4,Thursday,0,1,Dawn,8.9,40,2.1,2000,-3.9,0.0,0.0,0.0,0.0,Spring,No Holiday,Yes,374
10867,2018-06-16,6,Saturday,1,4,Dawn,16.9,63,1.0,2000,9.8,0.0,0.0,0.0,0.0,Summer,No Holiday,Yes,317
12570,2018-06-07,6,Thursday,0,18,Evening,25.6,57,2.7,1217,16.4,0.96,0.0,0.0,0.0,Summer,No Holiday,Yes,3221
10575,2018-10-12,10,Friday,0,2,Dawn,7.1,61,0.6,2000,0.0,0.0,0.0,0.0,0.0,Autumn,No Holiday,Yes,409
15382,2017-12-01,12,Friday,0,14,Afternoon,3.0,26,2.0,2000,-14.6,1.01,0.0,0.0,0.0,Winter,No Holiday,Yes,447
11445,2018-04-10,4,Tuesday,0,17,Afternoon,20.6,39,5.6,2000,6.1,0.74,0.0,0.0,0.0,Spring,No Holiday,Yes,1004
12087,2018-11-27,11,Tuesday,0,7,Early Morning,3.6,83,0.9,350,0.9,0.0,0.0,0.0,0.0,Autumn,No Holiday,Yes,815
18552,2018-06-01,6,Friday,0,2,Dawn,19.0,72,1.4,1258,13.8,0.0,0.0,0.0,0.0,Summer,No Holiday,Yes,554
16849,2018-02-08,2,Thursday,0,10,Morning,-6.3,46,1.3,1346,-16.0,1.01,0.0,0.0,0.0,Winter,No Holiday,Yes,160
10925,2018-11-06,11,Tuesday,0,12,Morning,14.5,57,0.8,373,6.0,1.08,0.0,0.0,0.0,Autumn,No Holiday,No,0
13209,2018-09-25,9,Tuesday,0,10,Morning,18.0,44,1.3,1984,5.5,1.99,0.0,0.0,0.0,Autumn,Holiday,Yes,667
15678,2018-03-21,3,Wednesday,0,17,Afternoon,2.5,78,2.0,2000,-0.9,0.25,0.0,0.0,0.0,Spring,No Holiday,Yes,319
12585,2018-08-31,8,Friday,0,2,Dawn,23.4,79,0.4,1045,19.5,0.0,0.0,0.0,0.0,Summer,No Holiday,Yes,381
17832,2018-01-09,1,Tuesday,0,21,Evening,-4.8,59,0.9,2000,-11.6,0.0,0.0,0.0,0.0,Winter,No Holiday,Yes,281
18347,2018-02-06,2,Tuesday,0,2,Dawn,-11.2,36,2.9,1981,-23.3,0.0,0.0,0.0,0.0,Winter,No Holiday,Yes,59
17746,2018-02-07,2,Wednesday,0,1,Dawn,-12.3,47,1.9,1837,-21.3,0.0,0.0,0.0,0.0,Winter,No Holiday,Yes,96
18716,2018-01-20,1,Saturday,1,16,Afternoon,6.6,42,3.0,355,-5.4,0.48,0.0,0.0,0.0,Winter,No Holiday,Yes,352
12128,2018-10-06,10,Saturday,1,14,Afternoon,19.3,79,3.6,2000,15.5,1.36,0.0,0.0,0.0,Autumn,No Holiday,Yes,941
15337,2018-09-25,9,Tuesday,0,13,Afternoon,22.9,30,2.0,2000,4.3,2.9,0.0,0.0,0.0,Autumn,Holiday,Yes,1309
12783,2018-04-24,4,Tuesday,0,11,Morning,14.1,62,1.6,2000,6.9,1.08,0.0,0.0,0.0,Spring,No Holiday,Yes,710
17036,2018-07-05,7,Thursday,0,2,Dawn,23.6,80,1.5,879,19.9,0.0,0.0,0.0,0.0,Summer,No Holiday,Yes,568
10294,2018-02-09,2,Friday,0,7,Early Morning,-3.6,42,0.9,1258,-14.6,0.0,0.0,0.0,0.0,Winter,No Holiday,Yes,273
14514,2018-11-26,11,Monday,0,4,Dawn,2.2,93,1.1,265,1.1,0.0,0.0,0.03,0.03,Autumn,No Holiday,Yes,99
15506,2018-03-08,3,Thursday,0,8,Early Morning,3.0,94,0.3,444,2.1,0.01,0.0,0.0,0.0,Spring,No Holiday,Yes,88
12163,2018-06-06,6,Wednesday,0,1,Dawn,20.6,63,0.6,1670,13.3,0.0,0.0,0.0,0.0,Summer,Holiday,Yes,1031
17406,2017-12-25,12,Monday,0,21,Evening,-1.7,51,1.7,2000,-10.5,0.0,0.0,0.0,0.0,Winter,Holiday,Yes,185
15343,2018-01-07,1,Sunday,1,6,Dawn,-5.5,52,0.7,1503,-13.8,0.0,0.0,0.0,0.0,Winter,No Holiday,Yes,38
12724,2018-08-09,8,Thursday,0,18,Evening,28.1,86,2.3,1244,25.5,0.28,0.5,0.0,0.5,Summer,No Holiday,Yes,1850
18526,2017-12-18,12,Monday,0,16,Afternoon,1.8,76,0.8,410,-1.9,0.47,0.0,0.27,0.27,Winter,No Holiday,Yes,181
16113,2018-08-25,8,Saturday,1,22,Night,23.4,75,1.6,2000,18.7,0.0,0.0,0.0,0.0,Summer,No Holiday,Yes,1717
11135,2018-08-04,8,Saturday,1,10,Morning,32.3,56,1.7,1625,22.3,1.61,0.0,0.0,0.0,Summer,No Holiday,Yes,569
14331,2018-06-25,6,Monday,0,4,Dawn,21.8,82,0.7,702,18.5,0.0,0.0,0.0,0.0,Summer,No Holiday,Yes,199
12602,2018-10-23,10,Tuesday,0,21,Evening,12.6,70,1.2,1425,7.2,0.0,0.0,0.0,0.0,Autumn,No Holiday,Yes,1380
14619,2018-09-13,9,Thursday,0,21,Evening,23.8,67,0.6,2000,17.2,0.0,0.0,0.0,0.0,Autumn,No Holiday,Yes,2000
16724,2018-03-09,3,Friday,0,0,Dawn,3.0,72,2.3,473,-1.5,0.0,0.0,0.0,0.0,Spring,No Holiday,Yes,272
14991,2018-10-30,10,Tuesday,0,4,Dawn,1.6,63,0.3,2000,-4.6,0.0,0.0,0.0,0.0,Autumn,No Holiday,Yes,150
17769,2018-09-27,9,Thursday,0,13,Afternoon,23.0,39,1.7,2000,8.2,2.28,0.0,0.0,0.0,Autumn,No Holiday,Yes,1191
15333,2018-08-25,8,Saturday,1,19,Evening,25.8,62,3.3,2000,17.9,0.27,0.0,0.0,0.0,Summer,No Holiday,Yes,2043
16482,2018-01-31,1,Wednesday,0,10,Morning,-2.3,63,1.7,1286,-8.4,0.22,0.0,0.32,0.32,Winter,No Holiday,Yes,102
16018,2018-05-11,5,Friday,0,15,Afternoon,19.9,47,3.3,484,8.2,1.83,0.0,0.0,0.0,Spring,No Holiday,Yes,1295
15490,2018-06-26,6,Tuesday,0,17,Afternoon,24.0,95,5.0,362,23.1,0.07,2.0,0.0,2.0,Summer,No Holiday,Yes,113
12074,2018-09-29,9,Saturday,1,9,Early Morning,18.3,58,1.4,1958,9.8,1.24,0.0,0.0,0.0,Autumn,No Holiday,Yes,1076
16514,2018-07-13,7,Friday,0,19,Evening,29.8,68,2.6,1749,23.2,0.81,0.0,0.0,0.0,Summer,No Holiday,Yes,2320
12314,2018-09-26,9,Wednesday,0,19,Evening,20.7,46,1.0,2000,8.6,0.02,0.0,0.0,0.0,Autumn,No Holiday,Yes,1937
17222,2018-03-16,3,Friday,0,19,Evening,8.1,36,1.2,2000,-6.1,0.06,0.0,0.0,0.0,Spring,No Holiday,Yes,974
10150,2017-12-24,12,Sunday,1,11,Morning,4.6,95,0.8,156,3.8,0.05,0.0,0.0,0.0,Winter,Holiday,Yes,9
16952,2018-01-30,1,Tuesday,0,9,Early Morning,-9.9,49,0.8,1624,-18.6,0.2,0.0,0.0,0.0,Winter,No Holiday,Yes,254
12222,2018-08-25,8,Saturday,1,5,Dawn,23.3,79,1.7,1592,19.4,0.0,0.0,0.0,0.0,Summer,No Holiday,Yes,232
10627,2018-08-26,8,Sunday,1,22,Night,21.2,81,1.0,1808,17.8,0.0,1.3,0.0,1.3,Summer,No Holiday,Yes,764
11155,2018-01-14,1,Sunday,1,11,Morning,-0.5,64,0.7,537,-6.4,0.49,0.0,0.0,0.0,Winter,No Holiday,Yes,174
10192,2017-12-14,12,Thursday,0,20,Evening,-4.8,43,1.1,1397,-15.4,0.0,0.0,0.0,0.0,Winter,No Holiday,Yes,277
17787,2018-10-31,10,Wednesday,0,4,Dawn,5.0,71,1.4,1994,0.1,0.0,0.0,0.0,0.0,Autumn,No Holiday,Yes,146
12747,2017-12-31,12,Sunday,1,17,Afternoon,1.7,30,2.9,2000,-14.0,0.22,0.0,0.0,0.0,Winter,Holiday,Yes,240
15229,2018-04-10,4,Tuesday,0,21,Evening,17.5,70,7.3,1634,11.9,0.0,0.5,0.0,0.5,Spring,No Holiday,Yes,133
12077,2018-11-14,11,Wednesday,0,10,Morning,9.6,53,1.4,1818,0.4,1.16,0.0,0.0,0.0,Autumn,No Holiday,Yes,779
11603,2017-12-29,12,Friday,0,17,Afternoon,4.5,59,1.6,384,-2.8,0.14,0.0,0.0,0.0,Winter,No Holiday,Yes,534
17652,2018-07-20,7,Friday,0,16,Afternoon,34.3,45,2.3,1466,20.6,2.47,0.0,0.0,0.0,Summer,No Holiday,Yes,928
17547,2018-02-02,2,Friday,0,15,Afternoon,3.6,26,2.4,1687,-14.1,0.99,0.0,0.0,0.0,Winter,No Holiday,Yes,310
11166,2018-06-10,6,Sunday,1,2,Dawn,19.2,69,1.3,2000,13.3,0.0,0.0,0.0,0.0,Summer,No Holiday,Yes,162
17750,2018-08-13,8,Monday,0,15,Afternoon,34.0,51,1.8,1508,22.4,0.98,0.0,0.0,0.0,Summer,No Holiday,Yes,709
10089,2018-02-10,2,Saturday,1,15,Afternoon,2.0,20,4.1,1942,-18.6,1.49,0.0,0.0,0.0,Winter,No Holiday,Yes,277
17934,2017-12-09,12,Saturday,1,1,Dawn,-4.1,49,0.6,2000,-13.2,0.0,0.0,0.0,0.0,Winter,No Holiday,Yes,296
13340,2018-09-13,9,Thursday,0,15,Afternoon,27.8,49,1.4,1963,16.1,1.97,0.0,0.0,0.0,Autumn,No Holiday,Yes,1200
17289,2018-07-25,7,Wednesday,0,11,Morning,30.7,63,3.4,1323,22.8,1.13,0.0,0.0,0.0,Summer,No Holiday,Yes,749
14751,2018-07-28,7,Saturday,1,12,Morning,33.6,62,1.9,820,25.3,1.35,0.0,0.0,0.0,Summer,No Holiday,Yes,632
14656,2017-12-21,12,Thursday,0,7,Early Morning,-5.3,90,1.1,311,-6.6,0.0,0.0,0.22000000000000003,0.22000000000000003,Winter,No Holiday,Yes,178
10650,2018-01-19,1,Friday,0,4,Dawn,-0.7,45,1.4,1241,-11.1,0.0,0.0,0.0,0.0,Winter,No Holiday,Yes,58
11572,2018-06-10,6,Sunday,1,22,Night,21.5,55,1.8,2000,12.0,0.0,0.0,0.0,0.0,Summer,No Holiday,Yes,1634
18557,2018-01-31,1,Wednesday,0,4,Dawn,-2.4,82,1.5,877,-5.0,0.0,0.0,0.35,0.35,Winter,No Holiday,Yes,34
15117,2018-04-24,4,Tuesday,0,15,Afternoon,16.1,52,1.5,2000,6.2,0.93,0.0,0.0,0.0,Spring,No Holiday,Yes,971
11704,2018-10-03,10,Wednesday,0,10,Morning,17.3,53,0.7,1406,7.6,1.83,0.0,0.0,0.0,Autumn,Holiday,Yes,1113
13014,2018-10-06,10,Saturday,1,8,Early Morning,16.6,97,2.0,457,16.1,0.01,9.0,0.0,9.0,Autumn,No Holiday,Yes,6
10661,2018-09-01,9,Saturday,1,22,Night,25.1,53,2.0,2000,14.8,0.0,0.0,0.0,0.0,Autumn,No Holiday,Yes,992
13979,2018-08-28,8,Tuesday,0,5,Dawn,22.5,96,0.3,1605,21.8,0.0,0.0,0.0,0.0,Summer,No Holiday,Yes,218
12721,2017-12-03,12,Sunday,1,3,Dawn,3.4,71,1.6,1011,-1.3,0.0,0.5,0.0,0.5,Winter,No Holiday,Yes,117
15770,2018-05-13,5,Sunday,1,4,Dawn,13.8,98,2.9,27,13.4,0.0,0.0,0.0,0.0,Spring,No Holiday,Yes,83
13283,2018-02-04,2,Sunday,1,12,Morning,-8.3,32,1.8,1295,-22.1,1.99,0.0,0.0,0.0,Winter,No Holiday,Yes,165
15162,2018-01-21,1,Sunday,1,19,Evening,1.3,25,1.3,2000,-16.6,0.0,0.0,0.0,0.0,Winter,No Holiday,Yes,223
15910,2018-11-12,11,Monday,0,11,Morning,10.3,40,0.7,1672,-2.7,1.66,0.0,0.0,0.0,Autumn,No Holiday,Yes,785
11184,2018-08-04,8,Saturday,1,18,Evening,33.2,52,3.7,1986,22.0,1.14,0.0,0.0,0.0,Summer,No Holiday,Yes,1044
11145,2018-09-21,9,Friday,0,17,Afternoon,21.2,77,1.2,2000,16.9,0.31,0.0,0.0,0.0,Autumn,No Holiday,Yes,1904
15746,2017-12-08,12,Friday,0,4,Dawn,-5.3,53,2.4,1936,-13.4,0.0,0.0,0.0,0.0,Winter,No Holiday,Yes,71
14547,2018-05-03,5,Thursday,0,8,Early Morning,10.5,67,2.3,1221,4.6,0.98,0.0,0.0,0.0,Spring,No Holiday,Yes,1946
11206,2018-09-25,9,Tuesday,0,0,Dawn,14.7,55,1.6,2000,5.7,0.0,0.0,0.0,0.0,Autumn,Holiday,Yes,558
11112,2018-08-22,8,Wednesday,0,16,Afternoon,37.4,35,1.3,2000,19.3,2.0,0.0,0.0,0.0,Summer,No Holiday,Yes,993
12037,2018-10-22,10,Monday,0,5,Dawn,9.4,65,0.8,1659,3.1,0.0,0.0,0.0,0.0,Autumn,No Holiday,Yes,202
10234,2018-05-28,5,Monday,0,11,Morning,25.1,45,0.9,1982,12.3,2.9,0.0,0.0,0.0,Spring,No Holiday,Yes,986
11529,2017-12-29,12,Friday,0,13,Afternoon,5.2,58,2.5,435,-2.4,0.81,0.0,0.0,0.0,Winter,No Holiday,Yes,370
13894,2018-07-09,7,Monday,0,21,Evening,20.3,96,1.0,1007,19.6,0.0,1.5,0.0,1.5,Summer,No Holiday,Yes,95
16389,2018-01-07,1,Sunday,1,19,Evening,1.6,35,1.0,1419,-12.2,0.0,0.0,0.0,0.0,Winter,No Holiday,Yes,246
10632,2018-05-26,5,Saturday,1,0,Dawn,17.0,59,1.1,1299,8.9,0.0,0.0,0.0,0.0,Spring,No Holiday,Yes,987
11544,2018-03-14,3,Wednesday,0,15,Afternoon,21.7,39,3.3,1979,7.1,2.09,0.0,0.0,0.0,Spring,No Holiday,Yes,1025
11583,2018-08-25,8,Saturday,1,20,Evening,24.6,65,2.9,2000,17.5,0.0,0.0,0.0,0.0,Summer,No Holiday,Yes,2022
13027,2018-03-29,3,Thursday,0,7,Early Morning,12.8,82,0.6,370,9.7,0.01,0.0,0.0,0.0,Spring,No Holiday,Yes,781
13858,2018-06-16,6,Saturday,1,8,Early Morning,18.7,57,1.0,1956,9.9,1.05,0.0,0.0,0.0,Summer,No Holiday,Yes,892
10665,2018-10-17,10,Wednesday,0,0,Dawn,12.3,75,1.2,1332,7.9,0.0,0.0,0.0,0.0,Autumn,No Holiday,Yes,739
11534,2018-07-01,7,Sunday,1,17,Afternoon,22.4,96,0.4,1661,21.7,0.21,1.5,0.0,1.5,Summer,No Holiday,Yes,25
16489,2018-03-15,3,Thursday,0,4,Dawn,15.1,86,2.1,877,12.7,0.0,0.0,0.0,0.0,Spring,No Holiday,Yes,9
17993,2018-08-29,8,Wednesday,0,15,Afternoon,26.9,77,2.5,1937,22.5,0.26,0.0,0.0,0.0,Summer,No Holiday,Yes,583
15472,2018-02-06,2,Tuesday,0,17,Afternoon,-6.6,29,2.5,2000,-21.7,0.68,0.0,0.0,0.0,Winter,No Holiday,Yes,227
14525,2018-03-11,3,Sunday,1,3,Dawn,4.4,80,1.6,393,1.2,0.0,0.0,0.0,0.0,Spring,No Holiday,Yes,115
10275,2017-12-30,12,Saturday,1,7,Early Morning,-0.7,79,0.7,259,-3.8,0.0,0.0,0.0,0.0,Winter,No Holiday,Yes,88
11618,2018-03-10,3,Saturday,1,13,Afternoon,8.2,42,3.1,1261,-3.9,2.66,0.0,0.0,0.0,Spring,No Holiday,Yes,757
15509,2018-05-25,5,Friday,0,5,Dawn,14.3,75,0.6,635,9.9,0.0,0.0,0.0,0.0,Spring,No Holiday,Yes,201
16997,2018-09-26,9,Wednesday,0,16,Afternoon,24.4,35,1.8,2000,7.9,1.71,0.0,0.0,0.0,Autumn,No Holiday,Yes,2270
13583,2018-06-13,6,Wednesday,0,20,Evening,22.1,65,1.3,1611,15.2,0.09,0.0,0.0,0.0,Summer,No Holiday,Yes,2276
12973,2018-01-21,1,Sunday,1,3,Dawn,-2.0,60,0.5,474,-8.7,0.0,0.0,0.0,0.0,Winter,No Holiday,Yes,107
10826,2018-06-21,6,Thursday,0,7,Early Morning,19.9,74,1.7,683,15.1,0.21,0.0,0.0,0.0,Summer,No Holiday,Yes,1543
17722,2018-04-19,4,Thursday,0,13,Afternoon,19.2,17,2.2,1448,-6.4,2.89,0.0,0.0,0.0,Spring,No Holiday,Yes,930
12227,2018-05-16,5,Wednesday,0,2,Dawn,23.9,69,0.3,531,17.8,0.0,0.2,0.0,0.2,Spring,No Holiday,Yes,145
16667,2018-08-15,8,Wednesday,0,1,Dawn,29.6,69,0.4,1942,23.3,0.0,0.0,0.0,0.0,Summer,Holiday,Yes,850
10162,2018-09-16,9,Sunday,1,15,Afternoon,23.2,83,1.5,349,20.1,0.77,0.5,0.0,0.5,Autumn,No Holiday,Yes,222
15604,2018-05-13,5,Sunday,1,8,Early Morning,14.1,98,1.3,834,13.7,0.26,0.0,0.0,0.0,Spring,No Holiday,Yes,397
14467,2017-12-06,12,Wednesday,0,2,Dawn,-3.0,79,0.0,1862,-6.1,0.0,0.0,0.04,0.04,Winter,No Holiday,Yes,117
11990,2018-07-03,7,Tuesday,0,10,Morning,27.6,71,1.6,1870,21.8,2.14,0.0,0.0,0.0,Summer,No Holiday,Yes,818
16621,2018-05-04,5,Friday,0,0,Dawn,10.0,63,2.1,1653,3.2,0.0,0.0,0.0,0.0,Spring,No Holiday,Yes,624
15206,2018-07-28,7,Saturday,1,2,Dawn,28.8,80,1.9,925,24.9,0.0,0.0,0.0,0.0,Summer,No Holiday,Yes,656
17983,2018-10-04,10,Thursday,0,22,Night,19.8,60,1.6,2000,11.8,0.0,0.0,0.0,0.0,Autumn,No Holiday,No,0
16398,2018-08-18,8,Saturday,1,11,Morning,28.4,35,1.6,2000,11.4,2.82,0.0,0.0,0.0,Summer,No Holiday,Yes,857
12968,2017-12-06,12,Wednesday,0,17,Afternoon,4.1,60,2.5,1565,-2.9,0.1,0.0,0.0,0.0,Winter,No Holiday,Yes,239
13664,2018-01-07,1,Sunday,1,17,Afternoon,2.3,33,0.2,1515,-12.3,0.13,0.0,0.0,0.0,Winter,No Holiday,Yes,349
13836,2018-09-14,9,Friday,0,20,Evening,25.0,61,1.1,2000,16.9,0.0,0.0,0.0,0.0,Autumn,No Holiday,Yes,1869
12019,2018-11-03,11,Saturday,1,3,Dawn,7.1,67,0.6,1229,1.3,0.0,0.0,0.0,0.0,Autumn,No Holiday,No,0
11430,2018-08-25,8,Saturday,1,13,Afternoon,28.6,54,2.9,1925,18.3,1.85,0.0,0.0,0.0,Summer,No Holiday,Yes,1231
11413,2018-11-20,11,Tuesday,0,10,Morning,5.1,33,1.4,1842,-9.8,1.1,0.0,0.0,0.0,Autumn,No Holiday,Yes,659
16595,2018-09-25,9,Tuesday,0,11,Morning,20.1,40,1.6,1985,6.0,2.47,0.0,0.0,0.0,Autumn,Holiday,Yes,853
17932,2017-12-04,12,Monday,0,2,Dawn,4.4,87,1.8,207,2.4,0.0,0.0,0.0,0.0,Winter,No Holiday,Yes,112
14987,2018-02-02,2,Friday,0,3,Dawn,-6.3,63,0.9,1425,-12.2,0.0,0.0,0.0,0.0,Winter,No Holiday,Yes,65
13124,2018-02-27,2,Tuesday,0,13,Afternoon,5.8,39,0.6,931,-7.1,0.35,0.0,0.0,0.0,Winter,No Holiday,Yes,335
16843,2018-10-24,10,Wednesday,0,3,Dawn,9.4,85,1.6,983,6.9,0.0,0.0,0.0,0.0,Autumn,No Holiday,Yes,249
10529,2018-02-11,2,Sunday,1,5,Dawn,-7.8,39,2.8,2000,-19.3,0.0,0.0,0.0,0.0,Winter,No Holiday,Yes,19
13661,2018-06-01,6,Friday,0,15,Afternoon,29.9,36,3.3,1866,13.2,2.94,0.0,0.0,0.0,Summer,No Holiday,Yes,1235
10895,2018-09-13,9,Thursday,0,22,Night,22.8,70,1.0,2000,17.0,0.0,0.0,0.0,0.0,Autumn,No Holiday,Yes,1713
12554,2018-05-04,5,Friday,0,3,Dawn,9.6,66,0.9,1685,3.5,0.0,0.0,0.0,0.0,Spring,No Holiday,Yes,224
14280,2017-12-28,12,Thursday,0,11,Morning,-2.1,34,1.0,1868,-15.8,0.65,0.0,0.0,0.0,Winter,No Holiday,Yes,288
13323,2018-11-11,11,Sunday,1,22,Night,7.0,60,0.0,1948,-0.2,0.0,0.0,0.0,0.0,Autumn,No Holiday,Yes,690
15481,2018-05-28,5,Monday,0,21,Evening,21.8,50,2.1,1950,10.9,0.0,0.0,0.0,0.0,Spring,No Holiday,Yes,2140
10066,2018-03-13,3,Tuesday,0,0,Dawn,6.4,62,0.7,506,-0.3,0.0,0.0,0.0,0.0,Spring,No Holiday,Yes,309
12548,2018-06-11,6,Monday,0,17,Afternoon,20.7,72,3.4,2000,15.4,0.11,0.0,0.0,0.0,Summer,No Holiday,Yes,1475
11778,2018-04-18,4,Wednesday,0,0,Dawn,9.6,44,2.2,1417,-2.0,0.0,0.0,0.0,0.0,Spring,No Holiday,Yes,515
15334,2018-10-17,10,Wednesday,0,9,Early Morning,11.2,63,1.1,656,4.4,0.88,0.0,0.0,0.0,Autumn,No Holiday,Yes,1200
16181,2018-11-26,11,Monday,0,5,Dawn,2.1,88,1.4,323,0.3,0.0,0.0,0.03,0.03,Autumn,No Holiday,Yes,115
14160,2018-06-30,6,Saturday,1,2,Dawn,22.2,88,1.0,295,20.1,0.0,0.0,0.0,0.0,Summer,No Holiday,Yes,859
16512,2018-01-01,1,Monday,0,15,Afternoon,3.0,27,2.9,1715,-14.2,0.78,0.0,0.0,0.0,Winter,Holiday,Yes,344
12012,2018-03-28,3,Wednesday,0,2,Dawn,11.5,75,1.9,399,7.2,0.0,0.0,0.0,0.0,Spring,No Holiday,Yes,225
14667,2018-09-20,9,Thursday,0,6,Dawn,18.8,85,1.4,412,16.2,0.0,0.5,0.0,0.5,Autumn,No Holiday,Yes,47
13088,2017-12-14,12,Thursday,0,23,Night,-5.6,53,1.2,1290,-13.6,0.0,0.0,0.0,0.0,Winter,No Holiday,Yes,211
14413,2018-10-02,10,Tuesday,0,4,Dawn,11.2,80,0.3,1236,7.8,0.0,0.0,0.0,0.0,Autumn,No Holiday,No,0
18467,2018-08-14,8,Tuesday,0,23,Night,30.3,65,0.4,2000,22.9,0.0,0.0,0.0,0.0,Summer,No Holiday,Yes,1165
16844,2018-01-04,1,Thursday,0,14,Afternoon,-0.8,32,1.4,1846,-15.4,0.78,0.0,0.0,0.0,Winter,No Holiday,Yes,262
16608,2018-01-18,1,Thursday,0,17,Afternoon,2.8,46,2.1,858,-7.6,0.14,0.0,0.0,0.0,Winter,No Holiday,Yes,416
16991,2018-04-03,4,Tuesday,0,11,Morning,19.0,67,1.9,1062,12.7,0.52,0.0,0.0,0.0,Spring,No Holiday,Yes,696
16902,2018-06-14,6,Thursday,0,4,Dawn,21.0,72,0.8,677,15.7,0.0,0.0,0.0,0.0,Summer,No Holiday,Yes,193
15451,2018-09-26,9,Wednesday,0,23,Night,17.4,46,2.1,2000,5.6,0.0,0.0,0.0,0.0,Autumn,No Holiday,Yes,934
17499,2018-11-24,11,Saturday,1,7,Early Morning,1.2,87,1.9,77,-0.7,0.0,0.0,0.13,0.13,Autumn,No Holiday,Yes,30
11318,2018-06-20,6,Wednesday,0,11,Morning,23.7,56,2.4,1070,14.3,2.33,0.0,0.0,0.0,Summer,No Holiday,Yes,1100
16380,2018-09-27,9,Thursday,0,8,Early Morning,14.8,51,1.1,2000,4.7,0.59,0.0,0.0,0.0,Autumn,No Holiday,Yes,2129
16216,2018-08-02,8,Thursday,0,16,Afternoon,37.9,39,1.6,1757,21.5,1.76,0.0,0.0,0.0,Summer,No Holiday,Yes,676
16041,2018-07-08,7,Sunday,1,22,Night,25.0,57,1.0,2000,15.8,0.0,0.0,0.0,0.0,Summer,No Holiday,Yes,1717
14757,2018-11-10,11,Saturday,1,11,Morning,13.8,63,2.2,416,6.8,1.32,0.0,0.0,0.0,Autumn,No Holiday,Yes,768
11040,2018-03-24,3,Saturday,1,2,Dawn,5.0,50,1.7,669,-4.5,0.0,0.0,0.0,0.0,Spring,No Holiday,Yes,305
14698,2018-01-11,1,Thursday,0,14,Afternoon,-7.4,38,3.3,1718,-19.3,1.15,0.0,0.0,0.0,Winter,No Holiday,Yes,187
17368,2018-11-15,11,Thursday,0,12,Morning,13.8,43,0.9,987,1.4,1.61,0.0,0.0,0.0,Autumn,No Holiday,Yes,942
13977,2018-07-01,7,Sunday,1,9,Early Morning,22.1,94,0.9,624,21.0,0.22,1.5,0.0,1.5,Summer,No Holiday,Yes,9
15927,2018-08-06,8,Monday,0,12,Morning,33.2,59,2.6,1289,24.0,2.37,0.0,0.0,0.0,Summer,No Holiday,Yes,613
17178,2018-02-11,2,Sunday,1,9,Early Morning,-8.6,28,1.5,1786,-23.8,0.49,0.0,0.0,0.0,Winter,No Holiday,Yes,126
13035,2017-12-28,12,Thursday,0,15,Afternoon,0.4,57,2.4,1179,-7.1,0.36,0.0,0.0,0.0,Winter,No Holiday,Yes,303
11637,2018-10-01,10,Monday,0,17,Afternoon,17.2,53,2.9,2000,7.5,0.25,0.0,0.0,0.0,Autumn,No Holiday,Yes,1799
11789,2018-07-25,7,Wednesday,0,18,Evening,32.2,58,2.5,1553,22.8,0.44,0.0,0.0,0.0,Summer,No Holiday,Yes,2416
14233,2018-05-12,5,Saturday,1,0,Dawn,16.1,54,1.3,1052,6.7,0.0,0.0,0.0,0.0,Spring,No Holiday,Yes,862
18416,2018-06-14,6,Thursday,0,14,Afternoon,23.8,62,1.2,1282,16.0,1.91,0.0,0.0,0.0,Summer,No Holiday,Yes,1153
11810,2018-10-10,10,Wednesday,0,20,Evening,10.6,48,2.0,2000,0.0,0.0,0.0,0.0,0.0,Autumn,No Holiday,Yes,1489
11788,2018-09-20,9,Thursday,0,14,Afternoon,19.3,83,2.3,2000,16.3,0.83,0.5,0.0,0.5,Autumn,No Holiday,Yes,573
10318,2018-08-09,8,Thursday,0,11,Morning,30.8,63,2.4,1919,22.9,0.94,0.0,0.0,0.0,Summer,No Holiday,Yes,659
14189,2017-12-07,12,Thursday,0,17,Afternoon,2.1,50,2.0,1434,-7.2,0.15,0.0,0.0,0.0,Winter,No Holiday,Yes,552
11555,2017-12-22,12,Friday,0,1,Dawn,-1.6,79,0.6,784,-4.7,0.0,0.0,0.08,0.08,Winter,Holiday,Yes,250
18310,2018-04-11,4,Wednesday,0,7,Early Morning,8.8,85,1.1,438,6.4,0.11,0.0,0.0,0.0,Spring,No Holiday,No,0
16627,2018-05-14,5,Monday,0,23,Night,18.8,73,0.8,291,13.8,0.0,0.0,0.0,0.0,Spring,No Holiday,Yes,1071
16566,2018-04-02,4,Monday,0,19,Evening,19.1,60,3.4,1592,11.1,0.1,0.0,0.0,0.0,Spring,No Holiday,Yes,1779
15892,2018-04-27,4,Friday,0,18,Evening,20.3,47,2.5,705,8.6,0.77,0.0,0.0,0.0,Spring,No Holiday,Yes,2577
10411,2018-06-03,6,Sunday,1,15,Afternoon,30.7,21,2.5,1876,5.8,2.95,0.0,0.0,0.0,Summer,No Holiday,Yes,1556
14700,2018-03-27,3,Tuesday,0,21,Evening,13.4,73,1.5,325,8.6,0.0,0.0,0.0,0.0,Spring,No Holiday,Yes,866
10386,2018-06-11,6,Monday,0,13,Afternoon,23.7,49,1.2,2000,12.3,1.04,0.0,0.0,0.0,Summer,No Holiday,Yes,1033
17015,2018-08-11,8,Saturday,1,13,Afternoon,34.1,45,1.5,1993,20.4,2.57,0.0,0.0,0.0,Summer,No Holiday,Yes,830
10309,2018-03-17,3,Saturday,1,19,Evening,8.8,49,3.2,1207,-1.3,0.05,0.0,0.0,0.0,Spring,No Holiday,Yes,718
16202,2018-10-09,10,Tuesday,0,8,Early Morning,11.4,66,0.8,1991,5.2,0.18,0.0,0.0,0.0,Autumn,Holiday,No,0
10379,2018-04-12,4,Thursday,0,22,Night,13.5,15,2.2,2000,-12.6,0.0,0.0,0.0,0.0,Spring,No Holiday,Yes,1142
11373,2018-08-05,8,Sunday,1,4,Dawn,27.3,83,2.2,1054,24.1,0.0,0.0,0.0,0.0,Summer,No Holiday,Yes,253
18391,2018-05-13,5,Sunday,1,23,Night,13.0,89,1.3,326,11.2,0.0,0.0,0.0,0.0,Spring,No Holiday,Yes,814
16434,2018-05-01,5,Tuesday,0,22,Night,19.9,75,0.8,516,15.3,0.0,0.0,0.0,0.0,Spring,Holiday,Yes,1400
10681,2017-12-06,12,Wednesday,0,14,Afternoon,5.5,34,1.0,1966,-9.1,0.96,0.0,0.0,0.0,Winter,No Holiday,Yes,416
12479,2018-09-08,9,Saturday,1,18,Evening,25.7,38,1.5,2000,10.3,0.64,0.0,0.0,0.0,Autumn,No Holiday,Yes,2255
11514,2018-01-07,1,Sunday,1,1,Dawn,-3.9,51,0.2,1535,-12.5,0.0,0.0,0.0,0.0,Winter,No Holiday,Yes,162
10423,2018-05-27,5,Sunday,1,9,Early Morning,19.5,43,1.5,1548,0.0,1.02,0.0,0.0,0.0,Spring,No Holiday,Yes,762
12550,2018-11-02,11,Friday,0,0,Dawn,7.2,64,1.0,1639,0.8,0.0,0.0,0.0,0.0,Autumn,No Holiday,Yes,642
10805,2018-06-23,6,Saturday,1,21,Evening,23.8,68,2.2,694,17.5,0.0,0.0,0.0,0.0,Summer,No Holiday,Yes,2175
17403,2018-10-11,10,Thursday,0,17,Afternoon,13.2,36,3.6,2000,-1.5,0.55,0.0,0.0,0.0,Autumn,No Holiday,Yes,1685
10363,2018-10-23,10,Tuesday,0,1,Dawn,11.1,62,0.2,666,4.0,0.0,0.0,0.0,0.0,Autumn,No Holiday,Yes,547
17338,2018-11-26,11,Monday,0,8,Early Morning,2.0,84,1.1,396,-0.4,0.03,0.0,0.03,0.03,Autumn,No Holiday,Yes,1524
17697,2018-01-27,1,Saturday,1,5,Dawn,-15.4,45,0.8,2000,-24.6,0.0,0.0,0.03,0.03,Winter,No Holiday,Yes,25
17981,2018-09-22,9,Saturday,1,5,Dawn,18.8,96,0.2,973,18.1,0.0,6.5,0.0,6.5,Autumn,No Holiday,Yes,93
10169,2018-01-13,1,Saturday,1,11,Morning,-4.8,70,1.0,1244,-9.4,0.21,0.0,0.06,0.06,Winter,No Holiday,Yes,133
15070,2018-06-29,6,Friday,0,14,Afternoon,27.8,57,2.1,760,18.4,2.62,0.0,0.0,0.0,Summer,No Holiday,Yes,1175
10055,2018-11-26,11,Monday,0,0,Dawn,3.3,85,1.1,351,1.0,0.0,0.0,0.03,0.03,Autumn,No Holiday,Yes,387
12979,2018-05-10,5,Thursday,0,6,Dawn,11.4,80,1.0,885,8.0,0.02,0.0,0.0,0.0,Spring,No Holiday,No,0
17577,2018-01-24,1,Wednesday,0,17,Afternoon,-11.8,26,3.5,2000,-27.4,0.39,0.0,0.06999999999999999,0.06999999999999999,Winter,No Holiday,Yes,203
11582,2018-07-06,7,Friday,0,17,Afternoon,26.6,52,2.2,2000,15.9,1.02,0.0,0.0,0.0,Summer,No Holiday,Yes,2282
12095,2018-06-22,6,Friday,0,14,Afternoon,31.6,25,2.3,1780,9.1,3.21,0.0,0.0,0.0,Summer,No Holiday,Yes,1087
12805,2018-09-18,9,Tuesday,0,14,Afternoon,26.1,37,2.3,1749,10.2,1.92,0.0,0.0,0.0,Autumn,No Holiday,No,0
16502,2017-12-15,12,Friday,0,22,Night,-0.1,49,2.0,870,-9.5,0.0,0.0,0.0,0.0,Winter,No Holiday,Yes,296
13426,2018-10-29,10,Monday,0,1,Dawn,5.1,83,1.1,1989,2.4,0.0,0.0,0.0,0.0,Autumn,No Holiday,Yes,326
14824,2018-10-07,10,Sunday,1,21,Evening,14.4,36,1.0,2000,-0.5,0.0,0.0,0.0,0.0,Autumn,No Holiday,Yes,1385
17843,2018-06-30,6,Saturday,1,18,Evening,27.5,79,0.5,1237,23.5,0.65,0.5,0.0,0.5,Summer,No Holiday,Yes,306
16733,2018-07-05,7,Thursday,0,20,Evening,25.8,68,1.4,2000,19.4,0.09,0.0,0.0,0.0,Summer,No Holiday,Yes,2122
12060,2018-07-28,7,Saturday,1,16,Afternoon,28.6,82,3.4,1022,25.2,0.14,0.0,0.0,0.0,Summer,No Holiday,Yes,706
14234,2018-02-02,2,Friday,0,18,Evening,0.5,37,3.0,1733,-12.5,0.06,0.0,0.0,0.0,Winter,No Holiday,Yes,592
18124,2018-07-19,7,Thursday,0,20,Evening,29.8,62,2.9,1931,21.7,0.08,0.0,0.0,0.0,Summer,No Holiday,Yes,2114
18704,2018-04-08,4,Sunday,1,11,Morning,6.4,29,2.7,2000,-10.3,0.9,0.0,0.0,0.0,Spring,No Holiday,Yes,586
12307,2018-05-16,5,Wednesday,0,5,Dawn,22.3,87,0.6,399,20.0,0.0,0.0,0.0,0.0,Spring,No Holiday,Yes,52
12255,2018-04-19,4,Thursday,0,16,Afternoon,19.8,25,4.4,1132,-0.8,2.02,0.0,0.0,0.0,Spring,No Holiday,Yes,1198
12054,2017-12-18,12,Monday,0,18,Evening,0.0,88,0.6,277,-1.7,0.0,0.0,0.27,0.27,Winter,No Holiday,Yes,281
15348,2018-06-08,6,Friday,0,5,Dawn,18.6,81,0.8,1205,15.2,0.0,0.0,0.0,0.0,Summer,No Holiday,Yes,299
13669,2018-04-04,4,Wednesday,0,3,Dawn,14.3,97,1.2,228,13.8,0.0,7.0,0.0,7.0,Spring,No Holiday,Yes,22
15789,2018-10-16,10,Tuesday,0,7,Early Morning,10.2,68,0.4,1493,4.5,0.0,0.0,0.0,0.0,Autumn,No Holiday,Yes,1216
13681,2018-11-13,11,Tuesday,0,5,Dawn,4.7,72,0.0,1310,0.0,0.0,0.0,0.0,0.0,Autumn,No Holiday,Yes,162
13850,2018-10-04,10,Thursday,0,20,Evening,21.3,53,1.8,2000,11.3,0.0,0.0,0.0,0.0,Autumn,No Holiday,No,0
17050,2018-01-12,1,Friday,0,22,Night,-6.9,39,1.6,2000,-18.5,0.0,0.0,0.0,0.0,Winter,No Holiday,Yes,186
15227,2018-09-04,9,Tuesday,0,2,Dawn,20.9,96,0.4,970,20.2,0.0,0.0,0.0,0.0,Autumn,No Holiday,Yes,324
10240,2018-01-08,1,Monday,0,10,Morning,1.3,43,0.8,971,-9.9,0.16,0.0,0.0,0.0,Winter,No Holiday,Yes,253
15262,2018-10-18,10,Thursday,0,5,Dawn,7.8,81,1.1,2000,4.7,0.0,0.0,0.0,0.0,Autumn,No Holiday,Yes,185
11931,2018-10-19,10,Friday,0,15,Afternoon,19.7,30,3.0,1971,1.6,1.89,0.0,0.0,0.0,Autumn,No Holiday,Yes,1390
13236,2018-09-10,9,Monday,0,3,Dawn,19.7,60,1.9,2000,11.7,0.0,0.0,0.0,0.0,Autumn,No Holiday,Yes,176
18166,2018-04-08,4,Sunday,1,9,Early Morning,5.1,46,2.7,1888,-5.5,1.34,0.0,0.0,0.0,Spring,No Holiday,Yes,405
13682,2018-07-16,7,Monday,0,17,Afternoon,33.0,46,3.1,1926,19.8,1.89,0.0,0.0,0.0,Summer,No Holiday,Yes,1425
10100,2018-08-07,8,Tuesday,0,3,Dawn,27.6,69,0.9,2000,21.3,0.0,0.0,0.0,0.0,Summer,No Holiday,Yes,278
16611,2018-06-26,6,Tuesday,0,1,Dawn,26.7,50,1.8,884,15.4,0.0,0.0,0.0,0.0,Summer,No Holiday,Yes,783
13846,2018-02-16,2,Friday,0,7,Early Morning,-5.4,41,0.3,2000,-16.6,0.0,0.0,0.0,0.0,Winter,Holiday,Yes,49
10862,2018-07-11,7,Wednesday,0,15,Afternoon,29.4,68,2.3,1525,22.8,1.29,0.0,0.0,0.0,Summer,No Holiday,Yes,1106
10914,2018-03-22,3,Thursday,0,11,Morning,6.9,46,2.1,1541,-3.9,2.33,0.0,0.0,0.0,Spring,No Holiday,Yes,565
15951,2018-04-22,4,Sunday,1,2,Dawn,15.4,41,0.5,1319,2.1,0.0,0.0,0.0,0.0,Spring,No Holiday,Yes,410
17357,2018-09-07,9,Friday,0,5,Dawn,20.5,67,1.2,1649,14.1,0.0,0.0,0.0,0.0,Autumn,No Holiday,Yes,247
15566,2018-11-21,11,Wednesday,0,13,Afternoon,8.0,35,1.3,1895,-6.5,0.5,0.0,0.0,0.0,Autumn,No Holiday,Yes,623
12717,2018-09-28,9,Friday,0,13,Afternoon,19.1,53,1.4,2000,9.2,0.76,0.0,0.0,0.0,Autumn,No Holiday,No,0
12397,2018-01-25,1,Thursday,0,14,Afternoon,-10.4,25,2.3,1981,-26.7,1.21,0.0,0.05,0.05,Winter,No Holiday,Yes,160
10587,2018-07-05,7,Thursday,0,16,Afternoon,28.2,71,1.7,2000,22.4,0.96,0.0,0.0,0.0,Summer,No Holiday,Yes,1105
11961,2018-04-17,4,Tuesday,0,12,Morning,18.0,26,2.2,1459,-1.8,3.03,0.0,0.0,0.0,Spring,No Holiday,Yes,1112
17255,2018-11-25,11,Sunday,1,9,Early Morning,2.3,88,1.1,286,0.5,0.41,0.0,0.25,0.25,Autumn,No Holiday,Yes,355
12882,2018-03-07,3,Wednesday,0,5,Dawn,2.5,63,1.3,1987,-3.8,0.0,0.0,0.0,0.0,Spring,No Holiday,Yes,97
17806,2017-12-19,12,Tuesday,0,0,Dawn,-1.0,73,2.3,881,-5.2,0.0,0.0,0.26,0.26,Winter,No Holiday,Yes,122
15989,2018-06-11,6,Monday,0,9,Early Morning,22.2,48,1.7,1889,10.6,1.77,0.0,0.0,0.0,Summer,No Holiday,Yes,1307
12118,2018-01-01,1,Monday,0,12,Morning,1.5,20,2.8,1992,-19.0,1.03,0.0,0.0,0.0,Winter,Holiday,Yes,225
15853,2018-08-07,8,Tuesday,0,19,Evening,32.9,56,2.6,1944,22.9,0.4,0.0,0.0,0.0,Summer,No Holiday,Yes,1898
14141,2018-11-19,11,Monday,0,22,Night,5.3,39,2.3,1512,-7.5,0.0,0.0,0.0,0.0,Autumn,No Holiday,Yes,910
15385,2017-12-22,12,Friday,0,10,Morning,1.4,64,1.0,897,-4.6,0.25,0.0,0.05,0.05,Winter,Holiday,Yes,248
16116,2018-07-05,7,Thursday,0,18,Evening,26.8,71,1.2,2000,21.0,0.21,0.0,0.0,0.0,Summer,No Holiday,Yes,2594
13227,2018-08-31,8,Friday,0,14,Afternoon,29.3,41,1.9,1928,14.6,3.0,0.0,0.0,0.0,Summer,No Holiday,Yes,987
15577,2018-02-10,2,Saturday,1,20,Evening,-4.4,19,5.8,2000,-24.6,0.0,0.0,0.0,0.0,Winter,No Holiday,Yes,132
13782,2018-03-30,3,Friday,0,12,Morning,19.1,26,1.6,1704,-0.8,2.73,0.0,0.0,0.0,Spring,No Holiday,Yes,939
14284,2018-09-28,9,Friday,0,2,Dawn,16.0,56,1.5,2000,7.2,0.0,0.0,0.0,0.0,Autumn,No Holiday,No,0
16144,2018-02-27,2,Tuesday,0,0,Dawn,2.6,40,1.8,1095,-9.6,0.0,0.0,0.0,0.0,Winter,No Holiday,Yes,236
14232,2018-10-07,10,Sunday,1,4,Dawn,15.1,90,1.2,850,13.4,0.0,0.0,0.0,0.0,Autumn,No Holiday,Yes,255
16173,2018-09-11,9,Tuesday,0,2,Dawn,18.9,52,1.1,2000,8.8,0.0,0.0,0.0,0.0,Autumn,No Holiday,Yes,435
16527,2017-12-09,12,Saturday,1,0,Dawn,-3.5,48,0.9,1967,-12.9,0.0,0.0,0.0,0.0,Winter,No Holiday,Yes,267
13945,2018-07-19,7,Thursday,0,6,Dawn,23.3,83,0.2,875,20.2,0.02,0.0,0.0,0.0,Summer,No Holiday,Yes,672
11326,2018-10-29,10,Monday,0,10,Morning,9.6,43,1.8,1930,-2.3,1.49,0.0,0.0,0.0,Autumn,No Holiday,Yes,771
10278,2018-01-12,1,Friday,0,17,Afternoon,-6.5,22,1.5,2000,-24.7,0.28,0.0,0.0,0.0,Winter,No Holiday,Yes,259
16631,2018-02-16,2,Friday,0,3,Dawn,-4.4,37,1.7,1989,-16.9,0.0,0.0,0.0,0.0,Winter,Holiday,Yes,36
10803,2017-12-31,12,Sunday,1,13,Afternoon,2.5,36,3.7,1578,-11.0,1.15,0.0,0.06999999999999999,0.06999999999999999,Winter,Holiday,Yes,267
13898,2018-04-09,4,Monday,0,13,Afternoon,12.4,32,1.7,1441,-3.8,3.06,0.0,0.0,0.0,Spring,No Holiday,Yes,869
18098,2018-05-09,5,Wednesday,0,5,Dawn,9.5,65,0.9,2000,3.2,0.0,0.0,0.0,0.0,Spring,No Holiday,Yes,203
15740,2018-01-19,1,Friday,0,20,Evening,1.2,51,0.6,1544,-7.8,0.0,0.0,0.0,0.0,Winter,No Holiday,Yes,342
16775,2018-11-14,11,Wednesday,0,12,Morning,14.2,45,0.9,1531,2.4,1.86,0.0,0.0,0.0,Autumn,No Holiday,Yes,963
12988,2018-05-11,5,Friday,0,4,Dawn,11.9,85,0.7,315,9.4,0.0,0.0,0.0,0.0,Spring,No Holiday,Yes,154
15977,2018-03-05,3,Monday,0,8,Early Morning,3.6,88,2.3,2000,1.7,0.03,0.0,0.0,0.0,Spring,No Holiday,Yes,184
12230,2018-02-19,2,Monday,0,6,Dawn,-1.4,46,0.3,1651,-11.5,0.0,0.0,0.0,0.0,Winter,No Holiday,Yes,139
13863,2018-05-30,5,Wednesday,0,10,Morning,21.4,71,1.7,476,15.9,1.43,0.0,0.0,0.0,Spring,No Holiday,Yes,916
11736,2018-08-21,8,Tuesday,0,3,Dawn,26.8,62,4.5,1742,18.9,0.0,0.1,0.0,0.1,Summer,No Holiday,Yes,173
12297,2017-12-20,12,Wednesday,0,1,Dawn,-7.3,67,1.1,1593,-12.3,0.0,0.0,0.2,0.2,Winter,No Holiday,Yes,172
11097,2018-09-12,9,Wednesday,0,15,Afternoon,27.7,41,1.6,1969,13.2,1.98,0.0,0.0,0.0,Autumn,No Holiday,Yes,1251
11783,2018-10-11,10,Thursday,0,0,Dawn,7.9,53,0.9,2000,-1.1,0.0,0.0,0.0,0.0,Autumn,No Holiday,Yes,707
17367,2018-08-03,8,Friday,0,2,Dawn,31.5,68,0.3,1001,24.8,0.0,0.0,0.0,0.0,Summer,No Holiday,Yes,443
12826,2018-08-22,8,Wednesday,0,1,Dawn,24.6,79,0.6,1884,20.7,0.0,0.0,0.0,0.0,Summer,No Holiday,Yes,782
14812,2017-12-13,12,Wednesday,0,13,Afternoon,-5.8,28,2.9,1887,-21.4,1.23,0.0,0.0,0.0,Winter,No Holiday,Yes,251
16786,2018-09-29,9,Saturday,1,11,Morning,22.3,50,1.3,2000,11.3,2.36,0.0,0.0,0.0,Autumn,No Holiday,Yes,1284
10456,2018-02-01,2,Thursday,0,16,Afternoon,1.1,26,2.1,1957,-16.3,0.82,0.0,0.0,0.0,Winter,No Holiday,Yes,268
17514,2018-09-03,9,Monday,0,5,Dawn,23.9,70,1.5,2000,18.0,0.0,0.0,0.0,0.0,Autumn,No Holiday,Yes,264
17103,2018-06-17,6,Sunday,1,1,Dawn,20.9,79,2.0,932,17.1,0.0,0.0,0.0,0.0,Summer,No Holiday,Yes,929
17681,2018-01-22,1,Monday,0,8,Early Morning,-0.7,32,0.5,1991,-15.3,0.0,0.0,0.0,0.0,Winter,No Holiday,Yes,683
13333,2018-02-25,2,Sunday,1,14,Afternoon,7.0,23,2.4,1645,-12.7,2.52,0.0,0.0,0.0,Winter,No Holiday,Yes,572
16222,2018-02-16,2,Friday,0,21,Evening,0.1,67,2.5,1451,-5.3,0.0,0.0,0.0,0.0,Winter,Holiday,Yes,114
11926,2018-10-14,10,Sunday,1,12,Morning,17.2,33,1.1,1258,0.7,2.28,0.0,0.0,0.0,Autumn,No Holiday,Yes,1394
10835,2018-01-16,1,Tuesday,0,6,Dawn,1.2,69,0.6,436,-3.8,0.0,0.0,0.0,0.0,Winter,No Holiday,Yes,140
11796,2018-02-04,2,Sunday,1,7,Early Morning,-12.4,54,2.5,1790,-19.8,0.0,0.0,0.0,0.0,Winter,No Holiday,Yes,34
17424,2018-08-20,8,Monday,0,21,Evening,29.3,63,3.1,1677,21.5,0.0,0.0,0.0,0.0,Summer,No Holiday,Yes,1971
17096,2018-02-10,2,Saturday,1,18,Evening,-2.0,15,5.6,2000,-25.2,0.13,0.0,0.0,0.0,Winter,No Holiday,Yes,216
17407,2018-04-07,4,Saturday,1,11,Morning,4.7,26,4.8,1927,-13.2,1.55,0.0,0.0,0.0,Spring,No Holiday,Yes,553
10522,2018-07-08,7,Sunday,1,17,Afternoon,27.4,44,1.7,2000,14.0,1.17,0.0,0.0,0.0,Summer,No Holiday,Yes,2266
14681,2018-09-28,9,Friday,0,18,Evening,20.4,56,1.7,2000,11.3,0.2,0.0,0.0,0.0,Autumn,No Holiday,No,0
18660,2018-11-04,11,Sunday,1,5,Dawn,6.6,73,0.3,1219,2.0,0.0,0.0,0.0,0.0,Autumn,No Holiday,Yes,112
12205,2018-08-01,8,Wednesday,0,12,Morning,36.8,39,1.3,1944,20.5,2.8,0.0,0.0,0.0,Summer,No Holiday,Yes,569
16874,2018-03-13,3,Tuesday,0,13,Afternoon,17.1,42,3.2,1305,4.0,2.6,0.0,0.0,0.0,Spring,No Holiday,Yes,678
11322,2018-02-10,2,Saturday,1,1,Dawn,1.7,71,1.2,584,-3.0,0.0,0.0,0.0,0.0,Winter,No Holiday,Yes,237
17041,2018-03-03,3,Saturday,1,21,Evening,10.3,52,2.2,1843,0.8,0.0,0.0,0.0,0.0,Spring,No Holiday,Yes,588
14445,2018-06-13,6,Wednesday,0,11,Morning,24.5,51,1.5,1333,13.6,1.97,0.0,0.0,0.0,Summer,No Holiday,Yes,1478
12069,2018-02-05,2,Monday,0,3,Dawn,-11.3,54,0.6,2000,-18.7,0.0,0.0,0.0,0.0,Winter,No Holiday,Yes,33
11066,2018-06-09,6,Saturday,1,23,Night,20.7,66,1.6,2000,14.1,0.0,0.0,0.0,0.0,Summer,No Holiday,Yes,766
15897,2018-07-15,7,Sunday,1,9,Early Morning,27.0,71,1.0,1518,21.2,0.97,0.0,0.0,0.0,Summer,No Holiday,Yes,715
17226,2018-11-02,11,Friday,0,7,Early Morning,4.1,75,0.8,1143,0.0,0.0,0.0,0.0,0.0,Autumn,No Holiday,Yes,1024
11371,2018-10-25,10,Thursday,0,4,Dawn,8.5,83,1.2,1577,5.7,0.0,0.0,0.0,0.0,Autumn,No Holiday,Yes,161
18169,2018-01-08,1,Monday,0,23,Night,-0.6,62,4.2,936,-6.9,0.0,0.0,0.1,0.1,Winter,No Holiday,Yes,112
11419,2018-08-30,8,Thursday,0,5,Dawn,24.0,97,0.9,1347,23.4,0.0,0.5,0.0,0.5,Summer,No Holiday,Yes,73
18619,2018-08-24,8,Friday,0,5,Dawn,24.6,88,1.5,1967,22.4,0.0,0.5,0.0,0.5,Summer,No Holiday,Yes,45
12535,2018-11-01,11,Thursday,0,6,Dawn,2.9,75,0.2,1761,-1.1,0.0,0.0,0.0,0.0,Autumn,No Holiday,Yes,433
11527,2018-02-06,2,Tuesday,0,23,Night,-11.8,46,1.1,1860,-21.1,0.0,0.0,0.0,0.0,Winter,No Holiday,Yes,106
10642,2018-01-19,1,Friday,0,9,Early Morning,-2.1,42,1.3,1519,-13.3,0.17,0.0,0.0,0.0,Winter,No Holiday,Yes,387
10348,2018-04-19,4,Thursday,0,23,Night,12.9,51,1.7,1200,2.9,0.0,0.0,0.0,0.0,Spring,No Holiday,Yes,677
17283,2018-01-24,1,Wednesday,0,15,Afternoon,-10.8,29,3.8,2000,-25.4,1.06,0.0,0.06999999999999999,0.06999999999999999,Winter,No Holiday,Yes,149
17122,2018-05-15,5,Tuesday,0,23,Night,24.8,60,1.0,795,16.5,0.0,0.0,0.0,0.0,Spring,No Holiday,Yes,848
15621,2018-02-10,2,Saturday,1,12,Morning,2.9,53,4.7,354,-5.7,1.37,0.0,0.0,0.0,Winter,No Holiday,Yes,248
10124,2018-01-17,1,Wednesday,0,21,Evening,3.1,74,1.1,333,-1.0,0.0,0.0,0.0,0.0,Winter,No Holiday,Yes,320
13092,2018-03-11,3,Sunday,1,21,Evening,5.7,34,1.0,1520,-8.9,0.0,0.0,0.0,0.0,Spring,No Holiday,Yes,533
16966,2018-08-20,8,Monday,0,15,Afternoon,32.9,45,1.9,1877,19.3,1.84,0.0,0.0,0.0,Summer,No Holiday,Yes,992
17412,2018-08-25,8,Saturday,1,16,Afternoon,27.2,58,3.7,1987,18.2,0.99,0.0,0.0,0.0,Summer,No Holiday,Yes,1592
18366,2018-06-16,6,Saturday,1,18,Evening,28.0,46,2.3,1833,15.2,1.23,0.0,0.0,0.0,Summer,No Holiday,Yes,2451
15096,2018-05-06,5,Sunday,1,3,Dawn,16.2,94,1.7,400,15.2,0.0,1.5,0.0,1.5,Spring,No Holiday,Yes,43
17299,2018-11-27,11,Tuesday,0,21,Evening,7.5,35,1.8,656,-7.0,0.0,0.0,0.0,0.0,Autumn,No Holiday,Yes,777
11597,2018-08-03,8,Friday,0,17,Afternoon,35.8,49,3.9,1633,23.4,1.52,0.0,0.0,0.0,Summer,No Holiday,Yes,1105
18452,2017-12-15,12,Friday,0,17,Afternoon,-0.2,39,0.8,1016,-12.5,0.0,0.0,0.0,0.0,Winter,No Holiday,Yes,464
15571,2018-10-07,10,Sunday,1,11,Morning,19.1,56,2.4,1802,10.1,2.15,0.0,0.0,0.0,Autumn,No Holiday,Yes,1188
16346,2018-04-30,4,Monday,0,11,Morning,20.3,52,0.9,468,10.1,1.96,0.0,0.0,0.0,Spring,No Holiday,Yes,901
11046,2018-07-19,7,Thursday,0,7,Early Morning,23.6,75,0.9,856,18.9,0.36,0.0,0.0,0.0,Summer,No Holiday,Yes,1315
13010,2018-11-10,11,Saturday,1,8,Early Morning,9.3,85,0.3,313,6.9,0.07,0.0,0.0,0.0,Autumn,No Holiday,Yes,589
18264,2018-11-17,11,Saturday,1,19,Evening,6.0,44,0.8,1758,-5.3,0.0,0.0,0.0,0.0,Autumn,No Holiday,Yes,735
18510,2018-09-21,9,Friday,0,12,Morning,19.1,91,2.0,1971,17.5,0.63,0.0,0.0,0.0,Autumn,No Holiday,Yes,143
11673,2018-08-21,8,Tuesday,0,9,Early Morning,24.4,82,3.0,1847,21.1,0.6,0.0,0.0,0.0,Summer,No Holiday,Yes,876
17666,2018-04-16,4,Monday,0,1,Dawn,7.6,62,1.2,1885,0.7,0.0,0.0,0.0,0.0,Spring,No Holiday,Yes,226
16067,2018-11-17,11,Saturday,1,6,Dawn,1.0,77,0.6,1259,-2.5,0.0,0.0,0.0,0.0,Autumn,No Holiday,Yes,151
17890,2018-10-26,10,Friday,0,16,Afternoon,14.5,81,1.8,1588,11.2,0.78,0.0,0.0,0.0,Autumn,No Holiday,Yes,900
12860,2018-07-05,7,Thursday,0,22,Night,24.4,67,1.6,2000,17.8,0.0,0.0,0.0,0.0,Summer,No Holiday,Yes,1941
13445,2018-04-05,4,Thursday,0,9,Early Morning,6.8,89,2.9,2000,5.1,0.07,0.0,0.0,0.0,Spring,No Holiday,Yes,129
10126,2018-10-22,10,Monday,0,1,Dawn,10.7,57,0.9,1828,2.5,0.0,0.0,0.0,0.0,Autumn,No Holiday,Yes,372
13486,2018-09-21,9,Friday,0,7,Early Morning,17.6,96,1.7,310,16.9,0.0,5.0,0.0,5.0,Autumn,No Holiday,Yes,45
12740,2018-09-25,9,Tuesday,0,9,Early Morning,15.3,49,1.0,2000,4.6,1.34,0.0,0.0,0.0,Autumn,Holiday,Yes,542
16883,2018-04-26,4,Thursday,0,1,Dawn,12.4,55,1.0,1836,3.5,0.0,0.0,0.0,0.0,Spring,No Holiday,Yes,546
12164,2018-08-28,8,Tuesday,0,23,Night,22.8,97,1.0,600,22.2,0.0,3.5,0.0,3.5,Summer,No Holiday,Yes,59
17114,2018-06-02,6,Saturday,1,2,Dawn,19.6,60,1.9,1200,11.6,0.0,0.0,0.0,0.0,Summer,No Holiday,Yes,677
16333,2018-04-17,4,Tuesday,0,3,Dawn,7.8,49,1.0,1975,-2.2,0.0,0.0,0.0,0.0,Spring,No Holiday,Yes,164
13387,2018-02-18,2,Sunday,1,13,Afternoon,3.7,17,1.4,2000,-19.1,1.98,0.0,0.0,0.0,Winter,No Holiday,Yes,337
16680,2018-09-29,9,Saturday,1,6,Dawn,14.6,81,1.0,2000,11.3,0.0,0.0,0.0,0.0,Autumn,No Holiday,Yes,290
15003,2018-02-04,2,Sunday,1,13,Afternoon,-8.3,34,4.0,1561,-21.4,2.22,0.0,0.0,0.0,Winter,No Holiday,Yes,152
12930,2018-07-15,7,Sunday,1,15,Afternoon,32.9,49,2.6,1631,20.7,2.81,0.0,0.0,0.0,Summer,No Holiday,Yes,946
14675,2018-11-22,11,Thursday,0,3,Dawn,0.6,42,1.1,2000,-10.8,0.0,0.0,0.0,0.0,Autumn,No Holiday,Yes,164
11837,2018-01-15,1,Monday,0,6,Dawn,4.9,83,3.0,582,2.2,0.0,0.0,0.0,0.0,Winter,No Holiday,Yes,82
12610,2018-11-16,11,Friday,0,0,Dawn,7.8,57,0.3,792,-0.2,0.0,0.0,0.0,0.0,Autumn,No Holiday,Yes,683
14469,2018-04-26,4,Thursday,0,23,Night,12.1,58,1.9,1719,4.0,0.0,0.0,0.0,0.0,Spring,No Holiday,Yes,851
15727,2018-01-24,1,Wednesday,0,3,Dawn,-15.2,30,3.4,2000,-28.9,0.0,0.0,0.09,0.09,Winter,No Holiday,Yes,32
10759,2018-03-14,3,Wednesday,0,17,Afternoon,20.5,49,3.5,2000,9.4,1.18,0.0,0.0,0.0,Spring,No Holiday,Yes,1325
18616,2018-01-23,1,Tuesday,0,6,Dawn,-11.5,47,3.2,2000,-20.5,0.0,0.0,0.1,0.1,Winter,No Holiday,Yes,84
18133,2018-07-25,7,Wednesday,0,8,Early Morning,28.7,70,3.5,1470,22.6,0.52,0.0,0.0,0.0,Summer,No Holiday,Yes,1893
13470,2018-03-28,3,Wednesday,0,4,Dawn,10.6,77,0.9,422,6.7,0.0,0.0,0.0,0.0,Spring,No Holiday,Yes,104
17506,2018-08-05,8,Sunday,1,8,Early Morning,27.5,95,0.7,404,26.6,0.14,1.6,0.0,1.6,Summer,No Holiday,Yes,309
15777,2018-06-04,6,Monday,0,17,Afternoon,24.9,46,2.0,1855,12.4,0.91,0.0,0.0,0.0,Summer,No Holiday,Yes,2190
16978,2018-09-24,9,Monday,0,5,Dawn,14.4,66,0.3,2000,8.1,0.0,0.0,0.0,0.0,Autumn,Holiday,Yes,105
13101,2018-08-12,8,Sunday,1,22,Night,28.8,79,0.2,1604,24.7,0.0,0.0,0.0,0.0,Summer,No Holiday,Yes,1127
14250,2018-10-21,10,Sunday,1,9,Early Morning,10.5,56,1.2,1741,2.0,0.98,0.0,0.0,0.0,Autumn,No Holiday,Yes,679
10127,2018-04-22,4,Sunday,1,14,Afternoon,20.7,32,1.5,1996,3.3,0.69,0.0,0.0,0.0,Spring,No Holiday,Yes,384
15125,2018-02-20,2,Tuesday,0,6,Dawn,-2.1,82,1.8,381,-4.7,0.0,0.0,0.0,0.0,Winter,No Holiday,Yes,164
18250,2018-05-12,5,Saturday,1,9,Early Morning,11.8,95,1.0,168,11.0,0.14,3.0,0.0,3.0,Spring,No Holiday,Yes,16
10645,2018-05-12,5,Saturday,1,13,Afternoon,12.6,97,0.6,327,12.1,0.14,3.0,0.0,3.0,Spring,No Holiday,Yes,19
15562,2018-06-09,6,Saturday,1,21,Evening,22.4,72,1.5,1816,17.0,0.0,0.1,0.0,0.1,Summer,No Holiday,Yes,225
10221,2018-02-08,2,Thursday,0,12,Morning,-1.5,35,1.2,1551,-15.0,1.9,0.0,0.0,0.0,Winter,No Holiday,Yes,253
16460,2018-07-26,7,Thursday,0,0,Dawn,27.7,78,1.2,1341,23.5,0.0,0.0,0.0,0.0,Summer,No Holiday,Yes,939
12144,2018-03-23,3,Friday,0,23,Night,5.0,42,1.7,717,-6.8,0.0,0.0,0.0,0.0,Spring,No Holiday,Yes,422
13440,2018-04-11,4,Wednesday,0,9,Early Morning,11.8,59,2.1,975,4.0,1.44,0.0,0.0,0.0,Spring,No Holiday,No,0
11205,2018-04-26,4,Thursday,0,2,Dawn,11.9,57,1.0,1793,3.6,0.0,0.0,0.0,0.0,Spring,No Holiday,Yes,409
11329,2018-04-17,4,Tuesday,0,15,Afternoon,19.9,26,3.5,1628,-0.1,2.8,0.0,0.0,0.0,Spring,No Holiday,Yes,1120
13730,2018-06-27,6,Wednesday,0,2,Dawn,19.6,97,2.6,201,19.1,0.0,0.4,0.0,0.4,Summer,No Holiday,Yes,164
11904,2018-09-13,9,Thursday,0,20,Evening,24.6,62,0.9,2000,16.8,0.0,0.0,0.0,0.0,Autumn,No Holiday,Yes,2003
17203,2017-12-25,12,Monday,0,8,Early Morning,-4.9,44,3.0,2000,-15.3,0.0,0.0,0.0,0.0,Winter,Holiday,Yes,94
15884,2018-07-28,7,Saturday,1,20,Evening,29.2,82,0.4,1000,25.8,0.01,0.0,0.0,0.0,Summer,No Holiday,Yes,1095
16078,2018-01-19,1,Friday,0,19,Evening,2.0,48,1.8,1519,-7.8,0.0,0.0,0.0,0.0,Winter,No Holiday,Yes,471
14596,2018-08-11,8,Saturday,1,17,Afternoon,35.8,36,2.2,2000,18.3,1.58,0.0,0.0,0.0,Summer,No Holiday,Yes,1006
13989,2018-07-19,7,Thursday,0,15,Afternoon,33.7,41,2.5,1924,18.6,3.04,0.0,0.0,0.0,Summer,No Holiday,Yes,827
13938,2018-02-27,2,Tuesday,0,15,Afternoon,6.7,48,0.8,817,-3.5,0.39,0.0,0.0,0.0,Winter,No Holiday,Yes,402
14123,2018-11-13,11,Tuesday,0,16,Afternoon,14.2,37,2.0,1783,-0.3,0.91,0.0,0.0,0.0,Autumn,No Holiday,Yes,1188
16625,2018-08-02,8,Thursday,0,15,Afternoon,36.6,44,1.5,1771,22.3,1.13,0.0,0.0,0.0,Summer,No Holiday,Yes,605
16728,2018-11-29,11,Thursday,0,8,Early Morning,0.8,44,1.7,1439,-10.0,0.02,0.0,0.0,0.0,Autumn,No Holiday,Yes,1635
13380,2018-09-21,9,Friday,0,6,Dawn,17.6,95,1.7,974,16.7,0.0,1.5,0.0,1.5,Autumn,No Holiday,Yes,23
14323,2018-01-02,1,Tuesday,0,7,Early Morning,-3.2,69,0.5,1249,-8.0,0.0,0.0,0.0,0.0,Winter,No Holiday,Yes,344
13163,2018-03-29,3,Thursday,0,17,Afternoon,20.3,48,2.8,635,8.9,1.14,0.0,0.0,0.0,Spring,No Holiday,Yes,1194
16882,2018-10-25,10,Thursday,0,3,Dawn,9.1,79,0.2,1689,5.6,0.0,0.0,0.0,0.0,Autumn,No Holiday,Yes,266
13461,2017-12-30,12,Saturday,1,18,Evening,3.0,84,1.7,137,0.5,0.0,0.3,0.0,0.3,Winter,No Holiday,Yes,45
15057,2018-06-03,6,Sunday,1,2,Dawn,18.6,60,1.8,1841,10.6,0.0,0.0,0.0,0.0,Summer,No Holiday,Yes,673
15413,2018-07-03,7,Tuesday,0,20,Evening,28.8,72,0.9,2000,23.2,0.11,0.0,0.0,0.0,Summer,No Holiday,Yes,2398
13397,2018-07-15,7,Sunday,1,3,Dawn,24.8,86,0.2,1354,22.2,0.0,0.0,0.0,0.0,Summer,No Holiday,Yes,443
14601,2018-01-11,1,Thursday,0,9,Early Morning,-12.0,53,2.6,1781,-19.6,0.16,0.0,0.0,0.0,Winter,No Holiday,Yes,227
16074,2017-12-11,12,Monday,0,1,Dawn,-3.4,36,3.8,2000,-16.3,0.0,0.0,0.0,0.0,Winter,No Holiday,Yes,111
10409,2018-01-16,1,Tuesday,0,16,Afternoon,5.8,50,0.9,547,-3.8,0.11,0.0,0.0,0.0,Winter,No Holiday,Yes,277
12751,2018-01-26,1,Friday,0,6,Dawn,-17.4,40,1.6,2000,-27.7,0.0,0.0,0.05,0.05,Winter,No Holiday,Yes,64
11245,2017-12-24,12,Sunday,1,19,Evening,1.1,68,4.4,695,-4.1,0.0,0.0,0.0,0.0,Winter,Holiday,Yes,132
12435,2018-03-09,3,Friday,0,21,Evening,3.5,69,1.4,1177,-1.6,0.0,0.0,0.0,0.0,Spring,No Holiday,Yes,537
15497,2017-12-27,12,Wednesday,0,23,Night,-6.3,39,0.9,2000,-18.0,0.0,0.0,0.0,0.0,Winter,No Holiday,Yes,216
12094,2018-10-08,10,Monday,0,0,Dawn,12.3,44,0.8,2000,0.3,0.0,0.0,0.0,0.0,Autumn,No Holiday,Yes,711
17124,2018-09-13,9,Thursday,0,6,Dawn,20.3,71,1.6,2000,14.8,0.0,0.0,0.0,0.0,Autumn,No Holiday,Yes,655
10063,2018-08-02,8,Thursday,0,5,Dawn,30.7,57,0.9,2000,21.1,0.0,0.0,0.0,0.0,Summer,No Holiday,Yes,265
16607,2018-02-01,2,Thursday,0,11,Morning,-2.6,33,1.5,1830,-16.6,0.95,0.0,0.13999999999999999,0.13999999999999999,Winter,No Holiday,Yes,194
15648,2018-09-15,9,Saturday,1,8,Early Morning,21.7,78,0.3,2000,17.6,0.21,0.0,0.0,0.0,Autumn,No Holiday,Yes,829
18017,2018-11-23,11,Friday,0,9,Early Morning,-1.5,33,0.9,1962,-15.7,0.57,0.0,0.0,0.0,Autumn,No Holiday,Yes,800
11001,2017-12-06,12,Wednesday,0,22,Night,1.3,92,0.6,233,0.1,0.0,0.0,0.1,0.1,Winter,No Holiday,Yes,222
11732,2018-10-15,10,Monday,0,2,Dawn,11.8,82,0.7,1262,8.8,0.0,0.0,0.0,0.0,Autumn,No Holiday,Yes,272
12418,2018-05-08,5,Tuesday,0,12,Morning,21.5,44,2.1,1986,8.7,3.15,0.0,0.0,0.0,Spring,No Holiday,Yes,1135
10383,2018-11-25,11,Sunday,1,6,Dawn,1.7,95,0.7,220,0.9,0.0,0.0,0.25,0.25,Autumn,No Holiday,Yes,75
10331,2018-08-19,8,Sunday,1,19,Evening,29.7,55,2.5,2000,19.6,0.23,0.0,0.0,0.0,Summer,No Holiday,Yes,2186
14572,2017-12-25,12,Monday,0,17,Afternoon,-0.7,29,2.0,2000,-16.5,0.21,0.0,0.0,0.0,Winter,Holiday,Yes,260
11238,2018-06-04,6,Monday,0,2,Dawn,20.1,49,0.8,1978,9.0,0.0,0.0,0.0,0.0,Summer,No Holiday,Yes,351
15938,2018-06-15,6,Friday,0,15,Afternoon,26.7,40,1.6,1995,11.9,2.42,0.0,0.0,0.0,Summer,No Holiday,Yes,1461
18321,2018-07-11,7,Wednesday,0,19,Evening,28.2,72,1.6,1745,22.6,0.13,0.0,0.0,0.0,Summer,No Holiday,Yes,2328
18558,2017-12-23,12,Saturday,1,17,Afternoon,7.7,67,0.9,264,1.9,0.11,0.0,0.0,0.0,Winter,No Holiday,Yes,453
10266,2017-12-30,12,Saturday,1,1,Dawn,-0.5,83,0.7,244,-3.0,0.0,0.0,0.0,0.0,Winter,No Holiday,Yes,234
13988,2018-03-17,3,Saturday,1,13,Afternoon,10.9,32,1.2,1772,-5.1,2.22,0.0,0.0,0.0,Spring,No Holiday,Yes,1111
10521,2018-04-25,4,Wednesday,0,19,Evening,18.2,36,3.5,2000,2.8,0.29,0.0,0.0,0.0,Spring,No Holiday,Yes,1958
13700,2018-05-28,5,Monday,0,6,Dawn,16.2,0,0.5,1588,9.3,0.05,0.0,0.0,0.0,Spring,No Holiday,Yes,641
13245,2018-01-31,1,Wednesday,0,22,Night,-4.2,48,1.0,2000,-13.5,0.0,0.0,0.16,0.16,Winter,No Holiday,Yes,188
10064,2018-08-07,8,Tuesday,0,4,Dawn,27.3,68,0.7,2000,20.8,0.0,0.0,0.0,0.0,Summer,No Holiday,Yes,201
15079,2018-05-09,5,Wednesday,0,19,Evening,18.8,47,2.8,1988,7.2,0.4,0.0,0.0,0.0,Spring,No Holiday,Yes,2405
14415,2017-12-30,12,Saturday,1,23,Night,1.4,92,1.9,73,0.2,0.0,0.0,0.0,0.0,Winter,No Holiday,Yes,42
13958,2018-01-29,1,Monday,0,3,Dawn,-9.8,43,2.8,1963,-20.0,0.0,0.0,0.0,0.0,Winter,No Holiday,Yes,27
12333,2018-08-20,8,Monday,0,5,Dawn,25.7,68,0.8,1395,19.3,0.0,0.0,0.0,0.0,Summer,No Holiday,Yes,281
16681,2018-06-09,6,Saturday,1,10,Morning,25.8,49,1.3,1442,14.2,2.42,0.0,0.0,0.0,Summer,No Holiday,Yes,1156
13458,2018-04-06,4,Friday,0,18,Evening,5.9,43,5.3,859,-5.7,0.62,0.0,0.0,0.0,Spring,No Holiday,Yes,1114
10856,2017-12-14,12,Thursday,0,7,Early Morning,-10.9,57,1.1,1387,-17.7,0.0,0.0,0.0,0.0,Winter,No Holiday,Yes,279
13729,2018-08-10,8,Friday,0,2,Dawn,26.9,84,0.8,1007,23.9,0.0,0.0,0.0,0.0,Summer,No Holiday,Yes,484
10528,2017-12-28,12,Thursday,0,23,Night,0.1,63,1.1,1003,-6.1,0.0,0.0,0.0,0.0,Winter,No Holiday,Yes,260
15617,2018-05-27,5,Sunday,1,20,Evening,20.6,41,2.3,1788,6.8,0.09,0.0,0.0,0.0,Spring,No Holiday,Yes,2044
13224,2018-03-10,3,Saturday,1,9,Early Morning,2.7,71,1.3,418,-2.0,0.3,0.0,0.0,0.0,Spring,No Holiday,Yes,381
14721,2018-09-24,9,Monday,0,4,Dawn,14.9,68,0.9,2000,9.0,0.0,0.0,0.0,0.0,Autumn,Holiday,Yes,141
16297,2018-07-04,7,Wednesday,0,5,Dawn,24.2,86,0.2,2000,21.7,0.0,0.0,0.0,0.0,Summer,No Holiday,Yes,316
18011,2018-08-26,8,Sunday,1,6,Dawn,20.4,88,0.6,1064,18.3,0.0,0.0,0.0,0.0,Summer,No Holiday,Yes,243
13123,2018-08-23,8,Thursday,0,22,Night,26.6,84,1.7,1815,23.6,0.0,1.5,0.0,1.5,Summer,No Holiday,Yes,215
18156,2018-08-28,8,Tuesday,0,1,Dawn,23.1,94,0.6,2000,22.0,0.0,0.0,0.0,0.0,Summer,No Holiday,Yes,653
18640,2018-09-22,9,Saturday,1,19,Evening,21.3,43,2.8,2000,8.2,0.02,0.0,0.0,0.0,Autumn,No Holiday,Yes,1743
14494,2018-10-13,10,Saturday,1,12,Morning,16.6,36,0.7,1442,1.4,2.45,0.0,0.0,0.0,Autumn,No Holiday,Yes,1402
16296,2018-10-02,10,Tuesday,0,7,Early Morning,10.4,81,0.3,1956,7.2,0.02,0.0,0.0,0.0,Autumn,No Holiday,No,0
16554,2018-07-01,7,Sunday,1,18,Evening,22.2,96,1.2,673,21.5,0.09,3.5,0.0,3.5,Summer,No Holiday,Yes,17
16795,2018-08-11,8,Saturday,1,6,Dawn,26.5,69,0.8,2000,20.3,0.0,0.0,0.0,0.0,Summer,No Holiday,Yes,355
12801,2018-06-06,6,Wednesday,0,23,Night,20.1,77,3.1,797,15.9,0.0,0.0,0.0,0.0,Summer,Holiday,Yes,1251
13849,2018-08-08,8,Wednesday,0,5,Dawn,27.9,84,0.0,1172,24.9,0.0,0.0,0.0,0.0,Summer,No Holiday,Yes,260
18709,2017-12-04,12,Monday,0,11,Morning,-0.5,41,4.1,1799,-12.1,0.94,0.0,0.0,0.0,Winter,No Holiday,Yes,379
16471,2018-06-14,6,Thursday,0,7,Early Morning,19.4,97,0.9,272,18.9,0.0,13.5,0.0,13.5,Summer,No Holiday,Yes,94
11092,2018-03-21,3,Wednesday,0,5,Dawn,1.3,40,2.3,2000,-10.8,0.0,0.0,0.0,0.0,Spring,No Holiday,Yes,80
13831,2018-10-29,10,Monday,0,2,Dawn,4.7,81,1.0,1918,1.7,0.0,0.0,0.0,0.0,Autumn,No Holiday,Yes,184
14042,2018-05-20,5,Sunday,1,19,Evening,20.8,24,2.0,2000,-0.5,0.56,0.0,0.0,0.0,Spring,No Holiday,Yes,2145
12044,2018-05-19,5,Saturday,1,2,Dawn,11.1,74,1.9,2000,6.6,0.0,0.0,0.0,0.0,Spring,No Holiday,Yes,526
14343,2018-02-28,2,Wednesday,0,3,Dawn,5.3,55,1.7,488,-3.0,0.0,0.0,0.0,0.0,Winter,No Holiday,Yes,116
12796,2018-01-06,1,Saturday,1,13,Afternoon,0.9,28,2.4,1895,-15.6,1.18,0.0,0.0,0.0,Winter,No Holiday,Yes,356
16601,2018-01-26,1,Friday,0,5,Dawn,-16.9,38,2.3,2000,-27.9,0.0,0.0,0.05,0.05,Winter,No Holiday,Yes,36
13670,2017-12-27,12,Wednesday,0,7,Early Morning,-10.1,38,2.3,2000,-21.7,0.0,0.0,0.0,0.0,Winter,No Holiday,Yes,262
15723,2018-01-16,1,Tuesday,0,4,Dawn,0.8,65,0.7,502,-5.0,0.0,0.0,0.0,0.0,Winter,No Holiday,Yes,51
18007,2018-11-07,11,Wednesday,0,19,Evening,13.8,81,1.5,760,10.5,0.0,0.0,0.0,0.0,Autumn,No Holiday,Yes,1176
11259,2018-02-12,2,Monday,0,0,Dawn,-7.7,52,3.2,1982,-15.8,0.0,0.0,0.0,0.0,Winter,No Holiday,Yes,103
12028,2018-06-29,6,Friday,0,22,Night,24.2,80,1.3,500,20.5,0.0,0.0,0.0,0.0,Summer,No Holiday,Yes,2103
11627,2017-12-18,12,Monday,0,11,Morning,-2.9,85,1.2,243,-5.0,0.06,0.0,0.48,0.48,Winter,No Holiday,Yes,44
11147,2018-01-04,1,Thursday,0,3,Dawn,-7.4,54,1.7,1968,-15.1,0.0,0.0,0.0,0.0,Winter,No Holiday,Yes,57
12245,2018-11-18,11,Sunday,1,20,Evening,7.4,50,0.7,1499,-2.3,0.0,0.0,0.0,0.0,Autumn,No Holiday,Yes,719
15511,2018-05-09,5,Wednesday,0,1,Dawn,11.3,58,1.3,2000,3.3,0.0,0.0,0.0,0.0,Spring,No Holiday,Yes,34
13736,2018-05-04,5,Friday,0,2,Dawn,9.6,65,1.5,1654,3.3,0.0,0.0,0.0,0.0,Spring,No Holiday,Yes,352
18034,2018-05-21,5,Monday,0,9,Early Morning,17.7,27,1.3,2000,-1.5,2.02,0.0,0.0,0.0,Spring,No Holiday,Yes,1118
12591,2018-10-27,10,Saturday,1,20,Evening,7.6,44,4.2,2000,-3.8,0.0,0.0,0.0,0.0,Autumn,No Holiday,Yes,775
10468,2018-07-21,7,Saturday,1,23,Night,28.8,56,1.6,2000,19.1,0.0,0.0,0.0,0.0,Summer,No Holiday,Yes,1288
10325,2018-01-18,1,Thursday,0,5,Dawn,2.6,82,2.0,229,-0.1,0.0,0.0,0.0,0.0,Winter,No Holiday,Yes,68
17125,2018-05-29,5,Tuesday,0,12,Morning,23.1,64,2.6,1250,15.9,1.35,0.0,0.0,0.0,Spring,No Holiday,Yes,1184
14049,2018-09-27,9,Thursday,0,17,Afternoon,24.3,31,1.5,2000,6.0,1.17,0.0,0.0,0.0,Autumn,No Holiday,Yes,2189
17586,2018-04-29,4,Sunday,1,14,Afternoon,21.6,28,3.3,1172,2.2,2.93,0.0,0.0,0.0,Spring,No Holiday,Yes,1814
12757,2018-01-27,1,Saturday,1,17,Afternoon,-4.6,26,1.9,2000,-21.2,0.39,0.0,0.0,0.0,Winter,No Holiday,Yes,207
15443,2018-09-28,9,Friday,0,0,Dawn,17.1,52,1.4,2000,7.1,0.0,0.0,0.0,0.0,Autumn,No Holiday,No,0
18487,2018-03-17,3,Saturday,1,15,Afternoon,13.2,23,2.8,1696,-7.5,2.52,0.0,0.0,0.0,Spring,No Holiday,Yes,1514
14797,2018-05-30,5,Wednesday,0,15,Afternoon,24.3,52,3.0,1447,13.8,2.55,0.0,0.0,0.0,Spring,No Holiday,Yes,1280
17360,2018-09-27,9,Thursday,0,14,Afternoon,24.6,34,1.5,2000,7.6,2.74,0.0,0.0,0.0,Autumn,No Holiday,Yes,1305
18175,2018-06-05,6,Tuesday,0,23,Night,21.9,56,0.7,1898,12.7,0.0,0.0,0.0,0.0,Summer,No Holiday,Yes,1646
18605,2018-05-29,5,Tuesday,0,22,Night,19.9,85,1.7,559,17.2,0.0,0.0,0.0,0.0,Spring,No Holiday,Yes,1121
10991,2018-05-15,5,Tuesday,0,16,Afternoon,28.8,37,2.4,1629,12.6,1.44,0.0,0.0,0.0,Spring,No Holiday,Yes,1458
12179,2018-09-01,9,Saturday,1,3,Dawn,21.6,87,0.3,1579,19.3,0.0,0.0,0.0,0.0,Autumn,No Holiday,Yes,514
18459,2018-04-13,4,Friday,0,19,Evening,16.9,19,0.5,2000,-6.9,0.06,0.0,0.0,0.0,Spring,No Holiday,Yes,1641
17446,2018-03-18,3,Sunday,1,6,Dawn,5.7,54,1.7,1208,-2.9,0.0,0.0,0.0,0.0,Spring,No Holiday,Yes,73
16160,2018-07-21,7,Saturday,1,14,Afternoon,36.3,34,1.3,1493,17.9,3.17,0.0,0.0,0.0,Summer,No Holiday,Yes,682
13342,2018-10-29,10,Monday,0,19,Evening,8.1,53,3.7,2000,-0.9,0.0,0.0,0.0,0.0,Autumn,No Holiday,Yes,1377
12653,2017-12-23,12,Saturday,1,7,Early Morning,5.1,82,0.7,334,2.2,0.0,0.0,0.0,0.0,Winter,No Holiday,Yes,99
13620,2017-12-31,12,Sunday,1,7,Early Morning,-1.8,86,1.7,367,-3.8,0.0,0.0,0.12,0.12,Winter,Holiday,Yes,39
15984,2018-07-24,7,Tuesday,0,3,Dawn,28.2,65,0.3,1999,20.9,0.0,0.0,0.0,0.0,Summer,No Holiday,Yes,332
18038,2018-10-20,10,Saturday,1,19,Evening,14.6,48,1.9,1998,3.6,0.0,0.0,0.0,0.0,Autumn,No Holiday,Yes,1407
12834,2018-06-16,6,Saturday,1,9,Early Morning,20.4,54,1.5,2000,10.7,1.88,0.0,0.0,0.0,Summer,No Holiday,Yes,1144
14696,2018-04-24,4,Tuesday,0,22,Night,10.4,43,0.7,2000,-1.6,0.0,0.0,0.0,0.0,Spring,No Holiday,Yes,1215
10703,2018-06-29,6,Friday,0,21,Evening,25.2,75,1.4,644,20.4,0.0,0.0,0.0,0.0,Summer,No Holiday,Yes,2225
16922,2018-05-24,5,Thursday,0,20,Evening,20.0,46,2.6,1414,8.0,0.05,0.0,0.0,0.0,Spring,No Holiday,Yes,1902
12726,2018-07-04,7,Wednesday,0,19,Evening,28.2,64,2.8,1978,20.7,0.5,0.0,0.0,0.0,Summer,No Holiday,Yes,2637
16510,2018-04-13,4,Friday,0,9,Early Morning,13.2,22,1.1,2000,-8.0,0.93,0.0,0.0,0.0,Spring,No Holiday,Yes,982
12926,2018-08-14,8,Tuesday,0,18,Evening,33.7,53,2.4,2000,22.7,0.78,0.0,0.0,0.0,Summer,No Holiday,Yes,2305
12598,2018-05-22,5,Tuesday,0,10,Morning,20.7,55,1.8,1698,11.3,1.43,0.0,0.0,0.0,Spring,Holiday,Yes,1119
16529,2018-10-27,10,Saturday,1,8,Early Morning,7.7,62,2.4,1985,0.8,0.23,0.0,0.0,0.0,Autumn,No Holiday,Yes,713
17640,2018-09-18,9,Tuesday,0,7,Early Morning,17.8,76,0.5,1729,13.5,0.08,0.0,0.0,0.0,Autumn,No Holiday,No,0
12121,2018-05-28,5,Monday,0,15,Afternoon,28.4,43,3.1,900,14.6,2.28,0.0,0.0,0.0,Spring,No Holiday,Yes,1258
18623,2018-05-23,5,Wednesday,0,10,Morning,17.9,56,3.3,1919,8.9,2.63,0.0,0.0,0.0,Spring,No Holiday,Yes,871
13019,2018-10-20,10,Saturday,1,15,Afternoon,21.3,24,1.5,1832,-0.1,1.91,0.0,0.0,0.0,Autumn,No Holiday,Yes,1760
16916,2018-11-02,11,Friday,0,12,Morning,14.9,40,1.1,1288,1.4,2.06,0.0,0.0,0.0,Autumn,No Holiday,Yes,1023
13531,2018-11-08,11,Thursday,0,1,Dawn,11.9,77,1.1,1634,7.9,0.0,0.0,0.0,0.0,Autumn,No Holiday,Yes,158
13181,2018-11-11,11,Sunday,1,2,Dawn,7.9,85,1.1,275,5.5,0.0,0.0,0.0,0.0,Autumn,No Holiday,Yes,370
17420,2018-04-11,4,Wednesday,0,4,Dawn,10.2,83,3.5,554,7.4,0.0,0.0,0.0,0.0,Spring,No Holiday,No,0
12558,2017-12-20,12,Wednesday,0,9,Early Morning,-6.7,62,1.1,1749,-12.7,0.09,0.0,0.2,0.2,Winter,No Holiday,Yes,239
13656,2018-11-23,11,Friday,0,10,Morning,1.3,27,0.9,1856,-15.6,1.13,0.0,0.0,0.0,Autumn,No Holiday,Yes,582
13833,2018-05-23,5,Wednesday,0,14,Afternoon,22.0,33,3.4,1966,4.9,3.41,0.0,0.0,0.0,Spring,No Holiday,Yes,1183
11826,2018-04-12,4,Thursday,0,15,Afternoon,19.4,24,3.9,2000,-1.7,2.86,0.0,0.0,0.0,Spring,No Holiday,Yes,1074
14515,2018-05-25,5,Friday,0,23,Night,17.6,55,0.5,1362,8.4,0.0,0.0,0.0,0.0,Spring,No Holiday,Yes,1209
13680,2018-09-19,9,Wednesday,0,6,Dawn,19.0,76,0.3,1488,14.6,0.0,0.0,0.0,0.0,Autumn,No Holiday,No,0
18332,2018-08-21,8,Tuesday,0,18,Evening,30.3,56,1.7,2000,20.5,0.8,0.0,0.0,0.0,Summer,No Holiday,Yes,2830
16189,2017-12-23,12,Saturday,1,8,Early Morning,5.1,83,0.9,297,2.4,0.0,0.0,0.0,0.0,Winter,No Holiday,Yes,188
11966,2018-08-24,8,Friday,0,3,Dawn,24.8,87,2.2,1286,22.4,0.0,1.0,0.0,1.0,Summer,No Holiday,Yes,62
17301,2018-09-24,9,Monday,0,16,Afternoon,22.0,31,2.7,2000,4.0,1.87,0.0,0.0,0.0,Autumn,Holiday,Yes,1433
12777,2018-07-14,7,Saturday,1,0,Dawn,25.7,85,0.4,1519,22.9,0.0,0.0,0.0,0.0,Summer,No Holiday,Yes,1169
12148,2018-10-26,10,Friday,0,22,Night,10.5,72,2.4,2000,5.6,0.0,0.0,0.0,0.0,Autumn,No Holiday,Yes,680
10532,2018-04-24,4,Tuesday,0,1,Dawn,10.1,83,1.6,2000,7.3,0.0,0.0,0.0,0.0,Spring,No Holiday,Yes,157
10648,2018-10-18,10,Thursday,0,14,Afternoon,18.7,39,1.3,2000,4.4,1.66,0.0,0.0,0.0,Autumn,No Holiday,Yes,1122
17735,2018-07-13,7,Friday,0,12,Morning,28.3,68,1.9,1546,21.8,1.35,0.0,0.0,0.0,Summer,No Holiday,Yes,1013
11681,2018-04-02,4,Monday,0,18,Evening,20.7,54,4.1,1484,11.0,0.5,0.0,0.0,0.0,Spring,No Holiday,Yes,2401
13475,2018-04-05,4,Thursday,0,18,Evening,7.6,96,2.0,660,6.9,0.04,0.0,0.0,0.0,Spring,No Holiday,Yes,75
13646,2018-09-24,9,Monday,0,21,Evening,16.8,58,1.2,2000,8.4,0.0,0.0,0.0,0.0,Autumn,Holiday,Yes,1145
13071,2018-10-21,10,Sunday,1,23,Night,11.8,56,0.0,1655,3.2,0.0,0.0,0.0,0.0,Autumn,No Holiday,Yes,724
16727,2018-10-26,10,Friday,0,14,Afternoon,12.7,95,1.9,255,11.9,0.09,5.5,0.0,5.5,Autumn,No Holiday,Yes,147
15440,2017-12-04,12,Monday,0,22,Night,-5.3,45,2.5,2000,-15.3,0.0,0.0,0.0,0.0,Winter,No Holiday,Yes,353
12190,2018-06-28,6,Thursday,0,3,Dawn,22.4,86,0.6,618,19.9,0.0,0.0,0.0,0.0,Summer,No Holiday,Yes,344
13373,2018-10-01,10,Monday,0,15,Afternoon,19.0,40,3.8,1983,5.0,1.96,0.0,0.0,0.0,Autumn,No Holiday,Yes,1258
13538,2018-01-03,1,Wednesday,0,0,Dawn,-4.3,38,1.4,2000,-16.5,0.0,0.0,0.0,0.0,Winter,No Holiday,Yes,160
12080,2018-02-21,2,Wednesday,0,17,Afternoon,3.1,14,3.7,2000,-21.9,1.0,0.0,0.0,0.0,Winter,No Holiday,Yes,469
13444,2018-09-01,9,Saturday,1,0,Dawn,23.2,83,0.5,1887,20.1,0.0,0.0,0.0,0.0,Autumn,No Holiday,Yes,1075
12705,2018-05-31,5,Thursday,0,17,Afternoon,27.2,42,2.9,1828,13.1,1.79,0.0,0.0,0.0,Spring,No Holiday,Yes,2047
10909,2018-08-12,8,Sunday,1,1,Dawn,29.4,58,1.5,2000,20.2,0.0,0.0,0.0,0.0,Summer,No Holiday,Yes,703
16351,2018-08-13,8,Monday,0,4,Dawn,27.1,91,0.9,585,25.4,0.0,0.0,0.0,0.0,Summer,No Holiday,Yes,151
14379,2018-10-06,10,Saturday,1,18,Evening,20.5,66,1.2,2000,13.9,0.16,0.0,0.0,0.0,Autumn,No Holiday,Yes,2012
16081,2018-10-16,10,Tuesday,0,15,Afternoon,19.9,31,2.0,1613,2.2,1.57,0.0,0.0,0.0,Autumn,No Holiday,Yes,1203
10664,2018-07-19,7,Thursday,0,4,Dawn,24.0,87,0.9,582,21.6,0.0,0.0,0.0,0.0,Summer,No Holiday,Yes,231
18755,2018-06-06,6,Wednesday,0,6,Dawn,18.5,73,1.1,1028,13.5,0.06,0.0,0.0,0.0,Summer,Holiday,Yes,351
15597,2017-12-04,12,Monday,0,0,Dawn,4.2,88,0.6,216,2.3,0.0,0.0,0.0,0.0,Winter,No Holiday,Yes,285
10461,2018-09-19,9,Wednesday,0,1,Dawn,20.5,64,0.4,2000,13.4,0.0,0.0,0.0,0.0,Autumn,No Holiday,No,0
11556,2018-04-13,4,Friday,0,4,Dawn,9.7,29,1.8,2000,-7.5,0.0,0.0,0.0,0.0,Spring,No Holiday,Yes,112
16863,2018-01-03,1,Wednesday,0,15,Afternoon,-1.1,29,2.8,1976,-16.9,0.96,0.0,0.0,0.0,Winter,No Holiday,Yes,286
18055,2017-12-06,12,Wednesday,0,13,Afternoon,4.2,47,1.1,1469,-6.1,1.1,0.0,0.0,0.0,Winter,No Holiday,Yes,442
14002,2018-10-04,10,Thursday,0,8,Early Morning,13.9,68,0.9,1912,8.0,0.34,0.0,0.0,0.0,Autumn,No Holiday,No,0
10900,2018-09-19,9,Wednesday,0,17,Afternoon,25.0,44,1.3,1883,11.8,0.36,0.0,0.0,0.0,Autumn,No Holiday,No,0
15540,2018-04-16,4,Monday,0,23,Night,9.7,33,0.4,2000,-5.8,0.0,0.0,0.0,0.0,Spring,No Holiday,Yes,733
17917,2018-05-11,5,Friday,0,8,Early Morning,13.1,78,1.2,330,9.3,0.41,0.0,0.0,0.0,Spring,No Holiday,Yes,1881
15733,2018-08-13,8,Monday,0,7,Early Morning,27.0,86,0.9,718,24.4,0.22,0.0,0.0,0.0,Summer,No Holiday,Yes,1065
17905,2018-04-05,4,Thursday,0,13,Afternoon,7.7,95,1.9,442,6.9,0.4,0.0,0.0,0.0,Spring,No Holiday,Yes,84
10779,2017-12-21,12,Thursday,0,3,Dawn,-2.9,89,1.3,288,-4.4,0.0,0.0,0.22000000000000003,0.22000000000000003,Winter,No Holiday,Yes,79
12596,2018-11-12,11,Monday,0,23,Night,6.9,60,0.8,1610,-0.3,0.0,0.0,0.0,0.0,Autumn,No Holiday,Yes,702
12007,2018-09-08,9,Saturday,1,9,Early Morning,19.9,51,0.6,1906,9.4,1.46,0.0,0.0,0.0,Autumn,No Holiday,Yes,956
12411,2018-07-08,7,Sunday,1,14,Afternoon,27.1,41,1.4,1941,12.7,3.24,0.0,0.0,0.0,Summer,No Holiday,Yes,1517
10045,2018-11-11,11,Sunday,1,20,Evening,8.2,53,0.6,1621,-0.8,0.0,0.0,0.0,0.0,Autumn,No Holiday,Yes,711
10243,2018-11-23,11,Friday,0,3,Dawn,-1.2,45,1.1,2000,-11.6,0.0,0.0,0.0,0.0,Autumn,No Holiday,Yes,191
18429,2018-04-01,4,Sunday,1,9,Early Morning,13.5,66,1.8,934,7.2,0.16,0.0,0.0,0.0,Spring,No Holiday,Yes,485
11630,2017-12-18,12,Monday,0,15,Afternoon,1.6,73,0.9,421,-2.7,0.6,0.0,0.32,0.32,Winter,No Holiday,Yes,137
14223,2018-04-13,4,Friday,0,5,Dawn,9.1,34,0.9,2000,-5.9,0.0,0.0,0.0,0.0,Spring,No Holiday,Yes,156
10462,2018-10-19,10,Friday,0,11,Morning,16.4,35,1.1,2000,0.8,2.13,0.0,0.0,0.0,Autumn,No Holiday,Yes,981
15208,2018-03-18,3,Sunday,1,4,Dawn,5.6,55,0.4,1115,-2.7,0.0,0.0,0.0,0.0,Spring,No Holiday,Yes,106
14272,2018-06-01,6,Friday,0,7,Early Morning,18.1,64,0.6,923,11.1,0.47,0.0,0.0,0.0,Summer,No Holiday,Yes,1421
11296,2018-07-02,7,Monday,0,18,Evening,24.9,87,1.9,1742,22.5,0.25,0.0,0.0,0.0,Summer,No Holiday,Yes,832
10727,2018-11-04,11,Sunday,1,10,Morning,11.1,51,0.8,679,1.3,1.38,0.0,0.0,0.0,Autumn,No Holiday,Yes,747
16479,2018-04-16,4,Monday,0,3,Dawn,6.4,67,1.4,1668,0.7,0.0,0.0,0.0,0.0,Spring,No Holiday,Yes,107
10375,2018-06-24,6,Sunday,1,14,Afternoon,31.6,34,2.9,1050,13.8,3.12,0.0,0.0,0.0,Summer,No Holiday,Yes,1064
14828,2018-03-25,3,Sunday,1,19,Evening,12.6,59,2.5,384,4.7,0.08,0.0,0.0,0.0,Spring,No Holiday,Yes,571
15674,2018-07-09,7,Monday,0,19,Evening,20.4,94,1.1,1769,19.3,0.14,0.5,0.0,0.5,Summer,No Holiday,Yes,68
12208,2018-06-04,6,Monday,0,9,Early Morning,23.3,37,0.4,1336,7.7,1.28,0.0,0.0,0.0,Summer,No Holiday,Yes,1243
12519,2018-09-21,9,Friday,0,18,Evening,20.9,77,0.6,2000,16.7,0.23,0.0,0.0,0.0,Autumn,No Holiday,Yes,2235
13268,2018-07-22,7,Sunday,1,1,Dawn,27.3,60,0.8,2000,18.8,0.0,0.0,0.0,0.0,Summer,No Holiday,Yes,772
12063,2018-09-21,9,Friday,0,2,Dawn,19.1,78,1.3,2000,15.1,0.0,0.0,0.0,0.0,Autumn,No Holiday,Yes,122
14197,2018-08-18,8,Saturday,1,14,Afternoon,31.0,31,1.8,1999,11.8,2.8,0.0,0.0,0.0,Summer,No Holiday,Yes,1121
12874,2018-02-15,2,Thursday,0,15,Afternoon,3.8,17,3.2,2000,-19.0,1.97,0.0,0.0,0.0,Winter,Holiday,Yes,276
12403,2018-03-11,3,Sunday,1,8,Early Morning,2.8,82,1.2,240,0.0,0.19,0.0,0.0,0.0,Spring,No Holiday,Yes,212
10937,2018-05-15,5,Tuesday,0,19,Evening,26.9,49,0.9,1063,15.2,0.1,0.0,0.0,0.0,Spring,No Holiday,Yes,2248
15143,2018-07-07,7,Saturday,1,4,Dawn,20.0,63,1.8,2000,12.7,0.0,0.0,0.0,0.0,Summer,No Holiday,Yes,331
10542,2018-07-20,7,Friday,0,18,Evening,33.9,42,2.0,1969,19.1,1.25,0.0,0.0,0.0,Summer,No Holiday,Yes,2419
11187,2018-07-30,7,Monday,0,2,Dawn,28.0,57,1.2,2000,18.6,0.0,0.0,0.0,0.0,Summer,No Holiday,Yes,363
14282,2018-03-31,3,Saturday,1,8,Early Morning,10.4,65,0.8,979,4.0,0.41,0.0,0.0,0.0,Spring,No Holiday,Yes,489
14621,2018-07-23,7,Monday,0,1,Dawn,30.0,52,1.5,1774,19.0,0.0,0.0,0.0,0.0,Summer,No Holiday,Yes,542
10205,2018-01-22,1,Monday,0,13,Afternoon,3.9,33,0.6,1249,-10.9,0.19,0.0,0.0,0.0,Winter,No Holiday,Yes,281
17973,2018-09-15,9,Saturday,1,10,Morning,24.4,65,1.6,1972,17.3,1.42,0.0,0.0,0.0,Autumn,No Holiday,Yes,1017
10449,2018-01-16,1,Tuesday,0,15,Afternoon,6.3,40,0.3,498,-6.3,0.19,0.0,0.0,0.0,Winter,No Holiday,Yes,250
14338,2018-11-16,11,Friday,0,18,Evening,9.9,74,2.6,492,5.4,0.0,0.0,0.0,0.0,Autumn,No Holiday,Yes,1956
14257,2018-10-27,10,Saturday,1,2,Dawn,9.5,58,3.0,2000,1.6,0.0,0.0,0.0,0.0,Autumn,No Holiday,Yes,478
17530,2018-06-22,6,Friday,0,23,Night,22.9,34,1.1,1810,6.1,0.0,0.0,0.0,0.0,Summer,No Holiday,Yes,1648
13329,2018-01-31,1,Wednesday,0,1,Dawn,-1.6,81,1.1,1141,-4.4,0.0,0.0,0.35,0.35,Winter,No Holiday,Yes,96
10252,2018-02-16,2,Friday,0,1,Dawn,-3.6,35,2.0,1943,-16.8,0.0,0.0,0.0,0.0,Winter,Holiday,Yes,77
14402,2018-03-24,3,Saturday,1,20,Evening,7.1,83,3.3,203,4.4,0.0,0.0,0.0,0.0,Spring,No Holiday,Yes,513
15929,2018-10-10,10,Wednesday,0,4,Dawn,14.3,92,2.0,714,13.0,0.0,0.0,0.0,0.0,Autumn,No Holiday,Yes,82
12594,2017-12-07,12,Thursday,0,4,Dawn,1.6,92,0.7,119,0.4,0.0,0.0,0.09,0.09,Winter,No Holiday,Yes,62
10270,2017-12-12,12,Tuesday,0,21,Evening,-8.8,43,1.4,1999,-19.1,0.0,0.0,0.0,0.0,Winter,No Holiday,Yes,270
13869,2018-03-09,3,Friday,0,16,Afternoon,9.6,38,1.7,1052,-4.0,1.71,0.0,0.0,0.0,Spring,No Holiday,Yes,686
15819,2018-11-04,11,Sunday,1,0,Dawn,9.1,63,0.6,1292,2.4,0.0,0.0,0.0,0.0,Autumn,No Holiday,Yes,720
18099,2018-01-30,1,Tuesday,0,7,Early Morning,-11.3,57,0.9,1984,-18.1,0.0,0.0,0.0,0.0,Winter,No Holiday,Yes,214
10083,2018-05-14,5,Monday,0,7,Early Morning,12.6,85,0.4,292,10.1,0.23,0.0,0.0,0.0,Spring,No Holiday,Yes,1251
16385,2018-08-12,8,Sunday,1,3,Dawn,28.5,62,1.6,2000,20.5,0.0,0.0,0.0,0.0,Summer,No Holiday,Yes,387
18202,2018-02-03,2,Saturday,1,4,Dawn,-5.6,74,4.0,387,-9.5,0.0,0.0,0.02,0.02,Winter,No Holiday,Yes,35
15185,2018-07-01,7,Sunday,1,4,Dawn,22.7,85,0.7,1547,20.0,0.0,0.0,0.0,0.0,Summer,No Holiday,Yes,211
17065,2018-04-16,4,Monday,0,13,Afternoon,16.6,30,2.3,1876,-1.0,3.21,0.0,0.0,0.0,Spring,No Holiday,Yes,973
17128,2018-10-05,10,Friday,0,1,Dawn,18.6,66,1.7,2000,12.1,0.0,0.0,0.0,0.0,Autumn,No Holiday,Yes,735
13480,2018-02-08,2,Thursday,0,23,Night,-4.3,44,0.7,1247,-14.7,0.0,0.0,0.0,0.0,Winter,No Holiday,Yes,195
15918,2018-10-22,10,Monday,0,16,Afternoon,19.7,34,1.6,688,3.3,0.88,0.0,0.0,0.0,Autumn,No Holiday,Yes,1464
12510,2018-10-22,10,Monday,0,22,Night,12.7,60,0.0,680,5.1,0.0,0.0,0.0,0.0,Autumn,No Holiday,Yes,1360
17433,2018-02-19,2,Monday,0,11,Morning,4.3,44,2.3,1091,-6.9,1.77,0.0,0.0,0.0,Winter,No Holiday,Yes,314
13673,2018-01-28,1,Sunday,1,3,Dawn,-7.7,49,1.8,1573,-16.5,0.0,0.0,0.0,0.0,Winter,No Holiday,Yes,67
16567,2018-06-17,6,Sunday,1,0,Dawn,21.5,76,1.4,1015,17.0,0.0,0.0,0.0,0.0,Summer,No Holiday,Yes,1394
17561,2018-10-07,10,Sunday,1,14,Afternoon,20.2,42,2.8,1832,6.8,1.87,0.0,0.0,0.0,Autumn,No Holiday,Yes,1987
11146,2018-11-29,11,Thursday,0,2,Dawn,2.1,28,0.4,1981,-14.5,0.0,0.0,0.0,0.0,Autumn,No Holiday,Yes,319
13200,2018-04-14,4,Saturday,1,1,Dawn,14.1,25,1.8,2000,-5.6,0.0,0.0,0.0,0.0,Spring,No Holiday,Yes,513
13178,2018-06-11,6,Monday,0,0,Dawn,20.3,58,1.4,2000,11.7,0.0,0.0,0.0,0.0,Summer,No Holiday,Yes,918
10541,2018-06-30,6,Saturday,1,10,Morning,25.1,73,0.9,358,19.9,0.66,0.0,0.0,0.0,Summer,No Holiday,Yes,933
16070,2018-05-18,5,Friday,0,23,Night,13.2,68,1.8,2000,7.4,0.0,0.0,0.0,0.0,Spring,No Holiday,Yes,864
11171,2018-09-07,9,Friday,0,12,Morning,24.2,50,3.8,2000,13.1,2.85,0.0,0.0,0.0,Autumn,No Holiday,Yes,1213
10951,2018-06-08,6,Friday,0,17,Afternoon,26.9,49,2.3,1210,15.2,1.72,0.0,0.0,0.0,Summer,No Holiday,Yes,2314
11995,2018-11-28,11,Wednesday,0,11,Morning,5.7,15,1.1,1419,-19.0,0.98,0.0,0.0,0.0,Autumn,No Holiday,Yes,608
11308,2018-11-03,11,Saturday,1,11,Morning,14.5,42,1.6,890,1.7,1.85,0.0,0.0,0.0,Autumn,No Holiday,No,0
11153,2018-03-28,3,Wednesday,0,21,Evening,14.2,70,0.8,723,8.7,0.0,0.0,0.0,0.0,Spring,No Holiday,Yes,1035
11899,2018-02-16,2,Friday,0,20,Evening,0.2,61,1.9,1956,-6.4,0.0,0.0,0.0,0.0,Winter,Holiday,Yes,150
17404,2018-09-11,9,Tuesday,0,23,Night,20.9,53,1.8,2000,10.9,0.0,0.0,0.0,0.0,Autumn,No Holiday,Yes,1240
15474,2017-12-11,12,Monday,0,18,Evening,-7.9,43,3.3,2000,-18.3,0.0,0.0,0.0,0.0,Winter,No Holiday,Yes,557
15773,2018-05-30,5,Wednesday,0,22,Night,17.3,76,1.7,801,13.0,0.0,0.0,0.0,0.0,Spring,No Holiday,Yes,1732
17595,2018-09-06,9,Thursday,0,4,Dawn,21.6,87,0.4,951,19.3,0.0,0.0,0.0,0.0,Autumn,No Holiday,Yes,215
16715,2018-08-22,8,Wednesday,0,5,Dawn,23.4,82,0.4,2000,20.1,0.0,0.0,0.0,0.0,Summer,No Holiday,Yes,289
13386,2018-08-04,8,Saturday,1,13,Afternoon,33.6,54,3.7,1754,23.0,2.56,0.0,0.0,0.0,Summer,No Holiday,Yes,703
13419,2018-11-25,11,Sunday,1,3,Dawn,2.6,88,0.9,319,0.8,0.0,0.0,0.27999999999999997,0.27999999999999997,Autumn,No Holiday,Yes,184
15911,2018-01-30,1,Tuesday,0,10,Morning,-7.5,42,0.9,1705,-18.2,0.55,0.0,0.0,0.0,Winter,No Holiday,Yes,170
13215,2018-04-14,4,Saturday,1,10,Morning,7.7,94,1.0,685,6.7,0.28,1.5,0.0,1.5,Spring,No Holiday,Yes,43
15021,2018-07-19,7,Thursday,0,8,Early Morning,25.5,65,0.9,833,18.4,1.1,0.0,0.0,0.0,Summer,No Holiday,Yes,1993
15780,2018-04-20,4,Friday,0,15,Afternoon,26.1,27,1.8,581,5.6,2.59,0.0,0.0,0.0,Spring,No Holiday,Yes,1080
18131,2018-04-16,4,Monday,0,10,Morning,12.4,34,1.2,1943,-3.0,2.24,0.0,0.0,0.0,Spring,No Holiday,Yes,700
16920,2018-07-09,7,Monday,0,11,Morning,20.6,82,1.0,2000,17.4,0.29,0.3,0.0,0.3,Summer,No Holiday,Yes,186
13455,2018-01-18,1,Thursday,0,21,Evening,0.8,45,1.5,1184,-9.8,0.0,0.0,0.0,0.0,Winter,No Holiday,Yes,339
17908,2018-07-07,7,Saturday,1,17,Afternoon,28.9,45,1.4,2000,15.7,1.89,0.0,0.0,0.0,Summer,No Holiday,Yes,2020
18449,2018-10-11,10,Thursday,0,8,Early Morning,7.0,56,3.1,1971,-1.1,0.44,0.0,0.0,0.0,Autumn,No Holiday,Yes,2000
16364,2018-05-24,5,Thursday,0,15,Afternoon,23.5,36,3.2,1786,7.5,2.91,0.0,0.0,0.0,Spring,No Holiday,Yes,1174
10614,2018-03-12,3,Monday,0,4,Dawn,2.8,52,0.6,1249,-6.1,0.0,0.0,0.0,0.0,Spring,No Holiday,Yes,47
17180,2018-10-08,10,Monday,0,20,Evening,15.5,45,2.2,2000,3.6,0.0,0.0,0.0,0.0,Autumn,No Holiday,Yes,1838
12647,2017-12-03,12,Sunday,1,18,Evening,6.0,84,1.9,327,3.4,0.0,0.0,0.0,0.0,Winter,No Holiday,Yes,443
17766,2018-02-05,2,Monday,0,1,Dawn,-11.2,54,1.0,2000,-18.6,0.0,0.0,0.0,0.0,Winter,No Holiday,Yes,52
10424,2018-08-12,8,Sunday,1,13,Afternoon,34.0,47,1.4,2000,21.0,2.24,0.0,0.0,0.0,Summer,No Holiday,Yes,704
15558,2018-01-27,1,Saturday,1,16,Afternoon,-3.7,25,2.6,1839,-20.9,0.74,0.0,0.0,0.0,Winter,No Holiday,Yes,195
13401,2018-05-27,5,Sunday,1,7,Early Morning,17.6,0,1.4,1219,8.7,0.34,0.0,0.0,0.0,Spring,No Holiday,Yes,341
14479,2018-09-12,9,Wednesday,0,21,Evening,23.2,57,1.1,2000,14.2,0.0,0.0,0.0,0.0,Autumn,No Holiday,Yes,2012
10460,2018-02-25,2,Sunday,1,5,Dawn,-0.7,41,0.9,1442,-12.3,0.0,0.0,0.0,0.0,Winter,No Holiday,Yes,37
15991,2018-02-03,2,Saturday,1,3,Dawn,-4.4,80,4.3,346,-7.3,0.0,0.1,0.01,0.11,Winter,No Holiday,Yes,60
15317,2018-06-29,6,Friday,0,11,Morning,24.8,74,1.8,644,19.8,1.41,0.0,0.0,0.0,Summer,No Holiday,Yes,956
14361,2018-10-22,10,Monday,0,6,Dawn,9.2,65,0.8,1689,2.9,0.0,0.0,0.0,0.0,Autumn,No Holiday,Yes,513
10007,2018-02-14,2,Wednesday,0,4,Dawn,1.1,67,1.7,1506,-4.3,0.0,0.0,0.0,0.0,Winter,No Holiday,Yes,51
16473,2018-08-22,8,Wednesday,0,12,Morning,33.9,45,1.4,1923,20.2,2.95,0.0,0.0,0.0,Summer,No Holiday,Yes,784
15460,2018-09-09,9,Sunday,1,14,Afternoon,28.2,29,2.0,2000,8.4,3.09,0.0,0.0,0.0,Autumn,No Holiday,Yes,1662
16109,2018-03-14,3,Wednesday,0,0,Dawn,13.6,79,2.2,862,10.0,0.0,0.0,0.0,0.0,Spring,No Holiday,Yes,412
11194,2018-06-17,6,Sunday,1,22,Night,22.2,70,0.5,1056,16.4,0.0,0.0,0.0,0.0,Summer,No Holiday,Yes,1819
16095,2018-02-18,2,Sunday,1,18,Evening,2.8,25,3.0,2000,-15.3,0.22,0.0,0.0,0.0,Winter,No Holiday,Yes,310
13274,2018-09-08,9,Saturday,1,10,Morning,22.2,43,0.9,1891,9.0,2.09,0.0,0.0,0.0,Autumn,No Holiday,Yes,1096
13586,2017-12-25,12,Monday,0,18,Evening,-1.6,33,2.0,2000,-15.8,0.0,0.0,0.0,0.0,Winter,Holiday,Yes,237
12526,2018-08-10,8,Friday,0,9,Early Morning,29.0,64,0.8,1987,21.4,1.45,0.0,0.0,0.0,Summer,No Holiday,Yes,892
17101,2018-11-25,11,Sunday,1,22,Night,4.2,82,0.9,405,1.3,0.0,0.0,0.04,0.04,Autumn,No Holiday,Yes,496
11709,2018-07-22,7,Sunday,1,10,Morning,32.2,50,0.8,1881,20.4,2.29,0.0,0.0,0.0,Summer,No Holiday,Yes,522
14672,2018-05-10,5,Thursday,0,1,Dawn,13.9,66,1.0,1960,7.6,0.0,0.0,0.0,0.0,Spring,No Holiday,No,0
10628,2018-10-20,10,Saturday,1,5,Dawn,8.1,76,0.6,1309,4.1,0.0,0.0,0.0,0.0,Autumn,No Holiday,Yes,154
14877,2018-07-01,7,Sunday,1,3,Dawn,22.7,86,0.7,1455,20.2,0.0,0.0,0.0,0.0,Summer,No Holiday,Yes,368
15594,2018-03-15,3,Thursday,0,14,Afternoon,12.1,97,2.0,177,11.6,0.2,0.0,0.0,0.0,Spring,No Holiday,Yes,289
16355,2018-11-03,11,Saturday,1,21,Evening,11.1,69,0.9,619,5.6,0.0,0.0,0.0,0.0,Autumn,No Holiday,No,0
11511,2018-06-18,6,Monday,0,18,Evening,29.2,35,2.7,1900,12.1,1.27,0.0,0.0,0.0,Summer,No Holiday,Yes,746
14964,2018-11-06,11,Tuesday,0,22,Night,12.3,73,1.2,277,7.5,0.0,0.0,0.0,0.0,Autumn,No Holiday,No,0
14243,2018-11-21,11,Wednesday,0,5,Dawn,6.8,86,0.5,692,4.6,0.0,0.0,0.0,0.0,Autumn,No Holiday,Yes,118
17835,2018-09-18,9,Tuesday,0,3,Dawn,18.7,76,0.5,1916,14.3,0.0,0.0,0.0,0.0,Autumn,No Holiday,No,0
13230,2018-03-08,3,Thursday,0,21,Evening,3.1,74,3.2,465,-1.0,0.0,0.0,0.0,0.0,Spring,No Holiday,Yes,533
17824,2018-09-18,9,Tuesday,0,16,Afternoon,26.4,34,2.5,1953,9.2,1.6,0.0,0.0,0.0,Autumn,No Holiday,No,0
10772,2018-09-21,9,Friday,0,8,Early Morning,17.8,97,2.0,1284,17.3,0.09,4.0,0.0,4.0,Autumn,No Holiday,Yes,127
17151,2018-07-24,7,Tuesday,0,22,Night,29.8,66,3.2,1511,22.7,0.0,0.0,0.0,0.0,Summer,No Holiday,Yes,1773
18335,2018-10-10,10,Wednesday,0,5,Dawn,13.6,89,2.7,990,11.8,0.0,0.0,0.0,0.0,Autumn,No Holiday,Yes,152
11141,2018-02-02,2,Friday,0,20,Evening,-1.3,51,2.4,1481,-10.1,0.0,0.0,0.0,0.0,Winter,No Holiday,Yes,241
10157,2018-04-04,4,Wednesday,0,10,Morning,10.7,81,1.4,2000,7.5,0.57,0.0,0.0,0.0,Spring,No Holiday,Yes,505
12905,2018-07-16,7,Monday,0,22,Night,27.2,69,1.7,2000,21.0,0.0,0.0,0.0,0.0,Summer,No Holiday,Yes,1934
16539,2018-11-16,11,Friday,0,7,Early Morning,6.6,64,0.5,701,0.2,0.0,0.0,0.0,0.0,Autumn,No Holiday,Yes,939
12461,2018-09-26,9,Wednesday,0,2,Dawn,16.6,54,1.5,2000,7.2,0.0,0.0,0.0,0.0,Autumn,No Holiday,Yes,453
16424,2018-10-14,10,Sunday,1,9,Early Morning,10.1,60,0.8,726,2.6,1.02,0.0,0.0,0.0,Autumn,No Holiday,Yes,775
13630,2018-01-02,1,Tuesday,0,1,Dawn,-2.1,56,0.8,1732,-9.7,0.0,0.0,0.0,0.0,Winter,No Holiday,Yes,108
14695,2018-06-28,6,Thursday,0,0,Dawn,22.2,84,1.1,482,19.3,0.0,0.0,0.0,0.0,Summer,No Holiday,Yes,561
14103,2018-02-06,2,Tuesday,0,15,Afternoon,-5.9,25,3.1,1936,-22.8,1.93,0.0,0.0,0.0,Winter,No Holiday,Yes,171
14994,2018-06-19,6,Tuesday,0,1,Dawn,20.9,66,0.8,1528,14.3,0.0,0.0,0.0,0.0,Summer,No Holiday,Yes,766
14462,2018-02-20,2,Tuesday,0,22,Night,0.5,22,2.9,2000,-18.8,0.0,0.0,0.0,0.0,Winter,No Holiday,Yes,319
10448,2018-01-10,1,Wednesday,0,8,Early Morning,-7.9,67,2.6,1896,-12.9,0.0,0.0,0.06999999999999999,0.06999999999999999,Winter,No Holiday,Yes,387
13315,2018-01-23,1,Tuesday,0,23,Night,-14.3,38,4.0,2000,-25.5,0.0,0.0,0.09,0.09,Winter,No Holiday,Yes,106
15831,2018-02-15,2,Thursday,0,20,Evening,-0.4,27,2.2,2000,-17.1,0.0,0.0,0.0,0.0,Winter,Holiday,Yes,148
14840,2018-01-11,1,Thursday,0,3,Dawn,-11.2,59,2.9,1872,-17.6,0.0,0.0,0.0,0.0,Winter,No Holiday,Yes,38
13151,2018-03-13,3,Tuesday,0,18,Evening,15.7,68,3.3,1473,9.8,0.39,0.0,0.0,0.0,Spring,No Holiday,Yes,1749
12027,2017-12-24,12,Sunday,1,6,Dawn,4.9,84,1.3,159,2.4,0.0,0.1,0.0,0.1,Winter,Holiday,Yes,12
12429,2018-01-19,1,Friday,0,18,Evening,2.9,45,1.6,1629,-7.8,0.04,0.0,0.0,0.0,Winter,No Holiday,Yes,702
17759,2017-12-28,12,Thursday,0,13,Afternoon,0.8,46,1.4,1598,-9.5,0.8,0.0,0.0,0.0,Winter,No Holiday,Yes,301
18360,2018-04-07,4,Saturday,1,15,Afternoon,7.6,36,5.0,1928,-6.5,1.39,0.0,0.0,0.0,Spring,No Holiday,Yes,925
11906,2018-06-07,6,Thursday,0,17,Afternoon,28.2,51,3.3,879,17.0,1.73,0.0,0.0,0.0,Summer,No Holiday,Yes,2002
15803,2017-12-09,12,Saturday,1,22,Night,-0.5,55,0.6,1655,-8.4,0.0,0.0,0.0,0.0,Winter,No Holiday,Yes,289
10554,2018-09-09,9,Sunday,1,8,Early Morning,17.4,56,0.8,2000,8.5,0.49,0.0,0.0,0.0,Autumn,No Holiday,Yes,644
17797,2017-12-08,12,Friday,0,1,Dawn,-3.7,50,2.5,1902,-12.6,0.0,0.0,0.0,0.0,Winter,No Holiday,Yes,230
14349,2018-04-24,4,Tuesday,0,3,Dawn,9.6,94,1.3,523,8.6,0.0,2.4,0.0,2.4,Spring,No Holiday,Yes,35
15500,2018-04-29,4,Sunday,1,7,Early Morning,9.9,59,0.7,1707,2.2,0.25,0.0,0.0,0.0,Spring,No Holiday,Yes,307
18197,2018-10-01,10,Monday,0,2,Dawn,13.9,56,2.4,2000,5.2,0.0,0.0,0.0,0.0,Autumn,No Holiday,Yes,262
16721,2018-07-24,7,Tuesday,0,23,Night,29.3,66,2.8,1854,22.2,0.0,0.0,0.0,0.0,Summer,No Holiday,Yes,1193
17997,2018-08-27,8,Monday,0,10,Morning,21.7,97,1.0,1249,21.1,0.29,2.5,0.0,2.5,Summer,No Holiday,Yes,104
11985,2018-09-24,9,Monday,0,13,Afternoon,20.9,30,3.5,2000,2.6,2.93,0.0,0.0,0.0,Autumn,Holiday,Yes,885
18460,2018-08-06,8,Monday,0,1,Dawn,28.7,80,1.5,1295,24.8,0.0,0.0,0.0,0.0,Summer,No Holiday,Yes,455
10282,2018-07-21,7,Saturday,1,2,Dawn,26.4,72,0.2,1766,20.9,0.0,0.0,0.0,0.0,Summer,No Holiday,Yes,684
12851,2018-03-08,3,Thursday,0,11,Morning,4.5,82,2.0,1226,1.6,0.73,0.0,0.0,0.0,Spring,No Holiday,Yes,290
15422,2018-07-26,7,Thursday,0,11,Morning,30.2,67,1.5,1003,23.3,0.87,0.0,0.0,0.0,Summer,No Holiday,Yes,614
11502,2018-01-24,1,Wednesday,0,20,Evening,-14.3,37,1.3,2000,-25.8,0.0,0.0,0.06999999999999999,0.06999999999999999,Winter,No Holiday,Yes,125
11481,2018-10-11,10,Thursday,0,9,Early Morning,8.4,49,2.6,2000,-1.7,1.17,0.0,0.0,0.0,Autumn,No Holiday,Yes,1070
16690,2018-08-18,8,Saturday,1,12,Morning,29.8,33,1.5,1936,11.7,3.14,0.0,0.0,0.0,Summer,No Holiday,Yes,952
17748,2018-05-21,5,Monday,0,23,Night,16.3,70,0.7,1293,10.8,0.0,0.0,0.0,0.0,Spring,No Holiday,Yes,1273
17948,2018-10-08,10,Monday,0,7,Early Morning,9.2,72,1.0,2000,4.4,0.01,0.0,0.0,0.0,Autumn,No Holiday,Yes,1206
12226,2018-11-21,11,Wednesday,0,21,Evening,4.6,44,1.1,1859,-6.6,0.0,0.0,0.0,0.0,Autumn,No Holiday,Yes,838
15396,2018-02-17,2,Saturday,1,21,Evening,-2.3,38,2.3,2000,-14.7,0.0,0.0,0.0,0.0,Winter,Holiday,Yes,133
16972,2018-11-17,11,Saturday,1,20,Evening,5.4,43,2.7,1913,-6.2,0.0,0.0,0.0,0.0,Autumn,No Holiday,Yes,644
11729,2018-10-25,10,Thursday,0,16,Afternoon,20.4,32,0.9,1720,3.1,0.84,0.0,0.0,0.0,Autumn,No Holiday,Yes,1528
15372,2018-11-27,11,Tuesday,0,23,Night,5.8,34,2.6,763,-8.8,0.0,0.0,0.0,0.0,Autumn,No Holiday,Yes,593
16004,2018-05-01,5,Tuesday,0,6,Dawn,17.8,85,0.6,265,15.2,0.0,0.0,0.0,0.0,Spring,Holiday,Yes,306
17078,2018-11-07,11,Wednesday,0,5,Dawn,11.1,95,0.2,117,10.3,0.0,0.0,0.0,0.0,Autumn,No Holiday,Yes,71
10843,2018-06-17,6,Sunday,1,6,Dawn,18.9,83,0.3,576,15.9,0.05,0.0,0.0,0.0,Summer,No Holiday,Yes,324
14934,2018-10-05,10,Friday,0,4,Dawn,17.7,57,1.3,2000,9.0,0.0,0.0,0.0,0.0,Autumn,No Holiday,Yes,221
10005,2018-10-25,10,Thursday,0,8,Early Morning,7.9,76,1.2,1290,3.9,0.25,0.0,0.0,0.0,Autumn,No Holiday,Yes,2070
14555,2018-10-12,10,Friday,0,9,Early Morning,8.6,50,0.8,1785,-1.2,1.13,0.0,0.0,0.0,Autumn,No Holiday,Yes,1106
12293,2018-06-20,6,Wednesday,0,8,Early Morning,20.6,77,1.2,566,16.4,0.53,0.0,0.0,0.0,Summer,No Holiday,Yes,2440
15124,2018-09-27,9,Thursday,0,5,Dawn,13.9,60,0.6,2000,6.2,0.0,0.0,0.0,0.0,Autumn,No Holiday,Yes,207
14942,2018-05-22,5,Tuesday,0,3,Dawn,15.5,0,0.7,1420,10.4,0.0,0.0,0.0,0.0,Spring,Holiday,Yes,406
15761,2018-09-02,9,Sunday,1,17,Afternoon,28.8,47,2.0,1998,16.3,1.0,0.0,0.0,0.0,Autumn,No Holiday,Yes,2069
13995,2018-04-02,4,Monday,0,12,Morning,20.8,50,2.0,1240,9.9,1.82,0.0,0.0,0.0,Spring,No Holiday,Yes,818
14854,2018-02-10,2,Saturday,1,4,Dawn,1.9,74,1.2,514,-2.2,0.0,0.0,0.0,0.0,Winter,No Holiday,Yes,79
17589,2018-10-30,10,Tuesday,0,7,Early Morning,1.3,65,1.2,2000,-4.5,0.0,0.0,0.0,0.0,Autumn,No Holiday,Yes,1005
10976,2018-10-10,10,Wednesday,0,2,Dawn,14.4,91,0.4,402,12.9,0.0,4.5,0.0,4.5,Autumn,No Holiday,Yes,55
10801,2018-06-26,6,Tuesday,0,15,Afternoon,21.5,97,0.6,311,20.9,0.21,4.5,0.0,4.5,Summer,No Holiday,Yes,65
14008,2018-01-24,1,Wednesday,0,6,Dawn,-15.7,29,2.5,2000,-29.7,0.0,0.0,0.09,0.09,Winter,No Holiday,Yes,71
12018,2018-01-20,1,Saturday,1,3,Dawn,-0.9,65,0.2,1359,-6.6,0.0,0.0,0.0,0.0,Winter,No Holiday,Yes,118
13083,2017-12-15,12,Friday,0,14,Afternoon,-0.7,39,0.8,826,-12.9,0.35,0.0,0.0,0.0,Winter,No Holiday,Yes,329
16247,2018-07-20,7,Friday,0,13,Afternoon,32.4,54,2.4,708,21.8,2.5,0.0,0.0,0.0,Summer,No Holiday,Yes,805
12937,2018-09-07,9,Friday,0,13,Afternoon,24.3,50,2.9,2000,13.2,2.37,0.0,0.0,0.0,Autumn,No Holiday,Yes,1119
11824,2018-05-03,5,Thursday,0,12,Morning,14.1,59,3.9,1870,6.1,1.12,0.0,0.0,0.0,Spring,No Holiday,Yes,871
15182,2018-06-29,6,Friday,0,7,Early Morning,22.0,97,0.9,269,21.4,0.03,0.0,0.0,0.0,Summer,No Holiday,Yes,883
16303,2018-10-25,10,Thursday,0,18,Evening,17.3,39,1.3,1641,3.1,0.03,0.0,0.0,0.0,Autumn,No Holiday,Yes,2632
17119,2018-04-09,4,Monday,0,18,Evening,14.8,24,1.3,1514,-5.6,0.69,0.0,0.0,0.0,Spring,No Holiday,Yes,2401
14061,2018-06-14,6,Thursday,0,5,Dawn,20.3,84,3.2,518,17.5,0.0,0.0,0.0,0.0,Summer,No Holiday,Yes,154
17945,2018-01-25,1,Thursday,0,23,Night,-14.9,35,2.8,2000,-26.9,0.0,0.0,0.05,0.05,Winter,No Holiday,Yes,79
10299,2018-07-03,7,Tuesday,0,22,Night,26.9,78,0.6,1806,22.7,0.0,0.0,0.0,0.0,Summer,No Holiday,Yes,1948
16547,2018-01-28,1,Sunday,1,19,Evening,-6.0,31,3.6,2000,-20.4,0.0,0.0,0.0,0.0,Winter,No Holiday,Yes,134
11197,2018-11-22,11,Thursday,0,22,Night,1.1,33,2.5,2000,-13.4,0.0,0.0,0.0,0.0,Autumn,No Holiday,Yes,691
17322,2018-09-14,9,Friday,0,3,Dawn,21.0,76,0.7,1995,16.6,0.0,0.0,0.0,0.0,Autumn,No Holiday,Yes,349
12929,2018-09-26,9,Wednesday,0,22,Night,18.1,43,1.7,2000,5.3,0.0,0.0,0.0,0.0,Autumn,No Holiday,Yes,1249
15402,2018-05-26,5,Saturday,1,21,Evening,21.7,58,1.3,1173,13.0,0.0,0.0,0.0,0.0,Spring,No Holiday,Yes,1851
17056,2018-09-21,9,Friday,0,10,Morning,18.4,96,2.0,1124,17.7,0.32,1.0,0.0,1.0,Autumn,No Holiday,Yes,78
15653,2018-06-13,6,Wednesday,0,7,Early Morning,19.4,69,0.3,1277,13.5,0.42,0.0,0.0,0.0,Summer,No Holiday,Yes,657
15922,2018-09-15,9,Saturday,1,13,Afternoon,25.8,65,1.0,1996,18.7,1.12,0.0,0.0,0.0,Autumn,No Holiday,Yes,1465
10031,2018-08-18,8,Saturday,1,16,Afternoon,31.8,33,2.1,2000,13.5,1.88,0.0,0.0,0.0,Summer,No Holiday,Yes,1398
14466,2018-06-03,6,Sunday,1,11,Morning,26.7,30,1.1,1782,7.6,2.83,0.0,0.0,0.0,Summer,No Holiday,Yes,977
14236,2018-07-19,7,Thursday,0,19,Evening,31.6,58,2.3,1556,22.3,0.56,0.0,0.0,0.0,Summer,No Holiday,Yes,2245
13585,2017-12-05,12,Tuesday,0,9,Early Morning,-7.6,31,1.3,1974,-21.8,0.21,0.0,0.0,0.0,Winter,No Holiday,Yes,462
18597,2017-12-20,12,Wednesday,0,19,Evening,-1.5,81,1.8,751,-4.3,0.0,0.0,0.22000000000000003,0.22000000000000003,Winter,No Holiday,Yes,190
17873,2018-06-11,6,Monday,0,7,Early Morning,19.1,59,1.1,2000,10.8,0.38,0.0,0.0,0.0,Summer,No Holiday,Yes,1629
10326,2017-12-05,12,Tuesday,0,10,Morning,-5.5,26,2.8,1967,-22.0,0.64,0.0,0.0,0.0,Winter,No Holiday,Yes,269
13692,2018-04-30,4,Monday,0,10,Morning,19.5,54,1.1,451,9.9,1.88,0.0,0.0,0.0,Spring,No Holiday,Yes,742
15121,2018-03-16,3,Friday,0,21,Evening,5.8,43,1.8,2000,-5.8,0.0,0.0,0.0,0.0,Spring,No Holiday,Yes,710
10580,2018-07-07,7,Saturday,1,3,Dawn,20.4,59,1.0,2000,12.1,0.0,0.0,0.0,0.0,Summer,No Holiday,Yes,545
12516,2018-10-11,10,Thursday,0,22,Night,8.8,55,1.6,2000,0.2,0.0,0.0,0.0,0.0,Autumn,No Holiday,Yes,1221
16614,2018-01-10,1,Wednesday,0,3,Dawn,-6.1,70,1.1,2000,-10.6,0.0,0.3,0.08,0.38,Winter,No Holiday,Yes,40
12197,2018-09-26,9,Wednesday,0,0,Dawn,17.0,51,1.5,2000,6.7,0.0,0.0,0.0,0.0,Autumn,No Holiday,Yes,880
18470,2018-03-05,3,Monday,0,1,Dawn,7.0,88,2.5,2000,5.1,0.0,0.0,0.0,0.0,Spring,No Holiday,Yes,23
10817,2018-09-05,9,Wednesday,0,11,Morning,26.4,47,2.9,2000,14.1,2.38,0.0,0.0,0.0,Autumn,No Holiday,Yes,937
15192,2018-02-02,2,Friday,0,7,Early Morning,-7.4,62,1.5,1909,-13.4,0.0,0.0,0.0,0.0,Winter,No Holiday,Yes,267
18057,2018-10-07,10,Sunday,1,6,Dawn,14.8,89,0.2,1490,12.9,0.0,0.0,0.0,0.0,Autumn,No Holiday,Yes,189
11574,2018-05-23,5,Wednesday,0,13,Afternoon,20.9,33,3.9,1853,4.0,3.52,0.0,0.0,0.0,Spring,No Holiday,Yes,1167
12578,2018-01-27,1,Saturday,1,10,Morning,-12.3,35,0.6,1497,-24.6,0.6,0.0,0.03,0.03,Winter,No Holiday,Yes,96
15584,2018-11-15,11,Thursday,0,1,Dawn,7.3,64,0.3,1150,0.9,0.0,0.0,0.0,0.0,Autumn,No Holiday,Yes,489
16108,2018-05-10,5,Thursday,0,14,Afternoon,21.2,47,3.7,1142,9.4,3.22,0.0,0.0,0.0,Spring,No Holiday,No,0
14381,2018-11-04,11,Sunday,1,21,Evening,11.8,62,0.7,1030,4.7,0.0,0.0,0.0,0.0,Autumn,No Holiday,Yes,1001
15688,2018-01-25,1,Thursday,0,8,Early Morning,-16.4,32,3.3,2000,-29.2,0.01,0.0,0.06,0.06,Winter,No Holiday,Yes,349
10621,2018-05-20,5,Sunday,1,3,Dawn,13.5,41,1.0,2000,0.4,0.0,0.0,0.0,0.0,Spring,No Holiday,Yes,347
11405,2018-01-07,1,Sunday,1,21,Evening,1.2,39,0.6,1378,-11.2,0.0,0.0,0.0,0.0,Winter,No Holiday,Yes,236
12454,2018-07-12,7,Thursday,0,9,Early Morning,26.5,82,2.7,815,23.1,0.57,0.0,0.0,0.0,Summer,No Holiday,Yes,982
15131,2018-02-15,2,Thursday,0,14,Afternoon,2.9,14,4.3,2000,-22.0,2.29,0.0,0.0,0.0,Winter,Holiday,Yes,270
15469,2018-04-12,4,Thursday,0,0,Dawn,9.5,40,2.4,1987,-3.4,0.0,0.0,0.0,0.0,Spring,No Holiday,Yes,504
12212,2018-01-12,1,Friday,0,6,Dawn,-14.9,45,2.3,2000,-24.2,0.0,0.0,0.0,0.0,Winter,No Holiday,Yes,92
18353,2018-01-01,1,Monday,0,20,Evening,-0.3,40,1.2,1936,-12.2,0.0,0.0,0.0,0.0,Winter,Holiday,Yes,206
12833,2018-03-03,3,Saturday,1,19,Evening,12.7,32,2.3,2000,-3.6,0.01,0.0,0.0,0.0,Spring,No Holiday,Yes,630
18141,2018-03-13,3,Tuesday,0,8,Early Morning,8.0,48,0.4,711,-2.3,0.12,0.0,0.0,0.0,Spring,No Holiday,Yes,1215
13447,2018-04-12,4,Thursday,0,7,Early Morning,7.6,54,1.7,1690,-1.1,0.13,0.0,0.0,0.0,Spring,No Holiday,Yes,1054
18504,2018-11-21,11,Wednesday,0,10,Morning,6.9,39,0.5,1977,-6.1,0.36,0.0,0.0,0.0,Autumn,No Holiday,Yes,611
14642,2018-10-12,10,Friday,0,3,Dawn,6.5,69,0.3,1981,1.2,0.0,0.0,0.0,0.0,Autumn,No Holiday,Yes,225
10374,2018-09-17,9,Monday,0,4,Dawn,20.0,81,2.0,1313,16.6,0.0,0.0,0.0,0.0,Autumn,No Holiday,Yes,160
10557,2017-12-05,12,Tuesday,0,14,Afternoon,-1.1,28,0.0,2000,-17.3,0.0,0.0,0.0,0.0,Winter,No Holiday,Yes,334
17261,2018-01-09,1,Tuesday,0,7,Early Morning,-5.9,57,3.1,1686,-13.0,0.0,0.0,0.08,0.08,Winter,No Holiday,Yes,245
18633,2018-03-31,3,Saturday,1,7,Early Morning,9.5,72,0.2,1017,4.6,0.04,0.0,0.0,0.0,Spring,No Holiday,Yes,264
16893,2018-01-02,1,Tuesday,0,9,Early Morning,-3.1,66,0.2,1168,-8.5,0.12,0.0,0.0,0.0,Winter,No Holiday,Yes,315
10177,2018-09-17,9,Monday,0,17,Afternoon,27.3,43,2.6,2000,13.6,1.25,0.0,0.0,0.0,Autumn,No Holiday,Yes,2056
13032,2018-04-19,4,Thursday,0,22,Night,13.4,49,1.1,1326,2.8,0.0,0.0,0.0,0.0,Spring,No Holiday,Yes,1054
17497,2018-02-26,2,Monday,0,7,Early Morning,-3.1,68,0.8,1417,-8.1,0.0,0.0,0.0,0.0,Winter,No Holiday,Yes,402
12641,2018-07-16,7,Monday,0,18,Evening,32.3,47,3.0,1961,19.5,1.26,0.0,0.0,0.0,Summer,No Holiday,Yes,2636
14352,2018-03-20,3,Tuesday,0,17,Afternoon,4.9,43,4.3,2000,-6.6,0.42,0.0,0.0,0.0,Spring,No Holiday,Yes,719
10714,2018-05-16,5,Wednesday,0,22,Night,21.9,97,1.5,164,21.3,0.0,0.0,0.0,0.0,Spring,No Holiday,Yes,399
13292,2018-09-03,9,Monday,0,3,Dawn,24.2,70,0.3,2000,18.3,0.0,0.0,0.0,0.0,Autumn,No Holiday,Yes,211
16256,2018-04-26,4,Thursday,0,8,Early Morning,11.7,62,0.6,956,4.6,0.62,0.0,0.0,0.0,Spring,No Holiday,Yes,1933
17876,2018-08-05,8,Sunday,1,5,Dawn,27.3,84,0.8,1067,24.3,0.0,0.0,0.0,0.0,Summer,No Holiday,Yes,188
11280,2018-11-05,11,Monday,0,7,Early Morning,7.0,86,1.1,455,4.8,0.0,0.0,0.0,0.0,Autumn,No Holiday,Yes,1115
10244,2018-02-13,2,Tuesday,0,6,Dawn,-7.1,70,1.0,1977,-11.6,0.0,0.0,0.0,0.0,Winter,No Holiday,Yes,96
12715,2018-07-21,7,Saturday,1,1,Dawn,27.0,74,1.1,1833,21.9,0.0,0.0,0.0,0.0,Summer,No Holiday,Yes,945
18048,2018-06-12,6,Tuesday,0,23,Night,19.5,72,0.6,1989,14.3,0.0,0.0,0.0,0.0,Summer,No Holiday,Yes,1657
12361,2018-06-17,6,Sunday,1,20,Evening,23.1,67,2.1,1060,16.6,0.03,0.0,0.0,0.0,Summer,No Holiday,Yes,2429
15106,2018-11-16,11,Friday,0,3,Dawn,7.4,63,0.6,699,0.8,0.0,0.0,0.0,0.0,Autumn,No Holiday,Yes,262
16604,2018-06-25,6,Monday,0,3,Dawn,22.0,83,0.5,684,18.9,0.0,0.0,0.0,0.0,Summer,No Holiday,Yes,264
10135,2018-05-19,5,Saturday,1,20,Evening,20.9,34,1.4,2000,4.4,0.03,0.0,0.0,0.0,Spring,No Holiday,Yes,1872
16468,2017-12-18,12,Monday,0,22,Night,1.5,82,2.4,537,-1.2,0.0,0.0,0.26,0.26,Winter,No Holiday,Yes,160
13662,2018-09-11,9,Tuesday,0,8,Early Morning,17.8,53,1.4,2000,8.0,0.51,0.0,0.0,0.0,Autumn,No Holiday,Yes,2369
18316,2018-09-30,9,Sunday,1,2,Dawn,17.3,68,0.7,2000,11.3,0.0,0.0,0.0,0.0,Autumn,No Holiday,No,0
18731,2017-12-29,12,Friday,0,12,Morning,4.3,62,1.6,472,-2.3,0.52,0.0,0.0,0.0,Winter,No Holiday,Yes,363
13243,2018-06-03,6,Sunday,1,18,Evening,29.3,25,2.4,1973,7.2,1.23,0.0,0.0,0.0,Summer,No Holiday,Yes,2349
11940,2017-12-20,12,Wednesday,0,0,Dawn,-6.5,63,1.5,1666,-12.3,0.0,0.0,0.2,0.2,Winter,No Holiday,Yes,142
16042,2018-05-11,5,Friday,0,19,Evening,17.1,51,2.5,1223,6.8,0.06,0.0,0.0,0.0,Spring,No Holiday,Yes,1999
16196,2018-09-12,9,Wednesday,0,3,Dawn,18.4,57,1.3,2000,9.7,0.0,0.0,0.0,0.0,Autumn,No Holiday,Yes,297
12132,2018-01-10,1,Wednesday,0,1,Dawn,-5.6,75,1.7,1982,-9.3,0.0,0.0,0.08,0.08,Winter,No Holiday,Yes,78
15114,2018-04-28,4,Saturday,1,16,Afternoon,20.4,25,4.7,1990,-0.3,2.45,0.0,0.0,0.0,Spring,No Holiday,Yes,1945
13592,2018-07-02,7,Monday,0,8,Early Morning,20.8,96,0.4,1627,20.1,0.11,1.5,0.0,1.5,Summer,No Holiday,Yes,104
15496,2018-08-17,8,Friday,0,21,Evening,27.1,43,1.6,2000,13.4,0.0,0.0,0.0,0.0,Summer,No Holiday,Yes,2008
14099,2017-12-03,12,Sunday,1,8,Early Morning,3.2,92,1.8,244,2.0,0.0,0.0,0.0,0.0,Winter,No Holiday,Yes,85
16102,2018-11-25,11,Sunday,1,10,Morning,4.0,76,1.3,404,0.1,0.93,0.0,0.24,0.24,Autumn,No Holiday,Yes,430
12865,2018-04-04,4,Wednesday,0,20,Evening,12.8,56,2.0,2000,4.2,0.0,0.0,0.0,0.0,Spring,No Holiday,Yes,1374
16799,2018-05-08,5,Tuesday,0,23,Night,12.2,57,1.9,2000,3.9,0.0,0.0,0.0,0.0,Spring,No Holiday,Yes,767
15306,2018-09-24,9,Monday,0,17,Afternoon,21.6,32,3.1,2000,4.1,1.2,0.0,0.0,0.0,Autumn,Holiday,Yes,1442
18494,2018-03-02,3,Friday,0,6,Dawn,-6.4,50,1.5,1593,-15.1,0.0,0.0,0.0,0.0,Spring,No Holiday,Yes,135
11273,2018-09-28,9,Friday,0,15,Afternoon,20.3,52,1.3,2000,10.1,1.15,0.0,0.0,0.0,Autumn,No Holiday,No,0
14176,2018-11-29,11,Thursday,0,13,Afternoon,5.3,26,2.1,1604,-12.7,0.21,0.0,0.0,0.0,Autumn,No Holiday,Yes,645
18424,2018-04-11,4,Wednesday,0,3,Dawn,11.6,81,3.1,687,8.4,0.0,0.0,0.0,0.0,Spring,No Holiday,No,0
12191,2018-05-05,5,Saturday,1,6,Dawn,12.3,55,2.1,1972,3.5,0.02,0.0,0.0,0.0,Spring,No Holiday,Yes,247
16436,2018-01-31,1,Wednesday,0,13,Afternoon,-0.8,39,2.6,1853,-13.0,0.54,0.0,0.27999999999999997,0.27999999999999997,Winter,No Holiday,Yes,171
15411,2017-12-13,12,Wednesday,0,12,Morning,-6.5,30,2.9,1945,-21.2,1.17,0.0,0.0,0.0,Winter,No Holiday,Yes,267
11963,2018-10-03,10,Wednesday,0,6,Dawn,11.4,84,0.3,1742,8.7,0.0,0.0,0.0,0.0,Autumn,Holiday,Yes,278
10525,2018-09-01,9,Saturday,1,10,Morning,26.0,54,1.5,2000,15.9,2.13,0.0,0.0,0.0,Autumn,No Holiday,Yes,861
14743,2018-11-17,11,Saturday,1,2,Dawn,2.9,77,1.8,853,-0.7,0.0,0.0,0.0,0.0,Autumn,No Holiday,Yes,456
15849,2018-07-06,7,Friday,0,19,Evening,25.0,52,2.2,2000,14.4,0.37,0.0,0.0,0.0,Summer,No Holiday,Yes,2557
16505,2018-07-16,7,Monday,0,2,Dawn,25.4,84,0.6,1340,22.4,0.0,0.0,0.0,0.0,Summer,No Holiday,Yes,469
12629,2018-06-01,6,Friday,0,23,Night,21.8,49,1.6,1965,10.6,0.0,0.0,0.0,0.0,Summer,No Holiday,Yes,1440
12131,2018-04-13,4,Friday,0,12,Morning,18.2,15,1.6,2000,-8.9,2.27,0.0,0.0,0.0,Spring,No Holiday,Yes,1095
10813,2018-01-28,1,Sunday,1,10,Morning,-5.9,35,1.9,1940,-18.9,0.53,0.0,0.0,0.0,Winter,No Holiday,Yes,111
10602,2018-09-14,9,Friday,0,22,Night,24.0,73,2.1,1541,18.8,0.0,0.0,0.0,0.0,Autumn,No Holiday,Yes,567
11859,2018-02-01,2,Thursday,0,15,Afternoon,0.7,25,3.0,1987,-17.1,1.12,0.0,0.0,0.0,Winter,No Holiday,Yes,293
15764,2018-03-10,3,Saturday,1,1,Dawn,2.0,75,1.0,658,-1.9,0.0,0.0,0.0,0.0,Spring,No Holiday,Yes,305
18031,2017-12-08,12,Friday,0,8,Early Morning,-7.0,59,0.8,1559,-13.6,0.01,0.0,0.0,0.0,Winter,No Holiday,Yes,780
13226,2018-07-09,7,Monday,0,4,Dawn,21.4,63,1.5,2000,14.0,0.0,0.0,0.0,0.0,Summer,No Holiday,Yes,206
14013,2018-05-17,5,Thursday,0,20,Evening,21.3,97,2.8,388,20.7,0.0,12.5,0.0,12.5,Spring,No Holiday,Yes,17
17264,2018-05-03,5,Thursday,0,9,Early Morning,12.8,52,3.9,1614,3.1,1.65,0.0,0.0,0.0,Spring,No Holiday,Yes,1061
17660,2018-01-23,1,Tuesday,0,9,Early Morning,-13.3,36,3.5,2000,-25.2,0.19,0.0,0.1,0.1,Winter,No Holiday,Yes,228
15536,2018-11-05,11,Monday,0,1,Dawn,9.3,78,0.1,828,5.6,0.0,0.0,0.0,0.0,Autumn,No Holiday,Yes,346
17882,2018-10-31,10,Wednesday,0,23,Night,6.4,60,1.8,1930,-0.8,0.0,0.0,0.0,0.0,Autumn,No Holiday,Yes,798
14855,2018-05-09,5,Wednesday,0,12,Morning,18.7,39,1.9,1925,4.4,3.21,0.0,0.0,0.0,Spring,No Holiday,Yes,1242
15867,2018-03-20,3,Tuesday,0,16,Afternoon,5.6,42,4.2,2000,-6.3,0.81,0.0,0.0,0.0,Spring,No Holiday,Yes,518
18440,2017-12-09,12,Saturday,1,2,Dawn,-4.7,50,0.7,1983,-13.5,0.0,0.0,0.0,0.0,Winter,No Holiday,Yes,237
18013,2018-07-06,7,Friday,0,0,Dawn,23.5,65,1.9,2000,16.5,0.0,0.0,0.0,0.0,Summer,No Holiday,Yes,1075
17171,2018-06-20,6,Wednesday,0,10,Morning,22.2,70,3.1,740,16.4,1.44,0.0,0.0,0.0,Summer,No Holiday,Yes,1002
10692,2018-01-29,1,Monday,0,15,Afternoon,-5.2,27,4.5,1927,-21.3,1.06,0.0,0.0,0.0,Winter,No Holiday,Yes,177
16822,2018-11-17,11,Saturday,1,13,Afternoon,10.9,32,2.1,1581,-5.1,1.85,0.0,0.0,0.0,Autumn,No Holiday,Yes,1037
10610,2018-10-22,10,Monday,0,13,Afternoon,19.4,35,1.2,678,3.5,1.73,0.0,0.0,0.0,Autumn,No Holiday,Yes,1064
15792,2018-01-24,1,Wednesday,0,7,Early Morning,-15.9,30,3.0,2000,-29.5,0.0,0.0,0.09,0.09,Winter,No Holiday,Yes,164
14872,2018-10-19,10,Friday,0,4,Dawn,8.1,76,0.3,2000,4.1,0.0,0.0,0.0,0.0,Autumn,No Holiday,Yes,184
13449,2018-04-23,4,Monday,0,5,Dawn,9.2,95,2.3,404,8.4,0.0,2.5,0.0,2.5,Spring,No Holiday,Yes,6
17964,2018-07-12,7,Thursday,0,2,Dawn,26.3,84,0.3,1361,23.3,0.0,0.0,0.0,0.0,Summer,No Holiday,Yes,517
15997,2018-08-15,8,Wednesday,0,20,Evening,28.4,69,1.5,2000,22.1,0.01,0.0,0.0,0.0,Summer,Holiday,Yes,1500
13990,2018-07-05,7,Thursday,0,4,Dawn,23.5,80,0.4,924,19.8,0.0,0.0,0.0,0.0,Summer,No Holiday,Yes,267
13134,2018-10-24,10,Wednesday,0,6,Dawn,8.1,88,0.9,831,6.2,0.0,0.0,0.0,0.0,Autumn,No Holiday,Yes,453
17442,2018-04-10,4,Tuesday,0,4,Dawn,7.5,48,1.0,1458,-2.8,0.0,0.0,0.0,0.0,Spring,No Holiday,Yes,102
10869,2018-03-16,3,Friday,0,8,Early Morning,3.8,56,2.4,2000,-4.1,0.32,0.0,0.0,0.0,Spring,No Holiday,Yes,1176
12021,2018-01-06,1,Saturday,1,18,Evening,-0.6,37,1.6,1797,-13.5,0.01,0.0,0.0,0.0,Winter,No Holiday,Yes,271
16528,2018-04-23,4,Monday,0,15,Afternoon,9.5,96,2.2,350,8.8,0.31,1.5,0.0,1.5,Spring,No Holiday,Yes,14
15066,2018-11-09,11,Friday,0,16,Afternoon,14.3,59,3.6,858,6.3,0.72,0.0,0.0,0.0,Autumn,No Holiday,No,0
15247,2018-10-18,10,Thursday,0,4,Dawn,8.1,78,0.6,2000,4.4,0.0,0.0,0.0,0.0,Autumn,No Holiday,Yes,165
12434,2018-03-22,3,Thursday,0,7,Early Morning,0.6,85,1.5,1321,-1.6,0.01,0.0,0.0,0.0,Spring,No Holiday,Yes,600
12225,2018-07-24,7,Tuesday,0,6,Dawn,27.2,71,0.8,1920,21.4,0.02,0.0,0.0,0.0,Summer,No Holiday,Yes,673
12924,2018-02-16,2,Friday,0,15,Afternoon,4.0,26,3.5,2000,-13.8,1.75,0.0,0.0,0.0,Winter,Holiday,Yes,243
12156,2018-08-09,8,Thursday,0,13,Afternoon,29.7,80,1.7,1312,25.8,0.73,0.4,0.0,0.4,Summer,No Holiday,Yes,628
11478,2018-06-14,6,Thursday,0,3,Dawn,20.8,73,0.7,756,15.7,0.0,0.0,0.0,0.0,Summer,No Holiday,Yes,289
14351,2018-09-07,9,Friday,0,19,Evening,22.6,39,2.8,2000,7.9,0.14,0.0,0.0,0.0,Autumn,No Holiday,Yes,2365
15876,2017-12-13,12,Wednesday,0,14,Afternoon,-4.7,27,2.9,1883,-20.8,1.12,0.0,0.0,0.0,Winter,No Holiday,Yes,240
11558,2018-10-16,10,Tuesday,0,22,Night,13.6,71,0.6,1457,8.4,0.0,0.0,0.0,0.0,Autumn,No Holiday,Yes,1425
14298,2018-09-29,9,Saturday,1,23,Night,18.6,59,0.7,2000,10.4,0.0,0.0,0.0,0.0,Autumn,No Holiday,Yes,1229
17229,2018-11-24,11,Saturday,1,2,Dawn,2.5,29,1.8,2000,-13.7,0.0,0.0,0.0,0.0,Autumn,No Holiday,Yes,335
18330,2018-03-12,3,Monday,0,7,Early Morning,3.0,53,0.5,1094,-5.6,0.0,0.0,0.0,0.0,Spring,No Holiday,Yes,662
11100,2018-02-28,2,Wednesday,0,12,Morning,7.6,48,2.6,600,-2.7,0.39,0.0,0.0,0.0,Winter,No Holiday,Yes,305
14839,2018-04-22,4,Sunday,1,16,Afternoon,19.1,52,0.9,1583,9.0,0.37,0.0,0.0,0.0,Spring,No Holiday,Yes,103
13382,2018-09-02,9,Sunday,1,22,Night,25.7,64,1.1,2000,18.3,0.0,0.0,0.0,0.0,Autumn,No Holiday,Yes,1511
16312,2018-09-29,9,Saturday,1,0,Dawn,16.6,69,1.0,2000,10.8,0.0,0.0,0.0,0.0,Autumn,No Holiday,Yes,1037
18682,2018-02-05,2,Monday,0,6,Dawn,-11.5,40,2.3,2000,-22.4,0.0,0.0,0.0,0.0,Winter,No Holiday,Yes,110
17696,2018-01-15,1,Monday,0,23,Night,2.4,63,0.6,443,-3.9,0.0,0.0,0.0,0.0,Winter,No Holiday,Yes,230
16339,2018-07-23,7,Monday,0,7,Early Morning,29.3,58,0.8,2000,20.1,0.23,0.0,0.0,0.0,Summer,No Holiday,Yes,1241
13016,2018-05-23,5,Wednesday,0,17,Afternoon,22.4,39,3.2,1943,7.7,1.9,0.0,0.0,0.0,Spring,No Holiday,Yes,2069
14814,2018-06-11,6,Monday,0,4,Dawn,18.8,60,1.0,2000,10.8,0.0,0.0,0.0,0.0,Summer,No Holiday,Yes,194
16659,2018-03-06,3,Tuesday,0,15,Afternoon,10.1,24,1.8,1839,-9.6,2.12,0.0,0.0,0.0,Spring,No Holiday,Yes,616
10458,2018-08-15,8,Wednesday,0,10,Morning,33.5,49,1.0,1937,21.3,2.09,0.0,0.0,0.0,Summer,Holiday,Yes,547
11971,2018-08-22,8,Wednesday,0,22,Night,32.1,47,2.0,2000,19.3,0.0,0.0,0.0,0.0,Summer,No Holiday,Yes,1556
16889,2018-06-06,6,Wednesday,0,19,Evening,24.9,56,3.1,1469,15.5,0.51,0.0,0.0,0.0,Summer,Holiday,Yes,2163
13253,2018-06-09,6,Saturday,1,8,Early Morning,21.9,62,0.9,1071,14.2,1.03,0.0,0.0,0.0,Summer,No Holiday,Yes,963
12202,2018-02-23,2,Friday,0,17,Afternoon,7.9,68,4.2,352,2.3,0.27,0.0,0.0,0.0,Winter,No Holiday,Yes,470
14451,2018-11-06,11,Tuesday,0,20,Evening,13.2,73,1.1,246,8.4,0.0,0.0,0.0,0.0,Autumn,No Holiday,No,0
10631,2018-02-04,2,Sunday,1,1,Dawn,-10.5,48,3.1,2000,-19.4,0.0,0.0,0.0,0.0,Winter,No Holiday,Yes,90
18102,2018-11-18,11,Sunday,1,3,Dawn,2.5,49,0.2,2000,-7.1,0.0,0.0,0.0,0.0,Autumn,No Holiday,Yes,258
15609,2018-10-31,10,Wednesday,0,3,Dawn,5.6,69,0.1,2000,0.3,0.0,0.0,0.0,0.0,Autumn,No Holiday,Yes,227
13291,2018-02-13,2,Tuesday,0,11,Morning,-0.3,40,3.4,1728,-12.2,1.73,0.0,0.0,0.0,Winter,No Holiday,Yes,252
13462,2018-07-04,7,Wednesday,0,4,Dawn,24.7,82,0.3,2000,21.4,0.0,0.0,0.0,0.0,Summer,No Holiday,Yes,234
13727,2018-01-23,1,Tuesday,0,11,Morning,-11.7,27,4.0,1935,-26.9,0.94,0.0,0.1,0.1,Winter,No Holiday,Yes,184
15663,2018-06-02,6,Saturday,1,11,Morning,27.3,35,2.3,1537,10.4,2.98,0.0,0.0,0.0,Summer,No Holiday,Yes,1094
13126,2018-04-19,4,Thursday,0,15,Afternoon,20.2,21,4.8,1161,-2.8,2.53,0.0,0.0,0.0,Spring,No Holiday,Yes,1039
18540,2018-05-21,5,Monday,0,6,Dawn,11.4,0,0.9,2000,-2.0,0.03,0.0,0.0,0.0,Spring,No Holiday,Yes,467
10723,2018-11-28,11,Wednesday,0,17,Afternoon,7.6,23,2.9,1678,-12.2,0.25,0.0,0.0,0.0,Autumn,No Holiday,Yes,1099
15749,2018-01-08,1,Monday,0,6,Dawn,0.8,45,0.7,1268,-9.8,0.0,0.0,0.0,0.0,Winter,No Holiday,Yes,159
11869,2017-12-26,12,Tuesday,0,5,Dawn,-2.9,77,0.8,1833,-6.3,0.0,0.0,0.0,0.0,Winter,No Holiday,Yes,65
11320,2018-07-11,7,Wednesday,0,14,Afternoon,29.2,67,2.8,1725,22.4,1.13,0.0,0.0,0.0,Summer,No Holiday,Yes,1052
14404,2018-05-12,5,Saturday,1,1,Dawn,15.9,51,1.8,866,5.7,0.0,0.0,0.0,0.0,Spring,No Holiday,Yes,669
10190,2018-07-22,7,Sunday,1,13,Afternoon,36.7,33,1.8,1911,17.7,3.24,0.0,0.0,0.0,Summer,No Holiday,Yes,569
15858,2018-05-29,5,Tuesday,0,16,Afternoon,23.6,66,4.2,1208,16.8,0.89,0.0,0.0,0.0,Spring,No Holiday,Yes,1592
12985,2018-03-08,3,Thursday,0,19,Evening,4.5,72,2.7,529,-0.1,0.03,0.0,0.0,0.0,Spring,No Holiday,Yes,683
13766,2017-12-06,12,Wednesday,0,5,Dawn,-3.6,76,0.0,1934,-7.2,0.0,0.0,0.04,0.04,Winter,No Holiday,Yes,87
12415,2018-07-12,7,Thursday,0,18,Evening,27.5,77,2.1,1897,23.0,0.46,0.0,0.0,0.0,Summer,No Holiday,Yes,3016
15298,2018-10-27,10,Saturday,1,13,Afternoon,10.6,38,4.6,2000,-3.1,1.63,0.0,0.0,0.0,Autumn,No Holiday,Yes,1118
16847,2017-12-03,12,Sunday,1,9,Early Morning,3.5,91,1.8,231,2.1,0.02,2.5,0.0,2.5,Winter,No Holiday,Yes,152
14247,2018-10-01,10,Monday,0,23,Night,13.4,69,3.7,2000,7.8,0.0,0.0,0.0,0.0,Autumn,No Holiday,Yes,1057
13780,2018-07-20,7,Friday,0,19,Evening,32.9,44,2.0,1985,19.0,0.59,0.0,0.0,0.0,Summer,No Holiday,Yes,2084
16281,2018-06-23,6,Saturday,1,0,Dawn,22.7,36,1.5,2000,6.8,0.0,0.0,0.0,0.0,Summer,No Holiday,Yes,1322
10959,2018-11-03,11,Saturday,1,19,Evening,13.4,62,1.6,740,6.2,0.0,0.0,0.0,0.0,Autumn,No Holiday,No,0
11828,2018-08-19,8,Sunday,1,22,Night,27.7,62,0.6,2000,19.7,0.0,0.0,0.0,0.0,Summer,No Holiday,Yes,1546
18748,2018-02-08,2,Thursday,0,15,Afternoon,1.4,25,2.2,1686,-16.5,1.81,0.0,0.0,0.0,Winter,No Holiday,Yes,286
12207,2018-10-12,10,Friday,0,1,Dawn,7.6,63,1.2,2000,0.9,0.0,0.0,0.0,0.0,Autumn,No Holiday,Yes,531
11817,2018-09-20,9,Thursday,0,13,Afternoon,18.9,89,2.6,586,17.0,0.58,0.0,0.0,0.0,Autumn,No Holiday,Yes,301
12056,2018-09-28,9,Friday,0,9,Early Morning,16.5,50,1.2,2000,6.0,0.66,0.0,0.0,0.0,Autumn,No Holiday,No,0
16987,2018-07-17,7,Tuesday,0,8,Early Morning,25.8,69,0.8,969,19.6,1.06,0.0,0.0,0.0,Summer,No Holiday,Yes,1955
18021,2018-05-01,5,Tuesday,0,17,Afternoon,22.0,65,2.4,589,15.1,0.47,0.0,0.0,0.0,Spring,Holiday,Yes,1898
17946,2018-10-11,10,Thursday,0,3,Dawn,6.7,71,1.0,2000,1.8,0.0,0.0,0.0,0.0,Autumn,No Holiday,Yes,218
17686,2018-10-27,10,Saturday,1,1,Dawn,9.9,62,3.5,2000,2.9,0.0,0.0,0.0,0.0,Autumn,No Holiday,Yes,585
17139,2018-03-29,3,Thursday,0,12,Morning,18.2,55,2.3,594,9.0,2.24,0.0,0.0,0.0,Spring,No Holiday,Yes,714
16150,2018-10-26,10,Friday,0,7,Early Morning,12.6,63,0.8,1265,5.7,0.0,0.0,0.0,0.0,Autumn,No Holiday,Yes,556
13778,2018-07-29,7,Sunday,1,10,Morning,32.4,48,1.9,1952,19.9,2.33,0.0,0.0,0.0,Summer,No Holiday,Yes,473
17965,2018-08-06,8,Monday,0,18,Evening,32.8,63,1.3,1799,24.8,0.31,0.0,0.0,0.0,Summer,No Holiday,Yes,1956
17827,2018-04-06,4,Friday,0,1,Dawn,7.2,95,0.2,683,6.4,0.0,0.5,0.0,0.5,Spring,No Holiday,Yes,50
17639,2018-06-07,6,Thursday,0,22,Night,20.9,71,1.0,763,15.4,0.0,0.0,0.0,0.0,Summer,No Holiday,Yes,1939
15973,2018-11-22,11,Thursday,0,2,Dawn,1.3,44,1.9,2000,-9.6,0.0,0.0,0.0,0.0,Autumn,No Holiday,Yes,271
13580,2018-07-14,7,Saturday,1,9,Early Morning,27.0,70,1.1,1393,21.0,1.15,0.0,0.0,0.0,Summer,No Holiday,Yes,909
14881,2018-11-21,11,Wednesday,0,7,Early Morning,6.5,85,0.8,536,4.1,0.0,0.0,0.0,0.0,Autumn,No Holiday,Yes,788
17456,2018-06-19,6,Tuesday,0,16,Afternoon,26.1,46,3.0,1728,13.5,1.55,0.0,0.0,0.0,Summer,No Holiday,Yes,1700
13665,2018-10-07,10,Sunday,1,0,Dawn,16.3,86,0.3,2000,13.9,0.0,0.0,0.0,0.0,Autumn,No Holiday,Yes,1049
10623,2018-02-19,2,Monday,0,5,Dawn,-1.8,44,0.5,1862,-12.4,0.0,0.0,0.0,0.0,Winter,No Holiday,Yes,59
16277,2018-10-09,10,Tuesday,0,15,Afternoon,18.3,40,1.2,2000,4.4,0.33,0.0,0.0,0.0,Autumn,Holiday,No,0
18153,2018-03-14,3,Wednesday,0,12,Morning,19.9,44,2.7,1874,7.2,2.22,0.0,0.0,0.0,Spring,No Holiday,Yes,813
13316,2018-10-11,10,Thursday,0,18,Evening,12.1,40,2.4,1854,-1.1,0.18,0.0,0.0,0.0,Autumn,No Holiday,Yes,2378
15067,2018-11-14,11,Wednesday,0,15,Afternoon,15.9,30,0.7,1823,-1.6,1.34,0.0,0.0,0.0,Autumn,No Holiday,Yes,1063
17320,2018-04-03,4,Tuesday,0,0,Dawn,16.8,69,0.8,1395,11.0,0.0,0.0,0.0,0.0,Spring,No Holiday,Yes,532
13622,2018-02-08,2,Thursday,0,3,Dawn,-8.6,64,0.9,1754,-14.1,0.0,0.0,0.0,0.0,Winter,No Holiday,Yes,57
14098,2018-11-12,11,Monday,0,9,Early Morning,5.2,55,1.4,1752,-3.1,0.67,0.0,0.0,0.0,Autumn,No Holiday,Yes,931
15742,2017-12-19,12,Tuesday,0,6,Dawn,-4.3,70,1.6,1169,-8.9,0.0,0.0,0.26,0.26,Winter,No Holiday,Yes,78
17670,2018-07-08,7,Sunday,1,10,Morning,22.5,48,1.6,1940,10.9,2.33,0.0,0.0,0.0,Summer,No Holiday,Yes,867
16673,2018-09-12,9,Wednesday,0,19,Evening,25.4,50,0.6,2000,14.2,0.07,0.0,0.0,0.0,Autumn,No Holiday,Yes,2443
17437,2018-03-24,3,Saturday,1,22,Night,6.5,85,2.3,167,4.1,0.0,0.0,0.0,0.0,Spring,No Holiday,Yes,460
14587,2017-12-20,12,Wednesday,0,8,Early Morning,-7.8,65,1.1,1738,-13.2,0.0,0.0,0.2,0.2,Winter,No Holiday,Yes,466
17755,2018-07-12,7,Thursday,0,8,Early Morning,26.3,84,2.1,973,23.3,0.48,0.0,0.0,0.0,Summer,No Holiday,Yes,1811
15641,2018-01-10,1,Wednesday,0,21,Evening,-9.4,47,2.0,2000,-18.6,0.0,0.0,0.0,0.0,Winter,No Holiday,Yes,214
11352,2018-07-18,7,Wednesday,0,17,Afternoon,32.6,46,2.8,1560,19.4,1.95,0.0,0.0,0.0,Summer,No Holiday,Yes,1596
10582,2018-07-16,7,Monday,0,0,Dawn,26.5,81,0.9,1650,22.9,0.0,0.0,0.0,0.0,Summer,No Holiday,Yes,732
10341,2018-10-01,10,Monday,0,14,Afternoon,19.3,36,3.5,1986,3.8,2.28,0.0,0.0,0.0,Autumn,No Holiday,Yes,1137
10776,2017-12-16,12,Saturday,1,13,Afternoon,-3.7,23,4.0,1980,-21.8,1.12,0.0,0.0,0.0,Winter,No Holiday,Yes,296
10365,2018-08-24,8,Friday,0,19,Evening,23.6,86,3.0,1275,21.1,0.04,0.0,0.0,0.0,Summer,No Holiday,Yes,948
14917,2018-11-20,11,Tuesday,0,13,Afternoon,11.6,20,1.3,1821,-10.6,1.87,0.0,0.0,0.0,Autumn,No Holiday,Yes,798
10531,2018-08-19,8,Sunday,1,12,Morning,30.9,37,1.8,1858,14.5,2.98,0.0,0.0,0.0,Summer,No Holiday,Yes,926
11909,2018-01-28,1,Sunday,1,14,Afternoon,-1.5,20,3.0,1992,-21.6,1.09,0.0,0.0,0.0,Winter,No Holiday,Yes,225
11487,2018-04-23,4,Monday,0,0,Dawn,10.7,94,2.6,477,9.7,0.0,2.0,0.0,2.0,Spring,No Holiday,Yes,81
11920,2018-06-15,6,Friday,0,23,Night,19.6,55,1.4,2000,10.3,0.0,0.0,0.0,0.0,Summer,No Holiday,Yes,1593
14213,2018-10-16,10,Tuesday,0,17,Afternoon,18.4,38,1.8,1565,3.8,0.5,0.0,0.0,0.0,Autumn,No Holiday,Yes,1811
11766,2018-11-11,11,Sunday,1,4,Dawn,6.9,82,0.5,337,4.0,0.0,0.0,0.0,0.0,Autumn,No Holiday,Yes,189
15979,2018-02-26,2,Monday,0,8,Early Morning,-2.9,63,0.7,1386,-8.9,0.11,0.0,0.0,0.0,Winter,No Holiday,Yes,786
12251,2018-07-18,7,Wednesday,0,9,Early Morning,27.2,59,0.4,948,18.4,1.18,0.0,0.0,0.0,Summer,No Holiday,Yes,982
18004,2018-08-17,8,Friday,0,4,Dawn,22.1,54,1.6,2000,12.3,0.0,0.0,0.0,0.0,Summer,No Holiday,Yes,276
18262,2018-11-26,11,Monday,0,18,Evening,9.5,56,0.5,628,1.1,0.0,0.0,0.0,0.0,Autumn,No Holiday,Yes,1708
16283,2018-08-29,8,Wednesday,0,18,Evening,23.9,96,0.2,991,23.2,0.0,1.5,0.0,1.5,Summer,No Holiday,Yes,57
14630,2018-05-07,5,Monday,0,10,Morning,17.5,63,0.6,1916,10.3,0.96,0.0,0.0,0.0,Spring,No Holiday,Yes,895
13438,2018-01-21,1,Sunday,1,11,Morning,1.9,25,1.0,1493,-16.1,0.78,0.0,0.0,0.0,Winter,No Holiday,Yes,216
16812,2018-04-05,4,Thursday,0,21,Evening,7.3,96,1.5,749,6.6,0.0,1.0,0.0,1.0,Spring,No Holiday,Yes,99
18665,2018-08-17,8,Friday,0,12,Morning,30.3,30,1.9,1981,10.7,3.17,0.0,0.0,0.0,Summer,No Holiday,Yes,904
16964,2018-04-20,4,Friday,0,14,Afternoon,25.9,28,2.2,808,5.9,2.92,0.0,0.0,0.0,Spring,No Holiday,Yes,970
15639,2018-04-20,4,Friday,0,6,Dawn,11.2,63,0.7,821,4.4,0.0,0.0,0.0,0.0,Spring,No Holiday,Yes,414
18379,2018-09-20,9,Thursday,0,20,Evening,19.1,77,2.2,1834,14.9,0.0,0.0,0.0,0.0,Autumn,No Holiday,Yes,898
16768,2018-11-30,11,Friday,0,5,Dawn,-0.7,66,0.5,1336,-6.2,0.0,0.0,0.0,0.0,Autumn,No Holiday,Yes,149
13824,2018-07-07,7,Saturday,1,16,Afternoon,28.9,44,1.6,1998,15.4,2.2,0.0,0.0,0.0,Summer,No Holiday,Yes,1764
17142,2018-07-11,7,Wednesday,0,1,Dawn,24.6,96,0.5,443,23.9,0.0,0.5,0.0,0.5,Summer,No Holiday,Yes,240
12797,2018-09-06,9,Thursday,0,23,Night,23.9,71,4.7,1982,18.3,0.0,0.0,0.0,0.0,Autumn,No Holiday,Yes,562
15721,2018-06-21,6,Thursday,0,0,Dawn,20.0,83,2.6,547,17.0,0.0,0.0,0.0,0.0,Summer,No Holiday,Yes,1083
16986,2018-10-20,10,Saturday,1,17,Afternoon,19.2,23,1.5,2000,-2.4,0.62,0.0,0.0,0.0,Autumn,No Holiday,Yes,1949
10176,2018-02-04,2,Sunday,1,23,Night,-10.3,48,2.0,2000,-19.2,0.0,0.0,0.0,0.0,Winter,No Holiday,Yes,77
12428,2018-02-14,2,Wednesday,0,7,Early Morning,1.3,66,1.1,1534,-4.3,0.0,0.0,0.0,0.0,Winter,No Holiday,Yes,292
18671,2018-01-10,1,Wednesday,0,0,Dawn,-5.2,82,0.8,152,-7.7,0.0,0.5,0.05,0.55,Winter,No Holiday,Yes,61
17893,2018-11-12,11,Monday,0,17,Afternoon,11.8,43,1.8,1685,-0.3,0.34,0.0,0.0,0.0,Autumn,No Holiday,Yes,1472
13557,2018-05-15,5,Tuesday,0,11,Morning,24.8,36,1.8,973,8.7,2.7,0.0,0.0,0.0,Spring,No Holiday,Yes,944
15865,2017-12-23,12,Saturday,1,0,Dawn,5.8,75,1.9,788,1.7,0.0,0.0,0.0,0.0,Winter,No Holiday,Yes,282
10047,2018-08-30,8,Thursday,0,19,Evening,25.1,74,2.1,1105,20.1,0.0,0.5,0.0,0.5,Summer,No Holiday,Yes,1707
10046,2018-11-01,11,Thursday,0,5,Dawn,3.3,72,0.0,1946,-1.2,0.0,0.0,0.0,0.0,Autumn,No Holiday,Yes,154
11323,2018-10-19,10,Friday,0,13,Afternoon,18.9,33,1.8,2000,2.2,2.43,0.0,0.0,0.0,Autumn,No Holiday,Yes,1190
14604,2018-09-14,9,Friday,0,5,Dawn,20.7,77,0.9,2000,16.5,0.0,0.0,0.0,0.0,Autumn,No Holiday,Yes,249
11713,2018-06-30,6,Saturday,1,14,Afternoon,27.5,69,0.5,736,21.2,1.84,0.0,0.0,0.0,Summer,No Holiday,Yes,1235
16405,2018-10-06,10,Saturday,1,11,Morning,17.5,95,2.0,1214,16.6,0.35,3.5,0.0,3.5,Autumn,No Holiday,Yes,20
11584,2018-01-27,1,Saturday,1,23,Night,-7.6,42,1.2,1760,-18.3,0.0,0.0,0.0,0.0,Winter,No Holiday,Yes,103
11034,2018-07-23,7,Monday,0,16,Afternoon,34.8,47,2.2,1839,21.8,1.32,0.0,0.0,0.0,Summer,No Holiday,Yes,960
12275,2018-02-07,2,Wednesday,0,14,Afternoon,-3.5,20,1.5,1976,-23.2,2.02,0.0,0.0,0.0,Winter,No Holiday,Yes,199
10514,2018-08-25,8,Saturday,1,6,Dawn,23.5,79,2.0,1439,19.6,0.0,0.0,0.0,0.0,Summer,No Holiday,Yes,318
13785,2018-08-05,8,Sunday,1,19,Evening,30.9,68,3.3,1821,24.2,0.52,0.0,0.0,0.0,Summer,No Holiday,Yes,1411
18567,2018-08-17,8,Friday,0,1,Dawn,23.4,47,2.1,2000,11.4,0.0,0.0,0.0,0.0,Summer,No Holiday,Yes,842
15416,2018-09-05,9,Wednesday,0,20,Evening,24.5,64,2.0,2000,17.2,0.0,0.0,0.0,0.0,Autumn,No Holiday,Yes,2177
15322,2018-06-17,6,Sunday,1,17,Afternoon,25.6,58,3.3,865,16.7,0.66,0.0,0.0,0.0,Summer,No Holiday,Yes,2330
10279,2018-10-23,10,Tuesday,0,11,Morning,13.0,70,5.0,989,7.6,0.5,0.0,0.0,0.0,Autumn,No Holiday,Yes,81
16305,2018-05-22,5,Tuesday,0,21,Evening,17.0,85,1.1,597,14.4,0.0,0.5,0.0,0.5,Spring,Holiday,Yes,58
10993,2018-02-01,2,Thursday,0,18,Evening,-1.0,28,1.9,2000,-17.2,0.08,0.0,0.0,0.0,Winter,No Holiday,Yes,542
13854,2017-12-13,12,Wednesday,0,16,Afternoon,-4.5,26,2.2,2000,-21.1,0.56,0.0,0.0,0.0,Winter,No Holiday,Yes,278
13078,2018-11-02,11,Friday,0,18,Evening,14.6,42,1.4,1428,1.8,0.02,0.0,0.0,0.0,Autumn,No Holiday,Yes,2314
16594,2018-06-18,6,Monday,0,7,Early Morning,20.6,76,0.5,786,16.2,0.3,0.0,0.0,0.0,Summer,No Holiday,Yes,1590
15888,2017-12-22,12,Friday,0,21,Evening,6.1,70,2.2,763,1.0,0.0,0.0,0.0,0.0,Winter,Holiday,Yes,309
10761,2018-02-02,2,Friday,0,1,Dawn,-5.2,56,0.9,1973,-12.6,0.0,0.0,0.0,0.0,Winter,No Holiday,Yes,159
10214,2018-01-28,1,Sunday,1,6,Dawn,-7.8,35,1.9,2000,-20.6,0.0,0.0,0.0,0.0,Winter,No Holiday,Yes,30
18146,2018-08-28,8,Tuesday,0,3,Dawn,22.9,93,0.6,2000,21.7,0.0,0.0,0.0,0.0,Summer,No Holiday,Yes,281
17231,2018-05-28,5,Monday,0,4,Dawn,17.2,0,0.4,1619,8.8,0.0,0.0,0.0,0.0,Spring,No Holiday,Yes,134
12811,2018-05-02,5,Wednesday,0,12,Morning,17.3,95,0.7,155,16.4,0.16,3.5,0.0,3.5,Spring,No Holiday,Yes,63
16115,2018-09-01,9,Saturday,1,16,Afternoon,30.5,41,1.4,1930,15.7,1.95,0.0,0.0,0.0,Autumn,No Holiday,Yes,1678
11219,2018-06-22,6,Friday,0,17,Afternoon,30.4,28,2.9,1834,9.8,1.9,0.0,0.0,0.0,Summer,No Holiday,Yes,2146
10358,2018-11-12,11,Monday,0,15,Afternoon,13.8,34,2.4,1438,-1.8,1.45,0.0,0.0,0.0,Autumn,No Holiday,Yes,1084
18544,2018-04-03,4,Tuesday,0,6,Dawn,16.8,74,1.2,1265,12.1,0.0,0.0,0.0,0.0,Spring,No Holiday,Yes,388
10885,2018-05-13,5,Sunday,1,7,Early Morning,13.7,98,1.6,468,13.3,0.1,0.0,0.0,0.0,Spring,No Holiday,Yes,220
12895,2018-10-02,10,Tuesday,0,3,Dawn,11.8,78,0.3,1843,8.0,0.0,0.0,0.0,0.0,Autumn,No Holiday,No,0
17834,2018-03-31,3,Saturday,1,3,Dawn,10.7,74,1.7,712,6.2,0.0,0.0,0.0,0.0,Spring,No Holiday,Yes,264
13709,2018-05-17,5,Thursday,0,2,Dawn,21.8,97,1.3,175,21.2,0.0,1.0,0.0,1.0,Spring,No Holiday,Yes,78
14428,2018-11-14,11,Wednesday,0,6,Dawn,5.1,76,1.1,1195,1.2,0.0,0.0,0.0,0.0,Autumn,No Holiday,Yes,362
11561,2018-05-01,5,Tuesday,0,21,Evening,20.2,74,1.3,554,15.4,0.0,0.0,0.0,0.0,Spring,Holiday,Yes,1644
18674,2017-12-23,12,Saturday,1,16,Afternoon,8.2,64,1.0,281,1.7,0.32,0.0,0.0,0.0,Winter,No Holiday,Yes,473
11017,2018-02-27,2,Tuesday,0,23,Night,5.3,53,1.5,582,-3.5,0.0,0.0,0.0,0.0,Winter,No Holiday,Yes,310
15785,2017-12-19,12,Tuesday,0,3,Dawn,-2.8,58,1.6,1315,-9.9,0.0,0.0,0.26,0.26,Winter,No Holiday,Yes,55
10686,2018-11-07,11,Wednesday,0,20,Evening,13.3,77,1.6,833,9.3,0.0,0.0,0.0,0.0,Autumn,No Holiday,Yes,1062
10833,2018-11-27,11,Tuesday,0,10,Morning,6.4,71,1.0,385,1.5,0.37,0.0,0.0,0.0,Autumn,No Holiday,Yes,616
13427,2018-03-11,3,Sunday,1,14,Afternoon,11.6,20,2.7,1647,-10.6,2.69,0.0,0.0,0.0,Spring,No Holiday,Yes,1154
10831,2018-10-20,10,Saturday,1,10,Morning,13.0,49,0.5,1685,2.5,1.61,0.0,0.0,0.0,Autumn,No Holiday,Yes,997
11169,2018-05-27,5,Sunday,1,14,Afternoon,24.2,36,4.0,1907,8.1,2.16,0.0,0.0,0.0,Spring,No Holiday,Yes,1730
16929,2017-12-03,12,Sunday,1,21,Evening,4.7,87,1.2,247,2.7,0.0,0.0,0.0,0.0,Winter,No Holiday,Yes,385
14761,2018-03-10,3,Saturday,1,6,Dawn,1.1,78,1.1,538,-2.3,0.0,0.0,0.0,0.0,Spring,No Holiday,Yes,74
12513,2018-05-03,5,Thursday,0,20,Evening,12.6,47,3.2,1935,1.5,0.02,0.0,0.0,0.0,Spring,No Holiday,Yes,1401
16054,2018-08-12,8,Sunday,1,18,Evening,33.4,49,1.6,1971,21.2,0.25,0.0,0.0,0.0,Summer,No Holiday,Yes,1225
11853,2018-07-24,7,Tuesday,0,13,Afternoon,36.4,41,1.3,1655,21.0,2.86,0.0,0.0,0.0,Summer,No Holiday,Yes,688
11203,2018-05-04,5,Friday,0,11,Morning,17.2,35,3.6,1731,1.5,2.93,0.0,0.0,0.0,Spring,No Holiday,Yes,1021
14705,2018-08-31,8,Friday,0,11,Morning,26.7,51,2.7,1925,15.7,2.65,0.0,0.0,0.0,Summer,No Holiday,Yes,868
18240,2018-06-15,6,Friday,0,17,Afternoon,26.1,45,1.4,2000,13.2,1.26,0.0,0.0,0.0,Summer,No Holiday,Yes,2460
16258,2018-03-04,3,Sunday,1,14,Afternoon,11.2,83,1.1,518,8.4,0.45,0.0,0.0,0.0,Spring,No Holiday,Yes,475
11690,2018-08-20,8,Monday,0,7,Early Morning,25.4,60,1.4,1879,17.0,0.16,0.0,0.0,0.0,Summer,No Holiday,Yes,1285
10855,2018-01-22,1,Monday,0,5,Dawn,0.0,32,0.7,2000,-14.7,0.0,0.0,0.0,0.0,Winter,No Holiday,Yes,60
13130,2018-09-13,9,Thursday,0,23,Night,22.4,73,0.3,1980,17.3,0.0,0.0,0.0,0.0,Autumn,No Holiday,Yes,1303
15907,2018-01-27,1,Saturday,1,19,Evening,-7.1,33,2.0,1887,-20.6,0.0,0.0,0.0,0.0,Winter,No Holiday,Yes,122
16835,2018-03-26,3,Monday,0,19,Evening,14.3,37,3.1,1247,-0.2,0.1,0.0,0.0,0.0,Spring,No Holiday,Yes,1031
18221,2018-06-11,6,Monday,0,3,Dawn,18.8,61,1.3,2000,11.1,0.0,0.0,0.0,0.0,Summer,No Holiday,Yes,232
16792,2018-10-04,10,Thursday,0,9,Early Morning,16.7,58,1.8,1821,8.3,1.22,0.0,0.0,0.0,Autumn,No Holiday,No,0
10492,2018-02-24,2,Saturday,1,21,Evening,0.7,31,1.3,1923,-14.5,0.0,0.0,0.0,0.0,Winter,No Holiday,Yes,232
11773,2018-01-09,1,Tuesday,0,20,Evening,-4.9,59,0.6,1992,-11.6,0.0,0.0,0.0,0.0,Winter,No Holiday,Yes,302
10687,2018-05-31,5,Thursday,0,23,Night,20.5,62,2.2,1903,12.9,0.0,0.0,0.0,0.0,Spring,No Holiday,Yes,1343
11493,2018-07-07,7,Saturday,1,21,Evening,23.4,52,1.4,2000,12.9,0.0,0.0,0.0,0.0,Summer,No Holiday,Yes,2235
12146,2018-09-04,9,Tuesday,0,14,Afternoon,27.4,52,3.8,1998,16.6,2.67,0.0,0.0,0.0,Autumn,No Holiday,Yes,987
10744,2018-03-28,3,Wednesday,0,19,Evening,16.0,60,2.8,1436,8.2,0.06,0.0,0.0,0.0,Spring,No Holiday,Yes,1288
15228,2018-05-08,5,Tuesday,0,16,Afternoon,22.0,41,1.7,2000,8.1,2.04,0.0,0.0,0.0,Spring,No Holiday,Yes,1457
12442,2017-12-23,12,Saturday,1,5,Dawn,5.0,81,1.2,425,2.0,0.0,0.0,0.0,0.0,Winter,No Holiday,Yes,59
11943,2018-04-04,4,Wednesday,0,15,Afternoon,17.9,44,2.2,2000,5.4,2.79,0.0,0.0,0.0,Spring,No Holiday,Yes,1209
10088,2018-11-07,11,Wednesday,0,22,Night,13.2,74,1.4,1407,8.6,0.0,0.0,0.0,0.0,Autumn,No Holiday,Yes,1003
18414,2018-07-26,7,Thursday,0,5,Dawn,27.4,78,0.8,1301,23.2,0.0,0.0,0.0,0.0,Summer,No Holiday,Yes,306
14032,2018-03-22,3,Thursday,0,1,Dawn,1.6,85,2.0,952,-0.6,0.0,0.0,0.0,0.0,Spring,No Holiday,Yes,247
14065,2018-08-11,8,Saturday,1,20,Evening,32.8,47,1.9,2000,19.9,0.01,0.0,0.0,0.0,Summer,No Holiday,Yes,1469
17286,2018-03-31,3,Saturday,1,10,Morning,14.7,53,0.9,831,5.2,1.59,0.0,0.0,0.0,Spring,No Holiday,Yes,618
15942,2018-02-09,2,Friday,0,19,Evening,3.3,58,1.7,1024,-4.1,0.0,0.0,0.0,0.0,Winter,No Holiday,Yes,407
10273,2018-08-05,8,Sunday,1,11,Morning,31.2,63,2.6,1695,23.3,1.99,0.0,0.0,0.0,Summer,No Holiday,Yes,499
14291,2018-02-24,2,Saturday,1,19,Evening,2.1,27,2.8,1883,-15.0,0.01,0.0,0.0,0.0,Winter,No Holiday,Yes,306
15285,2018-02-04,2,Sunday,1,2,Dawn,-10.5,49,2.0,2000,-19.1,0.0,0.0,0.0,0.0,Winter,No Holiday,Yes,60
11030,2018-02-17,2,Saturday,1,19,Evening,-1.5,32,2.5,2000,-16.0,0.0,0.0,0.0,0.0,Winter,Holiday,Yes,169
14178,2018-01-29,1,Monday,0,1,Dawn,-9.8,47,1.3,1934,-19.0,0.0,0.0,0.0,0.0,Winter,No Holiday,Yes,62
14443,2018-07-28,7,Saturday,1,1,Dawn,29.1,79,1.3,975,25.0,0.0,0.0,0.0,0.0,Summer,No Holiday,Yes,875
11347,2018-03-22,3,Thursday,0,0,Dawn,1.6,86,1.7,1141,-0.4,0.0,0.0,0.0,0.0,Spring,No Holiday,Yes,243
10567,2018-02-11,2,Sunday,1,3,Dawn,-7.2,43,2.0,2000,-17.6,0.0,0.0,0.0,0.0,Winter,No Holiday,Yes,58
12143,2018-03-03,3,Saturday,1,23,Night,9.4,74,1.6,559,4.9,0.0,0.0,0.0,0.0,Spring,No Holiday,Yes,215
10871,2018-05-24,5,Thursday,0,16,Afternoon,23.5,36,4.0,1763,7.5,2.42,0.0,0.0,0.0,Spring,No Holiday,Yes,1455
14533,2017-12-18,12,Monday,0,10,Morning,-3.7,87,1.0,541,-5.5,0.03,0.0,0.48,0.48,Winter,No Holiday,Yes,36
14217,2018-05-30,5,Wednesday,0,0,Dawn,19.1,84,1.6,540,16.3,0.0,0.0,0.0,0.0,Spring,No Holiday,Yes,507
15063,2018-09-24,9,Monday,0,9,Early Morning,17.0,43,2.1,1993,4.3,1.36,0.0,0.0,0.0,Autumn,Holiday,Yes,310
16299,2018-05-14,5,Monday,0,1,Dawn,12.4,94,1.3,307,11.4,0.0,0.0,0.0,0.0,Spring,No Holiday,Yes,377
14885,2017-12-13,12,Wednesday,0,7,Early Morning,-11.7,53,1.6,1998,-19.3,0.0,0.0,0.0,0.0,Winter,No Holiday,Yes,310
14600,2018-03-07,3,Wednesday,0,14,Afternoon,9.8,38,0.9,1908,-3.8,0.93,0.0,0.0,0.0,Spring,No Holiday,Yes,505
15952,2018-11-18,11,Sunday,1,0,Dawn,3.6,49,0.8,1990,-6.1,0.0,0.0,0.0,0.0,Autumn,No Holiday,Yes,592
18398,2018-05-24,5,Thursday,0,9,Early Morning,17.6,30,1.1,1531,0.0,1.79,0.0,0.0,0.0,Spring,No Holiday,Yes,1226
16610,2018-05-19,5,Saturday,1,11,Morning,19.0,44,1.4,2000,6.4,3.12,0.0,0.0,0.0,Spring,No Holiday,Yes,1290
18378,2018-02-11,2,Sunday,1,15,Afternoon,-2.6,31,2.7,1987,-17.4,1.36,0.0,0.0,0.0,Winter,No Holiday,Yes,181
10380,2018-03-01,3,Thursday,0,9,Early Morning,0.1,78,4.9,615,-3.2,0.09,0.0,0.0,0.0,Spring,Holiday,Yes,160
13420,2018-02-07,2,Wednesday,0,10,Morning,-9.6,39,0.7,1580,-21.0,1.06,0.0,0.0,0.0,Winter,No Holiday,Yes,155
13031,2018-07-14,7,Saturday,1,20,Evening,29.2,63,1.7,1988,21.4,0.1,0.0,0.0,0.0,Summer,No Holiday,Yes,2023
14646,2018-09-21,9,Friday,0,0,Dawn,18.9,78,2.1,2000,14.9,0.0,0.0,0.0,0.0,Autumn,No Holiday,Yes,809
12868,2018-09-01,9,Saturday,1,23,Night,24.4,54,1.6,2000,14.4,0.0,0.0,0.0,0.0,Autumn,No Holiday,Yes,1523
14365,2018-01-30,1,Tuesday,0,5,Dawn,-11.3,53,1.6,1979,-19.0,0.0,0.0,0.0,0.0,Winter,No Holiday,Yes,47
11872,2018-01-25,1,Thursday,0,15,Afternoon,-9.7,28,3.7,2000,-24.8,1.0,0.0,0.05,0.05,Winter,No Holiday,Yes,130
13930,2018-06-17,6,Sunday,1,9,Early Morning,22.5,66,1.2,605,15.8,0.97,0.0,0.0,0.0,Summer,No Holiday,Yes,944
12561,2017-12-02,12,Saturday,1,19,Evening,5.0,52,2.3,1666,-4.0,0.0,0.0,0.0,0.0,Winter,No Holiday,Yes,385
10235,2018-10-08,10,Monday,0,18,Evening,18.1,39,1.0,2000,3.9,0.21,0.0,0.0,0.0,Autumn,No Holiday,Yes,2787
13136,2018-09-12,9,Wednesday,0,0,Dawn,20.2,54,1.2,2000,10.5,0.0,0.0,0.0,0.0,Autumn,No Holiday,Yes,949
15217,2018-09-18,9,Tuesday,0,10,Morning,22.7,54,1.0,1619,12.9,1.74,0.0,0.0,0.0,Autumn,No Holiday,No,0
16540,2018-11-16,11,Friday,0,11,Morning,11.9,44,2.1,791,0.0,1.22,0.0,0.0,0.0,Autumn,No Holiday,Yes,834
13862,2017-12-11,12,Monday,0,5,Dawn,-5.6,38,3.2,1974,-17.6,0.0,0.0,0.0,0.0,Winter,No Holiday,Yes,86
17230,2017-12-01,12,Friday,0,21,Evening,-0.8,81,0.8,1687,-3.6,0.0,0.0,0.0,0.0,Winter,No Holiday,Yes,405
11136,2018-04-21,4,Saturday,1,1,Dawn,15.5,60,1.1,658,7.7,0.0,0.0,0.0,0.0,Spring,No Holiday,Yes,628
14616,2018-09-17,9,Monday,0,14,Afternoon,26.7,40,3.3,1822,11.9,2.8,0.0,0.0,0.0,Autumn,No Holiday,Yes,1092
18280,2018-10-31,10,Wednesday,0,14,Afternoon,11.9,34,2.4,1835,-3.4,2.12,0.0,0.0,0.0,Autumn,No Holiday,Yes,963
15602,2018-09-08,9,Saturday,1,5,Dawn,16.7,70,0.8,2000,11.1,0.0,0.0,0.0,0.0,Autumn,No Holiday,Yes,227
18578,2018-07-05,7,Thursday,0,19,Evening,26.7,69,1.4,2000,20.5,0.36,0.0,0.0,0.0,Summer,No Holiday,Yes,2309
15014,2018-01-19,1,Friday,0,7,Early Morning,-2.0,49,1.9,1281,-11.3,0.0,0.0,0.0,0.0,Winter,No Holiday,Yes,334
10564,2018-08-06,8,Monday,0,3,Dawn,28.6,81,1.1,1105,25.0,0.0,0.0,0.0,0.0,Summer,No Holiday,Yes,219
18301,2018-04-04,4,Wednesday,0,8,Early Morning,10.3,86,2.5,2000,8.0,0.15,0.0,0.0,0.0,Spring,No Holiday,Yes,1284
18019,2018-11-15,11,Thursday,0,17,Afternoon,13.7,38,1.4,884,-0.3,0.29,0.0,0.0,0.0,Autumn,No Holiday,Yes,1416
14429,2018-05-25,5,Friday,0,6,Dawn,13.8,74,0.7,644,9.2,0.05,0.0,0.0,0.0,Spring,No Holiday,Yes,531
17267,2018-02-18,2,Sunday,1,8,Early Morning,-4.8,31,0.8,2000,-19.3,0.02,0.0,0.0,0.0,Winter,No Holiday,Yes,92
10968,2018-05-02,5,Wednesday,0,13,Afternoon,17.2,96,0.9,275,16.5,0.26,4.0,0.0,4.0,Spring,No Holiday,Yes,327
14722,2018-04-21,4,Saturday,1,5,Dawn,13.0,70,0.5,385,7.6,0.0,0.0,0.0,0.0,Spring,No Holiday,Yes,122
13298,2018-04-28,4,Saturday,1,10,Morning,17.4,46,1.8,734,5.6,2.27,0.0,0.0,0.0,Spring,No Holiday,Yes,808
17025,2018-04-19,4,Thursday,0,17,Afternoon,20.1,27,1.9,1088,0.4,1.38,0.0,0.0,0.0,Spring,No Holiday,Yes,1534
18435,2018-10-29,10,Monday,0,17,Afternoon,10.0,43,4.9,2000,-2.0,0.43,0.0,0.0,0.0,Autumn,No Holiday,Yes,1274
16870,2018-07-13,7,Friday,0,7,Early Morning,25.0,83,1.0,1350,21.9,0.13,0.0,0.0,0.0,Summer,No Holiday,Yes,1321
10999,2018-06-25,6,Monday,0,6,Dawn,21.3,81,0.7,604,17.8,0.05,0.0,0.0,0.0,Summer,No Holiday,Yes,785
13376,2018-10-04,10,Thursday,0,4,Dawn,13.3,75,0.4,1792,8.9,0.0,0.0,0.0,0.0,Autumn,No Holiday,No,0
13042,2018-01-28,1,Sunday,1,13,Afternoon,-2.4,22,2.5,1866,-21.2,1.16,0.0,0.0,0.0,Winter,No Holiday,Yes,206
10742,2018-07-12,7,Thursday,0,23,Night,25.5,84,0.8,1906,22.5,0.0,0.0,0.0,0.0,Summer,No Holiday,Yes,1355
16285,2018-03-12,3,Monday,0,21,Evening,8.7,49,1.7,464,-1.4,0.0,0.0,0.0,0.0,Spring,No Holiday,Yes,771
10378,2018-10-25,10,Thursday,0,5,Dawn,7.8,85,0.9,1542,5.4,0.0,0.0,0.0,0.0,Autumn,No Holiday,Yes,193
15535,2017-12-17,12,Sunday,1,17,Afternoon,-3.8,35,2.4,2000,-17.0,0.17,0.0,0.0,0.0,Winter,No Holiday,Yes,266
10356,2018-02-20,2,Tuesday,0,10,Morning,1.1,38,3.1,1184,-11.6,1.13,0.0,0.0,0.0,Winter,No Holiday,Yes,265
14554,2018-05-25,5,Friday,0,19,Evening,22.0,40,1.6,1658,7.7,0.47,0.0,0.0,0.0,Spring,No Holiday,Yes,2227
16895,2018-10-29,10,Monday,0,6,Dawn,4.7,76,0.6,2000,0.8,0.0,0.0,0.0,0.0,Autumn,No Holiday,Yes,436
10231,2018-08-11,8,Saturday,1,18,Evening,34.4,40,1.8,2000,18.8,0.65,0.0,0.0,0.0,Summer,No Holiday,Yes,1274
15828,2018-02-17,2,Saturday,1,23,Night,-2.9,31,3.8,2000,-17.7,0.0,0.0,0.0,0.0,Winter,Holiday,Yes,117
18122,2018-03-08,3,Thursday,0,3,Dawn,3.8,90,0.8,448,2.3,0.0,2.0,0.0,2.0,Spring,No Holiday,Yes,12
14157,2018-09-30,9,Sunday,1,19,Evening,17.1,35,2.9,2000,1.4,0.0,0.0,0.0,0.0,Autumn,No Holiday,No,0
15002,2018-01-06,1,Saturday,1,22,Night,-2.6,47,1.6,1492,-12.3,0.0,0.0,0.0,0.0,Winter,No Holiday,Yes,218
18721,2018-09-13,9,Thursday,0,4,Dawn,20.7,69,1.3,2000,14.8,0.0,0.0,0.0,0.0,Autumn,No Holiday,Yes,240
10846,2018-09-25,9,Tuesday,0,16,Afternoon,24.2,28,1.7,2000,4.5,1.86,0.0,0.0,0.0,Autumn,Holiday,Yes,1955
11052,2017-12-04,12,Monday,0,14,Afternoon,0.1,27,4.5,2000,-16.7,1.09,0.0,0.0,0.0,Winter,No Holiday,Yes,338
14902,2018-04-11,4,Wednesday,0,17,Afternoon,16.2,22,4.1,2000,-5.5,1.73,0.0,0.0,0.0,Spring,No Holiday,No,0
14371,2018-09-19,9,Wednesday,0,21,Evening,21.7,63,1.8,1078,14.3,0.0,0.1,0.0,0.1,Autumn,No Holiday,No,0
17287,2018-10-27,10,Saturday,1,18,Evening,8.9,39,3.5,2000,-4.3,0.05,0.0,0.0,0.0,Autumn,No Holiday,Yes,1054
16569,2018-06-30,6,Saturday,1,12,Morning,25.2,94,2.8,166,24.1,0.39,6.4,0.0,6.4,Summer,No Holiday,Yes,858
11321,2018-10-22,10,Monday,0,8,Early Morning,9.7,58,0.6,1559,1.8,0.22,0.0,0.0,0.0,Autumn,No Holiday,Yes,2111
10476,2018-01-08,1,Monday,0,5,Dawn,0.8,42,1.0,1394,-10.6,0.0,0.0,0.0,0.0,Winter,No Holiday,Yes,67
18292,2018-05-23,5,Wednesday,0,1,Dawn,15.3,97,3.2,178,14.8,0.0,3.0,0.0,3.0,Spring,No Holiday,Yes,25
12825,2017-12-09,12,Saturday,1,15,Afternoon,5.2,30,2.0,1963,-11.0,0.84,0.0,0.0,0.0,Winter,No Holiday,Yes,569
11200,2018-01-28,1,Sunday,1,15,Afternoon,-1.9,23,4.3,2000,-20.3,0.7,0.0,0.0,0.0,Winter,No Holiday,Yes,217
16520,2018-09-03,9,Monday,0,14,Afternoon,25.6,77,0.8,1930,21.2,0.78,0.0,0.0,0.0,Autumn,No Holiday,Yes,532
15288,2018-08-02,8,Thursday,0,8,Early Morning,31.6,50,1.1,1943,19.9,0.76,0.0,0.0,0.0,Summer,No Holiday,Yes,1579
12153,2018-10-06,10,Saturday,1,13,Afternoon,17.7,89,5.0,2000,15.8,0.62,0.5,0.0,0.5,Autumn,No Holiday,Yes,529
13423,2018-04-12,4,Thursday,0,11,Morning,16.2,30,2.4,1700,-1.4,2.68,0.0,0.0,0.0,Spring,No Holiday,Yes,829
17761,2018-07-20,7,Friday,0,12,Morning,32.6,51,2.1,800,21.1,3.21,0.0,0.0,0.0,Summer,No Holiday,Yes,822
17485,2018-03-16,3,Friday,0,9,Early Morning,5.2,51,1.7,2000,-4.1,1.08,0.0,0.0,0.0,Spring,No Holiday,Yes,683
13404,2018-06-05,6,Tuesday,0,13,Afternoon,28.6,34,2.0,1274,11.1,2.82,0.0,0.0,0.0,Summer,No Holiday,Yes,1058
18406,2018-06-18,6,Monday,0,22,Night,22.9,56,1.3,1927,13.6,0.0,0.0,0.0,0.0,Summer,No Holiday,Yes,1373
14605,2017-12-14,12,Thursday,0,11,Morning,-6.1,38,1.0,1587,-18.1,0.52,0.0,0.0,0.0,Winter,No Holiday,Yes,247
12206,2017-12-30,12,Saturday,1,17,Afternoon,3.8,64,0.9,250,-2.3,0.01,0.0,0.0,0.0,Winter,No Holiday,Yes,183
11050,2018-05-02,5,Wednesday,0,8,Early Morning,17.5,94,0.9,203,16.5,0.06,0.0,0.0,0.0,Spring,No Holiday,Yes,555
18270,2018-08-17,8,Friday,0,19,Evening,31.0,31,1.5,2000,11.8,0.34,0.0,0.0,0.0,Summer,No Holiday,Yes,2353
16483,2018-07-30,7,Monday,0,10,Morning,32.0,50,2.1,1992,20.2,2.34,0.0,0.0,0.0,Summer,No Holiday,Yes,609
18453,2018-07-15,7,Sunday,1,5,Dawn,24.5,85,0.7,1345,21.8,0.0,0.0,0.0,0.0,Summer,No Holiday,Yes,223
18393,2018-05-10,5,Thursday,0,22,Night,12.3,85,2.3,452,9.8,0.0,0.0,0.0,0.0,Spring,No Holiday,No,0
13133,2018-07-30,7,Monday,0,7,Early Morning,26.8,59,1.1,2000,18.1,0.28,0.0,0.0,0.0,Summer,No Holiday,Yes,1130
14170,2018-10-30,10,Tuesday,0,8,Early Morning,1.4,58,0.9,1883,-5.9,0.15,0.0,0.0,0.0,Autumn,No Holiday,Yes,1883
15936,2018-02-09,2,Friday,0,3,Dawn,-5.2,48,0.7,1309,-14.5,0.0,0.0,0.0,0.0,Winter,No Holiday,Yes,78
12741,2018-09-07,9,Friday,0,11,Morning,23.8,51,3.5,1970,13.0,2.62,0.0,0.0,0.0,Autumn,No Holiday,Yes,988
16652,2018-01-28,1,Sunday,1,18,Evening,-4.9,35,3.7,2000,-18.0,0.04,0.0,0.0,0.0,Winter,No Holiday,Yes,157
14097,2018-08-14,8,Tuesday,0,1,Dawn,28.9,71,1.2,1982,23.1,0.0,0.0,0.0,0.0,Summer,No Holiday,Yes,681
11562,2018-10-08,10,Monday,0,3,Dawn,10.8,59,0.5,2000,3.0,0.0,0.0,0.0,0.0,Autumn,No Holiday,Yes,192
18298,2018-05-06,5,Sunday,1,18,Evening,20.2,66,1.0,2000,13.6,1.1,0.0,0.0,0.0,Spring,No Holiday,Yes,1848
18336,2018-09-25,9,Tuesday,0,20,Evening,19.3,45,0.4,2000,7.0,0.0,0.0,0.0,0.0,Autumn,Holiday,Yes,1583
10559,2018-03-23,3,Friday,0,3,Dawn,1.9,81,1.1,525,-1.0,0.0,0.0,0.0,0.0,Spring,No Holiday,Yes,128
15668,2018-07-18,7,Wednesday,0,15,Afternoon,32.9,46,2.5,1248,19.7,2.9,0.0,0.0,0.0,Summer,No Holiday,Yes,776
10093,2018-09-27,9,Thursday,0,1,Dawn,16.1,53,1.4,2000,6.5,0.0,0.0,0.0,0.0,Autumn,No Holiday,Yes,488
14677,2018-09-30,9,Sunday,1,8,Early Morning,16.2,69,1.1,2000,10.4,0.54,0.0,0.0,0.0,Autumn,No Holiday,No,0
14789,2018-02-07,2,Wednesday,0,0,Dawn,-12.3,47,0.4,1848,-21.3,0.0,0.0,0.0,0.0,Winter,No Holiday,Yes,116
14869,2018-11-13,11,Tuesday,0,8,Early Morning,4.7,68,0.5,1032,-0.7,0.06,0.0,0.0,0.0,Autumn,No Holiday,Yes,1910
14248,2018-07-29,7,Sunday,1,6,Dawn,26.4,76,0.4,1813,21.8,0.01,0.0,0.0,0.0,Summer,No Holiday,Yes,266
13953,2018-07-24,7,Tuesday,0,16,Afternoon,34.9,51,2.0,1221,23.2,0.76,0.0,0.0,0.0,Summer,No Holiday,Yes,834
17885,2018-04-15,4,Sunday,1,8,Early Morning,7.0,78,0.9,656,3.4,0.56,0.0,0.0,0.0,Spring,No Holiday,Yes,401
16515,2017-12-10,12,Sunday,1,6,Dawn,-0.5,90,0.9,91,-1.9,0.0,2.5,0.27,2.77,Winter,No Holiday,Yes,9
15852,2018-07-28,7,Saturday,1,3,Dawn,28.5,81,1.2,911,24.9,0.0,0.0,0.0,0.0,Summer,No Holiday,Yes,461
15220,2018-05-27,5,Sunday,1,2,Dawn,19.0,62,1.8,974,11.5,0.0,0.0,0.0,0.0,Spring,No Holiday,Yes,555
12820,2018-01-27,1,Saturday,1,21,Evening,-7.9,35,2.6,1878,-20.7,0.0,0.0,0.0,0.0,Winter,No Holiday,Yes,103
14069,2018-11-21,11,Wednesday,0,9,Early Morning,6.4,53,0.7,1486,-2.5,0.21,0.0,0.0,0.0,Autumn,No Holiday,Yes,867
16730,2018-05-13,5,Sunday,1,5,Dawn,13.5,98,0.8,105,13.1,0.0,0.0,0.0,0.0,Spring,No Holiday,Yes,72
18368,2018-04-20,4,Friday,0,19,Evening,22.9,35,1.8,714,6.6,0.22,0.0,0.0,0.0,Spring,No Holiday,Yes,1578
16002,2018-01-13,1,Saturday,1,6,Dawn,-6.4,59,0.6,887,-13.1,0.0,0.0,0.0,0.0,Winter,No Holiday,Yes,42
16558,2018-04-01,4,Sunday,1,0,Dawn,12.1,70,0.8,1050,6.7,0.0,0.0,0.0,0.0,Spring,No Holiday,Yes,579
15736,2018-08-07,8,Tuesday,0,5,Dawn,27.1,69,0.9,2000,20.9,0.0,0.0,0.0,0.0,Summer,No Holiday,Yes,273
18537,2018-03-26,3,Monday,0,8,Early Morning,6.4,90,1.4,117,4.8,0.13,0.0,0.0,0.0,Spring,No Holiday,Yes,983
15912,2018-09-25,9,Tuesday,0,5,Dawn,11.5,70,0.5,2000,6.2,0.0,0.0,0.0,0.0,Autumn,Holiday,Yes,105
15906,2018-06-24,6,Sunday,1,8,Early Morning,21.3,78,0.7,351,17.3,0.51,0.0,0.0,0.0,Summer,No Holiday,Yes,561
15656,2018-08-06,8,Monday,0,4,Dawn,28.4,82,0.5,1144,25.0,0.0,0.0,0.0,0.0,Summer,No Holiday,Yes,162
16391,2018-09-21,9,Friday,0,22,Night,19.7,82,0.5,2000,16.5,0.0,0.0,0.0,0.0,Autumn,No Holiday,Yes,1493
12533,2018-07-16,7,Monday,0,15,Afternoon,33.4,44,3.1,1928,19.4,2.95,0.0,0.0,0.0,Summer,No Holiday,Yes,745
11123,2018-03-12,3,Monday,0,9,Early Morning,4.8,43,1.0,1200,-6.7,0.18,0.0,0.0,0.0,Spring,No Holiday,Yes,604
15180,2018-02-19,2,Monday,0,8,Early Morning,-1.2,51,0.8,1800,-10.0,0.05,0.0,0.0,0.0,Winter,No Holiday,Yes,646
16907,2018-02-28,2,Wednesday,0,11,Morning,7.1,50,2.2,534,-2.6,0.33,0.0,0.0,0.0,Winter,No Holiday,Yes,332
15048,2018-07-01,7,Sunday,1,21,Evening,21.8,97,0.6,692,21.2,0.0,3.5,0.0,3.5,Summer,No Holiday,Yes,17
15822,2018-01-12,1,Friday,0,8,Early Morning,-15.1,44,1.2,2000,-24.6,0.0,0.0,0.0,0.0,Winter,No Holiday,Yes,419
16936,2018-07-30,7,Monday,0,13,Afternoon,34.7,43,1.3,2000,20.2,2.05,0.0,0.0,0.0,Summer,No Holiday,Yes,688
10479,2018-03-24,3,Saturday,1,17,Afternoon,11.1,66,4.2,367,4.9,1.18,0.0,0.0,0.0,Spring,No Holiday,Yes,916
16573,2018-01-24,1,Wednesday,0,19,Evening,-13.8,32,2.2,2000,-26.9,0.0,0.0,0.06999999999999999,0.06999999999999999,Winter,No Holiday,Yes,211
12088,2018-06-05,6,Tuesday,0,0,Dawn,20.5,71,2.8,1204,15.0,0.0,0.0,0.0,0.0,Summer,No Holiday,Yes,927
14897,2018-05-28,5,Monday,0,2,Dawn,16.5,58,0.3,1759,8.1,0.0,0.0,0.0,0.0,Spring,No Holiday,Yes,335
16544,2018-01-16,1,Tuesday,0,10,Morning,2.7,60,0.5,392,-4.3,0.18,0.0,0.0,0.0,Winter,No Holiday,Yes,221
16100,2017-12-05,12,Tuesday,0,8,Early Morning,-8.1,36,1.6,2000,-20.5,0.01,0.0,0.0,0.0,Winter,No Holiday,Yes,812
11490,2017-12-12,12,Tuesday,0,5,Dawn,-11.6,45,2.8,1951,-21.1,0.0,0.0,0.0,0.0,Winter,No Holiday,Yes,65
11235,2018-02-16,2,Friday,0,23,Night,-2.0,51,3.2,1336,-10.8,0.0,0.0,0.0,0.0,Winter,Holiday,Yes,84
13738,2018-09-07,9,Friday,0,8,Early Morning,20.5,78,2.5,1250,16.5,0.32,0.0,0.0,0.0,Autumn,No Holiday,Yes,2260
10027,2018-06-03,6,Sunday,1,0,Dawn,19.7,55,2.0,1986,10.3,0.0,0.0,0.0,0.0,Summer,No Holiday,Yes,1248
15393,2018-09-17,9,Monday,0,2,Dawn,20.3,81,1.9,1234,16.9,0.0,0.1,0.0,0.1,Autumn,No Holiday,Yes,227
16981,2018-03-16,3,Friday,0,15,Afternoon,11.9,32,1.9,1976,-4.3,2.62,0.0,0.0,0.0,Spring,No Holiday,Yes,923
11118,2017-12-28,12,Thursday,0,2,Dawn,-6.6,34,1.8,2000,-19.8,0.0,0.0,0.0,0.0,Winter,No Holiday,Yes,163
15276,2018-02-19,2,Monday,0,18,Evening,4.7,43,2.4,938,-6.8,0.19,0.0,0.0,0.0,Winter,No Holiday,Yes,819
17250,2018-01-12,1,Friday,0,14,Afternoon,-7.2,28,2.3,1990,-22.6,1.14,0.0,0.0,0.0,Winter,No Holiday,Yes,173
11406,2018-04-08,4,Sunday,1,12,Morning,6.9,30,1.8,1994,-9.5,0.85,0.0,0.0,0.0,Spring,No Holiday,Yes,709
16347,2017-12-22,12,Friday,0,14,Afternoon,5.9,55,0.6,779,-2.4,0.48,0.0,0.0,0.0,Winter,Holiday,Yes,326
17029,2018-10-16,10,Tuesday,0,21,Evening,14.3,72,1.0,1374,9.3,0.0,0.0,0.0,0.0,Autumn,No Holiday,Yes,1618
17571,2018-08-30,8,Thursday,0,2,Dawn,24.7,96,1.0,337,24.0,0.0,6.5,0.0,6.5,Summer,No Holiday,Yes,80
15517,2018-10-22,10,Monday,0,14,Afternoon,20.6,30,2.2,839,2.3,1.69,0.0,0.0,0.0,Autumn,No Holiday,Yes,1122
17719,2018-05-24,5,Thursday,0,11,Morning,21.5,30,2.9,1779,3.1,2.92,0.0,0.0,0.0,Spring,No Holiday,Yes,922
10987,2018-01-21,1,Sunday,1,10,Morning,-1.3,37,0.8,1070,-14.1,0.47,0.0,0.0,0.0,Winter,No Holiday,Yes,189
13588,2018-10-25,10,Thursday,0,23,Night,12.5,59,0.8,1602,4.6,0.0,0.0,0.0,0.0,Autumn,No Holiday,Yes,919
12819,2018-04-23,4,Monday,0,23,Night,9.8,87,1.9,2000,7.7,0.0,0.0,0.0,0.0,Spring,No Holiday,Yes,233
10637,2018-05-14,5,Monday,0,12,Morning,20.0,62,1.8,428,12.4,2.38,0.0,0.0,0.0,Spring,No Holiday,Yes,1095
15529,2018-08-25,8,Saturday,1,9,Early Morning,25.3,72,2.4,1220,19.8,1.08,0.0,0.0,0.0,Summer,No Holiday,Yes,808
14235,2018-01-10,1,Wednesday,0,7,Early Morning,-8.0,70,1.8,2000,-12.5,0.0,0.0,0.06999999999999999,0.06999999999999999,Winter,No Holiday,Yes,158
11802,2018-01-26,1,Friday,0,22,Night,-14.6,40,1.8,1746,-25.2,0.0,0.0,0.03,0.03,Winter,No Holiday,Yes,108
12612,2018-07-16,7,Monday,0,21,Evening,28.0,64,1.5,2000,20.5,0.0,0.0,0.0,0.0,Summer,No Holiday,Yes,2241
18678,2018-01-11,1,Thursday,0,0,Dawn,-10.3,54,2.4,1988,-17.8,0.0,0.0,0.0,0.0,Winter,No Holiday,Yes,98
11774,2018-02-04,2,Sunday,1,19,Evening,-7.7,31,3.3,2000,-21.9,0.0,0.0,0.0,0.0,Winter,No Holiday,Yes,124
10030,2018-11-01,11,Thursday,0,19,Evening,10.5,49,1.2,1965,0.2,0.0,0.0,0.0,0.0,Autumn,No Holiday,Yes,1561
11021,2018-07-31,7,Tuesday,0,14,Afternoon,36.4,35,1.3,1967,18.4,2.46,0.0,0.0,0.0,Summer,No Holiday,Yes,579
15254,2018-08-17,8,Friday,0,23,Night,25.2,47,1.2,2000,13.0,0.0,0.0,0.0,0.0,Summer,No Holiday,Yes,1466
18145,2018-03-04,3,Sunday,1,23,Night,8.7,91,2.9,957,7.3,0.0,0.0,0.0,0.0,Spring,No Holiday,Yes,9
18519,2018-03-08,3,Thursday,0,12,Morning,5.6,72,3.0,1700,0.9,0.89,0.0,0.0,0.0,Spring,No Holiday,Yes,375
16184,2018-07-13,7,Friday,0,14,Afternoon,29.5,62,2.7,1941,21.4,1.79,0.0,0.0,0.0,Summer,No Holiday,Yes,999
17754,2017-12-25,12,Monday,0,6,Dawn,-4.1,50,3.0,2000,-13.0,0.0,0.0,0.0,0.0,Winter,Holiday,Yes,59
14192,2018-01-27,1,Saturday,1,4,Dawn,-15.3,47,0.8,1868,-24.0,0.0,0.0,0.03,0.03,Winter,No Holiday,Yes,36
18257,2018-07-16,7,Monday,0,6,Dawn,24.0,85,0.9,1569,21.3,0.02,0.0,0.0,0.0,Summer,No Holiday,Yes,703
14359,2018-04-07,4,Saturday,1,8,Early Morning,2.4,44,4.3,1375,-8.6,0.41,0.0,0.0,0.0,Spring,No Holiday,Yes,399
17949,2018-06-27,6,Wednesday,0,11,Morning,23.4,73,1.3,827,18.2,2.38,0.0,0.0,0.0,Summer,No Holiday,Yes,1015
17080,2017-12-20,12,Wednesday,0,13,Afternoon,-1.3,43,1.0,1777,-12.3,0.8,0.0,0.16999999999999998,0.16999999999999998,Winter,No Holiday,Yes,228
18492,2018-07-16,7,Monday,0,23,Night,26.6,75,1.5,1996,21.7,0.0,0.0,0.0,0.0,Summer,No Holiday,Yes,1285
18572,2018-05-29,5,Tuesday,0,0,Dawn,20.6,54,2.6,1737,0.0,0.0,0.0,0.0,0.0,Spring,No Holiday,Yes,841
11893,2018-11-08,11,Thursday,0,8,Early Morning,10.6,89,1.5,689,8.8,0.02,0.0,0.0,0.0,Autumn,No Holiday,Yes,148
15005,2018-03-20,3,Tuesday,0,4,Dawn,4.4,44,3.1,2000,-6.8,0.0,0.0,0.0,0.0,Spring,No Holiday,Yes,69
14500,2018-06-13,6,Wednesday,0,9,Early Morning,22.6,59,1.6,1030,14.1,1.8,0.0,0.0,0.0,Summer,No Holiday,Yes,1111
16366,2017-12-05,12,Tuesday,0,1,Dawn,-6.5,41,2.8,2000,-17.6,0.0,0.0,0.0,0.0,Winter,No Holiday,Yes,198
15890,2018-11-26,11,Monday,0,23,Night,5.4,78,1.5,404,1.8,0.0,0.0,0.0,0.0,Autumn,No Holiday,Yes,563
12675,2018-02-12,2,Monday,0,12,Morning,-4.6,32,4.2,1874,-18.8,1.43,0.0,0.0,0.0,Winter,No Holiday,Yes,202
12243,2018-05-14,5,Monday,0,3,Dawn,11.9,95,1.5,180,11.1,0.0,0.0,0.0,0.0,Spring,No Holiday,Yes,167
18118,2018-02-13,2,Tuesday,0,12,Morning,1.0,41,3.3,1794,-10.8,2.11,0.0,0.0,0.0,Winter,No Holiday,Yes,281
12750,2018-02-06,2,Tuesday,0,1,Dawn,-10.9,36,3.3,2000,-23.0,0.0,0.0,0.0,0.0,Winter,No Holiday,Yes,87
11973,2018-06-25,6,Monday,0,20,Evening,28.8,54,1.1,964,18.5,0.09,0.0,0.0,0.0,Summer,No Holiday,Yes,2456
13478,2018-11-21,11,Wednesday,0,14,Afternoon,6.7,47,2.4,2000,-3.8,0.42,0.0,0.0,0.0,Autumn,No Holiday,Yes,474
15527,2018-11-24,11,Saturday,1,17,Afternoon,2.9,85,1.6,1000,0.6,0.2,0.0,0.35,0.35,Autumn,No Holiday,Yes,435
12062,2018-08-26,8,Sunday,1,19,Evening,22.7,69,1.9,2000,16.7,0.08,0.0,0.0,0.0,Summer,No Holiday,Yes,1596
13484,2018-04-26,4,Thursday,0,7,Early Morning,10.7,68,0.8,1093,5.0,0.27,0.0,0.0,0.0,Spring,No Holiday,Yes,1124
15428,2018-07-01,7,Sunday,1,23,Night,21.5,97,1.5,523,20.9,0.0,5.0,0.0,5.0,Summer,No Holiday,Yes,15
14210,2018-02-15,2,Thursday,0,9,Early Morning,-3.5,30,1.5,1980,-18.6,0.0,0.0,0.0,0.0,Winter,Holiday,Yes,112
12884,2018-07-27,7,Friday,0,5,Dawn,27.2,86,0.8,657,24.6,0.0,0.0,0.0,0.0,Summer,No Holiday,Yes,295
18041,2018-05-02,5,Wednesday,0,22,Night,10.4,85,3.7,1671,7.9,0.0,0.0,0.0,0.0,Spring,No Holiday,Yes,299
16949,2018-04-27,4,Friday,0,2,Dawn,11.2,58,1.4,1255,3.2,0.0,0.0,0.0,0.0,Spring,No Holiday,Yes,361
13368,2018-06-30,6,Saturday,1,1,Dawn,22.6,85,0.3,323,19.9,0.0,0.0,0.0,0.0,Summer,No Holiday,Yes,1070
14637,2018-05-03,5,Thursday,0,10,Morning,13.8,47,4.8,1561,2.6,1.64,0.0,0.0,0.0,Spring,No Holiday,Yes,762
17605,2017-12-24,12,Sunday,1,5,Dawn,5.1,82,0.6,185,2.2,0.0,0.0,0.0,0.0,Winter,Holiday,Yes,44
11209,2018-10-25,10,Thursday,0,12,Morning,18.2,37,1.4,1861,3.2,2.25,0.0,0.0,0.0,Autumn,No Holiday,Yes,1188
11173,2017-12-28,12,Thursday,0,6,Dawn,-5.5,24,0.5,2000,-22.9,0.0,0.0,0.0,0.0,Winter,No Holiday,Yes,103
16400,2018-11-04,11,Sunday,1,13,Afternoon,18.3,26,1.2,1503,-1.5,2.17,0.0,0.0,0.0,Autumn,No Holiday,Yes,1355
13184,2018-06-06,6,Wednesday,0,16,Afternoon,27.9,47,2.8,824,15.5,2.36,0.0,0.0,0.0,Summer,Holiday,Yes,1940
13208,2018-03-02,3,Friday,0,20,Evening,1.2,35,2.5,1977,-12.6,0.0,0.0,0.0,0.0,Spring,No Holiday,Yes,427
14107,2018-03-13,3,Tuesday,0,9,Early Morning,9.4,44,0.3,743,-2.2,0.33,0.0,0.0,0.0,Spring,No Holiday,Yes,616
12963,2018-04-10,4,Tuesday,0,23,Night,15.1,83,4.1,1147,12.2,0.0,3.0,0.0,3.0,Spring,No Holiday,Yes,212
15823,2018-03-03,3,Saturday,1,1,Dawn,0.6,36,0.4,1933,-12.7,0.0,0.0,0.0,0.0,Spring,No Holiday,Yes,229
16774,2018-09-26,9,Wednesday,0,20,Evening,20.0,46,2.0,2000,8.0,0.0,0.0,0.0,0.0,Autumn,No Holiday,Yes,1653
13446,2018-10-27,10,Saturday,1,10,Morning,9.5,46,3.7,1871,-1.5,1.49,0.0,0.0,0.0,Autumn,No Holiday,Yes,898
17185,2018-04-28,4,Saturday,1,13,Afternoon,21.2,31,2.8,1295,3.3,3.25,0.0,0.0,0.0,Spring,No Holiday,Yes,1404
14782,2018-10-18,10,Thursday,0,6,Dawn,7.6,82,0.3,1933,4.7,0.0,0.0,0.0,0.0,Autumn,No Holiday,Yes,458
15881,2018-01-08,1,Monday,0,3,Dawn,0.9,43,0.4,1261,-10.2,0.0,0.0,0.0,0.0,Winter,No Holiday,Yes,53
16683,2018-08-18,8,Saturday,1,13,Afternoon,31.1,30,1.5,2000,11.4,3.24,0.0,0.0,0.0,Summer,No Holiday,Yes,1003
13807,2018-11-04,11,Sunday,1,16,Afternoon,18.4,25,3.2,1909,-2.0,1.05,0.0,0.0,0.0,Autumn,No Holiday,Yes,1690
12749,2018-07-26,7,Thursday,0,19,Evening,32.3,63,2.1,1037,24.3,0.41,0.0,0.0,0.0,Summer,No Holiday,Yes,1994
17428,2018-06-27,6,Wednesday,0,1,Dawn,20.0,96,3.0,182,19.3,0.0,0.1,0.0,0.1,Summer,No Holiday,Yes,254
13168,2018-11-19,11,Monday,0,11,Morning,9.8,51,0.5,781,0.1,1.42,0.0,0.0,0.0,Autumn,No Holiday,Yes,745
18455,2018-09-09,9,Sunday,1,22,Night,21.8,54,1.6,2000,12.0,0.0,0.0,0.0,0.0,Autumn,No Holiday,Yes,1291
11090,2018-11-18,11,Sunday,1,17,Afternoon,8.7,42,1.7,1576,-3.5,0.18,0.0,0.0,0.0,Autumn,No Holiday,Yes,1039
13595,2018-11-08,11,Thursday,0,15,Afternoon,11.4,96,2.0,910,10.7,0.07,9.5,0.0,9.5,Autumn,No Holiday,Yes,56
11944,2018-02-06,2,Tuesday,0,6,Dawn,-12.5,40,3.4,1991,-23.3,0.0,0.0,0.0,0.0,Winter,No Holiday,Yes,94
10237,2018-06-15,6,Friday,0,21,Evening,21.4,54,1.5,2000,11.6,0.0,0.0,0.0,0.0,Summer,No Holiday,Yes,2337
16165,2018-04-09,4,Monday,0,8,Early Morning,1.0,97,0.9,148,0.5,0.22,0.0,0.0,0.0,Spring,No Holiday,Yes,1163
14219,2018-01-31,1,Wednesday,0,15,Afternoon,-0.5,30,2.3,1997,-15.9,0.45,0.0,0.22000000000000003,0.22000000000000003,Winter,No Holiday,Yes,214
15177,2018-07-25,7,Wednesday,0,9,Early Morning,29.4,66,2.5,1308,22.3,0.91,0.0,0.0,0.0,Summer,No Holiday,Yes,995
12559,2018-07-02,7,Monday,0,14,Afternoon,23.3,96,0.3,434,22.6,0.53,0.0,0.0,0.0,Summer,No Holiday,Yes,381
13501,2018-10-01,10,Monday,0,21,Evening,14.6,66,4.0,2000,8.3,0.0,0.0,0.0,0.0,Autumn,No Holiday,Yes,1777
16140,2018-10-05,10,Friday,0,3,Dawn,18.0,61,1.8,2000,10.3,0.0,0.0,0.0,0.0,Autumn,No Holiday,Yes,329
10274,2018-05-27,5,Sunday,1,10,Morning,21.6,33,2.0,1697,0.0,1.86,0.0,0.0,0.0,Spring,No Holiday,Yes,821
13997,2018-02-22,2,Thursday,0,15,Afternoon,5.0,49,4.4,1138,-4.8,0.96,0.0,0.0,0.0,Winter,No Holiday,Yes,356
12475,2018-02-26,2,Monday,0,23,Night,2.8,39,0.7,1065,-9.8,0.0,0.0,0.0,0.0,Winter,No Holiday,Yes,308
17679,2018-08-25,8,Saturday,1,1,Dawn,23.0,82,2.1,1922,19.7,0.0,0.0,0.0,0.0,Summer,No Holiday,Yes,886
13515,2018-03-03,3,Saturday,1,14,Afternoon,14.4,14,1.4,1833,-12.8,2.66,0.0,0.0,0.0,Spring,No Holiday,Yes,1025
14793,2018-05-14,5,Monday,0,19,Evening,22.7,56,1.8,598,13.4,0.31,0.0,0.0,0.0,Spring,No Holiday,Yes,2236
14989,2018-06-15,6,Friday,0,6,Dawn,17.2,83,1.3,2000,14.2,0.07,0.0,0.0,0.0,Summer,No Holiday,Yes,609
18236,2018-11-09,11,Friday,0,18,Evening,12.3,69,2.1,623,6.7,0.01,0.0,0.0,0.0,Autumn,No Holiday,No,0
17897,2018-08-12,8,Sunday,1,11,Morning,32.8,49,2.8,2000,20.6,2.87,0.0,0.0,0.0,Summer,No Holiday,Yes,526
18641,2018-07-17,7,Tuesday,0,23,Night,26.6,76,1.6,936,22.0,0.0,0.0,0.0,0.0,Summer,No Holiday,Yes,1340
18178,2018-04-12,4,Thursday,0,23,Night,12.6,16,1.7,2000,-12.6,0.0,0.0,0.0,0.0,Spring,No Holiday,Yes,772
16441,2018-06-09,6,Saturday,1,9,Early Morning,24.0,55,1.8,1411,14.3,1.81,0.0,0.0,0.0,Summer,No Holiday,Yes,1102
12296,2018-08-13,8,Monday,0,17,Afternoon,33.2,55,2.7,1600,22.9,0.55,0.0,0.0,0.0,Summer,No Holiday,Yes,1358
11109,2018-04-05,4,Thursday,0,0,Dawn,9.5,61,1.7,2000,2.3,0.0,0.0,0.0,0.0,Spring,No Holiday,Yes,436
15352,2018-02-17,2,Saturday,1,8,Early Morning,-7.1,30,1.7,1991,-21.7,0.04,0.0,0.0,0.0,Winter,Holiday,Yes,80
16433,2018-08-30,8,Thursday,0,16,Afternoon,27.6,68,2.1,1038,21.1,1.46,0.0,0.0,0.0,Summer,No Holiday,Yes,1142
10636,2018-03-24,3,Saturday,1,14,Afternoon,12.7,55,3.4,378,3.8,2.42,0.0,0.0,0.0,Spring,No Holiday,Yes,855
10412,2018-09-04,9,Tuesday,0,19,Evening,25.1,49,3.1,2000,13.6,0.18,0.0,0.0,0.0,Autumn,No Holiday,Yes,2491
16780,2018-07-31,7,Tuesday,0,22,Night,31.6,66,3.0,2000,24.4,0.0,0.0,0.0,0.0,Summer,No Holiday,Yes,1613
17631,2018-06-19,6,Tuesday,0,15,Afternoon,26.7,42,2.6,1634,12.7,1.89,0.0,0.0,0.0,Summer,No Holiday,Yes,1363
11922,2018-10-03,10,Wednesday,0,13,Afternoon,22.5,40,2.6,1854,8.2,2.64,0.0,0.0,0.0,Autumn,Holiday,Yes,1849
13220,2018-03-15,3,Thursday,0,17,Afternoon,10.9,98,1.3,222,10.5,0.09,0.0,0.0,0.0,Spring,No Holiday,Yes,411
18575,2018-03-14,3,Wednesday,0,8,Early Morning,14.2,67,0.9,1812,8.1,0.06,0.0,0.0,0.0,Spring,No Holiday,Yes,1371
16039,2018-02-17,2,Saturday,1,15,Afternoon,1.0,14,4.6,2000,-23.5,2.12,0.0,0.0,0.0,Winter,Holiday,Yes,273
15163,2018-07-10,7,Tuesday,0,11,Morning,23.2,82,1.1,1991,19.9,0.47,0.0,0.0,0.0,Summer,No Holiday,Yes,909
13962,2017-12-09,12,Saturday,1,20,Evening,0.8,51,1.4,1848,-8.2,0.0,0.0,0.0,0.0,Winter,No Holiday,Yes,298
12881,2018-04-11,4,Wednesday,0,18,Evening,15.2,21,2.9,2000,-7.0,0.94,0.0,0.0,0.0,Spring,No Holiday,No,0
16584,2018-03-05,3,Monday,0,16,Afternoon,11.0,39,1.2,2000,-2.4,1.96,0.0,0.0,0.0,Spring,No Holiday,Yes,718
17553,2018-10-27,10,Saturday,1,5,Dawn,8.0,65,1.6,2000,1.8,0.0,0.0,0.0,0.0,Autumn,No Holiday,Yes,146
10073,2017-12-14,12,Thursday,0,10,Morning,-7.7,43,0.9,1555,-18.1,0.35,0.0,0.0,0.0,Winter,No Holiday,Yes,189
14083,2018-06-19,6,Tuesday,0,18,Evening,24.1,57,2.9,1301,15.0,0.56,0.0,0.0,0.0,Summer,No Holiday,Yes,3556
10618,2018-07-08,7,Sunday,1,16,Afternoon,27.9,39,1.2,2000,12.6,2.16,0.0,0.0,0.0,Summer,No Holiday,Yes,2070
15650,2018-03-05,3,Monday,0,2,Dawn,6.3,89,2.2,1456,4.6,0.0,0.0,0.0,0.0,Spring,No Holiday,Yes,9
18096,2018-10-26,10,Friday,0,9,Early Morning,12.0,86,0.8,405,9.7,0.07,0.5,0.0,0.5,Autumn,No Holiday,Yes,144
15636,2018-11-24,11,Saturday,1,0,Dawn,2.4,32,1.7,2000,-12.6,0.0,0.0,0.0,0.0,Autumn,No Holiday,Yes,499
12903,2018-07-12,7,Thursday,0,0,Dawn,26.7,79,0.9,1590,22.7,0.0,0.0,0.0,0.0,Summer,No Holiday,Yes,938
15567,2018-09-30,9,Sunday,1,3,Dawn,17.0,70,0.9,2000,11.4,0.0,0.0,0.0,0.0,Autumn,No Holiday,No,0
16970,2018-03-25,3,Sunday,1,10,Morning,8.4,65,1.8,229,2.1,1.67,0.0,0.0,0.0,Spring,No Holiday,Yes,359
12861,2018-09-14,9,Friday,0,12,Morning,25.3,56,1.2,1960,15.8,1.35,0.0,0.0,0.0,Autumn,No Holiday,Yes,1088
12953,2018-10-25,10,Thursday,0,14,Afternoon,20.6,31,1.4,1562,2.8,1.7,0.0,0.0,0.0,Autumn,No Holiday,Yes,1192
14215,2018-10-15,10,Monday,0,23,Night,14.1,74,1.5,486,9.5,0.0,0.0,0.0,0.0,Autumn,No Holiday,Yes,914
14915,2018-11-12,11,Monday,0,14,Afternoon,14.2,33,1.5,1374,-1.8,1.84,0.0,0.0,0.0,Autumn,No Holiday,Yes,886
13466,2018-03-21,3,Wednesday,0,15,Afternoon,2.2,85,1.3,2000,0.0,0.41,0.5,0.0,0.5,Spring,No Holiday,Yes,184
18698,2018-03-14,3,Wednesday,0,2,Dawn,13.8,70,1.3,1363,8.4,0.0,0.0,0.0,0.0,Spring,No Holiday,Yes,226
10549,2018-04-30,4,Monday,0,22,Night,18.4,78,1.6,377,14.4,0.0,0.0,0.0,0.0,Spring,No Holiday,Yes,1456
16740,2018-06-18,6,Monday,0,19,Evening,28.1,38,2.6,2000,12.4,0.63,0.0,0.0,0.0,Summer,No Holiday,Yes,1557
17636,2018-06-04,6,Monday,0,15,Afternoon,25.5,43,2.9,1996,11.9,1.71,0.0,0.0,0.0,Summer,No Holiday,Yes,1249
14612,2018-09-26,9,Wednesday,0,15,Afternoon,24.7,35,1.2,2000,8.1,2.28,0.0,0.0,0.0,Autumn,No Holiday,Yes,2170
14590,2018-01-31,1,Wednesday,0,14,Afternoon,-0.7,33,2.7,1984,-15.0,0.56,0.0,0.25,0.25,Winter,No Holiday,Yes,156
12768,2018-01-17,1,Wednesday,0,8,Early Morning,2.6,70,0.6,296,-2.3,0.0,0.0,0.0,0.0,Winter,No Holiday,Yes,537
14741,2018-11-22,11,Thursday,0,7,Early Morning,-1.0,43,1.8,2000,-12.0,0.0,0.0,0.0,0.0,Autumn,No Holiday,Yes,848
16507,2018-04-09,4,Monday,0,21,Evening,10.3,38,0.5,1433,-3.4,0.0,0.0,0.0,0.0,Spring,No Holiday,Yes,1232
17916,2018-07-24,7,Tuesday,0,4,Dawn,27.8,67,0.2,1982,21.1,0.0,0.0,0.0,0.0,Summer,No Holiday,Yes,218
11271,2018-04-04,4,Wednesday,0,22,Night,10.9,58,1.5,2000,2.9,0.0,0.0,0.0,0.0,Spring,No Holiday,Yes,1041
17186,2018-03-05,3,Monday,0,19,Evening,5.8,53,1.7,2000,-3.0,0.02,0.0,0.0,0.0,Spring,No Holiday,Yes,782
13187,2017-12-26,12,Tuesday,0,23,Night,-7.5,37,3.1,2000,-19.7,0.0,0.0,0.0,0.0,Winter,No Holiday,Yes,156
13128,2018-06-09,6,Saturday,1,15,Afternoon,29.6,40,2.5,1546,14.5,1.96,0.0,0.0,0.0,Summer,No Holiday,Yes,1890
12821,2018-10-30,10,Tuesday,0,9,Early Morning,3.7,49,1.9,1961,-6.0,0.89,0.0,0.0,0.0,Autumn,No Holiday,Yes,982
13835,2018-11-25,11,Sunday,1,18,Evening,7.3,72,0.7,530,2.5,0.0,0.0,0.04,0.04,Autumn,No Holiday,Yes,663
10477,2018-08-16,8,Thursday,0,6,Dawn,27.5,72,1.1,2000,21.9,0.0,0.0,0.0,0.0,Summer,No Holiday,Yes,631
10077,2018-10-15,10,Monday,0,20,Evening,15.9,81,2.8,250,12.6,0.0,0.0,0.0,0.0,Autumn,No Holiday,Yes,1659
15309,2018-11-10,11,Saturday,1,19,Evening,12.1,67,1.5,430,6.1,0.0,0.0,0.0,0.0,Autumn,No Holiday,Yes,957
12566,2018-08-17,8,Friday,0,5,Dawn,21.8,55,1.9,2000,12.3,0.0,0.0,0.0,0.0,Summer,No Holiday,Yes,304
14173,2018-11-22,11,Thursday,0,13,Afternoon,6.5,26,2.4,1974,-11.6,1.84,0.0,0.0,0.0,Autumn,No Holiday,Yes,678
17540,2018-04-22,4,Sunday,1,21,Evening,12.0,86,2.3,681,9.7,0.0,2.5,0.0,2.5,Spring,No Holiday,Yes,24
17999,2018-02-12,2,Monday,0,4,Dawn,-8.6,31,3.5,2000,-22.7,0.0,0.0,0.0,0.0,Winter,No Holiday,Yes,33
13115,2018-08-29,8,Wednesday,0,2,Dawn,24.2,91,3.6,1735,22.6,0.0,0.0,0.0,0.0,Summer,No Holiday,Yes,243
12818,2018-11-29,11,Thursday,0,9,Early Morning,1.8,37,0.9,1310,-11.3,0.31,0.0,0.0,0.0,Autumn,No Holiday,Yes,825
12016,2017-12-07,12,Thursday,0,8,Early Morning,-0.2,96,0.8,173,-0.7,0.01,0.0,0.08,0.08,Winter,No Holiday,Yes,754
11143,2017-12-17,12,Sunday,1,19,Evening,-5.6,39,1.1,2000,-17.3,0.0,0.0,0.0,0.0,Winter,No Holiday,Yes,157
13228,2018-11-18,11,Sunday,1,5,Dawn,2.3,53,0.6,1763,-6.3,0.0,0.0,0.0,0.0,Autumn,No Holiday,Yes,92
10526,2018-06-05,6,Tuesday,0,18,Evening,27.1,40,2.8,1811,12.3,1.0,0.0,0.0,0.0,Summer,No Holiday,Yes,3227
18509,2018-01-04,1,Thursday,0,9,Early Morning,-7.9,48,1.2,1926,-17.0,0.14,0.0,0.0,0.0,Winter,No Holiday,Yes,340
13809,2018-08-13,8,Monday,0,14,Afternoon,33.6,55,1.1,1375,23.3,0.94,0.0,0.0,0.0,Summer,No Holiday,Yes,651
14101,2018-07-05,7,Thursday,0,5,Dawn,23.5,80,0.3,838,19.8,0.0,0.0,0.0,0.0,Summer,No Holiday,Yes,326
17947,2018-10-07,10,Sunday,1,10,Morning,18.1,56,2.6,1720,9.1,1.79,0.0,0.0,0.0,Autumn,No Holiday,Yes,932
17930,2018-05-04,5,Friday,0,22,Night,12.7,55,2.0,1775,3.8,0.0,0.0,0.0,0.0,Spring,No Holiday,Yes,1256
13374,2018-02-13,2,Tuesday,0,10,Morning,-2.4,41,1.5,1905,-13.8,1.19,0.0,0.0,0.0,Winter,No Holiday,Yes,200
16646,2018-11-19,11,Monday,0,12,Morning,10.3,38,1.2,1130,-3.4,1.08,0.0,0.0,0.0,Autumn,No Holiday,Yes,785
18359,2017-12-03,12,Sunday,1,14,Afternoon,7.6,76,1.2,422,3.6,0.69,0.0,0.0,0.0,Winter,No Holiday,Yes,563
11384,2018-06-04,6,Monday,0,11,Morning,26.1,37,2.4,1079,10.2,2.79,0.0,0.0,0.0,Summer,No Holiday,Yes,1008
16705,2018-05-20,5,Sunday,1,16,Afternoon,22.2,23,2.2,2000,0.0,1.66,0.0,0.0,0.0,Spring,No Holiday,Yes,2143
12162,2018-04-17,4,Tuesday,0,8,Early Morning,8.7,49,0.8,1520,-1.4,0.68,0.0,0.0,0.0,Spring,No Holiday,Yes,1920
11154,2017-12-14,12,Thursday,0,0,Dawn,-9.5,50,0.6,1953,-18.0,0.0,0.0,0.0,0.0,Winter,No Holiday,Yes,171
12476,2018-10-15,10,Monday,0,16,Afternoon,20.3,44,2.2,793,7.6,1.09,0.0,0.0,0.0,Autumn,No Holiday,Yes,1413
15212,2018-06-29,6,Friday,0,3,Dawn,22.3,96,1.2,290,21.6,0.0,0.1,0.0,0.1,Summer,No Holiday,Yes,227
12654,2018-06-07,6,Thursday,0,1,Dawn,19.1,86,1.8,522,16.6,0.0,0.0,0.0,0.0,Summer,No Holiday,Yes,606
18595,2018-09-17,9,Monday,0,12,Morning,25.2,50,1.7,1710,14.0,2.83,0.0,0.0,0.0,Autumn,No Holiday,Yes,1083
16167,2018-09-08,9,Saturday,1,20,Evening,22.8,45,2.0,2000,10.2,0.0,0.0,0.0,0.0,Autumn,No Holiday,Yes,1944
18333,2018-06-23,6,Saturday,1,13,Afternoon,27.9,41,3.9,1649,13.4,2.08,0.0,0.0,0.0,Summer,No Holiday,Yes,1483
15965,2018-05-19,5,Saturday,1,19,Evening,22.6,34,1.5,2000,5.9,0.51,0.0,0.0,0.0,Spring,No Holiday,Yes,2140
12854,2018-09-10,9,Monday,0,22,Night,21.7,50,1.6,2000,10.8,0.0,0.0,0.0,0.0,Autumn,No Holiday,Yes,1779
10069,2018-02-23,2,Friday,0,15,Afternoon,8.2,62,0.6,291,1.3,1.22,0.0,0.0,0.0,Winter,No Holiday,Yes,312
15750,2018-10-06,10,Saturday,1,7,Early Morning,16.5,97,2.3,364,16.0,0.0,9.5,0.0,9.5,Autumn,No Holiday,Yes,5
12123,2018-10-15,10,Monday,0,1,Dawn,12.2,80,1.4,1283,8.8,0.0,0.0,0.0,0.0,Autumn,No Holiday,Yes,393
13811,2018-10-25,10,Thursday,0,20,Evening,15.3,50,0.5,1647,4.9,0.0,0.0,0.0,0.0,Autumn,No Holiday,Yes,1596
14957,2018-10-20,10,Saturday,1,2,Dawn,10.1,78,0.1,1887,6.4,0.0,0.0,0.0,0.0,Autumn,No Holiday,Yes,522
16754,2018-03-07,3,Wednesday,0,8,Early Morning,2.6,63,1.6,1857,-3.7,0.14,0.0,0.0,0.0,Spring,No Holiday,Yes,1032
12444,2018-09-06,9,Thursday,0,15,Afternoon,27.8,48,3.0,1880,15.7,0.93,0.0,0.0,0.0,Autumn,No Holiday,Yes,1089
12210,2017-12-17,12,Sunday,1,21,Evening,-6.5,45,0.7,2000,-16.4,0.0,0.0,0.0,0.0,Winter,No Holiday,Yes,168
12049,2018-06-07,6,Thursday,0,19,Evening,24.0,60,2.8,1379,15.7,0.38,0.0,0.0,0.0,Summer,No Holiday,Yes,2649
17790,2018-04-09,4,Monday,0,15,Afternoon,14.2,24,1.8,1743,-6.1,2.6,0.0,0.0,0.0,Spring,No Holiday,Yes,1038
12873,2018-08-11,8,Saturday,1,15,Afternoon,35.0,41,1.5,2000,19.7,2.4,0.0,0.0,0.0,Summer,No Holiday,Yes,694
16199,2018-07-15,7,Sunday,1,18,Evening,32.2,55,2.4,1769,22.0,1.28,0.0,0.0,0.0,Summer,No Holiday,Yes,1466
14060,2018-03-25,3,Sunday,1,9,Early Morning,6.3,73,1.3,218,1.8,0.79,0.0,0.0,0.0,Spring,No Holiday,Yes,331
14461,2018-03-13,3,Tuesday,0,7,Early Morning,7.2,56,0.5,545,-1.0,0.0,0.0,0.0,0.0,Spring,No Holiday,Yes,668
17812,2018-10-22,10,Monday,0,3,Dawn,10.2,60,1.0,1796,2.7,0.0,0.0,0.0,0.0,Autumn,No Holiday,Yes,175
15429,2018-10-14,10,Sunday,1,2,Dawn,9.1,68,0.3,921,3.4,0.0,0.0,0.0,0.0,Autumn,No Holiday,Yes,429
13211,2018-09-30,9,Sunday,1,16,Afternoon,21.2,28,3.2,2000,1.9,1.77,0.0,0.0,0.0,Autumn,No Holiday,No,0
12737,2018-01-25,1,Thursday,0,4,Dawn,-15.9,37,2.4,1985,-27.2,0.0,0.0,0.06999999999999999,0.06999999999999999,Winter,No Holiday,Yes,22
15666,2018-11-17,11,Saturday,1,12,Morning,9.1,34,1.0,1802,-5.9,1.95,0.0,0.0,0.0,Autumn,No Holiday,Yes,994
10156,2018-02-06,2,Tuesday,0,20,Evening,-9.6,34,2.6,2000,-22.5,0.0,0.0,0.0,0.0,Winter,No Holiday,Yes,193
17788,2018-10-05,10,Friday,0,16,Afternoon,17.1,97,1.7,382,16.6,0.15,6.0,0.0,6.0,Autumn,No Holiday,Yes,28
16637,2018-08-28,8,Tuesday,0,12,Morning,25.2,89,1.4,340,23.2,0.32,2.0,0.0,2.0,Summer,No Holiday,Yes,25
11742,2018-11-07,11,Wednesday,0,0,Dawn,11.9,74,1.6,287,7.4,0.0,0.0,0.0,0.0,Autumn,No Holiday,Yes,639
10277,2017-12-08,12,Friday,0,12,Morning,-2.0,30,1.4,1728,-17.3,1.14,0.0,0.0,0.0,Winter,No Holiday,Yes,355
15545,2018-02-28,2,Wednesday,0,10,Morning,6.5,53,2.0,518,-2.4,0.21,0.0,0.0,0.0,Winter,No Holiday,Yes,285
13878,2018-09-14,9,Friday,0,7,Early Morning,20.5,76,1.3,2000,16.1,0.06,0.0,0.0,0.0,Autumn,No Holiday,Yes,1456
15231,2018-01-07,1,Sunday,1,8,Early Morning,-5.3,53,1.1,1411,-13.4,0.0,0.0,0.0,0.0,Winter,No Holiday,Yes,122
13409,2018-03-08,3,Thursday,0,5,Dawn,3.1,90,1.2,974,1.6,0.0,0.0,0.0,0.0,Spring,No Holiday,Yes,17
10704,2018-04-30,4,Monday,0,13,Afternoon,23.3,45,1.8,684,10.6,2.96,0.0,0.0,0.0,Spring,No Holiday,Yes,1019
14971,2017-12-15,12,Friday,0,18,Evening,0.1,43,0.9,1485,-11.0,0.0,0.0,0.0,0.0,Winter,No Holiday,Yes,682
14625,2018-10-12,10,Friday,0,23,Night,9.8,66,0.5,1979,3.7,0.0,0.0,0.0,0.0,Autumn,No Holiday,Yes,940
10452,2018-07-23,7,Monday,0,19,Evening,32.6,58,3.2,1962,23.2,0.45,0.0,0.0,0.0,Summer,No Holiday,Yes,2112
14685,2018-03-24,3,Saturday,1,23,Night,6.4,85,2.3,155,4.0,0.0,0.0,0.0,0.0,Spring,No Holiday,Yes,354
15480,2018-11-06,11,Tuesday,0,18,Evening,14.0,71,1.5,201,8.8,0.01,0.0,0.0,0.0,Autumn,No Holiday,No,0
11830,2018-09-21,9,Friday,0,14,Afternoon,21.4,76,1.4,2000,16.9,1.5,0.5,0.0,0.5,Autumn,No Holiday,Yes,972
17773,2018-09-22,9,Saturday,1,1,Dawn,19.5,83,1.5,1459,16.5,0.0,0.0,0.0,0.0,Autumn,No Holiday,Yes,875
11276,2018-11-27,11,Tuesday,0,6,Dawn,3.8,83,0.7,337,1.1,0.0,0.0,0.0,0.0,Autumn,No Holiday,Yes,317
17736,2018-01-25,1,Thursday,0,19,Evening,-12.7,33,3.7,2000,-25.6,0.0,0.0,0.05,0.05,Winter,No Holiday,Yes,178
11882,2018-01-09,1,Tuesday,0,18,Evening,-3.8,58,1.7,1996,-10.8,0.01,0.0,0.0,0.0,Winter,No Holiday,Yes,558
17374,2018-07-12,7,Thursday,0,16,Afternoon,28.1,74,2.8,1559,23.0,1.06,0.0,0.0,0.0,Summer,No Holiday,Yes,1296
15854,2018-09-17,9,Monday,0,8,Early Morning,18.9,77,0.6,1109,14.7,0.56,0.0,0.0,0.0,Autumn,No Holiday,Yes,2276
13040,2018-08-09,8,Thursday,0,8,Early Morning,28.6,75,1.2,1588,23.7,0.56,0.0,0.0,0.0,Summer,No Holiday,Yes,1731
10763,2018-06-02,6,Saturday,1,10,Morning,25.5,33,1.1,1815,0.0,2.52,0.0,0.0,0.0,Summer,No Holiday,Yes,1044
16458,2018-06-11,6,Monday,0,8,Early Morning,20.7,55,1.5,2000,11.3,1.23,0.0,0.0,0.0,Summer,No Holiday,Yes,2375
14916,2017-12-09,12,Saturday,1,3,Dawn,-4.3,47,0.6,1992,-13.9,0.0,0.0,0.0,0.0,Winter,No Holiday,Yes,169
11163,2018-01-10,1,Wednesday,0,10,Morning,-6.9,53,3.2,1576,-14.8,0.52,0.0,0.06,0.06,Winter,No Holiday,Yes,150
11571,2018-09-13,9,Thursday,0,17,Afternoon,27.9,51,1.4,2000,16.8,1.19,0.0,0.0,0.0,Autumn,No Holiday,Yes,2021
11937,2018-05-06,5,Sunday,1,8,Early Morning,15.2,97,1.0,414,14.7,0.08,2.0,0.0,2.0,Spring,No Holiday,Yes,16
11983,2018-01-20,1,Saturday,1,18,Evening,4.6,55,3.2,232,-3.6,0.03,0.0,0.0,0.0,Winter,No Holiday,Yes,283
16163,2018-02-04,2,Sunday,1,18,Evening,-7.0,26,4.1,2000,-23.3,0.16,0.0,0.0,0.0,Winter,No Holiday,Yes,154
15998,2018-07-10,7,Tuesday,0,23,Night,24.9,87,0.5,658,22.5,0.0,0.0,0.0,0.0,Summer,No Holiday,Yes,373
15401,2018-05-09,5,Wednesday,0,6,Dawn,9.2,64,1.0,2000,2.7,0.02,0.0,0.0,0.0,Spring,No Holiday,Yes,556
18757,2017-12-21,12,Thursday,0,6,Dawn,-4.8,91,1.1,266,-6.0,0.0,0.0,0.22000000000000003,0.22000000000000003,Winter,No Holiday,Yes,84
15775,2018-09-17,9,Monday,0,5,Dawn,19.4,84,1.6,1252,16.6,0.0,0.0,0.0,0.0,Autumn,No Holiday,Yes,246
14385,2018-09-27,9,Thursday,0,23,Night,17.7,51,1.4,2000,7.4,0.0,0.0,0.0,0.0,Autumn,No Holiday,Yes,1222
17054,2018-02-24,2,Saturday,1,17,Afternoon,4.9,28,3.1,1477,-12.1,0.77,0.0,0.0,0.0,Winter,No Holiday,Yes,462
15112,2018-07-21,7,Saturday,1,13,Afternoon,35.2,34,1.8,1636,16.9,3.21,0.0,0.0,0.0,Summer,No Holiday,Yes,727
14660,2018-10-29,10,Monday,0,12,Morning,10.8,49,2.7,2000,0.4,1.45,0.0,0.0,0.0,Autumn,No Holiday,Yes,737
10043,2018-03-10,3,Saturday,1,0,Dawn,2.1,74,1.4,970,-2.0,0.0,0.0,0.0,0.0,Spring,No Holiday,Yes,328
16475,2018-07-20,7,Friday,0,0,Dawn,26.7,80,1.4,1465,22.9,0.0,0.0,0.0,0.0,Summer,No Holiday,Yes,1041
11359,2018-03-31,3,Saturday,1,4,Dawn,10.4,73,1.7,801,5.7,0.0,0.0,0.0,0.0,Spring,No Holiday,Yes,163
17487,2018-03-15,3,Thursday,0,12,Morning,13.3,97,2.9,771,12.8,0.19,2.0,0.0,2.0,Spring,No Holiday,Yes,204
16660,2017-12-17,12,Sunday,1,12,Morning,-4.9,25,2.6,1966,-21.9,1.08,0.0,0.0,0.0,Winter,No Holiday,Yes,216
11988,2018-05-30,5,Wednesday,0,3,Dawn,18.4,86,0.6,360,16.0,0.0,0.0,0.0,0.0,Spring,No Holiday,Yes,238
17691,2018-05-13,5,Sunday,1,15,Afternoon,19.7,63,2.5,941,12.4,2.01,0.0,0.0,0.0,Spring,No Holiday,Yes,2329
17136,2018-08-07,8,Tuesday,0,14,Afternoon,34.0,50,1.2,1744,22.1,1.68,0.0,0.0,0.0,Summer,No Holiday,Yes,658
14268,2018-08-22,8,Wednesday,0,23,Night,31.2,50,1.8,2000,19.5,0.0,0.0,0.0,0.0,Summer,No Holiday,Yes,1117
15608,2018-10-21,10,Sunday,1,16,Afternoon,20.2,24,2.5,1881,-1.0,1.31,0.0,0.0,0.0,Autumn,No Holiday,Yes,1976
14799,2018-06-16,6,Saturday,1,11,Morning,23.4,46,1.6,1954,11.1,2.96,0.0,0.0,0.0,Summer,No Holiday,Yes,1330
15696,2018-06-01,6,Friday,0,4,Dawn,18.1,76,1.8,561,13.7,0.0,0.0,0.0,0.0,Summer,No Holiday,Yes,265
10470,2018-03-22,3,Thursday,0,16,Afternoon,10.3,34,3.8,1850,-4.9,1.93,0.0,0.0,0.0,Spring,No Holiday,Yes,752
13314,2018-10-19,10,Friday,0,18,Evening,16.6,40,2.4,2000,2.9,0.11,0.0,0.0,0.0,Autumn,No Holiday,Yes,2631
14136,2018-11-21,11,Wednesday,0,20,Evening,5.1,43,0.7,1928,-6.4,0.0,0.0,0.0,0.0,Autumn,No Holiday,Yes,936
17774,2018-02-25,2,Sunday,1,2,Dawn,-1.5,46,1.1,1744,-11.6,0.0,0.0,0.0,0.0,Winter,No Holiday,Yes,124
11538,2018-04-23,4,Monday,0,11,Morning,8.9,91,2.2,437,7.5,0.29,1.5,0.0,1.5,Spring,No Holiday,Yes,10
14169,2018-03-11,3,Sunday,1,16,Afternoon,11.9,25,2.7,1424,-7.5,1.83,0.0,0.0,0.0,Spring,No Holiday,Yes,1205
11675,2018-11-22,11,Thursday,0,1,Dawn,2.1,39,3.2,1299,-10.4,0.0,0.0,0.0,0.0,Autumn,No Holiday,Yes,382
10229,2018-05-02,5,Wednesday,0,21,Evening,10.5,94,2.8,1627,9.5,0.0,1.0,0.0,1.0,Spring,No Holiday,Yes,327
18432,2018-08-12,8,Sunday,1,4,Dawn,28.1,63,0.8,2000,20.3,0.0,0.0,0.0,0.0,Summer,No Holiday,Yes,260
12880,2018-06-26,6,Tuesday,0,7,Early Morning,21.2,87,0.8,376,18.9,0.03,1.5,0.0,1.5,Summer,No Holiday,Yes,49
18444,2018-08-07,8,Tuesday,0,0,Dawn,28.8,72,0.8,2000,23.2,0.0,0.0,0.0,0.0,Summer,No Holiday,Yes,842
16561,2018-03-22,3,Thursday,0,6,Dawn,0.8,88,1.0,900,-0.9,0.0,0.0,0.0,0.0,Spring,No Holiday,Yes,212
10199,2018-09-25,9,Tuesday,0,15,Afternoon,24.1,26,1.6,2000,3.3,2.38,0.0,0.0,0.0,Autumn,Holiday,Yes,1747
17464,2017-12-04,12,Monday,0,6,Dawn,1.2,76,3.7,371,-2.5,0.0,0.1,0.0,0.1,Winter,No Holiday,Yes,200
13909,2018-08-24,8,Friday,0,18,Evening,23.8,95,2.7,1938,22.9,0.11,1.5,0.0,1.5,Summer,No Holiday,Yes,916
14448,2017-12-13,12,Wednesday,0,2,Dawn,-10.4,53,1.8,1949,-18.1,0.0,0.0,0.0,0.0,Winter,No Holiday,Yes,120
12534,2018-05-18,5,Friday,0,14,Afternoon,16.7,88,1.5,1760,14.6,0.72,0.0,0.0,0.0,Spring,No Holiday,Yes,697
12254,2018-08-18,8,Saturday,1,4,Dawn,22.6,55,1.4,2000,13.0,0.0,0.0,0.0,0.0,Summer,No Holiday,Yes,316
14047,2018-03-05,3,Monday,0,9,Early Morning,3.7,85,1.8,2000,1.4,0.17,0.0,0.0,0.0,Spring,No Holiday,Yes,211
13685,2018-05-14,5,Monday,0,14,Afternoon,23.1,56,1.6,391,13.8,2.67,0.0,0.0,0.0,Spring,No Holiday,Yes,1124
13560,2018-02-02,2,Friday,0,14,Afternoon,3.2,26,2.2,1499,-14.5,1.16,0.0,0.0,0.0,Winter,No Holiday,Yes,293
14503,2018-08-21,8,Tuesday,0,5,Dawn,23.8,86,3.6,420,21.3,0.0,1.0,0.0,1.0,Summer,No Holiday,Yes,57
16642,2018-06-18,6,Monday,0,0,Dawn,21.3,74,1.4,963,16.4,0.0,0.0,0.0,0.0,Summer,No Holiday,Yes,917
12983,2018-11-04,11,Sunday,1,4,Dawn,6.9,70,1.5,1314,1.7,0.0,0.0,0.0,0.0,Autumn,No Holiday,Yes,188
15809,2018-06-23,6,Saturday,1,17,Afternoon,28.1,49,3.2,1117,16.3,1.62,0.0,0.0,0.0,Summer,No Holiday,Yes,2101
11054,2018-05-20,5,Sunday,1,8,Early Morning,14.1,38,1.0,2000,0.0,0.72,0.0,0.0,0.0,Spring,No Holiday,Yes,524
17376,2018-01-06,1,Saturday,1,11,Morning,-1.6,35,2.1,1812,-15.1,0.87,0.0,0.0,0.0,Winter,No Holiday,Yes,245
16960,2018-04-15,4,Sunday,1,13,Afternoon,13.5,46,3.4,1325,2.0,2.71,0.0,0.0,0.0,Spring,No Holiday,Yes,1229
10261,2018-03-22,3,Thursday,0,4,Dawn,1.3,87,2.2,937,-0.6,0.0,0.0,0.0,0.0,Spring,No Holiday,Yes,75
16228,2018-05-04,5,Friday,0,6,Dawn,9.0,57,1.7,1903,0.9,0.0,0.0,0.0,0.0,Spring,No Holiday,Yes,521
16980,2018-01-23,1,Tuesday,0,14,Afternoon,-10.4,30,4.3,2000,-24.6,1.22,0.0,0.1,0.1,Winter,No Holiday,Yes,169
16374,2018-03-23,3,Friday,0,18,Evening,9.7,36,3.6,948,-4.6,0.37,0.0,0.0,0.0,Spring,No Holiday,Yes,1611
10433,2018-03-19,3,Monday,0,14,Afternoon,10.1,59,3.3,2000,2.4,0.57,0.0,0.0,0.0,Spring,No Holiday,Yes,326
15664,2018-09-21,9,Friday,0,5,Dawn,17.8,93,1.8,2000,16.6,0.0,0.5,0.0,0.5,Autumn,No Holiday,Yes,24
17724,2018-10-19,10,Friday,0,5,Dawn,7.7,73,0.0,2000,3.1,0.0,0.0,0.0,0.0,Autumn,No Holiday,Yes,162
14366,2018-05-07,5,Monday,0,21,Evening,19.6,64,1.5,1297,12.5,0.0,0.0,0.0,0.0,Spring,No Holiday,Yes,1717
13103,2018-02-23,2,Friday,0,20,Evening,6.4,77,2.8,316,2.6,0.0,0.0,0.0,0.0,Winter,No Holiday,Yes,295
10167,2018-05-23,5,Wednesday,0,5,Dawn,14.6,87,2.2,2000,12.4,0.0,0.0,0.0,0.0,Spring,No Holiday,Yes,152
17994,2018-06-19,6,Tuesday,0,5,Dawn,19.4,77,0.8,831,15.2,0.0,0.0,0.0,0.0,Summer,No Holiday,Yes,317
13366,2018-01-09,1,Tuesday,0,2,Dawn,-2.9,66,3.3,1515,-8.3,0.0,0.0,0.1,0.1,Winter,No Holiday,Yes,75
10447,2018-03-26,3,Monday,0,21,Evening,11.6,54,1.5,693,2.5,0.0,0.0,0.0,0.0,Spring,No Holiday,Yes,798
10147,2018-09-29,9,Saturday,1,19,Evening,22.5,43,0.4,2000,9.2,0.0,0.0,0.0,0.0,Autumn,No Holiday,Yes,2021
11815,2018-02-15,2,Thursday,0,4,Dawn,-1.9,34,3.0,2000,-15.7,0.0,0.0,0.0,0.0,Winter,Holiday,Yes,58
15680,2017-12-14,12,Thursday,0,14,Afternoon,-2.7,28,0.7,1857,-18.7,0.65,0.0,0.0,0.0,Winter,No Holiday,Yes,294
12249,2018-04-20,4,Friday,0,23,Night,17.3,57,0.6,807,8.6,0.0,0.0,0.0,0.0,Spring,No Holiday,Yes,891
12914,2018-07-12,7,Thursday,0,4,Dawn,26.1,85,0.6,1081,23.3,0.0,0.0,0.0,0.0,Summer,No Holiday,Yes,159
15100,2018-09-17,9,Monday,0,0,Dawn,21.0,82,1.8,958,17.8,0.0,0.0,0.0,0.0,Autumn,No Holiday,Yes,531
17160,2018-03-06,3,Tuesday,0,12,Morning,8.5,34,1.9,1876,-6.4,2.55,0.0,0.0,0.0,Spring,No Holiday,Yes,504
10346,2018-05-11,5,Friday,0,16,Afternoon,19.1,54,3.2,542,9.5,0.94,0.0,0.0,0.0,Spring,No Holiday,Yes,1496
15722,2017-12-17,12,Sunday,1,15,Afternoon,-2.5,28,2.0,2000,-18.5,0.85,0.0,0.0,0.0,Winter,No Holiday,Yes,278
16327,2018-11-19,11,Monday,0,17,Afternoon,8.7,48,1.7,965,-1.7,0.25,0.0,0.0,0.0,Autumn,No Holiday,Yes,1233
16596,2018-01-27,1,Saturday,1,6,Dawn,-15.3,47,0.7,1921,-24.0,0.0,0.0,0.03,0.03,Winter,No Holiday,Yes,33
13146,2018-05-08,5,Tuesday,0,7,Early Morning,15.3,60,2.0,2000,7.5,0.35,0.0,0.0,0.0,Spring,No Holiday,Yes,1280
11570,2018-08-31,8,Friday,0,17,Afternoon,29.1,49,2.8,1969,17.2,1.57,0.0,0.0,0.0,Summer,No Holiday,Yes,1869
12917,2018-01-01,1,Monday,0,23,Night,-1.6,51,0.7,1882,-10.4,0.0,0.0,0.0,0.0,Winter,Holiday,Yes,154
14363,2018-01-05,1,Friday,0,1,Dawn,-5.1,51,1.5,1550,-13.6,0.0,0.0,0.0,0.0,Winter,No Holiday,Yes,170
12878,2018-02-07,2,Wednesday,0,5,Dawn,-13.0,53,0.7,1810,-20.5,0.0,0.0,0.0,0.0,Winter,No Holiday,Yes,45
10684,2018-04-06,4,Friday,0,20,Evening,4.3,59,4.6,991,-3.0,0.0,0.0,0.0,0.0,Spring,No Holiday,Yes,508
12246,2017-12-16,12,Saturday,1,15,Afternoon,-3.3,22,5.0,2000,-22.0,0.86,0.0,0.0,0.0,Winter,No Holiday,Yes,291
16143,2018-07-31,7,Tuesday,0,21,Evening,32.7,51,2.8,2000,21.2,0.0,0.0,0.0,0.0,Summer,No Holiday,Yes,1719
12386,2018-06-08,6,Friday,0,2,Dawn,18.6,84,2.5,619,15.8,0.0,0.0,0.0,0.0,Summer,No Holiday,Yes,525
16244,2018-03-30,3,Friday,0,20,Evening,14.3,63,2.6,936,7.3,0.0,0.0,0.0,0.0,Spring,No Holiday,Yes,1045
16958,2018-02-07,2,Wednesday,0,22,Night,-6.8,50,1.7,1856,-15.5,0.0,0.0,0.0,0.0,Winter,No Holiday,Yes,200
18692,2018-02-18,2,Sunday,1,16,Afternoon,5.1,16,1.8,1998,-18.7,1.17,0.0,0.0,0.0,Winter,No Holiday,Yes,404
10658,2018-05-23,5,Wednesday,0,8,Early Morning,14.6,70,3.1,2000,9.1,1.28,0.0,0.0,0.0,Spring,No Holiday,Yes,2035
12213,2018-02-19,2,Monday,0,4,Dawn,-1.9,44,0.7,1907,-12.5,0.0,0.0,0.0,0.0,Winter,No Holiday,Yes,50
12104,2018-04-22,4,Sunday,1,22,Night,11.6,89,2.0,469,9.8,0.0,4.0,0.0,4.0,Spring,No Holiday,Yes,13
15941,2018-09-26,9,Wednesday,0,14,Afternoon,24.1,33,1.3,2000,6.8,2.52,0.0,0.0,0.0,Autumn,No Holiday,Yes,1972
14505,2018-01-23,1,Tuesday,0,18,Evening,-11.5,43,2.4,2000,-21.6,0.05,0.0,0.09,0.09,Winter,No Holiday,Yes,351
17055,2018-02-26,2,Monday,0,5,Dawn,-2.5,73,0.8,1134,-6.6,0.0,0.0,0.0,0.0,Winter,No Holiday,Yes,65
11069,2018-01-04,1,Thursday,0,22,Night,-3.6,46,1.3,1689,-13.5,0.0,0.0,0.0,0.0,Winter,No Holiday,Yes,306
18150,2018-03-16,3,Friday,0,23,Night,4.2,47,1.3,2000,-6.1,0.0,0.0,0.0,0.0,Spring,No Holiday,Yes,455
18421,2018-10-22,10,Monday,0,20,Evening,14.5,51,1.4,751,4.4,0.0,0.0,0.0,0.0,Autumn,No Holiday,Yes,1593
17607,2018-05-09,5,Wednesday,0,4,Dawn,10.0,64,1.5,2000,3.4,0.0,0.0,0.0,0.0,Spring,No Holiday,Yes,114
15171,2018-01-11,1,Thursday,0,18,Evening,-10.4,43,2.3,1985,-20.6,0.02,0.0,0.0,0.0,Winter,No Holiday,Yes,352
14027,2018-03-02,3,Friday,0,23,Night,0.3,38,0.2,1895,-12.3,0.0,0.0,0.0,0.0,Spring,No Holiday,Yes,284
11451,2018-10-27,10,Saturday,1,6,Dawn,7.4,66,2.3,2000,1.4,0.0,0.0,0.0,0.0,Autumn,No Holiday,Yes,197
11428,2018-05-27,5,Sunday,1,4,Dawn,17.9,59,1.3,1261,9.7,0.0,0.0,0.0,0.0,Spring,No Holiday,Yes,208
10699,2018-06-02,6,Saturday,1,21,Evening,22.1,44,2.5,2000,9.2,0.0,0.0,0.0,0.0,Summer,No Holiday,Yes,2238
13799,2018-09-23,9,Sunday,1,1,Dawn,16.4,66,0.1,2000,10.0,0.0,0.0,0.0,0.0,Autumn,Holiday,Yes,644
14586,2018-10-07,10,Sunday,1,17,Afternoon,19.4,32,3.2,2000,2.2,0.63,0.0,0.0,0.0,Autumn,No Holiday,Yes,2255
10519,2018-05-09,5,Wednesday,0,9,Early Morning,14.4,46,1.2,1899,2.9,1.77,0.0,0.0,0.0,Spring,No Holiday,Yes,928
17866,2018-10-02,10,Tuesday,0,10,Morning,16.7,58,2.4,1554,8.3,1.81,0.0,0.0,0.0,Autumn,No Holiday,No,0
10245,2018-09-12,9,Wednesday,0,9,Early Morning,20.8,48,1.1,2000,9.3,1.38,0.0,0.0,0.0,Autumn,No Holiday,Yes,1234
11912,2018-11-29,11,Thursday,0,3,Dawn,1.9,33,0.9,1994,-12.7,0.0,0.0,0.0,0.0,Autumn,No Holiday,Yes,195
10142,2018-11-10,11,Saturday,1,1,Dawn,11.2,78,1.1,467,7.4,0.0,0.0,0.0,0.0,Autumn,No Holiday,Yes,679
15634,2018-08-21,8,Tuesday,0,10,Morning,24.8,82,3.2,1732,21.5,0.34,0.0,0.0,0.0,Summer,No Holiday,Yes,402
18206,2018-07-13,7,Friday,0,17,Afternoon,30.1,65,1.8,1923,22.7,1.36,0.0,0.0,0.0,Summer,No Holiday,Yes,1782
17680,2018-04-13,4,Friday,0,20,Evening,16.2,22,0.9,2000,-5.5,0.0,0.0,0.0,0.0,Spring,No Holiday,Yes,1359
16695,2018-03-01,3,Thursday,0,23,Night,-4.0,52,3.4,1272,-12.4,0.0,0.0,0.0,0.0,Spring,Holiday,Yes,190
17326,2018-11-02,11,Friday,0,3,Dawn,5.7,72,0.8,1368,1.0,0.0,0.0,0.0,0.0,Autumn,No Holiday,Yes,251
12351,2018-05-10,5,Thursday,0,16,Afternoon,19.6,54,3.9,1154,10.0,2.41,0.0,0.0,0.0,Spring,No Holiday,No,0
15744,2018-07-08,7,Sunday,1,13,Afternoon,26.1,45,1.8,2000,13.2,3.33,0.0,0.0,0.0,Summer,No Holiday,Yes,1442
17009,2018-11-28,11,Wednesday,0,20,Evening,4.8,29,0.6,1756,-11.7,0.0,0.0,0.0,0.0,Autumn,No Holiday,Yes,842
16976,2018-10-25,10,Thursday,0,0,Dawn,10.5,75,0.3,1800,6.2,0.0,0.0,0.0,0.0,Autumn,No Holiday,Yes,729
17822,2018-07-15,7,Sunday,1,12,Morning,30.1,58,1.6,1491,20.9,2.15,0.0,0.0,0.0,Summer,No Holiday,Yes,803
12808,2017-12-29,12,Friday,0,10,Morning,1.9,65,0.3,562,-3.9,0.17,0.0,0.0,0.0,Winter,No Holiday,Yes,252
10115,2018-02-01,2,Thursday,0,8,Early Morning,-8.6,59,1.0,1948,-15.1,0.01,0.0,0.16,0.16,Winter,No Holiday,Yes,459
17641,2018-06-30,6,Saturday,1,4,Dawn,21.7,93,0.1,244,20.5,0.0,0.0,0.0,0.0,Summer,No Holiday,Yes,382
12676,2017-12-19,12,Tuesday,0,13,Afternoon,-2.2,25,3.2,1970,-19.6,1.17,0.0,0.22000000000000003,0.22000000000000003,Winter,No Holiday,Yes,189
17064,2018-03-23,3,Friday,0,8,Early Morning,2.6,77,1.3,567,-1.0,0.21,0.0,0.0,0.0,Spring,No Holiday,Yes,1216
12608,2018-01-25,1,Thursday,0,0,Dawn,-15.9,43,3.8,2000,-25.6,0.0,0.0,0.06999999999999999,0.06999999999999999,Winter,No Holiday,Yes,78
10250,2018-05-08,5,Tuesday,0,0,Dawn,16.4,72,0.8,1046,11.3,0.0,0.0,0.0,0.0,Spring,No Holiday,Yes,712
11784,2018-01-30,1,Tuesday,0,3,Dawn,-10.7,42,1.4,2000,-21.1,0.0,0.0,0.0,0.0,Winter,No Holiday,Yes,54
12274,2018-04-03,4,Tuesday,0,18,Evening,18.9,68,3.3,1326,12.8,0.12,0.0,0.0,0.0,Spring,No Holiday,Yes,2134
17987,2018-09-23,9,Sunday,1,21,Evening,19.1,38,2.1,2000,4.4,0.0,0.0,0.0,0.0,Autumn,Holiday,Yes,1148
16292,2018-07-16,7,Monday,0,20,Evening,29.3,58,2.4,2000,20.1,0.09,0.0,0.0,0.0,Summer,No Holiday,Yes,2362
10316,2018-01-22,1,Monday,0,12,Morning,3.9,28,0.9,1383,-12.9,0.6,0.0,0.0,0.0,Winter,No Holiday,Yes,323
15955,2018-01-09,1,Tuesday,0,3,Dawn,-3.4,67,3.2,1420,-8.6,0.0,0.0,0.09,0.09,Winter,No Holiday,Yes,52
12242,2018-04-01,4,Sunday,1,2,Dawn,11.7,72,0.6,915,6.8,0.0,0.0,0.0,0.0,Spring,No Holiday,Yes,322
17541,2018-01-01,1,Monday,0,14,Afternoon,3.7,24,2.1,1906,-15.0,1.01,0.0,0.0,0.0,Winter,Holiday,Yes,298
10039,2018-01-11,1,Thursday,0,15,Afternoon,-8.3,42,3.8,1745,-18.9,0.93,0.0,0.0,0.0,Winter,No Holiday,Yes,181
15341,2018-05-19,5,Saturday,1,12,Morning,20.5,42,2.1,2000,7.1,3.42,0.0,0.0,0.0,Spring,No Holiday,Yes,1573
15127,2018-04-08,4,Sunday,1,2,Dawn,2.2,49,1.9,2000,-7.4,0.0,0.0,0.0,0.0,Spring,No Holiday,Yes,191
13644,2018-02-24,2,Saturday,1,1,Dawn,4.0,83,1.7,235,1.3,0.0,0.0,0.0,0.0,Winter,No Holiday,Yes,263
12959,2018-05-11,5,Friday,0,22,Night,16.2,54,1.1,1327,6.8,0.0,0.0,0.0,0.0,Spring,No Holiday,Yes,1556
13052,2018-05-01,5,Tuesday,0,4,Dawn,18.0,85,0.3,275,15.4,0.0,0.0,0.0,0.0,Spring,Holiday,Yes,187
12718,2018-11-17,11,Saturday,1,0,Dawn,4.2,76,2.1,870,0.3,0.0,0.0,0.0,0.0,Autumn,No Holiday,Yes,626
18295,2018-01-14,1,Sunday,1,0,Dawn,-4.4,81,0.7,414,-7.1,0.0,0.0,0.0,0.0,Winter,No Holiday,Yes,149
16985,2018-08-28,8,Tuesday,0,0,Dawn,23.5,88,0.6,2000,21.3,0.0,0.0,0.0,0.0,Summer,No Holiday,Yes,870
17961,2018-08-21,8,Tuesday,0,19,Evening,29.2,62,1.7,2000,21.1,0.31,0.0,0.0,0.0,Summer,No Holiday,Yes,2364
13629,2018-09-16,9,Sunday,1,20,Evening,21.1,88,1.7,404,19.0,0.0,0.0,0.0,0.0,Autumn,No Holiday,Yes,1073
17845,2017-12-18,12,Monday,0,23,Night,0.1,81,2.9,551,-2.7,0.0,0.0,0.26,0.26,Winter,No Holiday,Yes,128
17398,2017-12-29,12,Friday,0,5,Dawn,0.7,66,0.7,687,-4.9,0.0,0.0,0.0,0.0,Winter,No Holiday,Yes,67
12795,2018-05-26,5,Saturday,1,9,Early Morning,20.6,43,1.1,1104,7.5,1.84,0.0,0.0,0.0,Spring,No Holiday,Yes,992
10108,2018-03-16,3,Friday,0,4,Dawn,5.7,62,2.4,2000,-1.0,0.0,0.0,0.0,0.0,Spring,No Holiday,Yes,85
10822,2018-06-25,6,Monday,0,11,Morning,27.8,46,1.3,912,15.1,1.77,0.0,0.0,0.0,Summer,No Holiday,Yes,968
10198,2018-04-28,4,Saturday,1,9,Early Morning,15.1,56,1.7,493,6.3,1.57,0.0,0.0,0.0,Spring,No Holiday,Yes,795
14188,2018-10-18,10,Thursday,0,7,Early Morning,7.7,81,0.4,1992,4.6,0.0,0.0,0.0,0.0,Autumn,No Holiday,Yes,1191
15825,2018-11-11,11,Sunday,1,5,Dawn,6.8,83,0.6,341,4.1,0.0,0.0,0.0,0.0,Autumn,No Holiday,Yes,111
16759,2018-11-23,11,Friday,0,14,Afternoon,6.3,16,2.9,2000,-17.7,1.67,0.0,0.0,0.0,Autumn,No Holiday,Yes,719
14507,2018-01-06,1,Saturday,1,4,Dawn,-5.9,61,1.1,1260,-12.2,0.0,0.0,0.0,0.0,Winter,No Holiday,Yes,61
15734,2018-02-23,2,Friday,0,4,Dawn,1.1,96,2.5,241,0.5,0.0,0.0,0.39,0.39,Winter,No Holiday,Yes,36
15156,2018-09-02,9,Sunday,1,10,Morning,25.0,47,1.5,2000,12.8,2.17,0.0,0.0,0.0,Autumn,No Holiday,Yes,802
16951,2018-05-26,5,Saturday,1,11,Morning,24.8,34,0.9,1439,7.8,2.92,0.0,0.0,0.0,Spring,No Holiday,Yes,1164
10402,2017-12-11,12,Monday,0,10,Morning,-5.3,32,4.5,2000,-19.4,0.62,0.0,0.0,0.0,Winter,No Holiday,Yes,212
17381,2018-02-01,2,Thursday,0,12,Morning,-1.1,31,1.3,1869,-16.1,1.2,0.0,0.13,0.13,Winter,No Holiday,Yes,240
13895,2018-08-30,8,Thursday,0,3,Dawn,24.1,97,2.5,1989,23.5,0.0,1.5,0.0,1.5,Summer,No Holiday,Yes,81
12114,2017-12-27,12,Wednesday,0,1,Dawn,-8.2,39,1.8,2000,-19.7,0.0,0.0,0.0,0.0,Winter,No Holiday,Yes,142
16268,2018-03-18,3,Sunday,1,11,Morning,8.5,49,0.7,718,-1.6,0.76,0.0,0.0,0.0,Spring,No Holiday,Yes,587
18515,2018-07-12,7,Thursday,0,3,Dawn,26.2,83,0.3,1294,23.0,0.0,0.0,0.0,0.0,Summer,No Holiday,Yes,322
16911,2018-04-05,4,Thursday,0,2,Dawn,9.0,63,2.1,2000,2.3,0.0,0.0,0.0,0.0,Spring,No Holiday,Yes,220
12688,2018-02-09,2,Friday,0,20,Evening,3.0,61,1.9,842,-3.8,0.0,0.0,0.0,0.0,Winter,No Holiday,Yes,308
16848,2018-11-09,11,Friday,0,10,Morning,11.3,68,4.7,1984,5.5,0.44,0.0,0.0,0.0,Autumn,No Holiday,No,0
15047,2017-12-22,12,Friday,0,12,Morning,4.5,56,0.8,836,-3.5,0.71,0.0,0.0,0.0,Winter,Holiday,Yes,301
17445,2018-04-10,4,Tuesday,0,15,Afternoon,21.4,33,4.8,1998,4.4,1.63,0.0,0.0,0.0,Spring,No Holiday,Yes,933
11642,2018-03-19,3,Monday,0,13,Afternoon,10.1,61,3.7,1504,2.9,0.38,0.0,0.0,0.0,Spring,No Holiday,Yes,387
15331,2018-08-12,8,Sunday,1,23,Night,28.7,81,0.4,1586,25.1,0.0,0.0,0.0,0.0,Summer,No Holiday,Yes,707
12900,2018-04-11,4,Wednesday,0,13,Afternoon,15.6,38,4.7,1558,1.3,3.32,0.0,0.0,0.0,Spring,No Holiday,No,0
13192,2018-10-12,10,Friday,0,4,Dawn,6.2,71,1.1,2000,1.3,0.0,0.0,0.0,0.0,Autumn,No Holiday,Yes,168
18750,2018-07-11,7,Wednesday,0,13,Afternoon,28.7,69,2.6,1546,22.4,1.02,0.0,0.0,0.0,Summer,No Holiday,Yes,991
16675,2018-02-26,2,Monday,0,15,Afternoon,10.3,23,2.1,1317,-9.9,2.09,0.0,0.0,0.0,Winter,No Holiday,Yes,521
18497,2018-01-29,1,Monday,0,13,Afternoon,-6.9,23,4.6,1963,-24.6,1.28,0.0,0.0,0.0,Winter,No Holiday,Yes,166
13336,2018-10-15,10,Monday,0,0,Dawn,12.6,78,1.3,1427,8.8,0.0,0.0,0.0,0.0,Autumn,No Holiday,Yes,638
11737,2018-11-06,11,Tuesday,0,9,Early Morning,10.1,68,0.2,578,4.4,0.33,0.0,0.0,0.0,Autumn,No Holiday,No,0
18354,2018-06-22,6,Friday,0,1,Dawn,20.2,75,1.4,525,15.6,0.0,0.0,0.0,0.0,Summer,No Holiday,Yes,912
13167,2018-04-07,4,Saturday,1,1,Dawn,2.6,67,2.7,1053,-2.9,0.0,0.0,0.0,0.0,Spring,No Holiday,Yes,225
15218,2018-04-10,4,Tuesday,0,3,Dawn,8.1,48,0.8,1455,-2.2,0.0,0.0,0.0,0.0,Spring,No Holiday,Yes,149
18016,2018-11-20,11,Tuesday,0,7,Early Morning,0.5,53,1.1,2000,-7.9,0.0,0.0,0.0,0.0,Autumn,No Holiday,Yes,934
17355,2018-09-13,9,Thursday,0,0,Dawn,21.9,62,1.0,1822,14.2,0.0,0.0,0.0,0.0,Autumn,No Holiday,Yes,968
12592,2018-07-04,7,Wednesday,0,7,Early Morning,24.6,78,0.5,2000,20.5,0.33,0.0,0.0,0.0,Summer,No Holiday,Yes,1450
14342,2018-04-17,4,Tuesday,0,1,Dawn,9.0,36,1.0,1994,-5.3,0.0,0.0,0.0,0.0,Spring,No Holiday,Yes,421
13204,2018-02-19,2,Monday,0,22,Night,1.0,69,0.7,525,-4.0,0.0,0.0,0.0,0.0,Winter,No Holiday,Yes,357
10087,2018-07-13,7,Friday,0,11,Morning,27.5,70,2.4,1719,21.5,1.07,0.0,0.0,0.0,Summer,No Holiday,Yes,887
13689,2018-02-23,2,Friday,0,5,Dawn,1.0,91,0.7,257,-0.3,0.0,0.0,0.38,0.38,Winter,No Holiday,Yes,39
10992,2018-07-21,7,Saturday,1,0,Dawn,27.5,73,1.1,1834,22.2,0.0,0.0,0.0,0.0,Summer,No Holiday,Yes,1132
17669,2018-01-25,1,Thursday,0,5,Dawn,-15.8,37,2.7,2000,-27.1,0.0,0.0,0.06999999999999999,0.06999999999999999,Winter,No Holiday,Yes,34
16352,2018-10-15,10,Monday,0,18,Evening,18.0,66,2.3,554,11.5,0.1,0.0,0.0,0.0,Autumn,No Holiday,Yes,2635
10520,2017-12-01,12,Friday,0,10,Morning,-3.5,24,1.2,1996,-21.2,0.65,0.0,0.0,0.0,Winter,No Holiday,Yes,339
17821,2018-06-01,6,Friday,0,6,Dawn,17.5,76,1.2,1161,13.2,0.05,0.0,0.0,0.0,Summer,No Holiday,Yes,672
17684,2018-03-27,3,Tuesday,0,7,Early Morning,8.5,67,0.7,475,2.7,0.02,0.0,0.0,0.0,Spring,No Holiday,Yes,705
10276,2018-02-13,2,Tuesday,0,7,Early Morning,-7.2,70,1.9,1946,-11.7,0.0,0.0,0.0,0.0,Winter,No Holiday,Yes,294
14209,2018-04-11,4,Wednesday,0,8,Early Morning,9.7,77,1.6,519,5.8,0.68,0.0,0.0,0.0,Spring,No Holiday,No,0
15646,2018-03-23,3,Friday,0,20,Evening,6.7,48,2.6,774,-3.5,0.0,0.0,0.0,0.0,Spring,No Holiday,Yes,724
11315,2018-01-26,1,Friday,0,15,Afternoon,-11.4,27,3.3,1805,-26.7,0.0,0.0,0.04,0.04,Winter,No Holiday,Yes,140
12872,2018-08-03,8,Friday,0,15,Afternoon,37.4,44,3.2,1499,23.0,2.71,0.0,0.0,0.0,Summer,No Holiday,Yes,600
11449,2018-08-25,8,Saturday,1,17,Afternoon,26.9,60,2.8,2000,18.4,0.77,0.0,0.0,0.0,Summer,No Holiday,Yes,1797
12799,2017-12-23,12,Saturday,1,10,Morning,5.4,82,1.2,215,2.5,0.13,0.0,0.0,0.0,Winter,No Holiday,Yes,235
11367,2018-01-02,1,Tuesday,0,8,Early Morning,-3.4,71,0.8,1179,-7.9,0.0,0.0,0.0,0.0,Winter,No Holiday,Yes,655
14746,2018-07-27,7,Friday,0,16,Afternoon,35.0,55,2.8,835,24.6,1.56,0.0,0.0,0.0,Summer,No Holiday,Yes,905
11915,2018-05-21,5,Monday,0,3,Dawn,13.0,0,0.8,2000,-2.5,0.0,0.0,0.0,0.0,Spring,No Holiday,Yes,165
12256,2017-12-26,12,Tuesday,0,10,Morning,-2.2,36,4.1,1930,-15.2,0.53,0.0,0.0,0.0,Winter,No Holiday,Yes,180
10807,2018-05-07,5,Monday,0,12,Morning,22.9,35,0.8,1948,6.6,3.05,0.0,0.0,0.0,Spring,No Holiday,Yes,1414
10188,2018-06-12,6,Tuesday,0,2,Dawn,17.7,87,1.2,2000,15.5,0.0,0.0,0.0,0.0,Summer,No Holiday,Yes,385
13129,2018-07-22,7,Sunday,1,2,Dawn,26.8,63,0.6,2000,19.1,0.0,0.0,0.0,0.0,Summer,No Holiday,Yes,587
15933,2018-07-03,7,Tuesday,0,0,Dawn,23.2,98,0.2,927,22.8,0.0,0.5,0.0,0.5,Summer,No Holiday,Yes,349
17215,2018-09-02,9,Sunday,1,11,Morning,26.5,44,1.4,1958,13.2,2.62,0.0,0.0,0.0,Autumn,No Holiday,Yes,940
10998,2018-06-14,6,Thursday,0,1,Dawn,20.8,72,1.0,912,15.5,0.0,0.0,0.0,0.0,Summer,No Holiday,Yes,715
12286,2018-07-07,7,Saturday,1,10,Morning,24.0,49,1.7,2000,12.6,2.48,0.0,0.0,0.0,Summer,No Holiday,Yes,1050
18138,2018-10-13,10,Saturday,1,10,Morning,12.6,50,1.4,1712,2.4,1.68,0.0,0.0,0.0,Autumn,No Holiday,Yes,1037
18729,2018-02-07,2,Wednesday,0,4,Dawn,-13.1,54,0.7,1369,-20.4,0.0,0.0,0.0,0.0,Winter,No Holiday,Yes,34
10443,2017-12-27,12,Wednesday,0,2,Dawn,-8.6,37,1.5,2000,-20.7,0.0,0.0,0.0,0.0,Winter,No Holiday,Yes,93
12306,2018-07-23,7,Monday,0,15,Afternoon,35.4,46,2.2,1861,22.0,2.48,0.0,0.0,0.0,Summer,No Holiday,Yes,739
12746,2018-09-15,9,Saturday,1,12,Morning,25.4,63,0.9,2000,17.8,1.01,0.0,0.0,0.0,Autumn,No Holiday,Yes,1284
11564,2018-07-19,7,Thursday,0,17,Afternoon,34.0,44,2.3,1891,20.0,1.95,0.0,0.0,0.0,Summer,No Holiday,Yes,1536
14988,2017-12-22,12,Friday,0,20,Evening,5.9,67,1.3,779,0.2,0.0,0.0,0.0,0.0,Winter,Holiday,Yes,323
15071,2018-09-07,9,Friday,0,7,Early Morning,20.3,74,1.8,1372,15.5,0.07,0.0,0.0,0.0,Autumn,No Holiday,Yes,1346
13517,2018-09-08,9,Saturday,1,11,Morning,24.2,41,1.5,1818,10.1,2.62,0.0,0.0,0.0,Autumn,No Holiday,Yes,1179
15909,2018-04-28,4,Saturday,1,0,Dawn,13.3,70,1.6,473,7.9,0.0,0.0,0.0,0.0,Spring,No Holiday,Yes,777
11300,2018-11-18,11,Sunday,1,14,Afternoon,10.1,37,2.4,1723,-3.9,1.24,0.0,0.0,0.0,Autumn,No Holiday,Yes,1054
18658,2018-02-13,2,Tuesday,0,15,Afternoon,3.7,40,5.3,1950,-8.6,1.96,0.0,0.0,0.0,Winter,No Holiday,Yes,295
13493,2018-10-19,10,Friday,0,1,Dawn,9.8,68,1.7,2000,4.1,0.0,0.0,0.0,0.0,Autumn,No Holiday,Yes,653
14129,2018-09-23,9,Sunday,1,16,Afternoon,24.6,29,4.0,1988,5.3,1.73,0.0,0.0,0.0,Autumn,Holiday,Yes,1502
11621,2018-05-21,5,Monday,0,16,Afternoon,22.7,42,1.9,2000,9.1,1.13,0.0,0.0,0.0,Spring,No Holiday,Yes,1820
11510,2017-12-11,12,Monday,0,21,Evening,-9.7,51,2.5,2000,-17.9,0.0,0.0,0.0,0.0,Winter,No Holiday,Yes,266
14912,2018-02-07,2,Wednesday,0,7,Early Morning,-13.2,56,0.9,1665,-20.1,0.0,0.0,0.0,0.0,Winter,No Holiday,Yes,214
11399,2018-09-07,9,Friday,0,23,Night,19.4,50,2.8,2000,8.6,0.0,0.0,0.0,0.0,Autumn,No Holiday,Yes,1363
16407,2018-03-10,3,Saturday,1,23,Night,5.1,75,1.4,950,1.0,0.0,0.0,0.0,0.0,Spring,No Holiday,Yes,345
16904,2018-08-03,8,Friday,0,13,Afternoon,36.8,44,1.8,1625,22.5,1.79,0.0,0.0,0.0,Summer,No Holiday,Yes,585
11409,2018-05-27,5,Sunday,1,8,Early Morning,18.3,51,2.0,1366,7.9,0.7,0.0,0.0,0.0,Spring,No Holiday,Yes,608
17508,2018-05-23,5,Wednesday,0,2,Dawn,15.0,97,2.5,236,14.5,0.0,3.0,0.0,3.0,Spring,No Holiday,Yes,34
11734,2018-03-08,3,Thursday,0,15,Afternoon,9.2,53,3.3,1896,0.1,2.23,0.0,0.0,0.0,Spring,No Holiday,Yes,555
18491,2018-07-29,7,Sunday,1,16,Afternoon,36.0,33,1.4,2000,17.1,1.97,0.0,0.0,0.0,Summer,No Holiday,Yes,760
11415,2018-10-21,10,Sunday,1,8,Early Morning,7.9,67,1.1,1210,2.1,0.28,0.0,0.0,0.0,Autumn,No Holiday,Yes,534
18568,2017-12-05,12,Tuesday,0,22,Night,-2.8,49,0.0,2000,-12.0,0.0,0.0,0.0,0.0,Winter,No Holiday,Yes,393
14334,2018-01-28,1,Sunday,1,8,Early Morning,-8.1,43,1.7,1943,-18.5,0.0,0.0,0.0,0.0,Winter,No Holiday,Yes,72
18277,2018-09-21,9,Friday,0,3,Dawn,18.5,88,1.2,659,16.4,0.0,1.5,0.0,1.5,Autumn,No Holiday,Yes,28
10480,2018-06-14,6,Thursday,0,0,Dawn,21.1,69,0.5,1086,15.1,0.0,0.0,0.0,0.0,Summer,No Holiday,Yes,1047
18313,2018-06-05,6,Tuesday,0,21,Evening,23.3,51,1.7,1654,12.5,0.0,0.0,0.0,0.0,Summer,No Holiday,Yes,2404
11974,2017-12-17,12,Sunday,1,5,Dawn,-9.7,41,3.1,2000,-20.5,0.0,0.0,0.0,0.0,Winter,No Holiday,Yes,31
13892,2018-03-17,3,Saturday,1,9,Early Morning,3.4,49,1.6,1950,-6.3,1.03,0.0,0.0,0.0,Spring,No Holiday,Yes,520
14938,2017-12-30,12,Saturday,1,12,Morning,3.2,64,0.8,258,-2.9,0.47,0.0,0.0,0.0,Winter,No Holiday,Yes,274
15821,2018-05-13,5,Sunday,1,21,Evening,14.1,86,0.9,535,11.7,0.0,0.0,0.0,0.0,Spring,No Holiday,Yes,1571
17038,2018-05-29,5,Tuesday,0,13,Afternoon,24.2,58,1.5,1030,15.4,1.66,0.0,0.0,0.0,Spring,No Holiday,Yes,1103
10601,2018-08-21,8,Tuesday,0,21,Evening,26.8,72,0.4,1985,21.3,0.0,0.0,0.0,0.0,Summer,No Holiday,Yes,2057
14890,2018-07-14,7,Saturday,1,8,Early Morning,26.1,74,0.7,1254,21.0,0.87,0.0,0.0,0.0,Summer,No Holiday,Yes,787
14287,2018-05-18,5,Friday,0,5,Dawn,17.8,98,1.0,457,17.4,0.0,0.5,0.0,0.5,Spring,No Holiday,Yes,29
12723,2018-08-01,8,Wednesday,0,3,Dawn,29.1,64,0.5,1997,21.5,0.0,0.0,0.0,0.0,Summer,No Holiday,Yes,362
18461,2018-04-18,4,Wednesday,0,11,Morning,15.5,22,1.4,1762,-6.1,2.82,0.0,0.0,0.0,Spring,No Holiday,Yes,845
10038,2018-05-14,5,Monday,0,6,Dawn,12.1,89,0.3,252,10.3,0.02,0.0,0.0,0.0,Spring,No Holiday,Yes,552
17274,2017-12-04,12,Monday,0,17,Afternoon,-1.3,26,5.3,2000,-18.3,0.18,0.0,0.0,0.0,Winter,No Holiday,Yes,515
10535,2018-05-22,5,Tuesday,0,22,Night,16.8,87,0.6,447,14.6,0.0,0.5,0.0,0.5,Spring,Holiday,Yes,29
14397,2017-12-10,12,Sunday,1,22,Night,-1.0,56,4.7,2000,-8.6,0.0,0.0,0.0,0.0,Winter,No Holiday,Yes,152
15359,2018-05-12,5,Saturday,1,17,Afternoon,14.3,98,0.7,270,13.9,0.08,1.5,0.0,1.5,Spring,No Holiday,Yes,24
17366,2018-09-10,9,Monday,0,6,Dawn,18.7,64,0.9,2000,11.7,0.0,0.0,0.0,0.0,Autumn,No Holiday,Yes,691
18026,2018-04-23,4,Monday,0,21,Evening,9.4,94,2.1,869,8.4,0.0,1.5,0.0,1.5,Spring,No Holiday,Yes,82
12950,2018-01-27,1,Saturday,1,3,Dawn,-15.3,43,0.8,1963,-25.0,0.0,0.0,0.03,0.03,Winter,No Holiday,Yes,41
12457,2018-01-16,1,Tuesday,0,19,Evening,4.6,57,1.0,432,-3.2,0.0,0.0,0.0,0.0,Winter,No Holiday,Yes,409
18723,2018-11-13,11,Tuesday,0,13,Afternoon,13.5,43,2.2,1687,1.1,1.92,0.0,0.0,0.0,Autumn,No Holiday,Yes,912
17475,2018-09-11,9,Tuesday,0,3,Dawn,18.2,52,1.5,2000,8.1,0.0,0.0,0.0,0.0,Autumn,No Holiday,Yes,261
15495,2018-05-21,5,Monday,0,18,Evening,21.6,48,2.5,1884,10.1,0.61,0.0,0.0,0.0,Spring,No Holiday,Yes,3069
12174,2018-10-21,10,Sunday,1,1,Dawn,10.6,60,0.5,1642,3.1,0.0,0.0,0.0,0.0,Autumn,No Holiday,Yes,622
13708,2018-05-10,5,Thursday,0,10,Morning,17.3,52,2.3,1235,7.3,2.38,0.0,0.0,0.0,Spring,No Holiday,No,0
16602,2018-04-08,4,Sunday,1,6,Dawn,0.9,52,1.1,2000,-7.8,0.0,0.0,0.0,0.0,Spring,No Holiday,Yes,101
10685,2018-10-06,10,Saturday,1,4,Dawn,16.9,89,2.7,1577,15.0,0.0,2.5,0.0,2.5,Autumn,No Holiday,No,0
17198,2018-11-18,11,Sunday,1,11,Morning,7.6,35,0.8,1695,-6.9,1.25,0.0,0.0,0.0,Autumn,No Holiday,Yes,645
17698,2018-07-17,7,Tuesday,0,18,Evening,31.3,55,2.5,1550,21.1,1.2,0.0,0.0,0.0,Summer,No Holiday,Yes,2770
15799,2018-11-25,11,Sunday,1,17,Afternoon,9.0,59,0.7,677,1.4,0.1,0.0,0.04,0.04,Autumn,No Holiday,Yes,813
14293,2018-04-28,4,Saturday,1,23,Night,12.3,51,1.0,1648,2.4,0.0,0.0,0.0,0.0,Spring,No Holiday,Yes,905
12441,2018-03-13,3,Tuesday,0,22,Night,13.5,81,2.8,933,10.2,0.0,0.0,0.0,0.0,Spring,No Holiday,Yes,912
17177,2018-07-03,7,Tuesday,0,11,Morning,29.2,66,1.4,1953,22.1,2.72,0.0,0.0,0.0,Summer,No Holiday,Yes,906
18741,2018-06-28,6,Thursday,0,17,Afternoon,22.2,92,1.2,254,20.8,0.11,4.9,0.0,4.9,Summer,No Holiday,Yes,65
15364,2018-01-02,1,Tuesday,0,12,Morning,0.9,29,1.9,1761,-15.1,0.88,0.0,0.0,0.0,Winter,No Holiday,Yes,293
10565,2018-10-25,10,Thursday,0,21,Evening,14.5,50,0.7,1741,4.1,0.0,0.0,0.0,0.0,Autumn,No Holiday,Yes,1513
13969,2018-05-26,5,Saturday,1,1,Dawn,16.2,63,0.7,1328,9.1,0.0,0.0,0.0,0.0,Spring,No Holiday,Yes,837
14776,2018-08-06,8,Monday,0,16,Afternoon,34.6,55,2.5,1650,24.2,2.01,0.0,0.0,0.0,Summer,No Holiday,Yes,752
11501,2018-06-22,6,Friday,0,9,Early Morning,24.2,47,1.2,822,12.1,1.94,0.0,0.0,0.0,Summer,No Holiday,Yes,1284
14603,2018-03-22,3,Thursday,0,17,Afternoon,9.6,38,3.2,1606,-4.0,1.35,0.0,0.0,0.0,Spring,No Holiday,Yes,999
18758,2018-09-16,9,Sunday,1,10,Morning,22.9,74,1.3,1162,18.0,0.84,0.0,0.0,0.0,Autumn,No Holiday,Yes,813
13554,2018-07-02,7,Monday,0,2,Dawn,21.2,97,0.8,1018,20.6,0.0,2.0,0.0,2.0,Summer,No Holiday,Yes,17
12756,2018-02-13,2,Tuesday,0,13,Afternoon,2.6,40,3.5,1854,-9.6,2.28,0.0,0.0,0.0,Winter,No Holiday,Yes,256
18067,2018-04-24,4,Tuesday,0,16,Afternoon,15.5,52,1.7,2000,5.6,0.7,0.0,0.0,0.0,Spring,No Holiday,Yes,1118
16151,2018-04-13,4,Friday,0,17,Afternoon,18.1,16,1.4,2000,-8.1,0.45,0.0,0.0,0.0,Spring,No Holiday,Yes,1662
14464,2018-06-02,6,Saturday,1,12,Morning,28.3,30,3.0,1675,9.0,3.29,0.0,0.0,0.0,Summer,No Holiday,Yes,1253
18458,2018-10-17,10,Wednesday,0,1,Dawn,11.5,74,1.2,1305,7.0,0.0,0.0,0.0,0.0,Autumn,No Holiday,Yes,600
16248,2018-07-15,7,Sunday,1,21,Evening,28.1,74,3.1,1840,23.0,0.0,0.0,0.0,0.0,Summer,No Holiday,Yes,1924
11220,2018-10-13,10,Saturday,1,0,Dawn,9.1,69,0.9,1885,3.7,0.0,0.0,0.0,0.0,Autumn,No Holiday,Yes,835
14633,2018-08-02,8,Thursday,0,12,Morning,36.6,41,2.0,1866,21.2,2.58,0.0,0.0,0.0,Summer,No Holiday,Yes,562
10613,2018-10-03,10,Wednesday,0,7,Early Morning,11.2,85,0.3,1593,8.7,0.02,0.0,0.0,0.0,Autumn,Holiday,Yes,440
13483,2018-09-20,9,Thursday,0,1,Dawn,20.0,59,1.1,1999,11.7,0.0,0.0,0.0,0.0,Autumn,No Holiday,Yes,761
17329,2018-04-26,4,Thursday,0,11,Morning,18.1,42,2.7,1112,4.9,2.17,0.0,0.0,0.0,Spring,No Holiday,Yes,930
10731,2018-01-28,1,Sunday,1,9,Early Morning,-7.8,41,1.8,1923,-18.7,0.17,0.0,0.0,0.0,Winter,No Holiday,Yes,104
16161,2017-12-27,12,Wednesday,0,21,Evening,-6.4,34,1.2,2000,-19.7,0.0,0.0,0.0,0.0,Winter,No Holiday,Yes,242
13472,2018-09-27,9,Thursday,0,22,Night,17.9,50,1.0,2000,7.3,0.0,0.0,0.0,0.0,Autumn,No Holiday,Yes,1801
17391,2018-09-07,9,Friday,0,21,Evening,20.6,48,2.1,2000,9.1,0.0,0.0,0.0,0.0,Autumn,No Holiday,Yes,1915
16752,2017-12-15,12,Friday,0,5,Dawn,-7.5,64,0.9,989,-13.1,0.0,0.0,0.0,0.0,Winter,No Holiday,Yes,68
14305,2018-02-05,2,Monday,0,14,Afternoon,-6.4,24,4.6,1970,-23.7,2.23,0.0,0.0,0.0,Winter,No Holiday,Yes,170
11998,2018-03-27,3,Tuesday,0,17,Afternoon,18.4,54,3.2,605,8.9,1.05,0.0,0.0,0.0,Spring,No Holiday,Yes,960
12931,2018-02-09,2,Friday,0,18,Evening,4.1,40,2.1,1327,-8.3,0.1,0.0,0.0,0.0,Winter,No Holiday,Yes,659
10291,2017-12-07,12,Thursday,0,1,Dawn,1.5,92,0.4,227,0.3,0.0,0.0,0.09,0.09,Winter,No Holiday,Yes,218
12844,2018-01-22,1,Monday,0,2,Dawn,-0.2,33,1.4,2000,-14.5,0.0,0.0,0.0,0.0,Winter,No Holiday,Yes,73
11772,2018-11-28,11,Wednesday,0,15,Afternoon,10.5,16,2.7,1509,-14.3,1.29,0.0,0.0,0.0,Autumn,No Holiday,Yes,798
13395,2018-09-20,9,Thursday,0,5,Dawn,19.5,74,1.8,1421,14.7,0.0,0.0,0.0,0.0,Autumn,No Holiday,Yes,137
15681,2018-02-25,2,Sunday,1,17,Afternoon,6.9,25,2.9,1795,-11.8,1.07,0.0,0.0,0.0,Winter,No Holiday,Yes,589
14905,2018-01-07,1,Sunday,1,4,Dawn,-5.1,60,0.7,1377,-11.6,0.0,0.0,0.0,0.0,Winter,No Holiday,Yes,62
12583,2018-06-22,6,Friday,0,18,Evening,29.3,27,3.4,1977,8.3,1.24,0.0,0.0,0.0,Summer,No Holiday,Yes,3365
12015,2018-01-14,1,Sunday,1,14,Afternoon,3.7,53,0.6,592,-5.0,0.74,0.0,0.0,0.0,Winter,No Holiday,Yes,304
11539,2018-02-01,2,Thursday,0,23,Night,-4.5,55,0.4,1908,-12.1,0.0,0.0,0.0,0.0,Winter,No Holiday,Yes,143
17306,2018-05-20,5,Sunday,1,20,Evening,19.0,26,1.5,2000,-0.9,0.02,0.0,0.0,0.0,Spring,No Holiday,Yes,1846
10112,2018-04-01,4,Sunday,1,13,Afternoon,17.9,60,2.2,1248,10.0,0.86,0.0,0.0,0.0,Spring,No Holiday,Yes,1156
14511,2018-06-06,6,Wednesday,0,13,Afternoon,27.3,52,3.1,613,16.5,3.21,0.0,0.0,0.0,Summer,Holiday,Yes,1444
12709,2018-10-30,10,Tuesday,0,14,Afternoon,10.7,33,1.7,2000,-4.9,2.12,0.0,0.0,0.0,Autumn,No Holiday,Yes,903
18556,2018-01-04,1,Thursday,0,15,Afternoon,-1.2,31,0.8,1732,-16.2,0.47,0.0,0.0,0.0,Winter,No Holiday,Yes,281
15870,2018-01-03,1,Wednesday,0,12,Morning,-3.4,32,3.1,1706,-17.7,1.02,0.0,0.0,0.0,Winter,No Holiday,Yes,297
15076,2017-12-27,12,Wednesday,0,3,Dawn,-9.1,37,1.0,2000,-21.1,0.0,0.0,0.0,0.0,Winter,No Holiday,Yes,81
18622,2018-08-20,8,Monday,0,3,Dawn,26.1,65,0.6,2000,18.9,0.0,0.0,0.0,0.0,Summer,No Holiday,Yes,255
10357,2018-11-06,11,Tuesday,0,17,Afternoon,15.3,63,1.2,260,8.2,0.23,0.0,0.0,0.0,Autumn,No Holiday,No,0
11144,2018-09-29,9,Saturday,1,21,Evening,20.1,54,1.2,2000,10.4,0.0,0.0,0.0,0.0,Autumn,No Holiday,Yes,1781
16178,2018-09-26,9,Wednesday,0,21,Evening,18.9,43,2.0,2000,6.0,0.0,0.0,0.0,0.0,Autumn,No Holiday,Yes,1529
15456,2018-09-10,9,Monday,0,17,Afternoon,26.6,40,1.4,2000,11.8,0.69,0.0,0.0,0.0,Autumn,No Holiday,Yes,2147
12233,2018-03-13,3,Tuesday,0,23,Night,13.4,81,2.6,958,10.1,0.0,0.0,0.0,0.0,Spring,No Holiday,Yes,572
15051,2018-08-07,8,Tuesday,0,18,Evening,34.6,50,3.1,1821,22.6,1.0,0.0,0.0,0.0,Summer,No Holiday,Yes,2274
11663,2018-06-15,6,Friday,0,1,Dawn,20.6,65,1.2,2000,13.7,0.0,0.0,0.0,0.0,Summer,No Holiday,Yes,717
11806,2018-01-27,1,Saturday,1,8,Early Morning,-15.9,58,0.9,1369,-22.2,0.0,0.0,0.03,0.03,Winter,No Holiday,Yes,84
15700,2018-09-26,9,Wednesday,0,8,Early Morning,16.7,60,2.0,2000,8.8,0.2,0.0,0.0,0.0,Autumn,No Holiday,Yes,598
16550,2018-09-04,9,Tuesday,0,9,Early Morning,21.6,81,2.3,1669,18.1,1.2,0.0,0.0,0.0,Autumn,No Holiday,Yes,1083
18696,2018-08-15,8,Wednesday,0,7,Early Morning,28.6,71,0.6,1797,22.8,0.17,0.0,0.0,0.0,Summer,Holiday,Yes,429
16084,2018-11-15,11,Thursday,0,14,Afternoon,15.1,33,1.5,1045,-1.0,1.31,0.0,0.0,0.0,Autumn,No Holiday,Yes,899
18593,2018-05-18,5,Friday,0,1,Dawn,19.0,97,1.5,278,18.5,0.0,1.0,0.0,1.0,Spring,No Holiday,Yes,116
16865,2018-10-26,10,Friday,0,6,Dawn,12.6,64,1.3,1348,5.9,0.0,0.0,0.0,0.0,Autumn,No Holiday,Yes,376
14017,2018-03-08,3,Thursday,0,1,Dawn,4.7,86,0.7,717,2.5,0.0,0.0,0.0,0.0,Spring,No Holiday,Yes,23
10505,2018-08-22,8,Wednesday,0,13,Afternoon,35.3,41,2.1,1925,20.0,3.1,0.0,0.0,0.0,Summer,No Holiday,Yes,727
14376,2018-09-30,9,Sunday,1,23,Night,14.1,53,2.1,2000,4.6,0.0,0.0,0.0,0.0,Autumn,No Holiday,No,0
16903,2018-07-18,7,Wednesday,0,8,Early Morning,25.8,71,0.4,760,20.1,0.93,0.0,0.0,0.0,Summer,No Holiday,Yes,1944
12414,2018-10-20,10,Saturday,1,14,Afternoon,20.0,22,1.6,1950,-2.3,2.29,0.0,0.0,0.0,Autumn,No Holiday,Yes,1649
15848,2018-11-09,11,Friday,0,19,Evening,11.9,71,2.7,589,6.7,0.0,0.0,0.0,0.0,Autumn,No Holiday,No,0
13310,2018-05-10,5,Thursday,0,11,Morning,18.3,51,3.1,1015,7.9,2.84,0.0,0.0,0.0,Spring,No Holiday,No,0
17311,2018-07-18,7,Wednesday,0,21,Evening,28.0,69,1.8,1140,21.7,0.0,0.0,0.0,0.0,Summer,No Holiday,Yes,2188
18040,2018-04-08,4,Sunday,1,5,Dawn,1.3,51,1.6,2000,-7.7,0.0,0.0,0.0,0.0,Spring,No Holiday,Yes,59
11471,2018-02-13,2,Tuesday,0,19,Evening,2.4,57,3.2,1995,-5.2,0.0,0.0,0.0,0.0,Winter,No Holiday,Yes,406
16864,2018-11-08,11,Thursday,0,7,Early Morning,10.9,88,1.8,1866,8.9,0.0,0.0,0.0,0.0,Autumn,No Holiday,Yes,174
13377,2018-08-28,8,Tuesday,0,6,Dawn,22.5,90,0.6,1149,20.7,0.0,0.0,0.0,0.0,Summer,No Holiday,Yes,581
12921,2018-02-23,2,Friday,0,3,Dawn,0.9,97,1.2,243,0.4,0.0,3.7,0.41,4.11,Winter,No Holiday,Yes,32
16093,2018-10-04,10,Thursday,0,3,Dawn,13.6,75,0.8,1960,9.2,0.0,0.0,0.0,0.0,Autumn,No Holiday,No,0
12832,2018-07-18,7,Wednesday,0,13,Afternoon,32.1,51,2.3,776,20.6,2.96,0.0,0.0,0.0,Summer,No Holiday,Yes,778
17849,2018-04-14,4,Saturday,1,19,Evening,9.5,76,2.3,2000,5.4,0.02,0.0,0.0,0.0,Spring,No Holiday,Yes,612
13161,2017-12-03,12,Sunday,1,23,Night,3.9,90,1.3,194,2.4,0.0,0.0,0.0,0.0,Winter,No Holiday,Yes,303
14658,2018-10-07,10,Sunday,1,19,Evening,16.6,36,1.4,2000,1.4,0.0,0.0,0.0,0.0,Autumn,No Holiday,Yes,1608
12889,2018-11-18,11,Sunday,1,6,Dawn,1.9,53,0.4,1813,-6.6,0.0,0.0,0.0,0.0,Autumn,No Holiday,Yes,114
16019,2018-02-26,2,Monday,0,21,Evening,3.3,36,1.4,1110,-10.3,0.0,0.0,0.0,0.0,Winter,No Holiday,Yes,512
16155,2018-07-04,7,Wednesday,0,12,Morning,30.5,58,2.5,1741,21.2,2.26,0.0,0.0,0.0,Summer,No Holiday,Yes,1021
16131,2017-12-10,12,Sunday,1,20,Evening,0.6,57,3.9,1954,-6.9,0.0,0.0,0.0,0.0,Winter,No Holiday,Yes,165
12061,2018-10-02,10,Tuesday,0,13,Afternoon,20.4,36,2.6,1776,4.8,2.71,0.0,0.0,0.0,Autumn,No Holiday,No,0
14273,2018-01-29,1,Monday,0,12,Morning,-7.3,23,3.8,1903,-24.9,1.17,0.0,0.0,0.0,Winter,No Holiday,Yes,186
17874,2018-07-17,7,Tuesday,0,16,Afternoon,32.0,51,2.4,1402,20.5,2.55,0.0,0.0,0.0,Summer,No Holiday,Yes,1062
12597,2018-06-28,6,Thursday,0,13,Afternoon,27.2,68,1.8,1575,20.7,1.1,0.0,0.0,0.0,Summer,No Holiday,Yes,1040
10025,2018-03-31,3,Saturday,1,5,Dawn,9.8,73,0.8,1098,5.1,0.0,0.0,0.0,0.0,Spring,No Holiday,Yes,108
11962,2018-08-29,8,Wednesday,0,14,Afternoon,26.8,77,3.5,1965,22.4,0.11,0.0,0.0,0.0,Summer,No Holiday,Yes,490
15570,2018-08-03,8,Friday,0,23,Night,30.2,62,0.8,1708,22.1,0.0,0.0,0.0,0.0,Summer,No Holiday,Yes,1103
11256,2018-06-06,6,Wednesday,0,3,Dawn,19.6,68,1.7,1260,13.5,0.0,0.0,0.0,0.0,Summer,Holiday,Yes,562
16656,2018-06-06,6,Wednesday,0,18,Evening,26.6,52,2.5,1368,15.9,1.09,0.0,0.0,0.0,Summer,Holiday,Yes,2162
11524,2018-03-24,3,Saturday,1,15,Afternoon,12.4,58,4.1,404,4.3,2.26,0.0,0.0,0.0,Spring,No Holiday,Yes,1025
12011,2018-03-17,3,Saturday,1,22,Night,7.0,55,2.7,1041,-1.4,0.0,0.0,0.0,0.0,Spring,No Holiday,Yes,562
11930,2018-01-28,1,Sunday,1,17,Afternoon,-3.8,32,5.2,2000,-18.1,0.25,0.0,0.0,0.0,Winter,No Holiday,Yes,178
13152,2018-02-23,2,Friday,0,16,Afternoon,8.3,60,2.7,354,0.9,0.36,0.0,0.0,0.0,Winter,No Holiday,Yes,354
13720,2018-08-27,8,Monday,0,14,Afternoon,23.3,89,1.5,1435,21.3,1.23,0.5,0.0,0.5,Summer,No Holiday,Yes,231
12974,2018-03-01,3,Thursday,0,7,Early Morning,2.6,89,4.3,320,0.9,0.0,0.0,0.0,0.0,Spring,Holiday,Yes,61
17234,2018-08-15,8,Wednesday,0,5,Dawn,28.6,73,0.8,1808,23.2,0.0,0.0,0.0,0.0,Summer,Holiday,Yes,227
15449,2017-12-25,12,Monday,0,14,Afternoon,-0.4,31,2.0,2000,-15.5,1.1,0.0,0.0,0.0,Winter,Holiday,Yes,274
15802,2018-01-21,1,Sunday,1,23,Night,-0.4,32,0.6,2000,-15.1,0.0,0.0,0.0,0.0,Winter,No Holiday,Yes,170
16003,2017-12-17,12,Sunday,1,13,Afternoon,-4.5,25,3.2,1989,-21.6,1.14,0.0,0.0,0.0,Winter,No Holiday,Yes,223
11327,2018-04-27,4,Friday,0,1,Dawn,11.5,57,1.8,1471,3.2,0.0,0.0,0.0,0.0,Spring,No Holiday,Yes,562
11459,2018-03-13,3,Tuesday,0,15,Afternoon,18.6,47,3.3,1560,7.0,2.08,0.0,0.0,0.0,Spring,No Holiday,Yes,815
10858,2018-08-10,8,Friday,0,11,Morning,31.9,53,1.2,2000,21.1,2.33,0.0,0.0,0.0,Summer,No Holiday,Yes,697
15187,2018-05-07,5,Monday,0,15,Afternoon,24.6,38,2.1,1478,9.3,1.85,0.0,0.0,0.0,Spring,No Holiday,Yes,2191
11455,2018-05-05,5,Saturday,1,17,Afternoon,23.6,29,3.9,1948,4.5,1.68,0.0,0.0,0.0,Spring,No Holiday,Yes,2014
18211,2018-02-20,2,Tuesday,0,8,Early Morning,-2.1,71,1.7,610,-6.6,0.06,0.0,0.0,0.0,Winter,No Holiday,Yes,727
16372,2018-03-21,3,Wednesday,0,22,Night,1.2,87,0.9,1802,-0.7,0.0,0.0,0.0,0.0,Spring,No Holiday,Yes,320
13300,2018-11-20,11,Tuesday,0,18,Evening,9.1,31,2.0,1932,-7.1,0.0,0.0,0.0,0.0,Autumn,No Holiday,Yes,1857
17227,2018-11-21,11,Wednesday,0,16,Afternoon,6.1,53,0.5,2000,-2.7,0.21,0.0,0.0,0.0,Autumn,No Holiday,Yes,755
12539,2018-09-08,9,Saturday,1,13,Afternoon,26.1,32,3.0,1985,8.1,3.06,0.0,0.0,0.0,Autumn,No Holiday,Yes,1505
17914,2018-06-04,6,Monday,0,13,Afternoon,27.4,30,2.0,1768,8.2,3.03,0.0,0.0,0.0,Summer,No Holiday,Yes,1085
12876,2018-03-10,3,Saturday,1,15,Afternoon,8.1,36,4.7,1964,-6.1,2.23,0.0,0.0,0.0,Spring,No Holiday,Yes,931
16193,2018-05-14,5,Monday,0,15,Afternoon,24.0,59,1.6,353,15.4,2.24,0.0,0.0,0.0,Spring,No Holiday,Yes,1171
12977,2018-05-27,5,Sunday,1,11,Morning,22.3,33,1.8,1853,0.0,1.54,0.0,0.0,0.0,Spring,No Holiday,Yes,1004
14896,2018-05-28,5,Monday,0,13,Afternoon,27.7,39,1.9,1882,12.4,3.33,0.0,0.0,0.0,Spring,No Holiday,Yes,1124
13573,2018-07-16,7,Monday,0,13,Afternoon,33.0,51,2.5,1100,21.5,3.09,0.0,0.0,0.0,Summer,No Holiday,Yes,727
16891,2018-02-06,2,Tuesday,0,9,Early Morning,-12.3,39,3.7,1984,-23.4,0.45,0.0,0.0,0.0,Winter,No Holiday,Yes,217
15173,2018-08-11,8,Saturday,1,0,Dawn,29.8,63,2.0,2000,21.9,0.0,0.0,0.0,0.0,Summer,No Holiday,Yes,1022
18214,2018-04-21,4,Saturday,1,14,Afternoon,25.0,14,3.8,1858,-4.3,3.29,0.0,0.0,0.0,Spring,No Holiday,Yes,1511
17904,2018-09-30,9,Sunday,1,13,Afternoon,21.1,42,4.6,1954,7.6,2.74,0.0,0.0,0.0,Autumn,No Holiday,No,0
17492,2018-04-04,4,Wednesday,0,5,Dawn,11.9,97,3.4,305,11.4,0.0,3.0,0.0,3.0,Spring,No Holiday,Yes,19
16330,2018-08-15,8,Wednesday,0,18,Evening,32.8,63,2.3,1546,24.8,0.89,0.1,0.0,0.1,Summer,Holiday,Yes,925
18431,2017-12-15,12,Friday,0,7,Early Morning,-7.0,63,0.6,865,-12.8,0.0,0.0,0.0,0.0,Winter,No Holiday,Yes,285
13526,2018-01-17,1,Wednesday,0,7,Early Morning,2.5,71,0.9,289,-2.2,0.0,0.0,0.0,0.0,Winter,No Holiday,Yes,272
12999,2017-12-05,12,Tuesday,0,7,Early Morning,-7.5,33,2.2,2000,-21.0,0.0,0.0,0.0,0.0,Winter,No Holiday,Yes,381
11752,2018-06-28,6,Thursday,0,19,Evening,20.9,97,1.0,1747,20.3,0.19,0.0,0.0,0.0,Summer,No Holiday,Yes,944
18654,2018-07-01,7,Sunday,1,1,Dawn,22.7,87,0.5,1072,20.4,0.0,0.0,0.0,0.0,Summer,No Holiday,Yes,740
18371,2018-11-30,11,Friday,0,20,Evening,3.4,37,2.3,2000,-9.9,0.0,0.0,0.0,0.0,Autumn,No Holiday,Yes,764
17362,2018-03-26,3,Monday,0,10,Morning,10.0,70,1.0,187,4.7,1.57,0.0,0.0,0.0,Spring,No Holiday,Yes,415
10251,2018-09-28,9,Friday,0,21,Evening,17.8,66,1.1,2000,11.3,0.0,0.0,0.0,0.0,Autumn,No Holiday,No,0
18381,2018-05-04,5,Friday,0,9,Early Morning,14.1,42,1.9,1893,1.3,1.78,0.0,0.0,0.0,Spring,No Holiday,Yes,1155
16157,2018-02-28,2,Wednesday,0,7,Early Morning,5.5,59,2.8,448,-1.8,0.0,0.0,0.0,0.0,Winter,No Holiday,Yes,426
15715,2018-02-01,2,Thursday,0,4,Dawn,-7.1,56,1.8,1841,-14.4,0.0,0.0,0.16,0.16,Winter,No Holiday,Yes,37
10254,2018-10-19,10,Friday,0,6,Dawn,7.2,77,0.5,2000,3.4,0.0,0.0,0.0,0.0,Autumn,No Holiday,Yes,491
18550,2018-09-02,9,Sunday,1,18,Evening,27.9,52,1.7,2000,17.1,0.2,0.0,0.0,0.0,Autumn,No Holiday,Yes,2118
13111,2018-03-11,3,Sunday,1,19,Evening,7.8,28,1.9,1982,-9.6,0.04,0.0,0.0,0.0,Spring,No Holiday,Yes,596
10810,2018-05-21,5,Monday,0,5,Dawn,11.9,0,1.3,2000,-2.7,0.0,0.0,0.0,0.0,Spring,No Holiday,Yes,200
15967,2018-06-23,6,Saturday,1,10,Morning,25.8,35,1.5,1900,9.1,1.66,0.0,0.0,0.0,Summer,No Holiday,Yes,1064
12187,2018-04-09,4,Monday,0,0,Dawn,3.2,84,0.6,785,0.7,0.0,0.0,0.0,0.0,Spring,No Holiday,Yes,197
15235,2018-08-30,8,Thursday,0,12,Morning,27.0,74,2.5,915,21.9,0.94,0.0,0.0,0.0,Summer,No Holiday,Yes,768
17570,2018-09-07,9,Friday,0,17,Afternoon,24.5,37,3.2,2000,8.8,1.04,0.0,0.0,0.0,Autumn,No Holiday,Yes,2183
11770,2018-04-10,4,Tuesday,0,8,Early Morning,9.6,38,1.4,1527,-4.0,0.58,0.0,0.0,0.0,Spring,No Holiday,Yes,1702
11573,2018-05-20,5,Sunday,1,2,Dawn,13.9,43,0.9,2000,1.5,0.0,0.0,0.0,0.0,Spring,No Holiday,Yes,473
12532,2018-03-07,3,Wednesday,0,2,Dawn,2.6,50,1.3,1962,-6.8,0.0,0.0,0.0,0.0,Spring,No Holiday,Yes,134
15161,2018-08-12,8,Sunday,1,6,Dawn,27.2,66,0.9,2000,20.2,0.0,0.0,0.0,0.0,Summer,No Holiday,Yes,261
17596,2018-02-27,2,Tuesday,0,18,Evening,6.6,62,0.8,522,-0.1,0.05,0.0,0.0,0.0,Winter,No Holiday,Yes,897
13955,2018-03-03,3,Saturday,1,8,Early Morning,0.4,38,1.8,1564,-12.3,0.16,0.0,0.0,0.0,Spring,No Holiday,Yes,306
15094,2018-03-27,3,Tuesday,0,22,Night,12.9,75,1.3,326,8.5,0.0,0.0,0.0,0.0,Spring,No Holiday,Yes,764
13284,2017-12-22,12,Friday,0,13,Afternoon,5.4,55,1.2,820,-2.9,0.66,0.0,0.0,0.0,Winter,Holiday,Yes,320
11871,2018-01-30,1,Tuesday,0,12,Morning,-3.2,32,2.7,1900,-17.5,1.01,0.0,0.0,0.0,Winter,No Holiday,Yes,253
12685,2018-09-19,9,Wednesday,0,5,Dawn,19.3,73,0.9,1782,14.3,0.0,0.0,0.0,0.0,Autumn,No Holiday,No,0
12955,2018-10-05,10,Friday,0,20,Evening,16.5,96,2.7,1047,15.8,0.0,1.0,0.0,1.0,Autumn,No Holiday,Yes,44
17573,2018-04-09,4,Monday,0,16,Afternoon,15.3,24,1.5,1534,-5.1,2.0,0.0,0.0,0.0,Spring,No Holiday,Yes,1185
11463,2018-02-14,2,Wednesday,0,23,Night,-0.3,35,2.1,1577,-13.9,0.0,0.0,0.0,0.0,Winter,No Holiday,Yes,160
16809,2018-07-20,7,Friday,0,20,Evening,30.9,51,2.2,2000,19.5,0.07,0.0,0.0,0.0,Summer,No Holiday,Yes,1888
15645,2018-11-16,11,Friday,0,12,Morning,13.4,48,2.3,962,2.5,1.64,0.0,0.0,0.0,Autumn,No Holiday,Yes,886
17906,2018-10-05,10,Friday,0,14,Afternoon,17.2,95,1.6,553,16.3,0.48,2.5,0.0,2.5,Autumn,No Holiday,Yes,17
17214,2018-04-01,4,Sunday,1,6,Dawn,12.4,61,0.4,1131,5.0,0.0,0.0,0.0,0.0,Spring,No Holiday,Yes,110
18180,2017-12-19,12,Tuesday,0,8,Early Morning,-5.2,58,2.2,1594,-12.1,0.0,0.0,0.25,0.25,Winter,No Holiday,Yes,390
12359,2018-06-30,6,Saturday,1,3,Dawn,21.9,88,0.9,274,19.8,0.0,0.0,0.0,0.0,Summer,No Holiday,Yes,625
15164,2017-12-20,12,Wednesday,0,12,Morning,-3.2,49,1.3,1723,-12.4,0.53,0.0,0.19,0.19,Winter,No Holiday,Yes,209
10927,2018-06-03,6,Sunday,1,8,Early Morning,20.3,47,1.5,1785,8.6,1.05,0.0,0.0,0.0,Summer,No Holiday,Yes,659
17076,2018-08-05,8,Sunday,1,7,Early Morning,27.5,86,1.8,485,24.9,0.03,0.4,0.0,0.4,Summer,No Holiday,Yes,223
18195,2018-11-11,11,Sunday,1,11,Morning,10.7,68,0.4,341,5.0,0.54,0.0,0.0,0.0,Autumn,No Holiday,Yes,578
12584,2018-02-07,2,Wednesday,0,8,Early Morning,-13.3,60,0.6,1598,-19.4,0.02,0.0,0.0,0.0,Winter,No Holiday,Yes,469
10101,2018-09-08,9,Saturday,1,19,Evening,24.0,41,1.9,2000,9.9,0.1,0.0,0.0,0.0,Autumn,No Holiday,Yes,1978
11757,2018-05-20,5,Sunday,1,15,Afternoon,21.0,28,1.7,2000,1.7,1.16,0.0,0.0,0.0,Spring,No Holiday,Yes,1999
18565,2018-04-11,4,Wednesday,0,23,Night,9.7,45,2.0,1969,-1.6,0.0,0.0,0.0,0.0,Spring,No Holiday,No,0
15073,2018-07-14,7,Saturday,1,12,Morning,30.2,58,2.3,1359,21.0,2.64,0.0,0.0,0.0,Summer,No Holiday,Yes,1039
16263,2018-03-18,3,Sunday,1,15,Afternoon,12.0,37,0.8,879,-2.2,1.09,0.0,0.0,0.0,Spring,No Holiday,Yes,1128
12972,2018-01-06,1,Saturday,1,7,Early Morning,-6.6,65,1.0,1320,-12.0,0.0,0.0,0.0,0.0,Winter,No Holiday,Yes,105
13127,2018-06-14,6,Thursday,0,18,Evening,24.0,61,1.5,1935,16.0,0.26,0.0,0.0,0.0,Summer,No Holiday,Yes,2962
17923,2018-07-07,7,Saturday,1,0,Dawn,21.5,56,1.8,2000,12.3,0.0,0.0,0.0,0.0,Summer,No Holiday,Yes,1191
13828,2018-01-17,1,Wednesday,0,12,Morning,8.1,51,1.4,367,-1.4,0.75,0.0,0.0,0.0,Winter,No Holiday,Yes,310
15184,2018-04-29,4,Sunday,1,15,Afternoon,22.8,24,3.3,1138,1.1,2.79,0.0,0.0,0.0,Spring,No Holiday,Yes,2019
17094,2018-05-28,5,Monday,0,17,Afternoon,26.9,45,3.5,990,13.9,1.64,0.0,0.0,0.0,Spring,No Holiday,Yes,2060
15312,2018-06-17,6,Sunday,1,15,Afternoon,27.3,51,2.6,598,16.2,2.4,0.0,0.0,0.0,Summer,No Holiday,Yes,1979
16908,2018-05-01,5,Tuesday,0,5,Dawn,18.0,85,0.8,346,15.4,0.0,0.0,0.0,0.0,Spring,Holiday,Yes,166
12486,2018-10-21,10,Sunday,1,19,Evening,14.9,46,1.4,1455,3.3,0.0,0.0,0.0,0.0,Autumn,No Holiday,Yes,1464
12343,2018-10-11,10,Thursday,0,13,Afternoon,13.5,32,5.0,1990,-2.9,2.56,0.0,0.0,0.0,Autumn,No Holiday,Yes,1000
10569,2018-04-19,4,Thursday,0,1,Dawn,9.3,45,0.8,1263,-2.0,0.0,0.0,0.0,0.0,Spring,No Holiday,Yes,42
15703,2018-11-20,11,Tuesday,0,17,Afternoon,9.8,28,2.4,1983,-7.8,0.29,0.0,0.0,0.0,Autumn,No Holiday,Yes,1269
18456,2018-09-26,9,Wednesday,0,10,Morning,19.4,47,2.3,2000,7.7,1.45,0.0,0.0,0.0,Autumn,No Holiday,Yes,923
10635,2018-02-01,2,Thursday,0,2,Dawn,-5.5,53,2.1,1980,-13.5,0.0,0.0,0.16,0.16,Winter,No Holiday,Yes,103
13195,2018-10-18,10,Thursday,0,9,Early Morning,10.9,60,0.9,1997,3.4,0.93,0.0,0.0,0.0,Autumn,No Holiday,Yes,1165
10958,2018-06-19,6,Tuesday,0,13,Afternoon,26.6,46,2.9,1482,14.0,2.31,0.0,0.0,0.0,Summer,No Holiday,Yes,1230
17574,2018-11-23,11,Friday,0,1,Dawn,-0.6,44,2.3,2000,-11.3,0.0,0.0,0.0,0.0,Autumn,No Holiday,Yes,401
12666,2018-03-17,3,Saturday,1,8,Early Morning,1.3,57,1.0,1974,-6.2,0.32,0.0,0.0,0.0,Spring,No Holiday,Yes,384
11343,2018-04-20,4,Friday,0,16,Afternoon,25.7,30,3.4,600,6.8,2.07,0.0,0.0,0.0,Spring,No Holiday,Yes,1206
16939,2018-03-06,3,Tuesday,0,3,Dawn,0.1,71,0.4,2000,-4.5,0.0,0.0,0.0,0.0,Spring,No Holiday,Yes,82
17840,2018-08-07,8,Tuesday,0,16,Afternoon,35.4,45,2.6,1529,21.6,1.84,0.0,0.0,0.0,Summer,No Holiday,Yes,855
17219,2018-08-10,8,Friday,0,14,Afternoon,35.1,44,1.6,2000,21.0,2.25,0.0,0.0,0.0,Summer,No Holiday,Yes,658
13837,2018-04-22,4,Sunday,1,10,Morning,16.3,62,0.8,1639,8.9,0.27,0.3,0.0,0.3,Spring,No Holiday,Yes,486
17220,2018-09-12,9,Wednesday,0,7,Early Morning,16.8,61,1.3,2000,9.2,0.06,0.0,0.0,0.0,Autumn,No Holiday,Yes,1551
16517,2018-02-14,2,Wednesday,0,3,Dawn,1.1,65,1.0,1596,-4.7,0.0,0.0,0.0,0.0,Winter,No Holiday,Yes,101
10698,2018-03-14,3,Wednesday,0,10,Morning,15.7,58,1.3,1980,7.4,0.69,0.0,0.0,0.0,Spring,No Holiday,Yes,552
15109,2018-10-26,10,Friday,0,4,Dawn,12.6,60,0.6,1648,5.0,0.0,0.0,0.0,0.0,Autumn,No Holiday,Yes,185
16334,2018-04-19,4,Thursday,0,10,Morning,14.7,29,1.7,1070,-3.1,2.07,0.0,0.0,0.0,Spring,No Holiday,Yes,139
16711,2018-07-01,7,Sunday,1,2,Dawn,22.7,87,0.5,1187,20.4,0.0,0.0,0.0,0.0,Summer,No Holiday,Yes,586
13808,2018-05-02,5,Wednesday,0,5,Dawn,18.4,87,0.8,209,16.1,0.0,0.4,0.0,0.4,Spring,No Holiday,Yes,76
16025,2018-02-13,2,Tuesday,0,16,Afternoon,3.9,41,4.0,1973,-8.1,1.24,0.0,0.0,0.0,Winter,No Holiday,Yes,328
17334,2018-01-31,1,Wednesday,0,9,Early Morning,-3.3,77,1.2,916,-6.7,0.1,0.0,0.33999999999999997,0.33999999999999997,Winter,No Holiday,Yes,137
18299,2018-03-08,3,Thursday,0,7,Early Morning,3.0,90,0.7,578,1.5,0.0,0.0,0.0,0.0,Spring,No Holiday,Yes,64
16914,2018-06-09,6,Saturday,1,18,Evening,27.3,42,1.2,2000,13.2,0.19,0.0,0.0,0.0,Summer,No Holiday,Yes,1934
13654,2018-04-03,4,Tuesday,0,3,Dawn,17.0,74,1.7,1294,12.3,0.0,0.0,0.0,0.0,Spring,No Holiday,Yes,156
13180,2018-04-16,4,Monday,0,0,Dawn,8.3,59,2.1,1912,0.7,0.0,0.0,0.0,0.0,Spring,No Holiday,Yes,401
17280,2018-09-02,9,Sunday,1,19,Evening,27.3,54,1.5,2000,17.1,0.05,0.0,0.0,0.0,Autumn,No Holiday,Yes,1986
18350,2018-09-15,9,Saturday,1,20,Evening,23.5,80,1.7,1621,19.8,0.0,0.0,0.0,0.0,Autumn,No Holiday,Yes,1613
14785,2018-11-27,11,Tuesday,0,11,Morning,7.9,64,1.2,383,1.4,0.87,0.0,0.0,0.0,Autumn,No Holiday,Yes,623
11714,2018-03-19,3,Monday,0,2,Dawn,6.6,86,0.6,416,4.4,0.0,0.0,0.0,0.0,Spring,No Holiday,Yes,28
16798,2018-06-22,6,Friday,0,13,Afternoon,30.6,26,1.2,1792,8.9,3.17,0.0,0.0,0.0,Summer,No Holiday,Yes,1073
15049,2018-07-10,7,Tuesday,0,5,Dawn,20.6,97,0.6,2000,20.1,0.0,0.0,0.0,0.0,Summer,No Holiday,Yes,174
18667,2018-02-17,2,Saturday,1,17,Afternoon,0.6,17,3.3,2000,-21.7,0.79,0.0,0.0,0.0,Winter,Holiday,Yes,250
10082,2018-07-17,7,Tuesday,0,21,Evening,27.9,69,1.9,1194,21.6,0.0,0.0,0.0,0.0,Summer,No Holiday,Yes,2273
15554,2018-04-25,4,Wednesday,0,0,Dawn,8.9,55,0.7,2000,0.3,0.0,0.0,0.0,0.0,Spring,No Holiday,Yes,536
14301,2018-03-02,3,Friday,0,22,Night,0.5,38,0.9,1907,-12.2,0.0,0.0,0.0,0.0,Spring,No Holiday,Yes,414
17869,2018-07-21,7,Saturday,1,20,Evening,31.5,53,1.8,2000,20.7,0.08,0.0,0.0,0.0,Summer,No Holiday,Yes,1655
11957,2017-12-09,12,Saturday,1,6,Dawn,-5.1,53,0.9,1975,-13.2,0.0,0.0,0.0,0.0,Winter,No Holiday,Yes,76
13015,2018-02-20,2,Tuesday,0,20,Evening,1.8,19,3.1,2000,-19.4,0.0,0.0,0.0,0.0,Winter,No Holiday,Yes,358
13337,2018-06-19,6,Tuesday,0,12,Morning,25.8,48,1.5,1487,13.9,2.31,0.0,0.0,0.0,Summer,No Holiday,Yes,1224
16363,2018-10-19,10,Friday,0,0,Dawn,10.3,67,1.5,2000,4.4,0.0,0.0,0.0,0.0,Autumn,No Holiday,Yes,783
13760,2018-05-23,5,Wednesday,0,6,Dawn,13.9,83,3.2,2000,11.0,0.04,0.0,0.0,0.0,Spring,No Holiday,Yes,436
16242,2018-11-14,11,Wednesday,0,0,Dawn,7.0,54,0.9,1862,-1.6,0.0,0.0,0.0,0.0,Autumn,No Holiday,Yes,612
17254,2018-08-21,8,Tuesday,0,8,Early Morning,24.0,84,3.5,1975,21.1,0.47,0.0,0.0,0.0,Summer,No Holiday,Yes,1530
16186,2018-11-04,11,Sunday,1,17,Afternoon,16.9,33,2.2,1972,0.5,0.43,0.0,0.0,0.0,Autumn,No Holiday,Yes,1596
14362,2018-02-23,2,Friday,0,21,Evening,6.0,79,2.7,306,2.6,0.0,0.0,0.0,0.0,Winter,No Holiday,Yes,321
12755,2018-07-24,7,Tuesday,0,12,Morning,34.5,50,1.4,1901,22.5,1.89,0.0,0.0,0.0,Summer,No Holiday,Yes,671
10504,2018-08-25,8,Saturday,1,15,Afternoon,28.1,53,4.5,1953,17.6,1.6,0.0,0.0,0.0,Summer,No Holiday,Yes,1516
12848,2018-09-28,9,Friday,0,23,Night,16.6,69,1.0,2000,10.8,0.0,0.0,0.0,0.0,Autumn,No Holiday,No,0
13122,2018-11-03,11,Saturday,1,7,Early Morning,5.2,79,1.3,894,1.8,0.0,0.0,0.0,0.0,Autumn,No Holiday,No,0
17783,2018-10-16,10,Tuesday,0,10,Morning,14.4,45,0.6,1206,2.6,1.28,0.0,0.0,0.0,Autumn,No Holiday,Yes,854
12330,2017-12-02,12,Saturday,1,1,Dawn,-2.2,86,0.6,990,-4.2,0.0,0.0,0.0,0.0,Winter,No Holiday,Yes,308
12665,2018-01-20,1,Saturday,1,5,Dawn,-0.3,62,0.6,862,-6.7,0.0,0.0,0.0,0.0,Winter,No Holiday,Yes,56
14510,2017-12-08,12,Friday,0,14,Afternoon,-1.3,27,3.1,1906,-17.9,1.12,0.0,0.0,0.0,Winter,No Holiday,Yes,350
12637,2018-06-21,6,Thursday,0,10,Morning,23.9,57,2.1,977,14.8,2.54,0.0,0.0,0.0,Summer,No Holiday,Yes,922
14427,2018-02-26,2,Monday,0,4,Dawn,-2.3,69,1.1,1411,-7.2,0.0,0.0,0.0,0.0,Winter,No Holiday,Yes,46
14038,2018-07-28,7,Saturday,1,5,Dawn,28.1,84,0.5,754,25.1,0.0,0.0,0.0,0.0,Summer,No Holiday,Yes,248
14330,2018-10-08,10,Monday,0,16,Afternoon,20.3,25,1.8,2000,-0.3,1.15,0.0,0.0,0.0,Autumn,No Holiday,Yes,1603
18311,2018-03-24,3,Saturday,1,8,Early Morning,4.5,49,0.4,580,-5.3,0.19,0.0,0.0,0.0,Spring,No Holiday,Yes,424
14999,2018-03-31,3,Saturday,1,12,Morning,18.2,38,4.2,1189,3.6,2.41,0.0,0.0,0.0,Spring,No Holiday,Yes,1072
16146,2018-11-17,11,Saturday,1,5,Dawn,1.1,75,0.6,1270,-2.8,0.0,0.0,0.0,0.0,Autumn,No Holiday,Yes,129
18187,2017-12-18,12,Monday,0,9,Early Morning,-4.3,89,1.0,59,-5.8,0.0,1.6,0.4,2.0,Winter,No Holiday,Yes,52
12185,2018-05-14,5,Monday,0,8,Early Morning,13.8,79,0.9,313,10.2,0.44,0.0,0.0,0.0,Spring,No Holiday,Yes,1997
15089,2018-04-16,4,Monday,0,17,Afternoon,18.7,21,2.5,1871,-4.1,1.65,0.0,0.0,0.0,Spring,No Holiday,Yes,1753
16947,2018-09-09,9,Sunday,1,18,Evening,26.0,35,0.3,2000,9.3,0.2,0.0,0.0,0.0,Autumn,No Holiday,Yes,2368
13764,2018-02-27,2,Tuesday,0,10,Morning,3.3,47,0.7,818,-6.9,0.22,0.0,0.0,0.0,Winter,No Holiday,Yes,261
12462,2018-01-17,1,Wednesday,0,16,Afternoon,8.3,54,1.2,330,-0.4,0.44,0.0,0.0,0.0,Winter,No Holiday,Yes,314
14545,2018-03-01,3,Thursday,0,13,Afternoon,1.4,37,4.0,1681,-11.7,2.95,0.0,0.0,0.0,Spring,Holiday,Yes,358
18626,2018-09-24,9,Monday,0,3,Dawn,15.5,63,0.3,2000,8.4,0.0,0.0,0.0,0.0,Autumn,Holiday,Yes,216
14848,2017-12-24,12,Sunday,1,22,Night,0.2,69,2.7,565,-4.8,0.0,0.0,0.0,0.0,Winter,Holiday,Yes,110
10430,2018-11-14,11,Wednesday,0,16,Afternoon,15.2,40,2.7,1371,1.6,0.87,0.0,0.0,0.0,Autumn,No Holiday,Yes,1137
18524,2018-03-06,3,Tuesday,0,14,Afternoon,9.2,27,2.9,1880,-8.8,2.32,0.0,0.0,0.0,Spring,No Holiday,Yes,567
14037,2018-02-06,2,Tuesday,0,16,Afternoon,-5.9,24,3.5,2000,-23.2,1.44,0.0,0.0,0.0,Winter,No Holiday,Yes,175
13431,2018-08-21,8,Tuesday,0,16,Afternoon,30.4,53,2.0,1990,19.7,1.82,0.0,0.0,0.0,Summer,No Holiday,Yes,1112
13359,2018-01-25,1,Thursday,0,10,Morning,-15.3,33,2.4,2000,-27.9,0.56,0.0,0.06,0.06,Winter,No Holiday,Yes,105
12588,2018-08-13,8,Monday,0,2,Dawn,28.1,78,0.9,1191,23.8,0.0,0.0,0.0,0.0,Summer,No Holiday,Yes,212
18527,2018-07-22,7,Sunday,1,3,Dawn,26.3,63,0.2,2000,18.6,0.0,0.0,0.0,0.0,Summer,No Holiday,Yes,438
15061,2018-07-26,7,Thursday,0,15,Afternoon,33.1,58,1.9,882,23.7,0.87,0.0,0.0,0.0,Summer,No Holiday,Yes,774
18194,2018-02-22,2,Thursday,0,12,Morning,4.8,47,2.6,1373,-5.5,1.72,0.0,0.0,0.0,Winter,No Holiday,Yes,352
11652,2017-12-27,12,Wednesday,0,16,Afternoon,-3.2,23,2.7,2000,-21.4,0.57,0.0,0.0,0.0,Winter,No Holiday,Yes,269
10024,2018-04-25,4,Wednesday,0,13,Afternoon,20.8,23,1.7,1467,-1.1,3.18,0.0,0.0,0.0,Spring,No Holiday,Yes,1141
16317,2018-11-02,11,Friday,0,19,Evening,12.8,40,1.4,1870,-0.4,0.0,0.0,0.0,0.0,Autumn,No Holiday,Yes,1568
10973,2018-02-02,2,Friday,0,6,Dawn,-7.0,62,1.3,1830,-13.0,0.0,0.0,0.0,0.0,Winter,No Holiday,Yes,115
11133,2018-02-08,2,Thursday,0,20,Evening,-2.8,40,1.5,1593,-14.5,0.0,0.0,0.0,0.0,Winter,No Holiday,Yes,277
15129,2018-03-12,3,Monday,0,11,Morning,9.2,33,1.1,892,-6.2,1.54,0.0,0.0,0.0,Spring,No Holiday,Yes,463
15394,2017-12-19,12,Tuesday,0,5,Dawn,-3.9,66,0.7,1209,-9.3,0.0,0.0,0.26,0.26,Winter,No Holiday,Yes,55
11694,2018-04-08,4,Sunday,1,0,Dawn,2.9,46,2.2,2000,-7.6,0.0,0.0,0.0,0.0,Spring,No Holiday,Yes,325
16663,2018-09-02,9,Sunday,1,21,Evening,26.2,62,2.3,2000,18.3,0.0,0.0,0.0,0.0,Autumn,No Holiday,Yes,1759
18594,2018-05-30,5,Wednesday,0,6,Dawn,18.6,84,0.7,316,15.8,0.01,0.0,0.0,0.0,Spring,No Holiday,Yes,505
18334,2018-03-30,3,Friday,0,8,Early Morning,11.5,60,1.6,550,3.9,0.42,0.0,0.0,0.0,Spring,No Holiday,Yes,1406
17098,2018-11-12,11,Monday,0,6,Dawn,3.8,69,0.0,1995,-1.3,0.0,0.0,0.0,0.0,Autumn,No Holiday,Yes,419
16635,2018-09-15,9,Saturday,1,16,Afternoon,24.4,74,0.6,1996,19.4,0.13,0.0,0.0,0.0,Autumn,No Holiday,Yes,1273
18695,2017-12-12,12,Tuesday,0,8,Early Morning,-12.3,52,1.3,1914,-20.1,0.0,0.0,0.0,0.0,Winter,No Holiday,Yes,580
11707,2018-06-06,6,Wednesday,0,20,Evening,23.4,64,1.8,1144,16.1,0.07,0.0,0.0,0.0,Summer,Holiday,Yes,2145
17622,2018-11-14,11,Wednesday,0,7,Early Morning,5.2,78,0.3,1182,1.6,0.0,0.0,0.0,0.0,Autumn,No Holiday,Yes,1047
11553,2018-04-26,4,Thursday,0,14,Afternoon,21.6,28,3.1,1414,2.2,2.84,0.0,0.0,0.0,Spring,No Holiday,Yes,1123
11407,2018-05-14,5,Monday,0,0,Dawn,12.7,89,1.2,340,10.9,0.0,0.0,0.0,0.0,Spring,No Holiday,Yes,581
16087,2018-05-11,5,Friday,0,0,Dawn,12.5,84,1.5,334,9.8,0.0,0.0,0.0,0.0,Spring,No Holiday,Yes,724
16999,2018-03-15,3,Thursday,0,11,Morning,13.9,98,1.4,296,13.5,0.13,0.0,0.0,0.0,Spring,No Holiday,Yes,65
12501,2018-03-14,3,Wednesday,0,14,Afternoon,21.1,42,4.3,2000,7.6,2.49,0.0,0.0,0.0,Spring,No Holiday,Yes,878
14480,2018-03-23,3,Friday,0,13,Afternoon,10.9,36,2.1,1073,-3.6,2.87,0.0,0.0,0.0,Spring,No Holiday,Yes,682
17515,2018-03-27,3,Tuesday,0,12,Morning,16.7,47,2.4,620,5.3,1.76,0.0,0.0,0.0,Spring,No Holiday,Yes,586
16231,2018-02-12,2,Monday,0,2,Dawn,-8.3,49,2.7,2000,-17.1,0.0,0.0,0.0,0.0,Winter,No Holiday,Yes,45
10972,2017-12-02,12,Saturday,1,14,Afternoon,7.3,35,1.3,1955,-7.1,0.99,0.0,0.0,0.0,Winter,No Holiday,Yes,611
14115,2018-11-17,11,Saturday,1,15,Afternoon,8.9,34,2.9,1787,-6.1,0.52,0.0,0.0,0.0,Autumn,No Holiday,Yes,1018
15475,2018-11-23,11,Friday,0,21,Evening,2.2,28,0.8,2000,-14.4,0.0,0.0,0.0,0.0,Autumn,No Holiday,Yes,679
10223,2018-09-15,9,Saturday,1,22,Night,23.1,79,0.6,1891,19.2,0.0,0.0,0.0,0.0,Autumn,No Holiday,Yes,1566
14358,2018-08-04,8,Saturday,1,2,Dawn,29.9,59,1.9,1902,21.0,0.0,0.0,0.0,0.0,Summer,No Holiday,Yes,594
14635,2017-12-14,12,Thursday,0,18,Evening,-3.5,35,1.1,1414,-16.7,0.0,0.0,0.0,0.0,Winter,No Holiday,Yes,612
11362,2018-08-10,8,Friday,0,16,Afternoon,36.4,40,3.2,2000,20.6,2.59,0.0,0.0,0.0,Summer,No Holiday,Yes,853
16988,2018-04-12,4,Thursday,0,9,Early Morning,11.5,43,1.7,1818,-0.6,1.43,0.0,0.0,0.0,Spring,No Holiday,Yes,952
10256,2018-11-26,11,Monday,0,20,Evening,7.3,66,0.5,516,1.3,0.0,0.0,0.0,0.0,Autumn,No Holiday,Yes,943
16446,2018-01-10,1,Wednesday,0,2,Dawn,-5.7,72,1.2,1925,-9.9,0.0,0.0,0.08,0.08,Winter,No Holiday,Yes,63
11035,2018-03-04,3,Sunday,1,4,Dawn,8.8,95,0.2,218,8.0,0.0,0.0,0.0,0.0,Spring,No Holiday,Yes,34
10680,2018-04-06,4,Friday,0,14,Afternoon,7.4,56,3.5,461,-0.8,1.04,0.0,0.0,0.0,Spring,No Holiday,Yes,572
10674,2018-02-02,2,Friday,0,12,Morning,0.9,37,1.5,1283,-12.1,1.12,0.0,0.0,0.0,Winter,No Holiday,Yes,303
11083,2018-11-07,11,Wednesday,0,12,Morning,13.2,77,1.3,589,9.2,0.5,0.0,0.0,0.0,Autumn,No Holiday,Yes,697
14110,2018-06-03,6,Sunday,1,19,Evening,27.4,29,2.4,2000,7.7,0.5,0.0,0.0,0.0,Summer,No Holiday,Yes,2514
11431,2018-08-19,8,Sunday,1,4,Dawn,23.6,61,0.3,2000,15.6,0.0,0.0,0.0,0.0,Summer,No Holiday,Yes,264
18592,2018-02-24,2,Saturday,1,10,Morning,0.8,60,2.9,497,-6.0,0.71,0.0,0.0,0.0,Winter,No Holiday,Yes,259
10453,2018-04-19,4,Thursday,0,14,Afternoon,20.5,17,3.1,1512,-5.4,2.83,0.0,0.0,0.0,Spring,No Holiday,Yes,996
17509,2018-09-03,9,Monday,0,4,Dawn,24.0,70,1.2,2000,18.1,0.0,0.0,0.0,0.0,Autumn,No Holiday,Yes,153
15019,2018-01-02,1,Tuesday,0,21,Evening,-2.6,28,2.0,2000,-18.6,0.0,0.0,0.0,0.0,Winter,No Holiday,Yes,304
13272,2018-05-31,5,Thursday,0,3,Dawn,15.0,84,1.3,473,12.3,0.0,0.0,0.0,0.0,Spring,No Holiday,Yes,328
14863,2018-09-22,9,Saturday,1,12,Morning,24.2,43,2.2,1798,10.8,2.31,0.0,0.0,0.0,Autumn,No Holiday,Yes,1273
12563,2018-09-13,9,Thursday,0,8,Early Morning,20.9,68,1.3,2000,14.7,0.18,0.0,0.0,0.0,Autumn,No Holiday,Yes,2329
15872,2018-06-16,6,Saturday,1,14,Afternoon,27.1,40,1.8,1779,12.3,3.26,0.0,0.0,0.0,Summer,No Holiday,Yes,1783
13331,2018-04-05,4,Thursday,0,5,Dawn,8.3,81,2.0,1060,5.2,0.0,0.1,0.0,0.1,Spring,No Holiday,Yes,18
10986,2018-04-23,4,Monday,0,6,Dawn,9.1,95,2.7,373,8.3,0.0,7.0,0.0,7.0,Spring,No Holiday,Yes,5
16142,2018-03-07,3,Wednesday,0,12,Morning,9.6,39,1.8,1982,-3.7,2.09,0.0,0.0,0.0,Spring,No Holiday,Yes,550
12788,2017-12-02,12,Saturday,1,10,Morning,-0.4,57,1.6,1309,-7.8,0.8,0.0,0.0,0.0,Winter,No Holiday,Yes,334
16128,2018-07-26,7,Thursday,0,10,Morning,29.5,68,1.8,946,22.9,0.54,0.0,0.0,0.0,Summer,No Holiday,Yes,644
15576,2018-08-26,8,Sunday,1,10,Morning,26.3,53,1.6,2000,15.9,2.19,0.0,0.0,0.0,Summer,No Holiday,Yes,681
18655,2018-06-03,6,Sunday,1,5,Dawn,17.1,66,0.3,1370,10.6,0.0,0.0,0.0,0.0,Summer,No Holiday,Yes,193
13928,2018-11-05,11,Monday,0,0,Dawn,10.1,75,0.0,922,5.8,0.0,0.0,0.0,0.0,Autumn,No Holiday,Yes,520
11666,2018-11-09,11,Friday,0,7,Early Morning,10.4,81,3.0,1741,7.2,0.0,0.0,0.0,0.0,Autumn,No Holiday,No,0
18097,2018-05-19,5,Saturday,1,7,Early Morning,11.4,0,1.4,2000,4.5,0.46,0.0,0.0,0.0,Spring,No Holiday,Yes,436
13791,2018-07-26,7,Thursday,0,9,Early Morning,29.1,69,1.0,853,22.8,0.67,0.0,0.0,0.0,Summer,No Holiday,Yes,966
13258,2018-03-19,3,Monday,0,5,Dawn,6.2,89,1.5,338,4.5,0.0,0.0,0.0,0.0,Spring,No Holiday,Yes,27
18490,2018-07-11,7,Wednesday,0,12,Morning,28.1,73,2.1,1326,22.7,0.87,0.0,0.0,0.0,Summer,No Holiday,Yes,964
13403,2018-11-18,11,Sunday,1,19,Evening,7.9,45,1.0,1602,-3.3,0.0,0.0,0.0,0.0,Autumn,No Holiday,Yes,759
16884,2018-11-14,11,Wednesday,0,14,Afternoon,16.1,32,1.4,1703,-0.6,1.8,0.0,0.0,0.0,Autumn,No Holiday,Yes,1001
10711,2018-04-11,4,Wednesday,0,19,Evening,13.2,28,2.9,2000,-4.9,0.22,0.0,0.0,0.0,Spring,No Holiday,No,0
12215,2018-09-22,9,Saturday,1,9,Early Morning,19.7,78,1.3,740,15.7,1.17,0.0,0.0,0.0,Autumn,No Holiday,Yes,810
16220,2018-11-01,11,Thursday,0,2,Dawn,4.4,64,1.4,2000,-1.8,0.0,0.0,0.0,0.0,Autumn,No Holiday,Yes,362
14179,2018-08-14,8,Tuesday,0,6,Dawn,27.8,71,0.1,2000,22.0,0.0,0.0,0.0,0.0,Summer,No Holiday,Yes,643
13884,2017-12-26,12,Tuesday,0,20,Evening,-6.1,32,4.7,2000,-20.1,0.0,0.0,0.0,0.0,Winter,No Holiday,Yes,252
15397,2018-02-12,2,Monday,0,6,Dawn,-9.5,36,1.5,2000,-21.8,0.0,0.0,0.0,0.0,Winter,No Holiday,Yes,109
13864,2018-07-23,7,Monday,0,3,Dawn,29.6,50,2.1,1970,18.0,0.0,0.0,0.0,0.0,Summer,No Holiday,Yes,238
17817,2018-07-15,7,Sunday,1,17,Afternoon,32.7,52,3.0,1872,21.5,1.96,0.0,0.0,0.0,Summer,No Holiday,Yes,1247
11965,2018-01-15,1,Monday,0,18,Evening,5.2,44,1.3,647,-6.0,0.0,0.0,0.0,0.0,Winter,No Holiday,Yes,555
17500,2018-06-28,6,Thursday,0,14,Afternoon,27.1,72,3.0,1126,21.6,0.91,0.0,0.0,0.0,Summer,No Holiday,Yes,1030
15147,2018-08-26,8,Sunday,1,3,Dawn,21.6,85,0.1,1982,18.9,0.0,0.0,0.0,0.0,Summer,No Holiday,Yes,426
11857,2018-10-12,10,Friday,0,18,Evening,14.3,46,1.3,2000,2.8,0.16,0.0,0.0,0.0,Autumn,No Holiday,Yes,2618
16026,2017-12-25,12,Monday,0,20,Evening,-2.1,49,1.7,2000,-11.4,0.0,0.0,0.0,0.0,Winter,Holiday,Yes,181
13099,2018-11-01,11,Thursday,0,22,Night,8.3,61,0.2,1809,1.2,0.0,0.0,0.0,0.0,Autumn,No Holiday,Yes,1115
14090,2017-12-25,12,Monday,0,3,Dawn,-2.3,52,3.4,1947,-10.8,0.0,0.0,0.0,0.0,Winter,Holiday,Yes,100
18201,2018-03-15,3,Thursday,0,21,Evening,10.4,96,2.7,499,9.7,0.0,0.0,0.0,0.0,Spring,No Holiday,Yes,567
15752,2018-11-08,11,Thursday,0,23,Night,11.5,96,3.0,691,10.8,0.0,0.0,0.0,0.0,Autumn,No Holiday,Yes,26
17417,2018-10-16,10,Tuesday,0,23,Night,12.9,78,0.6,1201,9.1,0.0,0.0,0.0,0.0,Autumn,No Holiday,Yes,950
15439,2018-06-19,6,Tuesday,0,2,Dawn,20.2,71,1.2,1414,14.7,0.0,0.0,0.0,0.0,Summer,No Holiday,Yes,527
16487,2018-05-04,5,Friday,0,23,Night,12.4,58,2.5,1843,4.3,0.0,0.0,0.0,0.0,Spring,No Holiday,Yes,935
12484,2018-07-15,7,Sunday,1,2,Dawn,25.1,85,1.1,1379,22.3,0.0,0.0,0.0,0.0,Summer,No Holiday,Yes,632
16806,2018-04-04,4,Wednesday,0,2,Dawn,14.5,97,2.2,179,14.0,0.0,3.5,0.0,3.5,Spring,No Holiday,Yes,15
12075,2018-07-03,7,Tuesday,0,3,Dawn,22.8,98,0.0,1734,22.4,0.0,0.0,0.0,0.0,Summer,No Holiday,Yes,233
16404,2018-01-31,1,Wednesday,0,11,Morning,-1.5,46,2.5,1906,-11.6,0.56,0.0,0.3,0.3,Winter,No Holiday,Yes,144
16306,2018-11-15,11,Thursday,0,10,Morning,8.6,57,0.6,1102,0.5,0.77,0.0,0.0,0.0,Autumn,No Holiday,Yes,782
12329,2018-10-26,10,Friday,0,20,Evening,12.2,67,5.4,1956,6.2,0.0,0.0,0.0,0.0,Autumn,No Holiday,Yes,1003
17251,2018-06-23,6,Saturday,1,14,Afternoon,28.0,46,3.6,1401,15.2,2.88,0.0,0.0,0.0,Summer,No Holiday,Yes,1445
11948,2018-02-24,2,Saturday,1,18,Evening,3.5,30,2.9,1726,-12.4,0.31,0.0,0.0,0.0,Winter,No Holiday,Yes,379
12529,2018-03-12,3,Monday,0,20,Evening,9.4,50,2.1,391,-0.5,0.0,0.0,0.0,0.0,Spring,No Holiday,Yes,801
17782,2018-10-22,10,Monday,0,4,Dawn,10.0,62,0.6,1759,3.0,0.0,0.0,0.0,0.0,Autumn,No Holiday,Yes,110
12957,2018-07-07,7,Saturday,1,5,Dawn,19.8,63,1.4,2000,12.5,0.0,0.0,0.0,0.0,Summer,No Holiday,Yes,273
14802,2018-03-20,3,Tuesday,0,13,Afternoon,8.0,37,3.4,2000,-5.8,1.96,0.0,0.0,0.0,Spring,No Holiday,Yes,516
16862,2018-05-25,5,Friday,0,1,Dawn,16.9,61,1.0,844,9.3,0.0,0.0,0.0,0.0,Spring,No Holiday,Yes,610
17379,2018-02-22,2,Thursday,0,18,Evening,3.9,56,4.0,1004,-4.0,0.18,0.0,0.0,0.0,Winter,No Holiday,Yes,730
16617,2018-11-19,11,Monday,0,16,Afternoon,9.7,43,2.7,1012,-2.2,0.37,0.0,0.0,0.0,Autumn,No Holiday,Yes,968
18117,2018-11-15,11,Thursday,0,22,Night,8.7,53,0.4,764,-0.3,0.0,0.0,0.0,0.0,Autumn,No Holiday,Yes,1061
11653,2018-10-20,10,Saturday,1,18,Evening,16.6,41,2.4,1811,3.2,0.04,0.0,0.0,0.0,Autumn,No Holiday,Yes,1707
12120,2018-05-28,5,Monday,0,20,Evening,23.0,49,2.4,1905,11.7,0.07,0.0,0.0,0.0,Spring,No Holiday,Yes,2252
13059,2018-07-21,7,Saturday,1,16,Afternoon,36.8,30,2.8,1756,16.3,2.41,0.0,0.0,0.0,Summer,No Holiday,Yes,883
11634,2018-06-09,6,Saturday,1,17,Afternoon,28.2,39,2.9,1653,12.9,0.7,0.0,0.0,0.0,Summer,No Holiday,Yes,2355
18702,2018-07-29,7,Sunday,1,3,Dawn,27.4,73,0.6,1893,22.1,0.0,0.0,0.0,0.0,Summer,No Holiday,Yes,403
12867,2018-07-26,7,Thursday,0,8,Early Morning,28.3,72,0.8,1165,22.7,0.34,0.0,0.0,0.0,Summer,No Holiday,Yes,1823
17813,2018-11-13,11,Tuesday,0,18,Evening,11.3,42,1.2,1846,-1.1,0.01,0.0,0.0,0.0,Autumn,No Holiday,Yes,2159
10655,2018-09-24,9,Monday,0,12,Morning,20.3,34,2.6,2000,3.9,2.85,0.0,0.0,0.0,Autumn,Holiday,Yes,754
12627,2018-05-21,5,Monday,0,4,Dawn,12.4,0,0.8,2000,-3.4,0.0,0.0,0.0,0.0,Spring,No Holiday,Yes,113
16272,2018-07-09,7,Monday,0,8,Early Morning,20.7,73,0.8,2000,15.6,0.3,0.2,0.0,0.2,Summer,No Holiday,Yes,670
17315,2018-02-07,2,Wednesday,0,13,Afternoon,-4.5,23,2.6,1937,-22.5,2.12,0.0,0.0,0.0,Winter,No Holiday,Yes,228
15350,2017-12-15,12,Friday,0,11,Morning,-2.9,46,1.0,809,-12.9,0.42,0.0,0.0,0.0,Winter,No Holiday,Yes,279
15434,2018-09-19,9,Wednesday,0,16,Afternoon,25.6,41,1.2,1594,11.3,0.65,0.0,0.0,0.0,Autumn,No Holiday,No,0
12046,2018-01-18,1,Thursday,0,4,Dawn,3.3,80,2.1,232,0.1,0.0,0.0,0.0,0.0,Winter,No Holiday,Yes,50
13159,2018-07-08,7,Sunday,1,12,Morning,25.0,46,1.9,1943,12.5,2.93,0.0,0.0,0.0,Summer,No Holiday,Yes,1237
14140,2018-03-01,3,Thursday,0,6,Dawn,3.0,96,2.7,303,2.4,0.0,0.4,0.0,0.4,Spring,Holiday,Yes,33
14944,2018-01-08,1,Monday,0,15,Afternoon,3.9,33,1.8,1293,-10.9,0.39,0.0,0.0,0.0,Winter,No Holiday,Yes,318
14922,2018-01-18,1,Thursday,0,3,Dawn,3.6,74,1.7,273,-0.6,0.0,0.0,0.0,0.0,Winter,No Holiday,Yes,95
16241,2018-07-19,7,Thursday,0,0,Dawn,25.9,76,1.3,984,21.3,0.0,0.0,0.0,0.0,Summer,No Holiday,Yes,1068
10894,2018-11-25,11,Sunday,1,0,Dawn,2.7,86,1.2,422,0.5,0.0,0.0,0.3,0.3,Autumn,No Holiday,Yes,420
17714,2018-07-26,7,Thursday,0,4,Dawn,27.7,75,1.0,1360,22.8,0.0,0.0,0.0,0.0,Summer,No Holiday,Yes,252
14473,2017-12-13,12,Wednesday,0,22,Night,-8.9,39,0.1,2000,-20.3,0.0,0.0,0.0,0.0,Winter,No Holiday,Yes,271
13060,2018-09-14,9,Friday,0,10,Morning,23.3,65,1.4,1996,16.3,0.76,0.0,0.0,0.0,Autumn,No Holiday,Yes,936
11204,2018-06-09,6,Saturday,1,3,Dawn,19.1,84,0.6,421,16.3,0.0,0.0,0.0,0.0,Summer,No Holiday,Yes,535
13248,2018-04-01,4,Sunday,1,16,Afternoon,18.2,69,3.2,625,12.4,0.87,0.0,0.0,0.0,Spring,No Holiday,Yes,1409
14093,2018-03-30,3,Friday,0,3,Dawn,10.3,68,0.7,887,4.6,0.0,0.0,0.0,0.0,Spring,No Holiday,Yes,184
11722,2018-04-15,4,Sunday,1,9,Early Morning,8.6,66,1.7,881,2.5,1.16,0.0,0.0,0.0,Spring,No Holiday,Yes,513
17317,2017-12-25,12,Monday,0,23,Night,-1.0,55,1.9,2000,-8.9,0.0,0.0,0.0,0.0,Winter,Holiday,Yes,169
12743,2018-01-25,1,Thursday,0,6,Dawn,-16.1,33,3.0,2000,-28.7,0.0,0.0,0.06999999999999999,0.06999999999999999,Winter,No Holiday,Yes,71
14731,2017-12-09,12,Saturday,1,5,Dawn,-4.7,49,0.8,1999,-13.8,0.0,0.0,0.0,0.0,Winter,No Holiday,Yes,56
14277,2018-08-26,8,Sunday,1,17,Afternoon,23.5,58,1.2,2000,14.7,0.52,0.0,0.0,0.0,Summer,No Holiday,Yes,1399
18172,2018-04-05,4,Thursday,0,23,Night,7.1,96,1.3,1497,6.5,0.0,0.5,0.0,0.5,Spring,No Holiday,Yes,79
16578,2018-04-02,4,Monday,0,6,Dawn,14.9,81,0.4,580,11.6,0.0,0.0,0.0,0.0,Spring,No Holiday,Yes,359
17643,2018-11-25,11,Sunday,1,5,Dawn,2.1,94,0.4,248,1.2,0.0,0.0,0.25,0.25,Autumn,No Holiday,Yes,88
14302,2017-12-21,12,Thursday,0,5,Dawn,-4.3,91,1.5,233,-5.5,0.0,0.0,0.22000000000000003,0.22000000000000003,Winter,No Holiday,Yes,49
18179,2018-09-28,9,Friday,0,4,Dawn,14.7,62,1.5,2000,7.4,0.0,0.0,0.0,0.0,Autumn,No Holiday,No,0
12032,2018-04-09,4,Monday,0,11,Morning,7.5,54,0.9,1013,-1.2,2.49,0.0,0.0,0.0,Spring,No Holiday,Yes,644
10904,2018-07-07,7,Saturday,1,22,Night,22.6,51,1.7,2000,11.9,0.0,0.0,0.0,0.0,Summer,No Holiday,Yes,1921
15685,2018-04-14,4,Saturday,1,2,Dawn,13.5,27,1.6,2000,-5.1,0.0,0.0,0.0,0.0,Spring,No Holiday,Yes,253
12891,2018-02-27,2,Tuesday,0,11,Morning,4.8,41,0.8,792,-7.3,0.53,0.0,0.0,0.0,Winter,No Holiday,Yes,342
17635,2018-11-09,11,Friday,0,23,Night,10.9,76,1.2,456,6.8,0.0,0.0,0.0,0.0,Autumn,No Holiday,No,0
15498,2018-10-20,10,Saturday,1,0,Dawn,11.3,71,1.2,1997,6.2,0.0,0.0,0.0,0.0,Autumn,No Holiday,Yes,891
12383,2018-11-13,11,Tuesday,0,12,Morning,12.8,45,1.8,1170,1.1,1.82,0.0,0.0,0.0,Autumn,No Holiday,Yes,890
15726,2018-07-19,7,Thursday,0,3,Dawn,24.4,85,0.6,678,21.7,0.0,0.0,0.0,0.0,Summer,No Holiday,Yes,393
10186,2018-03-03,3,Saturday,1,15,Afternoon,16.0,14,2.2,1828,-11.5,2.33,0.0,0.0,0.0,Spring,No Holiday,Yes,1238
14449,2018-09-06,9,Thursday,0,17,Afternoon,26.6,63,3.0,2000,18.9,0.43,0.0,0.0,0.0,Autumn,No Holiday,Yes,1525
15029,2017-12-06,12,Wednesday,0,3,Dawn,-3.2,78,0.0,1808,-6.4,0.0,0.2,0.04,0.24000000000000002,Winter,No Holiday,Yes,78
14813,2018-08-14,8,Tuesday,0,17,Afternoon,34.7,51,3.0,2000,23.0,1.22,0.0,0.0,0.0,Summer,No Holiday,Yes,1306
16048,2018-09-05,9,Wednesday,0,8,Early Morning,21.2,69,1.9,2000,15.2,0.74,0.0,0.0,0.0,Autumn,No Holiday,Yes,2312
17673,2018-11-14,11,Wednesday,0,11,Morning,12.1,49,0.8,1827,1.6,1.61,0.0,0.0,0.0,Autumn,No Holiday,Yes,892
15326,2018-08-21,8,Tuesday,0,23,Night,25.6,75,0.1,1892,20.8,0.0,0.0,0.0,0.0,Summer,No Holiday,Yes,1277
18170,2018-03-16,3,Friday,0,13,Afternoon,10.4,38,2.4,1959,-3.3,2.99,0.0,0.0,0.0,Spring,No Holiday,Yes,715
16218,2018-01-23,1,Tuesday,0,3,Dawn,-8.6,68,3.3,2000,-13.4,0.0,0.0,0.1,0.1,Winter,No Holiday,Yes,55
17129,2017-12-25,12,Monday,0,0,Dawn,-0.6,64,2.4,1010,-6.5,0.0,0.0,0.0,0.0,Winter,Holiday,Yes,160
14804,2018-04-27,4,Friday,0,6,Dawn,9.9,66,1.5,931,3.8,0.0,0.0,0.0,0.0,Spring,No Holiday,Yes,427
15574,2018-02-07,2,Wednesday,0,2,Dawn,-12.5,50,1.0,1722,-20.8,0.0,0.0,0.0,0.0,Winter,No Holiday,Yes,83
10647,2018-11-02,11,Friday,0,15,Afternoon,18.6,31,1.4,1575,1.1,1.63,0.0,0.0,0.0,Autumn,No Holiday,Yes,1251
17014,2018-03-03,3,Saturday,1,6,Dawn,0.5,42,0.9,1543,-10.9,0.0,0.0,0.0,0.0,Spring,No Holiday,Yes,71
11797,2018-03-19,3,Monday,0,6,Dawn,6.5,88,1.2,417,4.6,0.0,0.2,0.0,0.2,Spring,No Holiday,Yes,91
17157,2018-11-24,11,Saturday,1,4,Dawn,3.0,26,1.6,2000,-14.6,0.0,0.0,0.0,0.0,Autumn,No Holiday,Yes,151
10536,2018-06-11,6,Monday,0,18,Evening,19.8,80,3.9,2000,16.2,0.12,0.0,0.0,0.0,Summer,No Holiday,Yes,1491
10574,2018-06-13,6,Wednesday,0,1,Dawn,18.9,77,0.7,1987,14.7,0.0,0.0,0.0,0.0,Summer,No Holiday,Yes,1088
17507,2017-12-16,12,Saturday,1,20,Evening,-6.6,37,3.4,2000,-18.9,0.0,0.0,0.0,0.0,Winter,No Holiday,Yes,143
17350,2018-08-28,8,Tuesday,0,10,Morning,25.4,75,0.7,1995,20.6,0.96,0.0,0.0,0.0,Summer,No Holiday,Yes,670
18535,2018-09-07,9,Friday,0,4,Dawn,20.8,66,1.5,1719,14.2,0.0,0.0,0.0,0.0,Autumn,No Holiday,Yes,185
11745,2018-05-26,5,Saturday,1,19,Evening,24.9,46,3.1,1341,12.4,0.43,0.0,0.0,0.0,Spring,No Holiday,Yes,1985
15816,2018-05-06,5,Sunday,1,1,Dawn,18.2,71,1.6,1328,12.8,0.0,0.0,0.0,0.0,Spring,No Holiday,Yes,181
14417,2018-08-03,8,Friday,0,21,Evening,31.2,63,1.7,1537,23.3,0.0,0.0,0.0,0.0,Summer,No Holiday,Yes,1511
10669,2018-10-10,10,Wednesday,0,3,Dawn,14.3,95,1.0,967,13.5,0.0,2.5,0.0,2.5,Autumn,No Holiday,Yes,90
12101,2018-04-14,4,Saturday,1,11,Morning,8.1,94,1.2,802,7.1,0.39,0.5,0.0,0.5,Spring,No Holiday,Yes,52
17022,2018-08-01,8,Wednesday,0,20,Evening,34.5,62,2.8,1701,26.1,0.02,0.0,0.0,0.0,Summer,No Holiday,Yes,1441
10355,2018-09-16,9,Sunday,1,5,Dawn,22.2,90,1.4,514,20.4,0.0,0.0,0.0,0.0,Autumn,No Holiday,Yes,123
12758,2018-03-02,3,Friday,0,12,Morning,1.8,26,2.2,1556,-15.7,2.61,0.0,0.0,0.0,Spring,No Holiday,Yes,388
10854,2018-10-07,10,Sunday,1,12,Morning,19.8,46,2.5,1837,7.8,2.3,0.0,0.0,0.0,Autumn,No Holiday,Yes,1516
17606,2018-11-03,11,Saturday,1,8,Early Morning,5.4,75,0.4,905,1.3,0.11,0.0,0.0,0.0,Autumn,No Holiday,No,0
11769,2018-09-28,9,Friday,0,6,Dawn,14.4,61,1.2,2000,6.9,0.0,0.0,0.0,0.0,Autumn,No Holiday,No,0
13346,2018-06-04,6,Monday,0,23,Night,21.4,68,2.7,972,15.2,0.0,0.0,0.0,0.0,Summer,No Holiday,Yes,1354
11262,2017-12-27,12,Wednesday,0,15,Afternoon,-3.1,16,2.2,2000,-25.4,0.9,0.0,0.0,0.0,Winter,No Holiday,Yes,228
13416,2018-05-25,5,Friday,0,14,Afternoon,26.0,23,2.3,1923,3.2,2.92,0.0,0.0,0.0,Spring,No Holiday,Yes,1161
14431,2018-05-22,5,Tuesday,0,23,Night,16.3,96,1.1,198,15.6,0.0,2.5,0.0,2.5,Spring,Holiday,Yes,18
12759,2018-05-07,5,Monday,0,5,Dawn,14.2,85,0.5,1412,11.7,0.0,0.0,0.0,0.0,Spring,No Holiday,Yes,170
14914,2018-02-12,2,Monday,0,21,Evening,-4.3,59,3.0,1239,-11.1,0.0,0.0,0.0,0.0,Winter,No Holiday,Yes,253
16117,2018-11-21,11,Wednesday,0,3,Dawn,6.5,87,1.0,710,4.4,0.0,1.0,0.0,1.0,Autumn,No Holiday,Yes,112
13450,2017-12-21,12,Thursday,0,21,Evening,-0.4,74,0.6,1065,-4.4,0.0,0.0,0.08,0.08,Winter,No Holiday,Yes,248
14048,2018-11-14,11,Wednesday,0,5,Dawn,5.3,72,0.2,1278,0.6,0.0,0.0,0.0,0.0,Autumn,No Holiday,Yes,135
15427,2018-11-22,11,Thursday,0,9,Early Morning,0.2,28,1.9,1932,-16.2,0.57,0.0,0.0,0.0,Autumn,No Holiday,Yes,883
18042,2018-09-05,9,Wednesday,0,13,Afternoon,27.3,46,4.8,1983,14.6,2.92,0.0,0.0,0.0,Autumn,No Holiday,Yes,1039
17058,2018-10-08,10,Monday,0,14,Afternoon,20.2,24,1.5,2000,-1.0,1.8,0.0,0.0,0.0,Autumn,No Holiday,Yes,1358
17339,2017-12-08,12,Friday,0,17,Afternoon,-2.4,30,2.7,2000,-17.6,0.18,0.0,0.0,0.0,Winter,No Holiday,Yes,500
18396,2018-06-28,6,Thursday,0,5,Dawn,22.1,93,0.4,333,20.9,0.0,0.0,0.0,0.0,Summer,No Holiday,Yes,266
13371,2018-03-20,3,Tuesday,0,0,Dawn,6.3,42,3.3,2000,-5.6,0.0,0.0,0.0,0.0,Spring,No Holiday,Yes,297
15676,2018-02-21,2,Wednesday,0,1,Dawn,-2.2,31,1.1,1970,-17.0,0.0,0.0,0.0,0.0,Winter,No Holiday,Yes,162
13678,2017-12-10,12,Sunday,1,19,Evening,1.6,53,4.0,2000,-6.9,0.0,0.0,0.0,0.0,Winter,No Holiday,Yes,181
17117,2018-05-10,5,Thursday,0,21,Evening,12.6,85,2.4,460,10.1,0.0,0.0,0.0,0.0,Spring,No Holiday,No,0
14618,2018-11-25,11,Sunday,1,12,Morning,6.9,59,0.9,669,-0.5,1.31,0.0,0.22000000000000003,0.22000000000000003,Autumn,No Holiday,Yes,700
17601,2018-04-16,4,Monday,0,15,Afternoon,18.4,25,2.0,1809,-2.0,2.8,0.0,0.0,0.0,Spring,No Holiday,Yes,1145
10228,2018-07-22,7,Sunday,1,20,Evening,33.3,50,2.3,1706,21.4,0.1,0.0,0.0,0.0,Summer,No Holiday,Yes,1688
11345,2018-01-31,1,Wednesday,0,5,Dawn,-2.8,83,0.6,946,-5.2,0.0,0.0,0.35,0.35,Winter,No Holiday,Yes,34
16969,2018-05-27,5,Sunday,1,23,Night,17.9,53,1.9,1774,8.1,0.0,0.0,0.0,0.0,Spring,No Holiday,Yes,1071
12089,2017-12-05,12,Tuesday,0,0,Dawn,-6.1,42,2.6,2000,-16.9,0.0,0.0,0.0,0.0,Winter,No Holiday,Yes,216
11480,2018-10-16,10,Tuesday,0,11,Morning,16.5,39,0.7,1351,2.4,1.68,0.0,0.0,0.0,Autumn,No Holiday,Yes,914
15450,2018-09-26,9,Wednesday,0,3,Dawn,16.5,57,1.6,2000,7.9,0.0,0.0,0.0,0.0,Autumn,No Holiday,Yes,355
15072,2018-03-29,3,Thursday,0,19,Evening,17.5,61,2.2,758,9.8,0.11,0.0,0.0,0.0,Spring,No Holiday,Yes,1260
17745,2018-11-20,11,Tuesday,0,14,Afternoon,12.3,16,2.5,1797,-12.8,1.69,0.0,0.0,0.0,Autumn,No Holiday,Yes,790
17966,2018-09-04,9,Tuesday,0,1,Dawn,21.3,97,1.1,570,20.7,0.0,0.0,0.0,0.0,Autumn,No Holiday,Yes,486
15763,2018-03-29,3,Thursday,0,0,Dawn,13.4,77,1.5,537,9.4,0.0,0.0,0.0,0.0,Spring,No Holiday,Yes,466
13753,2018-11-22,11,Thursday,0,6,Dawn,-1.0,41,0.7,2000,-12.6,0.0,0.0,0.0,0.0,Autumn,No Holiday,Yes,332
14266,2018-07-27,7,Friday,0,20,Evening,30.7,73,2.8,1310,25.2,0.04,0.0,0.0,0.0,Summer,No Holiday,Yes,1565
12048,2018-01-16,1,Tuesday,0,7,Early Morning,1.1,69,0.6,418,-3.9,0.0,0.0,0.0,0.0,Winter,No Holiday,Yes,318
15245,2018-04-24,4,Tuesday,0,2,Dawn,10.1,83,1.4,2000,7.3,0.0,0.1,0.0,0.1,Spring,No Holiday,Yes,68
10922,2018-05-13,5,Sunday,1,3,Dawn,14.2,98,1.5,135,13.8,0.0,0.2,0.0,0.2,Spring,No Holiday,Yes,141
13506,2018-05-22,5,Tuesday,0,13,Afternoon,22.7,52,1.0,1399,12.3,0.94,0.0,0.0,0.0,Spring,Holiday,Yes,2000
12857,2018-05-03,5,Thursday,0,19,Evening,13.3,49,3.6,1919,2.7,0.45,0.0,0.0,0.0,Spring,No Holiday,Yes,1663
18268,2018-06-02,6,Saturday,1,3,Dawn,18.9,63,1.5,1007,11.6,0.0,0.0,0.0,0.0,Summer,No Holiday,Yes,475
18430,2018-09-20,9,Thursday,0,9,Early Morning,18.2,93,1.4,572,17.0,0.18,1.0,0.0,1.0,Autumn,No Holiday,Yes,89
15249,2018-01-09,1,Tuesday,0,1,Dawn,-1.9,69,5.0,791,-6.8,0.0,0.0,0.1,0.1,Winter,No Holiday,Yes,107
10778,2018-07-18,7,Wednesday,0,12,Morning,31.2,51,2.0,1101,19.8,2.96,0.0,0.0,0.0,Summer,No Holiday,Yes,780
10890,2018-07-25,7,Wednesday,0,19,Evening,31.7,60,2.3,1492,22.9,0.23,0.0,0.0,0.0,Summer,No Holiday,Yes,2039
15304,2018-03-01,3,Thursday,0,4,Dawn,1.6,97,1.1,636,1.1,0.0,0.0,0.0,0.0,Spring,Holiday,Yes,28
10175,2017-12-01,12,Friday,0,9,Early Morning,-6.5,27,0.5,1928,-22.4,0.23,0.0,0.0,0.0,Winter,No Holiday,Yes,490
12782,2018-07-24,7,Tuesday,0,8,Early Morning,29.9,59,0.8,1727,21.0,1.03,0.0,0.0,0.0,Summer,No Holiday,Yes,1820
10211,2017-12-27,12,Wednesday,0,19,Evening,-5.5,31,2.1,2000,-19.9,0.0,0.0,0.0,0.0,Winter,No Holiday,Yes,315
18747,2018-05-31,5,Thursday,0,6,Dawn,14.3,82,0.7,653,11.2,0.05,0.0,0.0,0.0,Spring,No Holiday,Yes,646
11013,2018-09-15,9,Saturday,1,14,Afternoon,25.7,67,1.2,2000,19.1,0.9,0.0,0.0,0.0,Autumn,No Holiday,Yes,1474
17480,2018-11-07,11,Wednesday,0,8,Early Morning,11.3,89,1.1,279,9.5,0.01,0.0,0.0,0.0,Autumn,No Holiday,Yes,1171
13297,2018-06-12,6,Tuesday,0,7,Early Morning,17.1,77,1.5,1748,13.0,0.49,0.0,0.0,0.0,Summer,No Holiday,Yes,1573
12445,2018-05-05,5,Saturday,1,21,Evening,19.3,57,3.1,1924,10.5,0.0,0.0,0.0,0.0,Spring,No Holiday,Yes,1551
13795,2018-11-08,11,Thursday,0,6,Dawn,10.6,90,1.6,1065,9.0,0.0,1.5,0.0,1.5,Autumn,No Holiday,Yes,136
10566,2018-08-01,8,Wednesday,0,14,Afternoon,38.7,38,2.4,1943,21.8,3.12,0.0,0.0,0.0,Summer,No Holiday,Yes,475
13577,2018-03-29,3,Thursday,0,23,Night,12.7,75,1.6,475,8.3,0.0,0.0,0.0,0.0,Spring,No Holiday,Yes,614
10915,2018-01-18,1,Thursday,0,1,Dawn,3.2,72,1.9,306,-1.3,0.0,0.0,0.0,0.0,Winter,No Holiday,Yes,190
11485,2018-10-29,10,Monday,0,4,Dawn,5.6,66,0.7,2000,-0.2,0.0,0.0,0.0,0.0,Autumn,No Holiday,Yes,117
11839,2018-08-11,8,Saturday,1,1,Dawn,29.0,67,1.1,2000,22.2,0.0,0.0,0.0,0.0,Summer,No Holiday,Yes,881
18232,2018-02-10,2,Saturday,1,19,Evening,-3.1,14,5.1,2000,-26.9,0.0,0.0,0.0,0.0,Winter,No Holiday,Yes,151
17732,2018-02-26,2,Monday,0,14,Afternoon,9.9,25,1.5,1401,-9.2,2.43,0.0,0.0,0.0,Winter,No Holiday,Yes,455
16790,2018-02-24,2,Saturday,1,8,Early Morning,0.0,77,2.8,289,-3.5,0.06,0.0,0.0,0.0,Winter,No Holiday,Yes,203
17971,2018-05-05,5,Saturday,1,23,Night,19.1,62,3.6,1757,11.6,0.0,0.0,0.0,0.0,Spring,No Holiday,Yes,1097
10281,2018-06-20,6,Wednesday,0,15,Afternoon,27.9,45,3.6,1558,14.8,3.04,0.0,0.0,0.0,Summer,No Holiday,Yes,1266
15194,2018-09-05,9,Wednesday,0,2,Dawn,20.6,72,0.9,2000,15.3,0.0,0.0,0.0,0.0,Autumn,No Holiday,Yes,493
13631,2018-01-14,1,Sunday,1,8,Early Morning,-3.8,79,0.8,412,-6.9,0.0,0.0,0.0,0.0,Winter,No Holiday,Yes,81
13900,2018-08-28,8,Tuesday,0,22,Night,22.9,97,1.3,2000,22.3,0.0,0.5,0.0,0.5,Summer,No Holiday,Yes,64
11559,2018-08-14,8,Tuesday,0,16,Afternoon,36.3,41,2.4,1957,20.9,1.85,0.0,0.0,0.0,Summer,No Holiday,Yes,920
16888,2018-02-14,2,Wednesday,0,10,Morning,5.2,65,3.9,1313,-0.8,0.56,0.0,0.0,0.0,Winter,No Holiday,Yes,241
11605,2017-12-13,12,Wednesday,0,6,Dawn,-11.9,57,1.1,1974,-18.7,0.0,0.0,0.0,0.0,Winter,No Holiday,Yes,109
12514,2018-01-13,1,Saturday,1,21,Evening,-4.1,79,0.7,522,-7.2,0.0,0.0,0.0,0.0,Winter,No Holiday,Yes,156
10767,2018-10-24,10,Wednesday,0,4,Dawn,9.0,87,0.6,972,6.9,0.0,0.0,0.0,0.0,Autumn,No Holiday,Yes,162
15446,2018-06-10,6,Sunday,1,5,Dawn,18.4,70,1.4,2000,12.8,0.0,0.0,0.0,0.0,Summer,No Holiday,Yes,138
16623,2018-09-07,9,Friday,0,1,Dawn,21.6,77,2.6,1777,17.3,0.0,0.0,0.0,0.0,Autumn,No Holiday,Yes,345
13860,2018-07-05,7,Thursday,0,23,Night,23.9,66,1.5,2000,17.1,0.0,0.0,0.0,0.0,Summer,No Holiday,Yes,1406
17583,2018-08-21,8,Tuesday,0,4,Dawn,25.3,70,6.9,925,19.4,0.0,0.4,0.0,0.4,Summer,No Holiday,Yes,49
11671,2018-07-31,7,Tuesday,0,23,Night,31.0,65,0.5,2000,23.6,0.0,0.0,0.0,0.0,Summer,No Holiday,Yes,1097
15174,2018-04-29,4,Sunday,1,11,Morning,19.6,28,2.0,1695,0.5,2.79,0.0,0.0,0.0,Spring,No Holiday,Yes,1060
13464,2018-08-26,8,Sunday,1,23,Night,20.8,84,0.9,1078,17.9,0.0,0.5,0.0,0.5,Summer,No Holiday,Yes,348
14576,2018-07-17,7,Tuesday,0,13,Afternoon,31.1,53,3.2,1162,20.3,2.63,0.0,0.0,0.0,Summer,No Holiday,Yes,763
17632,2018-06-11,6,Monday,0,11,Morning,23.2,52,1.4,2000,12.7,1.53,0.0,0.0,0.0,Summer,No Holiday,Yes,1107
12667,2018-03-13,3,Tuesday,0,19,Evening,14.1,77,2.0,1240,10.1,0.04,0.0,0.0,0.0,Spring,No Holiday,Yes,1224
11579,2018-08-03,8,Friday,0,9,Early Morning,33.0,50,1.7,1722,21.1,1.49,0.0,0.0,0.0,Summer,No Holiday,Yes,784
12898,2018-11-10,11,Saturday,1,20,Evening,11.3,74,1.2,350,6.8,0.0,0.0,0.0,0.0,Autumn,No Holiday,Yes,877
17576,2018-04-09,4,Monday,0,23,Night,9.6,43,1.2,1333,-2.3,0.0,0.0,0.0,0.0,Spring,No Holiday,Yes,623
15338,2018-09-14,9,Friday,0,8,Early Morning,21.4,70,1.5,1986,15.6,0.38,0.0,0.0,0.0,Autumn,No Holiday,Yes,2253
14712,2018-08-21,8,Tuesday,0,17,Afternoon,30.8,52,2.3,1953,19.8,1.49,0.0,0.0,0.0,Summer,No Holiday,Yes,1663
15038,2018-02-22,2,Thursday,0,11,Morning,2.7,44,0.9,1761,-8.3,1.45,0.0,0.0,0.0,Winter,No Holiday,Yes,308
16381,2017-12-02,12,Saturday,1,20,Evening,4.6,51,1.2,1585,-4.6,0.0,0.0,0.0,0.0,Winter,No Holiday,Yes,359
11939,2018-03-31,3,Saturday,1,20,Evening,14.0,45,1.6,1729,2.2,0.0,0.0,0.0,0.0,Spring,No Holiday,Yes,972
18615,2017-12-28,12,Thursday,0,20,Evening,-0.3,62,1.3,1040,-6.7,0.0,0.0,0.0,0.0,Winter,No Holiday,Yes,319
17137,2018-08-17,8,Friday,0,11,Morning,28.8,33,2.2,1951,10.9,2.85,0.0,0.0,0.0,Summer,No Holiday,Yes,844
12138,2018-10-16,10,Tuesday,0,18,Evening,16.9,47,1.4,1637,5.5,0.11,0.0,0.0,0.0,Autumn,No Holiday,Yes,2716
12165,2018-11-09,11,Friday,0,14,Afternoon,15.0,49,2.8,518,4.3,1.53,0.0,0.0,0.0,Autumn,No Holiday,No,0
17147,2018-08-01,8,Wednesday,0,18,Evening,37.8,47,3.8,1931,24.5,1.09,0.0,0.0,0.0,Summer,No Holiday,Yes,1929
11740,2018-06-18,6,Monday,0,5,Dawn,20.0,80,0.3,824,16.4,0.0,0.0,0.0,0.0,Summer,No Holiday,Yes,383
18602,2018-07-09,7,Monday,0,17,Afternoon,20.3,93,1.4,1684,19.1,0.32,1.0,0.0,1.0,Summer,No Holiday,Yes,104
12440,2018-07-29,7,Sunday,1,1,Dawn,28.0,71,0.6,1799,22.2,0.0,0.0,0.0,0.0,Summer,No Holiday,Yes,636
12382,2018-10-11,10,Thursday,0,1,Dawn,7.3,59,0.1,2000,-0.1,0.0,0.0,0.0,0.0,Autumn,No Holiday,Yes,541
18115,2018-04-30,4,Monday,0,21,Evening,19.1,73,1.2,413,14.1,0.0,0.0,0.0,0.0,Spring,No Holiday,Yes,1711
11240,2018-11-14,11,Wednesday,0,23,Night,8.4,65,0.8,1216,2.1,0.0,0.0,0.0,0.0,Autumn,No Holiday,Yes,757
14868,2018-02-03,2,Saturday,1,15,Afternoon,-4.5,31,4.3,1979,-19.1,1.91,0.0,0.0,0.0,Winter,No Holiday,Yes,210
16633,2018-03-02,3,Friday,0,5,Dawn,-6.1,49,1.0,1621,-15.1,0.0,0.0,0.0,0.0,Spring,No Holiday,Yes,65
13465,2017-12-26,12,Tuesday,0,21,Evening,-6.6,39,3.2,2000,-18.2,0.0,0.0,0.0,0.0,Winter,No Holiday,Yes,220
13666,2018-02-03,2,Saturday,1,0,Dawn,-2.5,69,2.2,1366,-7.4,0.0,0.0,0.0,0.0,Winter,No Holiday,Yes,182
15748,2018-04-21,4,Saturday,1,3,Dawn,14.2,62,1.4,583,7.0,0.0,0.0,0.0,0.0,Spring,No Holiday,Yes,307
13076,2018-06-21,6,Thursday,0,6,Dawn,19.5,80,1.6,709,15.9,0.04,0.0,0.0,0.0,Summer,No Holiday,Yes,709
16856,2018-11-18,11,Sunday,1,1,Dawn,3.2,54,1.2,1968,-5.2,0.0,0.0,0.0,0.0,Autumn,No Holiday,Yes,443
11718,2018-03-09,3,Friday,0,11,Morning,5.9,51,0.7,1866,-3.4,0.91,0.0,0.0,0.0,Spring,No Holiday,Yes,444
12593,2018-08-31,8,Friday,0,1,Dawn,23.7,77,1.1,1099,19.4,0.0,0.0,0.0,0.0,Summer,No Holiday,Yes,652
17555,2018-07-27,7,Friday,0,14,Afternoon,34.1,57,1.8,667,24.3,1.13,0.0,0.0,0.0,Summer,No Holiday,Yes,507
10952,2018-07-06,7,Friday,0,8,Early Morning,23.2,60,1.7,2000,14.9,0.58,0.0,0.0,0.0,Summer,No Holiday,Yes,2273
14076,2018-11-28,11,Wednesday,0,21,Evening,4.2,31,1.1,1741,-11.4,0.0,0.0,0.0,0.0,Autumn,No Holiday,Yes,846
14418,2018-05-16,5,Wednesday,0,14,Afternoon,22.0,96,2.9,1327,21.3,0.39,0.0,0.0,0.0,Spring,No Holiday,Yes,248
12342,2018-05-10,5,Thursday,0,15,Afternoon,20.4,51,4.0,946,9.9,2.87,0.0,0.0,0.0,Spring,No Holiday,No,0
13540,2018-10-26,10,Friday,0,3,Dawn,12.8,57,0.5,1715,4.4,0.0,0.0,0.0,0.0,Autumn,No Holiday,Yes,327
17239,2018-03-04,3,Sunday,1,9,Early Morning,8.8,97,1.3,196,8.3,0.2,0.2,0.0,0.2,Spring,No Holiday,Yes,157
12736,2018-05-06,5,Sunday,1,6,Dawn,15.1,97,0.3,225,14.6,0.0,3.0,0.0,3.0,Spring,No Holiday,Yes,7
15377,2018-08-31,8,Friday,0,6,Dawn,22.9,83,0.0,1239,19.8,0.0,0.0,0.0,0.0,Summer,No Holiday,Yes,436
13888,2018-09-22,9,Saturday,1,13,Afternoon,24.9,32,3.9,2000,7.0,2.57,0.0,0.0,0.0,Autumn,No Holiday,Yes,1409
18269,2018-02-08,2,Thursday,0,13,Afternoon,0.3,30,1.4,1697,-15.2,2.11,0.0,0.0,0.0,Winter,No Holiday,Yes,270
11134,2018-11-25,11,Sunday,1,20,Evening,5.5,77,0.7,490,1.7,0.0,0.0,0.04,0.04,Autumn,No Holiday,Yes,570
14104,2018-01-30,1,Tuesday,0,20,Evening,-1.5,91,1.7,270,-2.7,0.0,0.0,0.32999999999999996,0.32999999999999996,Winter,No Holiday,Yes,72
13296,2018-01-21,1,Sunday,1,20,Evening,0.3,27,0.4,2000,-16.5,0.0,0.0,0.0,0.0,Winter,No Holiday,Yes,258
11541,2018-06-29,6,Friday,0,10,Morning,24.4,76,2.1,617,19.8,1.58,0.0,0.0,0.0,Summer,No Holiday,Yes,913
15036,2018-09-14,9,Friday,0,23,Night,22.3,87,1.1,1810,20.0,0.0,0.5,0.0,0.5,Autumn,No Holiday,Yes,810
13810,2018-04-17,4,Tuesday,0,4,Dawn,7.6,52,0.4,1935,-1.6,0.0,0.0,0.0,0.0,Spring,No Holiday,Yes,110
10014,2018-01-06,1,Saturday,1,12,Morning,0.0,35,2.3,1672,-13.6,1.07,0.0,0.0,0.0,Winter,No Holiday,Yes,283
12761,2018-05-06,5,Sunday,1,17,Afternoon,20.2,62,1.1,2000,12.6,1.74,0.0,0.0,0.0,Spring,No Holiday,Yes,1737
15662,2018-02-15,2,Thursday,0,16,Afternoon,3.2,16,3.0,2000,-20.2,1.45,0.0,0.0,0.0,Winter,Holiday,Yes,273
15981,2018-01-08,1,Monday,0,0,Dawn,0.9,42,1.1,1271,-10.5,0.0,0.0,0.0,0.0,Winter,No Holiday,Yes,149
14536,2018-01-20,1,Saturday,1,22,Night,1.5,48,2.4,422,-8.3,0.0,0.0,0.0,0.0,Winter,No Holiday,Yes,232
11132,2018-04-08,4,Sunday,1,7,Early Morning,0.9,54,0.8,2000,-7.3,0.11,0.0,0.0,0.0,Spring,No Holiday,Yes,159
10360,2018-08-31,8,Friday,0,10,Morning,25.5,53,2.3,1843,15.2,1.81,0.0,0.0,0.0,Summer,No Holiday,Yes,794
10933,2018-03-16,3,Friday,0,22,Night,4.9,46,0.8,2000,-5.7,0.0,0.0,0.0,0.0,Spring,No Holiday,Yes,660
17862,2018-11-06,11,Tuesday,0,2,Dawn,9.7,78,0.0,619,6.0,0.0,0.0,0.0,0.0,Autumn,No Holiday,No,0
16791,2018-07-31,7,Tuesday,0,15,Afternoon,37.8,34,1.8,1965,19.2,2.81,0.0,0.0,0.0,Summer,No Holiday,Yes,665
18340,2018-03-01,3,Thursday,0,21,Evening,-3.0,50,3.7,1301,-11.9,0.0,0.0,0.0,0.0,Spring,Holiday,Yes,212
17493,2018-10-18,10,Thursday,0,17,Afternoon,16.9,44,1.6,2000,4.5,0.44,0.0,0.0,0.0,Autumn,No Holiday,Yes,1804
15871,2018-10-26,10,Friday,0,19,Evening,12.9,66,2.5,1997,6.6,0.0,0.0,0.0,0.0,Autumn,No Holiday,Yes,1228
17501,2018-10-21,10,Sunday,1,6,Dawn,7.6,75,0.6,1181,3.4,0.0,0.0,0.0,0.0,Autumn,No Holiday,Yes,172
16481,2018-02-12,2,Monday,0,7,Early Morning,-9.5,35,1.1,2000,-22.1,0.0,0.0,0.0,0.0,Winter,No Holiday,Yes,236
17312,2018-06-20,6,Wednesday,0,18,Evening,27.0,55,3.1,1246,17.1,1.26,0.0,0.0,0.0,Summer,No Holiday,Yes,3384
10782,2018-03-10,3,Saturday,1,4,Dawn,0.9,81,0.6,620,-1.9,0.0,0.0,0.0,0.0,Spring,No Holiday,Yes,91
10226,2018-11-06,11,Tuesday,0,0,Dawn,10.0,73,0.5,700,5.3,0.0,0.0,0.0,0.0,Autumn,No Holiday,No,0
14020,2018-09-06,9,Thursday,0,7,Early Morning,20.9,83,0.4,1388,17.8,0.09,0.0,0.0,0.0,Autumn,No Holiday,Yes,1438
17307,2018-05-26,5,Saturday,1,22,Night,21.2,60,1.0,1192,13.1,0.0,0.0,0.0,0.0,Spring,No Holiday,Yes,1683
15015,2018-06-04,6,Monday,0,5,Dawn,19.2,56,0.9,1772,10.2,0.0,0.0,0.0,0.0,Summer,No Holiday,Yes,299
13343,2018-06-04,6,Monday,0,6,Dawn,18.9,53,0.3,1871,9.1,0.04,0.0,0.0,0.0,Summer,No Holiday,Yes,742
18596,2018-06-26,6,Tuesday,0,14,Afternoon,21.0,97,0.7,381,20.4,0.26,2.5,0.0,2.5,Summer,No Holiday,Yes,26
12119,2018-02-28,2,Wednesday,0,20,Evening,2.7,96,1.5,1479,2.1,0.0,0.0,0.0,0.0,Winter,No Holiday,Yes,8
18083,2018-07-26,7,Thursday,0,21,Evening,30.0,74,2.7,1056,24.8,0.0,0.0,0.0,0.0,Summer,No Holiday,Yes,1868
15339,2018-09-29,9,Saturday,1,8,Early Morning,15.7,65,1.2,2000,9.1,0.54,0.0,0.0,0.0,Autumn,No Holiday,Yes,848
13104,2018-07-09,7,Monday,0,0,Dawn,24.2,61,1.7,2000,16.1,0.0,0.0,0.0,0.0,Summer,No Holiday,Yes,900
11477,2018-10-07,10,Sunday,1,3,Dawn,15.5,88,1.7,1998,13.5,0.0,0.0,0.0,0.0,Autumn,No Holiday,Yes,372
15880,2018-05-19,5,Saturday,1,17,Afternoon,24.5,35,1.8,1927,8.0,1.93,0.0,0.0,0.0,Spring,No Holiday,Yes,2355
14626,2018-06-07,6,Thursday,0,10,Morning,22.0,69,2.0,488,16.0,2.04,0.0,0.0,0.0,Summer,No Holiday,Yes,914
14410,2018-11-09,11,Friday,0,1,Dawn,11.4,89,2.6,1376,9.6,0.0,0.0,0.0,0.0,Autumn,No Holiday,No,0
11723,2018-01-16,1,Tuesday,0,21,Evening,4.3,56,0.7,434,-3.7,0.0,0.0,0.0,0.0,Winter,No Holiday,Yes,342
14579,2018-10-09,10,Tuesday,0,20,Evening,17.0,49,1.4,2000,6.1,0.0,0.0,0.0,0.0,Autumn,Holiday,No,0
14996,2018-01-29,1,Monday,0,19,Evening,-7.1,40,3.2,2000,-18.4,0.0,0.0,0.0,0.0,Winter,No Holiday,Yes,282
11845,2017-12-10,12,Sunday,1,23,Night,-1.4,43,4.3,2000,-12.3,0.0,0.0,0.0,0.0,Winter,No Holiday,Yes,148
18086,2018-09-24,9,Monday,0,8,Early Morning,15.4,52,2.2,1985,5.5,0.49,0.0,0.0,0.0,Autumn,Holiday,Yes,296
16259,2018-07-18,7,Wednesday,0,23,Night,26.4,76,0.6,959,21.8,0.0,0.0,0.0,0.0,Summer,No Holiday,Yes,1354
16955,2018-01-02,1,Tuesday,0,3,Dawn,-2.5,62,0.4,1626,-8.7,0.0,0.0,0.0,0.0,Winter,No Holiday,Yes,41
17511,2018-10-28,10,Sunday,1,21,Evening,7.6,75,1.1,2000,3.4,0.0,0.0,0.0,0.0,Autumn,No Holiday,Yes,670
15607,2018-06-15,6,Friday,0,10,Morning,22.0,56,1.5,1989,12.8,1.91,0.0,0.0,0.0,Summer,No Holiday,Yes,1004
14719,2018-01-14,1,Sunday,1,6,Dawn,-4.3,79,1.1,433,-7.4,0.0,0.0,0.0,0.0,Winter,No Holiday,Yes,49
13415,2018-02-26,2,Monday,0,6,Dawn,-2.7,72,0.5,1253,-7.0,0.0,0.0,0.0,0.0,Winter,No Holiday,Yes,161
10029,2018-10-12,10,Friday,0,6,Dawn,5.8,67,1.1,2000,0.1,0.0,0.0,0.0,0.0,Autumn,No Holiday,Yes,412
17372,2017-12-13,12,Wednesday,0,1,Dawn,-10.2,52,1.6,1997,-18.2,0.0,0.0,0.0,0.0,Winter,No Holiday,Yes,183
15908,2018-10-28,10,Sunday,1,20,Evening,8.2,82,2.8,2000,5.3,0.0,0.0,0.0,0.0,Autumn,No Holiday,Yes,624
16866,2018-07-10,7,Tuesday,0,7,Early Morning,21.1,95,0.4,2000,20.2,0.14,0.0,0.0,0.0,Summer,No Holiday,Yes,1209
12586,2018-10-05,10,Friday,0,6,Dawn,17.7,55,1.5,2000,8.5,0.0,0.0,0.0,0.0,Autumn,No Holiday,Yes,531
11456,2018-02-18,2,Sunday,1,10,Morning,-1.8,23,0.6,2000,-20.2,0.8,0.0,0.0,0.0,Winter,No Holiday,Yes,156
17143,2018-11-08,11,Thursday,0,2,Dawn,11.8,84,1.6,1874,9.1,0.0,0.0,0.0,0.0,Autumn,No Holiday,Yes,122
12417,2018-11-30,11,Friday,0,11,Morning,5.3,43,1.8,1177,-6.2,1.38,0.0,0.0,0.0,Autumn,No Holiday,Yes,642
18534,2018-03-31,3,Saturday,1,11,Morning,16.7,45,1.9,1054,4.6,2.07,0.0,0.0,0.0,Spring,No Holiday,Yes,824
15349,2018-07-16,7,Monday,0,11,Morning,31.5,51,2.1,1498,20.1,2.83,0.0,0.0,0.0,Summer,No Holiday,Yes,688
10755,2018-02-02,2,Friday,0,19,Evening,-0.5,43,2.5,1666,-11.5,0.0,0.0,0.0,0.0,Winter,No Holiday,Yes,379
15030,2018-03-13,3,Tuesday,0,12,Morning,15.5,47,3.3,1303,4.2,2.44,0.0,0.0,0.0,Spring,No Holiday,Yes,626
17618,2018-04-25,4,Wednesday,0,5,Dawn,6.0,63,0.5,1984,-0.5,0.0,0.0,0.0,0.0,Spring,No Holiday,Yes,148
16726,2017-12-03,12,Sunday,1,11,Morning,5.1,87,1.4,321,3.1,0.25,0.0,0.0,0.0,Winter,No Holiday,Yes,273
17390,2018-11-29,11,Thursday,0,15,Afternoon,6.5,32,2.6,1321,-9.0,0.35,0.0,0.0,0.0,Autumn,No Holiday,Yes,652
13158,2018-08-16,8,Thursday,0,0,Dawn,28.4,68,0.9,2000,21.9,0.0,0.0,0.0,0.0,Summer,No Holiday,Yes,808
13721,2018-10-09,10,Tuesday,0,17,Afternoon,18.4,39,2.1,2000,4.1,0.45,0.0,0.0,0.0,Autumn,Holiday,No,0
15483,2018-03-24,3,Saturday,1,9,Early Morning,6.5,40,2.5,588,-6.1,0.69,0.0,0.0,0.0,Spring,No Holiday,Yes,456
13231,2018-04-22,4,Sunday,1,18,Evening,16.1,73,1.3,1298,11.2,0.11,0.5,0.0,0.5,Spring,No Holiday,Yes,63
16846,2018-10-11,10,Thursday,0,20,Evening,10.2,46,0.2,2000,-0.9,0.0,0.0,0.0,0.0,Autumn,No Holiday,Yes,1389
18286,2017-12-29,12,Friday,0,20,Evening,1.7,73,0.5,332,-2.6,0.0,0.0,0.0,0.0,Winter,No Holiday,Yes,292
14564,2018-06-30,6,Saturday,1,6,Dawn,22.1,85,0.5,303,19.4,0.01,0.1,0.0,0.1,Summer,No Holiday,Yes,310
15772,2018-09-23,9,Sunday,1,4,Dawn,16.2,69,0.7,2000,10.4,0.0,0.0,0.0,0.0,Autumn,Holiday,Yes,202
11620,2018-07-17,7,Tuesday,0,12,Morning,30.8,57,2.3,940,21.2,2.52,0.0,0.0,0.0,Summer,No Holiday,Yes,803
15595,2018-11-11,11,Sunday,1,17,Afternoon,8.9,57,3.0,1149,0.8,0.03,0.0,0.0,0.0,Autumn,No Holiday,Yes,660
16378,2018-08-27,8,Monday,0,4,Dawn,20.5,97,0.1,257,20.0,0.0,3.5,0.0,3.5,Summer,No Holiday,Yes,27
16187,2018-10-11,10,Thursday,0,15,Afternoon,13.0,39,3.7,2000,-0.6,1.09,0.0,0.0,0.0,Autumn,No Holiday,Yes,1054
15514,2017-12-28,12,Thursday,0,22,Night,0.0,63,1.3,968,-6.2,0.0,0.0,0.0,0.0,Winter,No Holiday,Yes,285
11186,2018-09-21,9,Friday,0,15,Afternoon,21.8,76,1.4,2000,17.3,1.2,0.0,0.0,0.0,Autumn,No Holiday,Yes,1288
10693,2018-11-23,11,Friday,0,5,Dawn,-2.4,37,0.5,2000,-15.1,0.0,0.0,0.0,0.0,Autumn,No Holiday,Yes,129
16533,2018-10-20,10,Saturday,1,21,Evening,13.3,55,2.0,1554,4.4,0.0,0.0,0.0,0.0,Autumn,No Holiday,Yes,1249
18318,2018-10-27,10,Saturday,1,12,Morning,10.4,41,4.9,1966,-2.3,1.33,0.0,0.0,0.0,Autumn,No Holiday,Yes,1076
11635,2018-07-06,7,Friday,0,6,Dawn,22.4,65,1.6,2000,15.4,0.01,0.0,0.0,0.0,Summer,No Holiday,Yes,723
13565,2018-01-27,1,Saturday,1,15,Afternoon,-3.7,26,2.2,1739,-20.4,1.04,0.0,0.0,0.0,Winter,No Holiday,Yes,192
17081,2018-01-27,1,Saturday,1,11,Morning,-9.6,33,1.1,1748,-22.9,0.9,0.0,0.03,0.03,Winter,No Holiday,Yes,125
17942,2018-01-15,1,Monday,0,0,Dawn,3.0,60,0.5,842,-4.0,0.0,0.0,0.0,0.0,Winter,No Holiday,Yes,171
13049,2018-11-19,11,Monday,0,3,Dawn,4.8,65,0.8,1179,-1.2,0.0,0.0,0.0,0.0,Autumn,No Holiday,Yes,133
13348,2018-08-07,8,Tuesday,0,10,Morning,30.1,65,1.2,2000,22.7,1.11,0.0,0.0,0.0,Summer,No Holiday,Yes,635
15994,2018-08-27,8,Monday,0,23,Night,23.6,87,0.6,2000,21.3,0.0,0.0,0.0,0.0,Summer,No Holiday,Yes,1113
18551,2018-10-24,10,Wednesday,0,22,Night,11.6,71,0.2,1858,6.5,0.0,0.0,0.0,0.0,Autumn,No Holiday,Yes,1281
17883,2018-04-26,4,Thursday,0,12,Morning,19.6,36,2.2,962,4.1,2.55,0.0,0.0,0.0,Spring,No Holiday,Yes,1197
12934,2018-10-31,10,Wednesday,0,8,Early Morning,3.7,67,1.8,1987,-1.8,0.15,0.0,0.0,0.0,Autumn,No Holiday,Yes,1907
13901,2018-09-04,9,Tuesday,0,11,Morning,24.5,64,2.7,2000,17.2,2.7,0.0,0.0,0.0,Autumn,No Holiday,Yes,940
15544,2018-04-02,4,Monday,0,21,Evening,17.9,64,2.1,1652,10.9,0.0,0.0,0.0,0.0,Spring,No Holiday,Yes,1503
15277,2017-12-02,12,Saturday,1,15,Afternoon,7.6,41,2.3,1953,-4.8,0.74,0.0,0.0,0.0,Winter,No Holiday,Yes,589
11850,2017-12-31,12,Sunday,1,11,Morning,0.8,62,2.8,801,-5.6,0.88,0.0,0.11000000000000001,0.11000000000000001,Winter,Holiday,Yes,142
16474,2018-05-07,5,Monday,0,16,Afternoon,24.5,38,2.2,1903,9.2,1.1,0.0,0.0,0.0,Spring,No Holiday,Yes,2213
17432,2018-06-03,6,Sunday,1,7,Early Morning,18.0,54,0.7,1997,8.5,0.51,0.0,0.0,0.0,Summer,No Holiday,Yes,423
11654,2018-07-14,7,Saturday,1,6,Dawn,24.6,86,0.4,1119,22.0,0.02,0.0,0.0,0.0,Summer,No Holiday,Yes,356
12376,2018-10-08,10,Monday,0,6,Dawn,9.5,68,0.9,2000,3.8,0.0,0.0,0.0,0.0,Autumn,No Holiday,Yes,503
13544,2018-06-01,6,Friday,0,17,Afternoon,29.2,35,4.3,1967,12.1,1.87,0.0,0.0,0.0,Summer,No Holiday,Yes,2123
17037,2017-12-10,12,Sunday,1,4,Dawn,0.4,52,1.6,1816,-8.3,0.0,0.0,0.0,0.0,Winter,No Holiday,Yes,71
13925,2018-04-12,4,Thursday,0,21,Evening,13.4,15,2.7,2000,-12.7,0.0,0.0,0.0,0.0,Spring,No Holiday,Yes,1241
11192,2018-08-15,8,Wednesday,0,22,Night,28.6,67,1.0,2000,21.8,0.0,0.0,0.0,0.0,Summer,Holiday,Yes,1350
14324,2018-08-01,8,Wednesday,0,16,Afternoon,39.4,39,2.5,1897,22.8,2.42,0.0,0.0,0.0,Summer,No Holiday,Yes,561
17658,2018-03-25,3,Sunday,1,16,Afternoon,16.5,39,3.1,366,2.4,1.91,0.0,0.0,0.0,Spring,No Holiday,Yes,1031
14820,2018-07-02,7,Monday,0,23,Night,23.4,98,0.3,662,23.0,0.0,0.5,0.0,0.5,Summer,No Holiday,Yes,168
14571,2018-03-07,3,Wednesday,0,16,Afternoon,10.4,36,3.2,1963,-4.0,1.02,0.0,0.0,0.0,Spring,No Holiday,Yes,646
13947,2018-06-29,6,Friday,0,9,Early Morning,22.9,86,1.7,538,20.4,0.76,0.0,0.0,0.0,Summer,No Holiday,Yes,1195
13530,2018-04-10,4,Tuesday,0,14,Afternoon,21.2,35,7.4,1992,5.1,1.8,0.0,0.0,0.0,Spring,No Holiday,Yes,913
17718,2018-04-19,4,Thursday,0,5,Dawn,7.9,59,1.4,1005,0.3,0.0,0.0,0.0,0.0,Spring,No Holiday,Yes,153
13562,2018-03-19,3,Monday,0,1,Dawn,6.7,84,0.8,320,4.1,0.0,0.0,0.0,0.0,Spring,No Holiday,Yes,38
17860,2018-08-26,8,Sunday,1,9,Early Morning,24.2,64,1.2,1985,16.9,1.48,0.0,0.0,0.0,Summer,No Holiday,Yes,725
17628,2018-01-14,1,Sunday,1,23,Night,2.7,60,0.6,794,-4.3,0.0,0.0,0.0,0.0,Winter,No Holiday,Yes,144
16671,2018-08-02,8,Thursday,0,7,Early Morning,30.5,53,1.1,2000,19.8,0.22,0.0,0.0,0.0,Summer,No Holiday,Yes,1006
17880,2018-05-20,5,Sunday,1,17,Afternoon,22.4,23,2.4,2000,0.2,1.89,0.0,0.0,0.0,Spring,No Holiday,Yes,2310
10757,2018-11-23,11,Friday,0,23,Night,2.1,32,1.5,1998,-12.9,0.0,0.0,0.0,0.0,Autumn,No Holiday,Yes,548
13847,2018-08-14,8,Tuesday,0,14,Afternoon,36.2,41,2.9,1814,20.8,2.68,0.0,0.0,0.0,Summer,No Holiday,Yes,627
11975,2018-02-22,2,Thursday,0,20,Evening,3.0,62,2.4,975,-3.5,0.0,0.0,0.0,0.0,Winter,No Holiday,Yes,348
13743,2018-06-28,6,Thursday,0,9,Early Morning,24.8,75,1.1,1418,20.0,0.63,0.0,0.0,0.0,Summer,No Holiday,Yes,1246
11617,2018-11-14,11,Wednesday,0,18,Evening,12.2,47,2.6,1427,1.2,0.01,0.0,0.0,0.0,Autumn,No Holiday,Yes,2200
15869,2018-07-05,7,Thursday,0,6,Dawn,23.5,80,0.3,768,19.8,0.0,0.0,0.0,0.0,Summer,No Holiday,Yes,438
15040,2018-06-18,6,Monday,0,1,Dawn,21.0,74,0.5,990,16.1,0.0,0.0,0.0,0.0,Summer,No Holiday,Yes,547
16689,2018-04-22,4,Sunday,1,17,Afternoon,17.9,65,1.2,965,11.2,0.13,1.0,0.0,1.0,Spring,No Holiday,Yes,46
15295,2018-03-12,3,Monday,0,2,Dawn,2.7,46,0.4,1363,-7.7,0.0,0.0,0.0,0.0,Spring,No Holiday,Yes,95
17911,2018-07-02,7,Monday,0,12,Morning,22.4,97,1.0,945,21.8,0.46,0.0,0.0,0.0,Summer,No Holiday,Yes,218
15493,2018-06-26,6,Tuesday,0,10,Morning,20.3,97,1.0,103,19.8,0.12,9.5,0.0,9.5,Summer,No Holiday,Yes,9
18583,2018-07-09,7,Monday,0,18,Evening,20.3,93,1.3,1832,19.1,0.22,0.5,0.0,0.5,Summer,No Holiday,Yes,140
10747,2018-09-13,9,Thursday,0,2,Dawn,21.2,66,0.8,2000,14.5,0.0,0.0,0.0,0.0,Autumn,No Holiday,Yes,437
17108,2017-12-01,12,Friday,0,1,Dawn,-5.5,38,0.8,2000,-17.6,0.0,0.0,0.0,0.0,Winter,No Holiday,Yes,204
10936,2018-01-22,1,Monday,0,7,Early Morning,-0.4,34,1.0,1989,-14.3,0.0,0.0,0.0,0.0,Winter,No Holiday,Yes,316
17441,2017-12-20,12,Wednesday,0,17,Afternoon,-0.9,70,1.1,299,-5.6,0.02,0.0,0.22000000000000003,0.22000000000000003,Winter,No Holiday,Yes,237
13372,2018-02-08,2,Thursday,0,0,Dawn,-8.2,50,1.1,1850,-16.8,0.0,0.0,0.0,0.0,Winter,No Holiday,Yes,136
15045,2018-03-22,3,Thursday,0,23,Night,3.4,69,1.1,895,-1.7,0.0,0.0,0.0,0.0,Spring,No Holiday,Yes,428
18644,2018-04-04,4,Wednesday,0,11,Morning,12.8,65,2.0,2000,6.3,1.76,0.0,0.0,0.0,Spring,No Holiday,Yes,744
10558,2018-04-16,4,Monday,0,2,Dawn,7.1,64,0.9,1756,0.7,0.0,0.0,0.0,0.0,Spring,No Holiday,Yes,126
18405,2017-12-25,12,Monday,0,9,Early Morning,-4.6,40,3.5,2000,-16.1,0.18,0.0,0.0,0.0,Winter,Holiday,Yes,107
13825,2018-10-23,10,Tuesday,0,4,Dawn,10.0,73,0.9,622,5.3,0.0,0.0,0.0,0.0,Autumn,No Holiday,Yes,170
15556,2018-01-31,1,Wednesday,0,3,Dawn,-2.2,83,1.0,977,-4.7,0.0,0.0,0.35,0.35,Winter,No Holiday,Yes,47
18361,2017-12-07,12,Thursday,0,23,Night,-3.2,50,2.1,1887,-12.1,0.0,0.0,0.0,0.0,Winter,No Holiday,Yes,259
17017,2018-07-31,7,Tuesday,0,17,Afternoon,38.0,36,1.3,1989,20.3,2.03,0.0,0.0,0.0,Summer,No Holiday,Yes,1184
11022,2018-09-29,9,Saturday,1,16,Afternoon,26.6,34,1.3,2000,9.4,1.69,0.0,0.0,0.0,Autumn,No Holiday,Yes,2254
11748,2018-08-10,8,Friday,0,1,Dawn,26.9,84,0.2,1061,23.9,0.0,0.0,0.0,0.0,Summer,No Holiday,Yes,708
15539,2018-08-09,8,Thursday,0,4,Dawn,28.1,81,1.5,1729,24.5,0.0,0.0,0.0,0.0,Summer,No Holiday,Yes,189
13889,2018-01-30,1,Tuesday,0,19,Evening,-1.7,91,1.1,167,-2.9,0.0,0.0,0.3,0.3,Winter,No Holiday,Yes,59
12096,2018-02-11,2,Sunday,1,20,Evening,-5.7,67,2.6,2000,-10.8,0.0,0.0,0.0,0.0,Winter,No Holiday,Yes,127
16669,2018-07-25,7,Wednesday,0,7,Early Morning,28.3,72,2.0,1200,22.7,0.1,0.0,0.0,0.0,Summer,No Holiday,Yes,1171
14425,2018-08-17,8,Friday,0,22,Night,26.0,45,1.7,2000,13.1,0.0,0.0,0.0,0.0,Summer,No Holiday,Yes,1787
10740,2018-03-24,3,Saturday,1,7,Early Morning,4.0,54,0.9,587,-4.4,0.01,0.0,0.0,0.0,Spring,No Holiday,Yes,198
14019,2017-12-19,12,Tuesday,0,22,Night,-5.5,56,1.5,2000,-12.9,0.0,0.0,0.2,0.2,Winter,No Holiday,Yes,213
18123,2018-11-04,11,Sunday,1,22,Night,11.2,67,1.3,940,5.2,0.0,0.0,0.0,0.0,Autumn,No Holiday,Yes,912
16995,2018-03-09,3,Friday,0,20,Evening,4.3,67,1.1,1125,-1.2,0.0,0.0,0.0,0.0,Spring,No Holiday,Yes,535
17871,2018-03-28,3,Wednesday,0,9,Early Morning,12.4,66,1.0,546,6.2,0.91,0.0,0.0,0.0,Spring,No Holiday,Yes,723
12108,2018-03-19,3,Monday,0,19,Evening,8.4,51,3.3,1977,-1.1,0.01,0.0,0.0,0.0,Spring,No Holiday,Yes,818
13324,2018-05-18,5,Friday,0,2,Dawn,18.8,98,1.5,237,18.4,0.0,0.5,0.0,0.5,Spring,No Holiday,Yes,48
10332,2018-04-15,4,Sunday,1,15,Afternoon,13.1,54,4.1,1264,3.9,1.98,0.0,0.0,0.0,Spring,No Holiday,Yes,62
16124,2017-12-23,12,Saturday,1,3,Dawn,5.4,77,1.6,583,1.6,0.0,0.0,0.0,0.0,Winter,No Holiday,Yes,230
17776,2018-10-17,10,Wednesday,0,15,Afternoon,18.3,21,2.7,2000,-4.4,2.02,0.0,0.0,0.0,Autumn,No Holiday,Yes,1175
18663,2018-03-17,3,Saturday,1,20,Evening,7.9,54,2.3,1005,-0.8,0.0,0.0,0.0,0.0,Spring,No Holiday,Yes,688
11877,2018-10-17,10,Wednesday,0,10,Morning,14.0,58,1.6,841,5.8,1.53,0.0,0.0,0.0,Autumn,No Holiday,Yes,842
16983,2018-07-06,7,Friday,0,15,Afternoon,26.9,51,2.0,2000,15.9,1.95,0.0,0.0,0.0,Summer,No Holiday,Yes,1346
15301,2017-12-15,12,Friday,0,4,Dawn,-7.1,59,0.8,1058,-13.7,0.0,0.0,0.0,0.0,Winter,No Holiday,Yes,69
17140,2018-11-30,11,Friday,0,9,Early Morning,-0.4,57,0.6,1270,-7.8,0.45,0.0,0.0,0.0,Autumn,No Holiday,Yes,809
16626,2018-06-02,6,Saturday,1,13,Afternoon,29.6,24,2.4,1873,6.8,3.42,0.0,0.0,0.0,Summer,No Holiday,Yes,1334
15660,2018-05-09,5,Wednesday,0,0,Dawn,11.6,57,1.9,2000,3.3,0.0,0.0,0.0,0.0,Spring,No Holiday,Yes,552
14499,2018-04-24,4,Tuesday,0,9,Early Morning,12.0,71,1.4,2000,6.8,0.92,0.0,0.0,0.0,Spring,No Holiday,Yes,814
11498,2018-10-23,10,Tuesday,0,2,Dawn,10.6,68,0.9,603,4.9,0.0,0.0,0.0,0.0,Autumn,No Holiday,Yes,356
13605,2018-03-25,3,Sunday,1,23,Night,8.0,82,1.3,196,5.1,0.0,0.0,0.0,0.0,Spring,No Holiday,Yes,336
11332,2018-08-27,8,Monday,0,9,Early Morning,21.5,97,0.9,1543,20.9,0.19,0.5,0.0,0.5,Summer,No Holiday,Yes,75
14439,2018-11-27,11,Tuesday,0,1,Dawn,4.5,82,0.4,350,1.6,0.0,0.0,0.0,0.0,Autumn,No Holiday,Yes,408
16692,2018-01-16,1,Tuesday,0,17,Afternoon,5.2,58,0.8,462,-2.4,0.08,0.0,0.0,0.0,Winter,No Holiday,Yes,381
16771,2018-04-16,4,Monday,0,9,Early Morning,10.1,42,0.8,1911,-2.2,1.57,0.0,0.0,0.0,Spring,No Holiday,Yes,922
13262,2018-01-06,1,Saturday,1,15,Afternoon,2.3,27,2.2,1877,-14.8,0.92,0.0,0.0,0.0,Winter,No Holiday,Yes,373
14539,2017-12-02,12,Saturday,1,12,Morning,4.3,41,1.3,1666,-7.8,1.09,0.0,0.0,0.0,Winter,No Holiday,Yes,479
14792,2018-06-22,6,Friday,0,16,Afternoon,30.8,31,3.8,1246,11.7,2.17,0.0,0.0,0.0,Summer,No Holiday,Yes,1466
11107,2018-11-24,11,Saturday,1,14,Afternoon,3.0,82,1.7,1589,0.2,0.55,0.0,0.5,0.5,Autumn,No Holiday,Yes,298
11103,2018-09-09,9,Sunday,1,10,Morning,22.9,45,1.5,2000,10.3,2.1,0.0,0.0,0.0,Autumn,No Holiday,Yes,928
12228,2018-06-23,6,Saturday,1,20,Evening,24.6,65,2.1,1018,17.5,0.1,0.0,0.0,0.0,Summer,No Holiday,Yes,2262
14318,2018-01-23,1,Tuesday,0,0,Dawn,-5.3,77,3.8,894,-8.7,0.0,0.0,0.1,0.1,Winter,No Holiday,Yes,96
10930,2018-08-23,8,Thursday,0,18,Evening,30.6,55,2.3,2000,20.5,0.11,0.0,0.0,0.0,Summer,No Holiday,Yes,1447
16570,2018-10-24,10,Wednesday,0,8,Early Morning,8.1,85,1.2,772,5.7,0.26,0.0,0.0,0.0,Autumn,No Holiday,Yes,2108
15430,2017-12-16,12,Saturday,1,22,Night,-7.6,41,1.6,2000,-18.6,0.0,0.0,0.0,0.0,Winter,No Holiday,Yes,155
15133,2018-01-26,1,Friday,0,14,Afternoon,-12.1,27,2.5,1879,-27.3,1.25,0.0,0.04,0.04,Winter,No Holiday,Yes,116
13290,2018-02-26,2,Monday,0,20,Evening,4.3,32,1.7,1101,-10.9,0.0,0.0,0.0,0.0,Winter,No Holiday,Yes,483
16267,2017-12-16,12,Saturday,1,2,Dawn,-4.1,73,2.1,567,-8.2,0.0,0.0,0.0,0.0,Winter,No Holiday,Yes,228
12129,2018-08-23,8,Thursday,0,4,Dawn,29.3,54,1.0,2000,19.0,0.0,0.0,0.0,0.0,Summer,No Holiday,Yes,168
12232,2018-09-25,9,Tuesday,0,4,Dawn,12.0,69,0.5,2000,6.4,0.0,0.0,0.0,0.0,Autumn,Holiday,Yes,157
15861,2018-03-28,3,Wednesday,0,17,Afternoon,17.6,45,4.2,1947,5.5,0.7,0.0,0.0,0.0,Spring,No Holiday,Yes,1221
11106,2018-01-03,1,Wednesday,0,9,Early Morning,-6.8,44,1.7,1858,-17.0,0.16,0.0,0.0,0.0,Winter,No Holiday,Yes,342
17587,2018-04-29,4,Sunday,1,23,Night,15.2,51,1.0,858,5.1,0.0,0.0,0.0,0.0,Spring,No Holiday,Yes,820
10898,2018-08-22,8,Wednesday,0,4,Dawn,23.6,81,0.8,1943,20.1,0.0,0.0,0.0,0.0,Summer,No Holiday,Yes,214
18154,2018-05-05,5,Saturday,1,18,Evening,22.5,31,3.4,1953,4.5,0.79,0.0,0.0,0.0,Spring,No Holiday,Yes,1929
10605,2018-07-21,7,Saturday,1,4,Dawn,25.6,77,1.2,1203,21.2,0.0,0.0,0.0,0.0,Summer,No Holiday,Yes,347
14156,2018-09-30,9,Sunday,1,6,Dawn,15.5,80,0.4,2000,12.0,0.0,0.0,0.0,0.0,Autumn,No Holiday,No,0
13840,2018-09-09,9,Sunday,1,9,Early Morning,20.4,51,1.8,2000,9.9,1.43,0.0,0.0,0.0,Autumn,No Holiday,Yes,803
18691,2018-03-08,3,Thursday,0,6,Dawn,3.1,89,0.2,903,1.4,0.0,1.5,0.0,1.5,Spring,No Holiday,Yes,32
11919,2018-07-16,7,Monday,0,19,Evening,31.2,52,2.4,1990,20.1,0.57,0.0,0.0,0.0,Summer,No Holiday,Yes,2368
17440,2018-09-16,9,Sunday,1,13,Afternoon,23.6,66,2.1,1689,16.8,0.87,0.0,0.0,0.0,Autumn,No Holiday,Yes,754
11623,2018-05-17,5,Thursday,0,18,Evening,22.6,97,1.1,304,22.0,0.07,1.5,0.0,1.5,Spring,No Holiday,Yes,431
11391,2018-06-21,6,Thursday,0,11,Morning,25.5,57,1.8,943,16.3,3.01,0.0,0.0,0.0,Summer,No Holiday,Yes,1066
11294,2018-01-14,1,Sunday,1,7,Early Morning,-4.4,80,1.4,411,-7.3,0.0,0.0,0.0,0.0,Winter,No Holiday,Yes,59
16237,2018-08-27,8,Monday,0,0,Dawn,20.5,85,1.0,2000,17.8,0.0,0.0,0.0,0.0,Summer,No Holiday,Yes,325
12167,2018-01-19,1,Friday,0,13,Afternoon,4.7,26,2.6,1370,-13.2,1.11,0.0,0.0,0.0,Winter,No Holiday,Yes,341
17651,2018-09-11,9,Tuesday,0,12,Morning,24.5,40,1.3,1973,10.0,2.64,0.0,0.0,0.0,Autumn,No Holiday,Yes,1192
13559,2018-01-05,1,Friday,0,2,Dawn,-5.3,52,1.6,1481,-13.6,0.0,0.0,0.0,0.0,Winter,No Holiday,Yes,118
11884,2018-03-03,3,Saturday,1,10,Morning,5.1,27,1.2,1563,-12.4,1.54,0.0,0.0,0.0,Spring,No Holiday,Yes,354
10606,2017-12-10,12,Sunday,1,13,Afternoon,3.3,87,1.1,230,1.3,0.54,0.0,0.21000000000000002,0.21000000000000002,Winter,No Holiday,Yes,182
13731,2018-11-13,11,Tuesday,0,14,Afternoon,15.0,37,1.6,1703,0.4,1.82,0.0,0.0,0.0,Autumn,No Holiday,Yes,928
13070,2018-01-05,1,Friday,0,22,Night,-3.8,53,1.3,1300,-12.0,0.0,0.0,0.0,0.0,Winter,No Holiday,Yes,281
10304,2018-10-18,10,Thursday,0,12,Morning,16.8,50,1.6,2000,6.3,1.94,0.0,0.0,0.0,Autumn,No Holiday,Yes,1132
12897,2018-11-02,11,Friday,0,22,Night,10.0,56,2.0,1290,1.6,0.0,0.0,0.0,0.0,Autumn,No Holiday,Yes,1106
12410,2017-12-16,12,Saturday,1,6,Dawn,-6.1,69,2.9,765,-10.8,0.0,0.0,0.0,0.0,Winter,No Holiday,Yes,66
17747,2018-07-23,7,Monday,0,4,Dawn,29.3,51,0.9,1498,18.1,0.0,0.0,0.0,0.0,Summer,No Holiday,Yes,174
17013,2018-11-01,11,Thursday,0,3,Dawn,4.2,65,0.7,1962,-1.8,0.0,0.0,0.0,0.0,Autumn,No Holiday,Yes,242
11927,2018-03-25,3,Sunday,1,4,Dawn,5.3,82,1.0,200,2.4,0.0,0.0,0.0,0.0,Spring,No Holiday,Yes,90
10572,2018-10-13,10,Saturday,1,6,Dawn,6.6,80,1.0,1424,3.3,0.0,0.0,0.0,0.0,Autumn,No Holiday,Yes,209
14552,2018-04-14,4,Saturday,1,4,Dawn,10.3,72,1.0,2000,5.4,0.0,0.8,0.0,0.8,Spring,No Holiday,Yes,39
12784,2018-10-08,10,Monday,0,23,Night,13.5,55,0.5,2000,4.6,0.0,0.0,0.0,0.0,Autumn,No Holiday,Yes,1196
14975,2018-06-10,6,Sunday,1,11,Morning,21.3,56,1.5,1989,12.1,1.18,0.0,0.0,0.0,Summer,No Holiday,Yes,1074
13503,2018-03-24,3,Saturday,1,16,Afternoon,12.3,61,3.4,359,4.9,1.82,0.0,0.0,0.0,Spring,No Holiday,Yes,947
17077,2018-04-25,4,Wednesday,0,1,Dawn,8.4,58,1.1,2000,0.6,0.0,0.0,0.0,0.0,Spring,No Holiday,Yes,444
15358,2018-11-19,11,Monday,0,23,Night,4.2,42,2.2,1360,-7.6,0.0,0.0,0.0,0.0,Autumn,No Holiday,Yes,629
11148,2018-03-29,3,Thursday,0,15,Afternoon,20.8,42,3.1,576,7.4,2.1,0.0,0.0,0.0,Spring,No Holiday,Yes,781
15551,2018-04-25,4,Wednesday,0,11,Morning,17.5,25,1.3,1843,-2.7,2.74,0.0,0.0,0.0,Spring,No Holiday,Yes,938
15189,2018-09-07,9,Friday,0,2,Dawn,21.3,76,2.2,1559,16.8,0.0,0.5,0.0,0.5,Autumn,No Holiday,Yes,259
11102,2018-03-15,3,Thursday,0,9,Early Morning,14.1,98,1.1,253,13.7,0.06,17.0,0.0,17.0,Spring,No Holiday,Yes,32
13829,2018-06-15,6,Friday,0,12,Morning,24.4,50,1.6,2000,13.2,3.07,0.0,0.0,0.0,Summer,No Holiday,Yes,1193
12149,2017-12-10,12,Sunday,1,15,Afternoon,6.7,63,4.5,715,0.1,0.35,0.0,0.1,0.1,Winter,No Holiday,Yes,180
15603,2018-02-14,2,Wednesday,0,22,Night,0.3,33,4.0,1436,-14.1,0.0,0.0,0.0,0.0,Winter,No Holiday,Yes,218
13604,2017-12-11,12,Monday,0,23,Night,-10.7,53,1.2,2000,-18.4,0.0,0.0,0.0,0.0,Winter,No Holiday,Yes,174
11305,2018-09-18,9,Tuesday,0,19,Evening,23.2,57,2.2,2000,14.2,0.03,0.0,0.0,0.0,Autumn,No Holiday,No,0
16371,2018-02-04,2,Sunday,1,17,Afternoon,-5.9,27,3.6,1974,-21.9,0.81,0.0,0.0,0.0,Winter,No Holiday,Yes,184
14308,2018-11-09,11,Friday,0,11,Morning,13.3,59,4.1,1970,5.4,1.43,0.0,0.0,0.0,Autumn,No Holiday,No,0
10421,2018-06-19,6,Tuesday,0,6,Dawn,19.1,75,0.4,1039,14.5,0.08,0.0,0.0,0.0,Summer,No Holiday,Yes,746
14478,2018-06-02,6,Saturday,1,14,Afternoon,29.8,23,3.6,1945,6.4,3.32,0.0,0.0,0.0,Summer,No Holiday,Yes,1396
12609,2018-06-23,6,Saturday,1,23,Night,22.5,77,2.7,396,18.2,0.0,0.0,0.0,0.0,Summer,No Holiday,Yes,1402
15573,2018-10-21,10,Sunday,1,20,Evening,13.8,52,1.6,1341,4.0,0.0,0.0,0.0,0.0,Autumn,No Holiday,Yes,1306
17846,2018-01-03,1,Wednesday,0,13,Afternoon,-2.2,31,2.3,1910,-17.0,1.13,0.0,0.0,0.0,Winter,No Holiday,Yes,279
16082,2018-10-27,10,Saturday,1,4,Dawn,8.8,61,2.8,2000,1.6,0.0,0.0,0.0,0.0,Autumn,No Holiday,Yes,233
11095,2018-08-24,8,Friday,0,16,Afternoon,24.6,85,2.7,1973,21.9,0.55,0.0,0.0,0.0,Summer,No Holiday,Yes,455
18419,2018-09-04,9,Tuesday,0,18,Evening,26.8,53,2.6,2000,16.4,0.8,0.0,0.0,0.0,Autumn,No Holiday,Yes,3166
16182,2018-04-19,4,Thursday,0,3,Dawn,8.6,53,1.5,1185,-0.4,0.0,0.0,0.0,0.0,Spring,No Holiday,Yes,206
15649,2018-06-09,6,Saturday,1,20,Evening,23.7,62,1.6,1402,15.9,0.0,0.4,0.0,0.4,Summer,No Holiday,Yes,246
14622,2018-07-23,7,Monday,0,14,Afternoon,34.3,45,2.2,1967,20.6,1.64,0.0,0.0,0.0,Summer,No Holiday,Yes,670
15827,2018-06-18,6,Monday,0,4,Dawn,20.2,78,0.7,884,16.2,0.0,0.0,0.0,0.0,Summer,No Holiday,Yes,164
17057,2018-05-22,5,Tuesday,0,18,Evening,17.9,93,1.2,258,16.7,0.13,2.0,0.0,2.0,Spring,Holiday,Yes,30
11340,2018-03-16,3,Friday,0,11,Morning,8.2,45,2.4,1992,-3.0,2.38,0.0,0.0,0.0,Spring,No Holiday,Yes,557
18053,2018-04-24,4,Tuesday,0,0,Dawn,9.8,86,1.3,2000,7.5,0.0,0.0,0.0,0.0,Spring,No Holiday,Yes,213
18319,2018-09-14,9,Friday,0,1,Dawn,21.6,75,1.1,1671,16.9,0.0,0.0,0.0,0.0,Autumn,No Holiday,Yes,775
17116,2017-12-21,12,Thursday,0,8,Early Morning,-5.6,89,0.9,371,-7.1,0.0,0.0,0.22000000000000003,0.22000000000000003,Winter,No Holiday,Yes,423
10109,2018-07-10,7,Tuesday,0,15,Afternoon,25.7,77,0.5,1875,21.3,0.48,0.0,0.0,0.0,Summer,No Holiday,Yes,1169
17423,2018-03-22,3,Thursday,0,22,Night,3.9,66,2.7,990,-1.8,0.0,0.0,0.0,0.0,Spring,No Holiday,Yes,621
14222,2018-07-16,7,Monday,0,14,Afternoon,33.7,45,2.5,1843,20.1,3.23,0.0,0.0,0.0,Summer,No Holiday,Yes,691
13788,2017-12-26,12,Tuesday,0,3,Dawn,-2.6,70,1.0,1992,-7.3,0.0,0.0,0.0,0.0,Winter,No Holiday,Yes,72
17922,2018-02-09,2,Friday,0,17,Afternoon,4.8,38,3.0,1582,-8.3,0.47,0.0,0.0,0.0,Winter,No Holiday,Yes,422
14491,2018-07-15,7,Sunday,1,10,Morning,28.5,66,1.7,1319,21.5,1.83,0.0,0.0,0.0,Summer,No Holiday,Yes,701
13984,2018-05-01,5,Tuesday,0,12,Morning,22.1,67,2.7,462,15.6,0.81,0.0,0.0,0.0,Spring,Holiday,Yes,1315
13611,2018-08-11,8,Saturday,1,5,Dawn,26.9,69,0.7,2000,20.7,0.0,0.0,0.0,0.0,Summer,No Holiday,Yes,263
17454,2018-01-08,1,Monday,0,8,Early Morning,0.7,45,0.7,1339,-9.9,0.0,0.0,0.0,0.0,Winter,No Holiday,Yes,701
13691,2018-05-10,5,Thursday,0,17,Afternoon,19.2,54,3.4,1075,9.6,1.83,0.0,0.0,0.0,Spring,No Holiday,No,0
13870,2018-03-15,3,Thursday,0,10,Morning,14.2,98,1.2,299,13.8,0.14,0.0,0.0,0.0,Spring,No Holiday,Yes,27
11193,2018-08-08,8,Wednesday,0,17,Afternoon,35.0,37,2.6,2000,18.1,1.72,0.0,0.0,0.0,Summer,No Holiday,Yes,1266
16470,2018-06-02,6,Saturday,1,17,Afternoon,28.9,22,2.7,1965,5.0,1.93,0.0,0.0,0.0,Summer,No Holiday,Yes,2025
17825,2018-01-07,1,Sunday,1,11,Morning,0.5,35,1.4,1558,-13.2,0.75,0.0,0.0,0.0,Winter,No Holiday,Yes,214
15028,2018-01-29,1,Monday,0,7,Early Morning,-11.1,37,1.6,2000,-22.9,0.0,0.0,0.0,0.0,Winter,No Holiday,Yes,231
11319,2017-12-18,12,Monday,0,17,Afternoon,0.4,84,0.8,317,-1.9,0.15,0.0,0.27,0.27,Winter,No Holiday,Yes,175
14939,2018-05-09,5,Wednesday,0,16,Afternoon,21.4,35,2.7,1838,5.2,2.38,0.0,0.0,0.0,Spring,No Holiday,Yes,1603
13556,2018-07-09,7,Monday,0,1,Dawn,23.7,64,0.8,2000,16.4,0.0,0.0,0.0,0.0,Summer,No Holiday,Yes,554
15332,2018-09-17,9,Monday,0,6,Dawn,18.8,88,1.2,798,16.7,0.0,0.0,0.0,0.0,Autumn,No Holiday,Yes,625
14738,2018-06-27,6,Wednesday,0,22,Night,22.7,77,2.0,1099,18.4,0.0,0.0,0.0,0.0,Summer,No Holiday,Yes,1959
16009,2018-05-22,5,Tuesday,0,11,Morning,21.9,55,1.4,1820,12.4,1.87,0.0,0.0,0.0,Spring,Holiday,Yes,1438
16772,2017-12-27,12,Wednesday,0,13,Afternoon,-4.7,18,3.7,2000,-25.4,1.16,0.0,0.0,0.0,Winter,No Holiday,Yes,258
16832,2018-09-29,9,Saturday,1,18,Evening,24.8,41,0.5,2000,10.6,0.33,0.0,0.0,0.0,Autumn,No Holiday,Yes,2397
17268,2018-01-07,1,Sunday,1,10,Morning,-1.8,40,1.8,1555,-13.6,0.48,0.0,0.0,0.0,Winter,No Holiday,Yes,179
15099,2018-02-21,2,Wednesday,0,3,Dawn,-3.4,32,0.9,1977,-17.7,0.0,0.0,0.0,0.0,Winter,No Holiday,Yes,59
16576,2018-05-16,5,Wednesday,0,16,Afternoon,21.8,97,1.8,206,21.2,0.18,0.0,0.0,0.0,Spring,No Holiday,Yes,223
14155,2018-10-24,10,Wednesday,0,7,Early Morning,7.8,90,0.6,763,6.2,0.0,0.0,0.0,0.0,Autumn,No Holiday,Yes,1165
16898,2018-10-19,10,Friday,0,19,Evening,15.3,53,2.4,2000,5.7,0.0,0.0,0.0,0.0,Autumn,No Holiday,Yes,1769
14041,2018-11-26,11,Monday,0,15,Afternoon,13.2,43,1.1,714,0.8,1.26,0.0,0.0,0.0,Autumn,No Holiday,Yes,794
16732,2018-10-31,10,Wednesday,0,13,Afternoon,11.2,34,2.6,1940,-4.1,2.26,0.0,0.0,0.0,Autumn,No Holiday,Yes,983
12515,2018-01-22,1,Monday,0,10,Morning,1.1,31,0.7,1898,-14.1,0.25,0.0,0.0,0.0,Winter,No Holiday,Yes,221
16426,2018-02-19,2,Monday,0,16,Afternoon,6.3,35,2.9,1117,-8.0,1.1,0.0,0.0,0.0,Winter,No Holiday,Yes,403
14748,2018-11-26,11,Monday,0,3,Dawn,2.4,90,1.0,269,0.9,0.0,0.0,0.03,0.03,Autumn,No Holiday,Yes,119
18588,2018-06-03,6,Sunday,1,9,Early Morning,22.7,39,0.7,1880,8.0,1.91,0.0,0.0,0.0,Summer,No Holiday,Yes,831
16766,2018-03-28,3,Wednesday,0,20,Evening,15.2,65,2.2,988,8.6,0.0,0.0,0.0,0.0,Spring,No Holiday,Yes,1133
11566,2018-08-18,8,Saturday,1,6,Dawn,21.6,60,1.0,2000,13.4,0.0,0.0,0.0,0.0,Summer,No Holiday,Yes,397
14165,2017-12-21,12,Thursday,0,2,Dawn,-2.2,88,1.4,348,-3.9,0.0,0.0,0.22000000000000003,0.22000000000000003,Winter,No Holiday,Yes,132
14526,2018-11-01,11,Thursday,0,14,Afternoon,14.9,31,2.5,1872,-2.1,2.06,0.0,0.0,0.0,Autumn,No Holiday,Yes,1040
11201,2018-05-09,5,Wednesday,0,11,Morning,17.6,40,1.4,1955,3.8,2.88,0.0,0.0,0.0,Spring,No Holiday,Yes,1015
12587,2017-12-31,12,Sunday,1,14,Afternoon,3.0,28,3.8,1956,-13.7,1.1,0.0,0.0,0.0,Winter,Holiday,Yes,262
10612,2018-10-19,10,Friday,0,12,Morning,17.4,33,1.1,2000,0.9,2.39,0.0,0.0,0.0,Autumn,No Holiday,Yes,1161
13097,2018-01-23,1,Tuesday,0,21,Evening,-13.2,49,4.1,2000,-21.6,0.0,0.0,0.09,0.09,Winter,No Holiday,Yes,145
15425,2018-04-07,4,Saturday,1,5,Dawn,1.6,62,4.9,1372,-4.9,0.0,0.0,0.0,0.0,Spring,No Holiday,Yes,57
12816,2018-07-11,7,Wednesday,0,9,Early Morning,25.6,96,0.6,450,24.9,0.41,0.0,0.0,0.0,Summer,No Holiday,Yes,634
13265,2018-04-28,4,Saturday,1,17,Afternoon,20.1,29,3.3,1840,1.4,1.78,0.0,0.0,0.0,Spring,No Holiday,Yes,2043
16273,2018-07-14,7,Saturday,1,4,Dawn,25.1,82,1.5,1336,21.8,0.0,0.0,0.0,0.0,Summer,No Holiday,Yes,307
12014,2018-02-22,2,Thursday,0,23,Night,2.9,63,2.6,1253,-3.4,0.0,0.0,0.0,0.0,Winter,No Holiday,Yes,202
11076,2018-06-27,6,Wednesday,0,8,Early Morning,19.7,97,1.5,200,19.2,0.25,0.0,0.0,0.0,Summer,No Holiday,Yes,1995
15253,2018-07-13,7,Friday,0,23,Night,26.2,84,1.0,1646,23.2,0.0,0.0,0.0,0.0,Summer,No Holiday,Yes,1439
10905,2018-07-23,7,Monday,0,18,Evening,33.9,53,3.2,1886,22.9,0.94,0.0,0.0,0.0,Summer,No Holiday,Yes,2405
13282,2018-07-10,7,Tuesday,0,9,Early Morning,22.3,86,1.0,2000,19.8,0.42,0.0,0.0,0.0,Summer,No Holiday,Yes,1061
16542,2018-09-26,9,Wednesday,0,1,Dawn,16.6,53,1.7,2000,6.9,0.0,0.0,0.0,0.0,Autumn,No Holiday,Yes,594
15001,2018-10-28,10,Sunday,1,2,Dawn,6.6,59,0.4,2000,-0.8,0.0,0.0,0.0,0.0,Autumn,No Holiday,Yes,450
14485,2018-02-10,2,Saturday,1,16,Afternoon,0.3,17,4.9,2000,-21.9,0.87,0.0,0.0,0.0,Winter,No Holiday,Yes,291
12459,2018-10-16,10,Tuesday,0,8,Early Morning,10.4,63,0.6,1367,3.6,0.19,0.0,0.0,0.0,Autumn,No Holiday,Yes,2134
13436,2017-12-02,12,Saturday,1,8,Early Morning,-4.2,79,2.1,1436,-7.3,0.01,0.0,0.0,0.0,Winter,No Holiday,Yes,219
18707,2017-12-04,12,Monday,0,21,Evening,-4.6,43,4.5,2000,-15.3,0.0,0.0,0.0,0.0,Winter,No Holiday,Yes,397
13722,2018-02-05,2,Monday,0,7,Early Morning,-11.6,44,1.6,2000,-21.4,0.0,0.0,0.0,0.0,Winter,No Holiday,Yes,227
11476,2018-03-21,3,Wednesday,0,19,Evening,2.0,81,0.7,2000,-0.9,0.0,0.0,0.0,0.0,Spring,No Holiday,Yes,402
14871,2018-01-30,1,Tuesday,0,16,Afternoon,-2.2,76,1.7,233,-5.8,0.25,0.0,0.0,0.0,Winter,No Holiday,Yes,94
15629,2018-07-30,7,Monday,0,4,Dawn,26.7,62,1.0,2000,18.8,0.0,0.0,0.0,0.0,Summer,No Holiday,Yes,209
16139,2018-10-20,10,Saturday,1,7,Early Morning,7.0,82,0.5,867,4.1,0.0,0.0,0.0,0.0,Autumn,No Holiday,Yes,427
14260,2018-09-19,9,Wednesday,0,8,Early Morning,19.8,71,1.1,1534,14.3,0.26,0.0,0.0,0.0,Autumn,No Holiday,No,0
17546,2018-06-21,6,Thursday,0,13,Afternoon,27.3,33,3.4,1921,9.6,3.42,0.0,0.0,0.0,Summer,No Holiday,Yes,1147
10800,2018-11-05,11,Monday,0,11,Morning,13.8,47,1.2,994,2.6,1.71,0.0,0.0,0.0,Autumn,No Holiday,Yes,829
14484,2018-05-03,5,Thursday,0,7,Early Morning,8.4,83,1.4,1400,5.6,0.31,0.0,0.0,0.0,Spring,No Holiday,Yes,1160
16493,2018-09-01,9,Saturday,1,19,Evening,27.8,48,1.1,2000,15.7,0.08,0.0,0.0,0.0,Autumn,No Holiday,Yes,1891
10008,2018-08-16,8,Thursday,0,20,Evening,27.9,47,1.9,2000,15.5,0.01,0.0,0.0,0.0,Summer,No Holiday,Yes,2114
12413,2018-03-27,3,Tuesday,0,16,Afternoon,19.5,50,3.4,613,8.7,1.6,0.0,0.0,0.0,Spring,No Holiday,Yes,774
15838,2018-06-15,6,Friday,0,20,Evening,22.6,51,1.3,2000,11.9,0.06,0.0,0.0,0.0,Summer,No Holiday,Yes,2441
12100,2018-07-31,7,Tuesday,0,11,Morning,34.1,40,1.5,1947,18.5,2.8,0.0,0.0,0.0,Summer,No Holiday,Yes,583
10502,2018-07-08,7,Sunday,1,1,Dawn,19.9,52,1.6,2000,9.7,0.0,0.0,0.0,0.0,Summer,No Holiday,Yes,946
16713,2018-02-01,2,Thursday,0,9,Early Morning,-7.9,50,0.6,1805,-16.5,0.23,0.0,0.16,0.16,Winter,No Holiday,Yes,259
17240,2018-03-22,3,Thursday,0,9,Early Morning,2.5,67,1.3,1472,-3.0,1.11,0.0,0.0,0.0,Spring,No Holiday,Yes,653
14186,2018-08-06,8,Monday,0,2,Dawn,28.6,80,1.2,1163,24.8,0.0,0.0,0.0,0.0,Summer,No Holiday,Yes,309
11747,2018-03-09,3,Friday,0,12,Morning,6.8,51,1.0,1617,-2.6,1.13,0.0,0.0,0.0,Spring,No Holiday,Yes,510
17799,2018-01-05,1,Friday,0,21,Evening,-3.5,53,0.9,1353,-11.7,0.0,0.0,0.0,0.0,Winter,No Holiday,Yes,284
13165,2017-12-17,12,Sunday,1,10,Morning,-8.5,31,1.5,1997,-22.6,0.58,0.0,0.0,0.0,Winter,No Holiday,Yes,142
18531,2018-04-21,4,Saturday,1,2,Dawn,14.7,63,1.8,611,7.7,0.0,0.0,0.0,0.0,Spring,No Holiday,Yes,436
16743,2017-12-26,12,Tuesday,0,4,Dawn,-2.6,72,1.4,1929,-6.9,0.0,0.0,0.0,0.0,Winter,No Holiday,Yes,49
15896,2018-09-09,9,Sunday,1,15,Afternoon,28.9,27,1.8,2000,8.0,2.9,0.0,0.0,0.0,Autumn,No Holiday,Yes,1877
10408,2018-06-13,6,Wednesday,0,21,Evening,21.8,67,0.0,1485,15.3,0.0,0.0,0.0,0.0,Summer,No Holiday,Yes,2166
11952,2018-11-04,11,Sunday,1,11,Morning,14.8,46,2.0,768,3.2,1.83,0.0,0.0,0.0,Autumn,No Holiday,Yes,963
13074,2018-06-21,6,Thursday,0,19,Evening,26.9,42,2.4,2000,12.8,0.62,0.0,0.0,0.0,Summer,No Holiday,Yes,2811
11492,2018-11-04,11,Sunday,1,8,Early Morning,5.7,78,1.1,714,2.1,0.09,0.0,0.0,0.0,Autumn,No Holiday,Yes,481
15832,2018-08-27,8,Monday,0,3,Dawn,20.3,97,0.4,200,19.8,0.0,1.5,0.0,1.5,Summer,No Holiday,Yes,22
18297,2018-11-17,11,Saturday,1,22,Night,4.4,43,1.1,2000,-7.1,0.0,0.0,0.0,0.0,Autumn,No Holiday,Yes,655
13639,2018-04-06,4,Friday,0,7,Early Morning,5.7,95,3.4,1136,4.9,0.02,0.0,0.0,0.0,Spring,No Holiday,Yes,591
18636,2018-09-09,9,Sunday,1,12,Morning,25.9,39,1.2,1950,10.8,2.89,0.0,0.0,0.0,Autumn,No Holiday,Yes,1220
11855,2018-04-25,4,Wednesday,0,6,Dawn,5.8,55,0.3,2000,-2.5,0.0,0.0,0.0,0.0,Spring,No Holiday,Yes,449
15010,2018-10-17,10,Wednesday,0,19,Evening,13.2,42,1.3,2000,0.5,0.0,0.0,0.0,0.0,Autumn,No Holiday,Yes,1819
15016,2018-05-17,5,Thursday,0,22,Night,20.2,98,0.5,468,19.8,0.0,6.0,0.0,6.0,Spring,No Holiday,Yes,26
14382,2018-01-22,1,Monday,0,15,Afternoon,3.6,69,1.8,655,-1.5,0.17,0.0,0.0,0.0,Winter,No Holiday,Yes,63
15069,2018-10-12,10,Friday,0,5,Dawn,6.0,72,1.3,2000,1.3,0.0,0.0,0.0,0.0,Autumn,No Holiday,Yes,183
10596,2018-10-05,10,Friday,0,19,Evening,16.6,96,2.4,1072,15.9,0.0,1.5,0.0,1.5,Autumn,No Holiday,Yes,55
14180,2018-06-21,6,Thursday,0,23,Night,21.9,59,2.6,1188,13.5,0.0,0.0,0.0,0.0,Summer,No Holiday,Yes,1497
16240,2018-10-18,10,Thursday,0,20,Evening,13.8,56,1.9,2000,5.1,0.0,0.0,0.0,0.0,Autumn,No Holiday,Yes,1528
12544,2017-12-21,12,Thursday,0,20,Evening,0.2,72,0.7,990,-4.2,0.0,0.0,0.08,0.08,Winter,No Holiday,Yes,288
10834,2017-12-27,12,Wednesday,0,6,Dawn,-9.8,37,1.7,2000,-21.7,0.0,0.0,0.0,0.0,Winter,No Holiday,Yes,105
14421,2018-05-01,5,Tuesday,0,3,Dawn,18.1,85,1.0,284,15.5,0.0,0.0,0.0,0.0,Spring,Holiday,Yes,343
10201,2018-11-30,11,Friday,0,7,Early Morning,-1.2,70,0.8,1351,-5.9,0.0,0.0,0.0,0.0,Autumn,No Holiday,Yes,750
15817,2018-02-05,2,Monday,0,22,Night,-10.3,43,3.7,1876,-20.5,0.0,0.0,0.0,0.0,Winter,No Holiday,Yes,183
18450,2018-01-17,1,Wednesday,0,9,Early Morning,3.0,66,0.7,306,-2.7,0.12,0.0,0.0,0.0,Winter,No Holiday,Yes,337
10861,2018-10-30,10,Tuesday,0,1,Dawn,3.0,55,1.0,2000,-5.1,0.0,0.0,0.0,0.0,Autumn,No Holiday,Yes,440
18498,2018-07-03,7,Tuesday,0,4,Dawn,22.7,97,0.2,1808,22.1,0.0,0.0,0.0,0.0,Summer,No Holiday,Yes,149
12896,2018-04-30,4,Monday,0,0,Dawn,14.7,54,1.3,718,5.4,0.0,0.0,0.0,0.0,Spring,No Holiday,Yes,569
11452,2018-07-12,7,Thursday,0,5,Dawn,25.9,91,0.4,872,24.3,0.0,0.5,0.0,0.5,Summer,No Holiday,Yes,231
15183,2018-08-20,8,Monday,0,20,Evening,29.8,61,3.4,1525,21.4,0.0,0.0,0.0,0.0,Summer,No Holiday,Yes,1999
17677,2018-03-18,3,Sunday,1,20,Evening,9.2,66,1.1,513,3.1,0.0,0.0,0.0,0.0,Spring,No Holiday,Yes,146
15741,2018-08-20,8,Monday,0,6,Dawn,25.3,67,1.5,1450,18.7,0.0,0.0,0.0,0.0,Summer,No Holiday,Yes,675
13091,2018-01-09,1,Tuesday,0,22,Night,-4.2,67,1.6,503,-9.4,0.0,0.0,0.0,0.0,Winter,No Holiday,Yes,166
12496,2018-06-24,6,Sunday,1,13,Afternoon,30.6,31,2.7,1240,11.5,3.24,0.0,0.0,0.0,Summer,No Holiday,Yes,1062
11499,2018-08-23,8,Thursday,0,1,Dawn,30.1,54,0.8,2000,19.7,0.0,0.0,0.0,0.0,Summer,No Holiday,Yes,745
13733,2018-05-25,5,Friday,0,13,Afternoon,25.6,26,2.7,1747,4.6,3.36,0.0,0.0,0.0,Spring,No Holiday,Yes,1106
11444,2018-02-05,2,Monday,0,8,Early Morning,-11.5,40,2.8,2000,-22.4,0.02,0.0,0.0,0.0,Winter,No Holiday,Yes,433
16338,2018-11-08,11,Thursday,0,13,Afternoon,11.5,95,2.1,457,10.7,0.32,0.0,0.0,0.0,Autumn,No Holiday,Yes,18
16719,2018-08-07,8,Tuesday,0,1,Dawn,28.2,68,0.9,2000,21.7,0.0,0.0,0.0,0.0,Summer,No Holiday,Yes,619
13469,2018-07-13,7,Friday,0,5,Dawn,24.8,84,1.4,1303,21.9,0.0,0.0,0.0,0.0,Summer,No Holiday,Yes,301
13882,2018-02-14,2,Wednesday,0,12,Morning,6.9,67,3.9,986,1.1,0.42,0.0,0.0,0.0,Winter,No Holiday,Yes,312
17327,2018-05-08,5,Tuesday,0,2,Dawn,15.5,65,1.3,1953,8.9,0.0,0.0,0.0,0.0,Spring,No Holiday,Yes,287
14085,2018-09-29,9,Saturday,1,13,Afternoon,24.9,40,1.4,2000,10.3,2.75,0.0,0.0,0.0,Autumn,No Holiday,Yes,1752
12401,2018-09-12,9,Wednesday,0,10,Morning,22.7,45,1.5,2000,10.1,2.08,0.0,0.0,0.0,Autumn,No Holiday,Yes,923
13357,2018-05-11,5,Friday,0,5,Dawn,11.9,84,1.5,358,9.2,0.0,0.0,0.0,0.0,Spring,No Holiday,Yes,223
13921,2018-08-01,8,Wednesday,0,21,Evening,33.3,64,3.0,1680,25.5,0.0,0.0,0.0,0.0,Summer,No Holiday,Yes,1500
12038,2017-12-20,12,Wednesday,0,6,Dawn,-8.2,66,0.9,1718,-13.4,0.0,0.0,0.2,0.2,Winter,No Holiday,Yes,97
15769,2018-11-03,11,Saturday,1,0,Dawn,8.8,63,0.6,1314,2.1,0.0,0.0,0.0,0.0,Autumn,No Holiday,No,0
10314,2018-06-15,6,Friday,0,3,Dawn,18.8,93,1.0,419,17.6,0.0,5.4,0.0,5.4,Summer,No Holiday,Yes,154
17193,2018-04-23,4,Monday,0,19,Evening,9.4,95,1.8,531,8.6,0.03,1.5,0.0,1.5,Spring,No Holiday,Yes,50
17861,2018-01-26,1,Friday,0,21,Evening,-14.1,36,1.8,1869,-25.9,0.0,0.0,0.03,0.03,Winter,No Holiday,Yes,130
12460,2018-02-18,2,Sunday,1,14,Afternoon,4.1,17,1.8,1996,-18.8,1.87,0.0,0.0,0.0,Winter,No Holiday,Yes,372
15093,2018-07-20,7,Friday,0,4,Dawn,25.1,83,0.0,1253,22.0,0.0,0.0,0.0,0.0,Summer,No Holiday,Yes,267
13485,2018-10-19,10,Friday,0,17,Afternoon,18.5,35,2.2,2000,2.7,0.68,0.0,0.0,0.0,Autumn,No Holiday,Yes,1939
10106,2018-11-18,11,Sunday,1,9,Early Morning,3.5,53,1.0,1338,-5.2,0.22,0.0,0.0,0.0,Autumn,No Holiday,Yes,457
11105,2018-09-16,9,Sunday,1,2,Dawn,22.8,85,0.8,708,20.1,0.0,0.0,0.0,0.0,Autumn,No Holiday,Yes,432
14433,2018-03-29,3,Thursday,0,20,Evening,15.6,64,2.7,686,8.8,0.0,0.0,0.0,0.0,Spring,No Holiday,Yes,1079
13210,2017-12-30,12,Saturday,1,10,Morning,0.8,73,0.5,248,-3.4,0.15,0.0,0.0,0.0,Winter,No Holiday,Yes,208
16015,2018-01-26,1,Friday,0,12,Morning,-14.4,30,2.7,1906,-28.2,1.17,0.0,0.05,0.05,Winter,No Holiday,Yes,111
12370,2018-10-23,10,Tuesday,0,3,Dawn,10.1,70,1.1,606,4.8,0.0,0.0,0.0,0.0,Autumn,No Holiday,Yes,243
12115,2018-02-04,2,Sunday,1,0,Dawn,-10.4,49,2.4,2000,-19.0,0.0,0.0,0.0,0.0,Winter,No Holiday,Yes,98
11023,2018-11-10,11,Saturday,1,16,Afternoon,16.0,37,1.9,984,1.2,0.94,0.0,0.0,0.0,Autumn,No Holiday,Yes,1263
14321,2018-06-27,6,Wednesday,0,14,Afternoon,24.7,72,2.9,720,19.3,1.45,0.0,0.0,0.0,Summer,No Holiday,Yes,1243
12507,2018-10-09,10,Tuesday,0,10,Morning,14.8,51,1.0,1998,4.7,1.07,0.0,0.0,0.0,Autumn,Holiday,No,0
14661,2018-11-05,11,Monday,0,15,Afternoon,18.0,39,1.0,1208,3.8,1.21,0.0,0.0,0.0,Autumn,No Holiday,Yes,1100
10634,2018-02-26,2,Monday,0,12,Morning,6.9,28,1.1,1301,-10.3,2.35,0.0,0.0,0.0,Winter,No Holiday,Yes,428
17477,2018-02-24,2,Saturday,1,3,Dawn,3.5,82,2.9,217,0.7,0.0,0.0,0.0,0.0,Winter,No Holiday,Yes,133
14476,2018-11-17,11,Saturday,1,8,Early Morning,0.7,72,1.0,1397,-3.7,0.05,0.0,0.0,0.0,Autumn,No Holiday,Yes,530
14035,2018-03-04,3,Sunday,1,18,Evening,11.5,81,1.5,1475,8.3,0.07,0.0,0.0,0.0,Spring,No Holiday,Yes,436
11726,2018-05-31,5,Thursday,0,13,Afternoon,25.0,47,2.5,1120,12.8,3.34,0.0,0.0,0.0,Spring,No Holiday,Yes,1151
16212,2018-05-21,5,Monday,0,20,Evening,18.4,59,2.6,1476,10.2,0.04,0.0,0.0,0.0,Spring,No Holiday,Yes,2167
15088,2018-07-12,7,Thursday,0,17,Afternoon,27.9,75,2.5,1643,23.0,0.75,0.0,0.0,0.0,Summer,No Holiday,Yes,1915
18749,2018-09-20,9,Thursday,0,17,Afternoon,19.3,76,2.1,2000,14.9,0.21,0.0,0.0,0.0,Autumn,No Holiday,Yes,1290
17700,2018-02-14,2,Wednesday,0,0,Dawn,2.0,65,2.2,1885,-3.9,0.0,0.0,0.0,0.0,Winter,No Holiday,Yes,178
18730,2018-07-27,7,Friday,0,21,Evening,30.3,75,1.1,1289,25.3,0.0,0.0,0.0,0.0,Summer,No Holiday,Yes,1547
14595,2018-08-06,8,Monday,0,14,Afternoon,34.0,59,3.2,1180,24.8,1.98,0.0,0.0,0.0,Summer,No Holiday,Yes,571
17069,2018-07-17,7,Tuesday,0,17,Afternoon,31.8,52,2.4,1438,20.7,1.93,0.0,0.0,0.0,Summer,No Holiday,Yes,1591
14713,2018-03-25,3,Sunday,1,17,Afternoon,15.8,40,2.3,481,2.2,1.28,0.0,0.0,0.0,Spring,No Holiday,Yes,911
11287,2018-05-22,5,Tuesday,0,4,Dawn,15.6,0,0.5,1502,10.5,0.0,0.0,0.0,0.0,Spring,Holiday,Yes,248
12581,2017-12-19,12,Tuesday,0,14,Afternoon,-2.2,23,3.7,1971,-20.5,1.09,0.0,0.22000000000000003,0.22000000000000003,Winter,No Holiday,Yes,178
14153,2018-01-03,1,Wednesday,0,22,Night,-5.2,53,1.3,1969,-13.3,0.0,0.0,0.0,0.0,Winter,No Holiday,Yes,291
12858,2018-03-05,3,Monday,0,18,Evening,8.1,47,1.7,2000,-2.5,0.34,0.0,0.0,0.0,Spring,No Holiday,Yes,1155
16415,2018-10-20,10,Saturday,1,20,Evening,13.7,51,1.0,1954,3.7,0.0,0.0,0.0,0.0,Autumn,No Holiday,Yes,1270
10957,2018-08-15,8,Wednesday,0,8,Early Morning,29.9,60,0.8,1772,21.2,0.83,0.0,0.0,0.0,Summer,Holiday,Yes,553
16917,2018-11-13,11,Tuesday,0,23,Night,7.6,49,0.6,1971,-2.4,0.0,0.0,0.0,0.0,Autumn,No Holiday,Yes,718
17779,2018-01-27,1,Saturday,1,13,Afternoon,-6.6,27,2.1,1889,-22.5,1.24,0.0,0.03,0.03,Winter,No Holiday,Yes,189
12668,2018-07-17,7,Tuesday,0,14,Afternoon,31.8,49,3.5,1429,19.7,2.93,0.0,0.0,0.0,Summer,No Holiday,Yes,786
14354,2018-05-10,5,Thursday,0,18,Evening,18.0,61,3.5,790,10.3,1.05,0.0,0.0,0.0,Spring,No Holiday,No,0
16246,2017-12-12,12,Tuesday,0,15,Afternoon,-5.8,30,2.8,2000,-20.6,0.92,0.0,0.0,0.0,Winter,No Holiday,Yes,250
10000,2018-01-17,1,Wednesday,0,14,Afternoon,7.7,54,2.6,313,-1.0,0.58,0.0,0.0,0.0,Winter,No Holiday,Yes,258
13507,2018-04-15,4,Sunday,1,20,Evening,10.3,62,2.0,1749,3.3,0.0,0.0,0.0,0.0,Spring,No Holiday,Yes,297
16029,2017-12-08,12,Friday,0,7,Early Morning,-6.5,57,0.8,1776,-13.6,0.0,0.0,0.0,0.0,Winter,No Holiday,Yes,387
14012,2018-06-19,6,Tuesday,0,23,Night,20.1,73,1.9,771,15.1,0.0,0.0,0.0,0.0,Summer,No Holiday,Yes,1456
14520,2018-10-31,10,Wednesday,0,1,Dawn,6.6,66,1.0,2000,0.6,0.0,0.0,0.0,0.0,Autumn,No Holiday,Yes,324
17713,2018-10-05,10,Friday,0,8,Early Morning,16.9,72,1.3,2000,11.8,0.04,0.3,0.0,0.3,Autumn,No Holiday,Yes,208
14011,2018-03-22,3,Thursday,0,20,Evening,5.1,56,2.0,899,-2.9,0.0,0.0,0.0,0.0,Spring,No Holiday,Yes,739
13512,2018-07-20,7,Friday,0,1,Dawn,26.1,81,1.6,1409,22.5,0.0,0.0,0.0,0.0,Summer,No Holiday,Yes,773
13037,2017-12-30,12,Saturday,1,2,Dawn,-0.9,84,0.6,230,-3.2,0.0,0.0,0.0,0.0,Winter,No Holiday,Yes,192
10562,2018-04-22,4,Sunday,1,0,Dawn,15.9,35,0.3,1995,0.4,0.0,0.0,0.0,0.0,Spring,No Holiday,Yes,826
17237,2018-05-04,5,Friday,0,14,Afternoon,18.8,31,4.9,1940,1.2,3.31,0.0,0.0,0.0,Spring,No Holiday,Yes,1266
13859,2017-12-31,12,Sunday,1,8,Early Morning,-2.1,86,1.4,354,-4.1,0.0,0.0,0.12,0.12,Winter,Holiday,Yes,84
17935,2018-03-01,3,Thursday,0,0,Dawn,2.0,96,1.3,1894,1.4,0.0,2.0,0.0,2.0,Spring,Holiday,Yes,71
13643,2017-12-15,12,Friday,0,21,Evening,0.7,47,2.7,1283,-9.3,0.0,0.0,0.0,0.0,Winter,No Holiday,Yes,300
14521,2018-10-16,10,Tuesday,0,3,Dawn,11.5,61,1.4,1399,4.2,0.0,0.0,0.0,0.0,Autumn,No Holiday,Yes,253
11674,2018-09-20,9,Thursday,0,4,Dawn,19.6,74,1.4,847,14.8,0.0,0.0,0.0,0.0,Autumn,No Holiday,Yes,241
17209,2018-03-21,3,Wednesday,0,14,Afternoon,1.9,89,1.5,102,0.2,0.41,0.0,0.0,0.0,Spring,No Holiday,Yes,117
10481,2018-05-24,5,Thursday,0,22,Night,18.6,54,2.3,1328,9.0,0.0,0.0,0.0,0.0,Spring,No Holiday,Yes,1678
14182,2018-06-20,6,Wednesday,0,2,Dawn,19.6,78,0.8,662,15.6,0.0,0.0,0.0,0.0,Summer,No Holiday,Yes,576
13555,2017-12-07,12,Thursday,0,21,Evening,-2.2,46,2.2,1975,-12.2,0.0,0.0,0.0,0.0,Winter,No Holiday,Yes,402
11277,2018-02-17,2,Saturday,1,22,Night,-2.7,42,2.2,2000,-13.8,0.0,0.0,0.0,0.0,Winter,Holiday,Yes,123
12993,2018-06-27,6,Wednesday,0,12,Morning,24.1,73,2.2,992,18.9,2.15,0.0,0.0,0.0,Summer,No Holiday,Yes,1145
16324,2018-07-21,7,Saturday,1,8,Early Morning,27.4,63,0.9,1043,19.7,1.03,0.0,0.0,0.0,Summer,No Holiday,Yes,720
11750,2018-02-22,2,Thursday,0,16,Afternoon,5.0,50,4.3,1121,-4.5,0.74,0.0,0.0,0.0,Winter,No Holiday,Yes,404
17444,2018-09-22,9,Saturday,1,16,Afternoon,25.3,38,3.0,2000,9.9,1.88,0.0,0.0,0.0,Autumn,No Holiday,Yes,1840
15251,2017-12-04,12,Monday,0,7,Early Morning,0.2,68,3.4,702,-5.0,0.0,0.0,0.0,0.0,Winter,No Holiday,Yes,498
17425,2018-03-18,3,Sunday,1,3,Dawn,5.5,57,1.1,1079,-2.3,0.0,0.0,0.0,0.0,Spring,No Holiday,Yes,174
16804,2018-06-14,6,Thursday,0,9,Early Morning,19.1,96,0.6,273,18.4,0.17,1.5,0.0,1.5,Summer,No Holiday,Yes,175
12908,2018-03-28,3,Wednesday,0,10,Morning,14.7,62,2.9,684,7.4,1.59,0.0,0.0,0.0,Spring,No Holiday,Yes,494
10239,2018-08-12,8,Sunday,1,12,Morning,33.8,44,2.0,1899,19.8,2.72,0.0,0.0,0.0,Summer,No Holiday,Yes,670
10949,2018-11-25,11,Sunday,1,2,Dawn,2.8,86,0.8,402,0.6,0.0,0.0,0.29,0.29,Autumn,No Holiday,Yes,285
13024,2018-09-02,9,Sunday,1,2,Dawn,22.0,60,1.2,2000,13.8,0.0,0.0,0.0,0.0,Autumn,No Holiday,Yes,610
16309,2018-06-28,6,Thursday,0,16,Afternoon,25.2,81,3.6,961,21.6,0.5,0.0,0.0,0.0,Summer,No Holiday,Yes,766
14199,2018-11-09,11,Friday,0,17,Afternoon,12.9,66,3.6,682,6.6,0.32,0.0,0.0,0.0,Autumn,No Holiday,No,0
15926,2018-06-15,6,Friday,0,2,Dawn,20.1,67,1.1,2000,13.7,0.0,0.1,0.0,0.1,Summer,No Holiday,Yes,403
16379,2018-01-04,1,Thursday,0,20,Evening,-2.8,39,1.7,1702,-14.8,0.0,0.0,0.0,0.0,Winter,No Holiday,Yes,311
12489,2018-03-22,3,Thursday,0,10,Morning,4.9,56,1.9,1480,-3.1,1.76,0.0,0.0,0.0,Spring,No Holiday,Yes,446
17473,2018-04-04,4,Wednesday,0,12,Morning,15.3,54,2.1,1989,6.0,2.83,0.0,0.0,0.0,Spring,No Holiday,Yes,928
18436,2018-08-16,8,Thursday,0,9,Early Morning,30.6,55,1.1,2000,20.5,1.46,0.0,0.0,0.0,Summer,No Holiday,Yes,876
17756,2018-08-06,8,Monday,0,13,Afternoon,34.3,54,2.2,1540,23.6,2.93,0.0,0.0,0.0,Summer,No Holiday,Yes,666
15248,2018-03-15,3,Thursday,0,6,Dawn,14.4,96,0.7,453,13.7,0.0,8.0,0.0,8.0,Spring,No Holiday,Yes,10
13102,2018-03-05,3,Monday,0,17,Afternoon,10.0,43,1.4,2000,-2.0,1.12,0.0,0.0,0.0,Spring,No Holiday,Yes,865
11334,2018-01-29,1,Monday,0,23,Night,-9.4,41,1.6,2000,-20.2,0.0,0.0,0.0,0.0,Winter,No Holiday,Yes,99
14128,2018-01-12,1,Friday,0,16,Afternoon,-5.8,21,1.1,2000,-24.6,0.66,0.0,0.0,0.0,Winter,No Holiday,Yes,196
13251,2018-05-01,5,Tuesday,0,2,Dawn,18.2,85,0.8,355,15.6,0.0,0.0,0.0,0.0,Spring,Holiday,Yes,534
15007,2018-11-11,11,Sunday,1,18,Evening,8.9,55,2.0,1333,0.3,0.0,0.0,0.0,0.0,Autumn,No Holiday,Yes,752
10966,2018-03-20,3,Tuesday,0,2,Dawn,5.1,44,3.4,2000,-6.1,0.0,0.0,0.0,0.0,Spring,No Holiday,Yes,165
10716,2018-03-21,3,Wednesday,0,2,Dawn,1.4,40,2.9,2000,-10.7,0.0,0.0,0.0,0.0,Spring,No Holiday,Yes,147
17126,2018-07-29,7,Sunday,1,5,Dawn,26.7,75,0.3,1871,21.8,0.0,0.0,0.0,0.0,Summer,No Holiday,Yes,199
11298,2018-10-25,10,Thursday,0,10,Morning,13.4,53,1.1,1768,4.0,1.53,0.0,0.0,0.0,Autumn,No Holiday,Yes,779
12290,2018-02-04,2,Sunday,1,4,Dawn,-11.2,47,2.3,2000,-20.3,0.0,0.0,0.0,0.0,Winter,No Holiday,Yes,35
13363,2018-11-24,11,Saturday,1,3,Dawn,2.8,28,1.6,2000,-13.9,0.0,0.0,0.0,0.0,Autumn,No Holiday,Yes,272
16365,2017-12-22,12,Friday,0,19,Evening,5.2,64,0.7,691,-1.0,0.0,0.0,0.0,0.0,Winter,Holiday,Yes,481
10654,2018-07-03,7,Tuesday,0,18,Evening,32.2,57,1.8,1880,22.5,1.53,0.0,0.0,0.0,Summer,No Holiday,Yes,2965
14973,2018-03-19,3,Monday,0,18,Evening,8.6,55,2.4,1958,0.0,0.09,0.0,0.0,0.0,Spring,No Holiday,Yes,1200
11989,2018-06-05,6,Tuesday,0,16,Afternoon,28.8,38,3.1,1027,13.0,2.14,0.0,0.0,0.0,Summer,No Holiday,Yes,1434
17052,2018-04-27,4,Friday,0,8,Early Morning,11.6,58,1.4,1150,3.6,0.79,0.0,0.0,0.0,Spring,No Holiday,Yes,1922
12553,2018-05-06,5,Sunday,1,2,Dawn,17.3,82,2.1,768,14.1,0.0,0.5,0.0,0.5,Spring,No Holiday,Yes,74
15113,2018-11-08,11,Thursday,0,17,Afternoon,11.9,97,0.7,269,11.4,0.0,0.0,0.0,0.0,Autumn,No Holiday,Yes,30
11019,2018-04-19,4,Thursday,0,8,Early Morning,9.6,39,0.8,1003,-3.7,0.79,0.0,0.0,0.0,Spring,No Holiday,Yes,20
12076,2018-05-14,5,Monday,0,13,Afternoon,21.8,59,1.9,404,13.4,2.74,0.0,0.0,0.0,Spring,No Holiday,Yes,1051
15760,2018-06-26,6,Tuesday,0,9,Early Morning,20.3,96,1.1,143,19.6,0.06,6.5,0.0,6.5,Summer,No Holiday,Yes,19
13546,2018-11-30,11,Friday,0,12,Morning,6.6,35,1.3,1409,-7.8,1.7,0.0,0.0,0.0,Autumn,No Holiday,Yes,720
12393,2018-10-11,10,Thursday,0,5,Dawn,6.6,73,1.1,2000,2.0,0.0,0.0,0.0,0.0,Autumn,No Holiday,Yes,197
10473,2018-04-02,4,Monday,0,17,Afternoon,22.0,49,3.7,1582,10.7,1.28,0.0,0.0,0.0,Spring,No Holiday,Yes,1569
10732,2018-10-21,10,Sunday,1,18,Evening,16.2,41,1.4,1907,2.9,0.06,0.0,0.0,0.0,Autumn,No Holiday,Yes,1618
14057,2018-01-18,1,Thursday,0,6,Dawn,2.2,82,2.0,211,-0.5,0.0,0.0,0.0,0.0,Winter,No Holiday,Yes,107
14718,2018-08-12,8,Sunday,1,0,Dawn,29.9,56,2.0,2000,20.1,0.0,0.0,0.0,0.0,Summer,No Holiday,Yes,997
14454,2018-10-04,10,Thursday,0,0,Dawn,15.5,65,0.8,2000,8.9,0.0,0.0,0.0,0.0,Autumn,No Holiday,No,0
13241,2018-03-25,3,Sunday,1,22,Night,8.8,79,2.0,203,5.3,0.0,0.0,0.0,0.0,Spring,No Holiday,Yes,424
15191,2018-03-20,3,Tuesday,0,9,Early Morning,5.7,38,3.9,1985,-7.5,0.98,0.0,0.0,0.0,Spring,No Holiday,Yes,661
11127,2018-03-07,3,Wednesday,0,21,Evening,7.9,56,1.4,1975,-0.3,0.0,0.0,0.0,0.0,Spring,No Holiday,Yes,411
12500,2017-12-19,12,Tuesday,0,19,Evening,-4.5,51,2.0,2000,-13.1,0.0,0.0,0.2,0.2,Winter,No Holiday,Yes,276
16861,2018-11-09,11,Friday,0,8,Early Morning,10.1,85,2.4,1809,7.6,0.05,0.0,0.0,0.0,Autumn,No Holiday,No,0
15214,2018-10-05,10,Friday,0,2,Dawn,18.2,64,2.0,2000,11.2,0.0,0.0,0.0,0.0,Autumn,No Holiday,Yes,515
12437,2018-10-03,10,Wednesday,0,12,Morning,21.4,40,1.4,1973,7.2,2.53,0.0,0.0,0.0,Autumn,Holiday,Yes,1634
12003,2018-04-02,4,Monday,0,10,Morning,17.5,66,1.3,1059,11.0,0.55,0.0,0.0,0.0,Spring,No Holiday,Yes,579
18033,2018-04-27,4,Friday,0,7,Early Morning,10.1,63,0.7,1163,3.3,0.22,0.0,0.0,0.0,Spring,No Holiday,Yes,1129
16639,2018-04-20,4,Friday,0,1,Dawn,11.8,60,0.2,918,4.2,0.0,0.0,0.0,0.0,Spring,No Holiday,Yes,436
15111,2018-11-22,11,Thursday,0,23,Night,0.4,37,2.9,2000,-12.6,0.0,0.0,0.0,0.0,Autumn,No Holiday,Yes,488
12802,2017-12-30,12,Saturday,1,13,Afternoon,4.0,62,1.0,256,-2.6,0.51,0.0,0.0,0.0,Winter,No Holiday,Yes,333
15407,2018-09-05,9,Wednesday,0,19,Evening,25.4,55,3.2,2000,15.6,0.15,0.0,0.0,0.0,Autumn,No Holiday,Yes,2468
18377,2018-08-22,8,Wednesday,0,9,Early Morning,28.0,56,1.5,1982,18.3,1.57,0.0,0.0,0.0,Summer,No Holiday,Yes,1015
16910,2018-10-02,10,Tuesday,0,2,Dawn,12.3,75,1.6,1840,7.9,0.0,0.0,0.0,0.0,Autumn,No Holiday,No,0
10335,2018-01-03,1,Wednesday,0,7,Early Morning,-6.9,48,2.4,1974,-16.0,0.0,0.0,0.0,0.0,Winter,No Holiday,Yes,308
12140,2018-10-27,10,Saturday,1,19,Evening,8.0,42,2.9,2000,-4.1,0.0,0.0,0.0,0.0,Autumn,No Holiday,Yes,864
17228,2018-10-15,10,Monday,0,3,Dawn,11.3,85,0.0,907,8.8,0.0,0.0,0.0,0.0,Autumn,No Holiday,Yes,171
16513,2018-07-06,7,Friday,0,16,Afternoon,26.6,54,2.3,2000,16.5,1.24,0.0,0.0,0.0,Summer,No Holiday,Yes,1635
16465,2018-09-11,9,Tuesday,0,6,Dawn,17.0,55,1.2,2000,7.8,0.0,0.0,0.0,0.0,Autumn,No Holiday,Yes,678
17161,2018-02-10,2,Saturday,1,6,Dawn,1.6,78,1.6,448,-1.8,0.0,0.0,0.0,0.0,Winter,No Holiday,Yes,48
15478,2018-02-26,2,Monday,0,18,Evening,7.2,26,2.3,1398,-11.0,0.33,0.0,0.0,0.0,Winter,No Holiday,Yes,929
18009,2018-11-12,11,Monday,0,0,Dawn,5.4,64,0.8,2000,-0.8,0.0,0.0,0.0,0.0,Autumn,No Holiday,Yes,456
11624,2018-08-22,8,Wednesday,0,19,Evening,35.2,41,0.5,2000,19.9,0.31,0.0,0.0,0.0,Summer,No Holiday,Yes,2087
17295,2018-07-17,7,Tuesday,0,1,Dawn,25.8,78,0.4,2000,21.6,0.0,0.0,0.0,0.0,Summer,No Holiday,Yes,692
16020,2018-02-06,2,Tuesday,0,11,Morning,-9.9,32,3.3,1863,-23.5,1.72,0.0,0.0,0.0,Winter,No Holiday,Yes,175
14018,2018-03-29,3,Thursday,0,8,Early Morning,13.3,80,1.2,369,9.9,0.14,0.0,0.0,0.0,Spring,No Holiday,Yes,1281
14387,2018-10-19,10,Friday,0,9,Early Morning,11.1,53,1.0,2000,1.8,1.05,0.0,0.0,0.0,Autumn,No Holiday,Yes,1191
13649,2018-10-09,10,Tuesday,0,4,Dawn,11.0,63,0.8,2000,4.2,0.0,0.0,0.0,0.0,Autumn,Holiday,No,0
11816,2018-07-24,7,Tuesday,0,10,Morning,32.4,54,0.9,1631,21.8,1.45,0.0,0.0,0.0,Summer,No Holiday,Yes,610
10272,2018-10-12,10,Friday,0,0,Dawn,8.2,61,1.3,2000,1.1,0.0,0.0,0.0,0.0,Autumn,No Holiday,Yes,706
12346,2017-12-10,12,Sunday,1,14,Afternoon,4.2,85,0.7,325,1.8,0.65,0.0,0.13999999999999999,0.13999999999999999,Winter,No Holiday,Yes,235
18168,2018-03-16,3,Friday,0,17,Afternoon,11.2,30,1.5,2000,-5.7,1.44,0.0,0.0,0.0,Spring,No Holiday,Yes,1160
13217,2017-12-16,12,Saturday,1,9,Early Morning,-7.2,47,2.8,1724,-16.6,0.18,0.0,0.0,0.0,Winter,No Holiday,Yes,195
13063,2018-05-23,5,Wednesday,0,19,Evening,18.8,52,3.4,2000,8.7,0.49,0.0,0.0,0.0,Spring,No Holiday,Yes,2454
17959,2018-02-22,2,Thursday,0,19,Evening,3.5,60,2.7,936,-3.5,0.0,0.0,0.0,0.0,Winter,No Holiday,Yes,499
14258,2018-03-07,3,Wednesday,0,0,Dawn,2.8,45,1.7,1493,-7.9,0.0,0.0,0.0,0.0,Spring,No Holiday,Yes,289
15466,2017-12-17,12,Sunday,1,11,Morning,-7.2,29,1.8,1926,-22.2,0.88,0.0,0.0,0.0,Winter,No Holiday,Yes,189
12024,2018-08-21,8,Tuesday,0,22,Night,26.1,76,1.2,1867,21.5,0.0,0.0,0.0,0.0,Summer,No Holiday,Yes,1828
12734,2018-02-09,2,Friday,0,13,Afternoon,2.6,27,0.8,1120,-14.5,0.82,0.0,0.0,0.0,Winter,No Holiday,Yes,268
16762,2018-05-16,5,Wednesday,0,20,Evening,21.8,97,2.2,156,21.2,0.0,0.5,0.0,0.5,Spring,No Holiday,Yes,338
17850,2018-10-19,10,Friday,0,10,Morning,13.8,44,1.5,1953,1.7,1.66,0.0,0.0,0.0,Autumn,No Holiday,Yes,850
17784,2018-04-25,4,Wednesday,0,16,Afternoon,23.1,19,3.1,1871,-1.8,2.26,0.0,0.0,0.0,Spring,No Holiday,Yes,1447
18265,2018-07-04,7,Wednesday,0,15,Afternoon,31.1,57,3.7,1912,21.5,2.03,0.0,0.0,0.0,Summer,No Holiday,Yes,1038
14143,2018-05-19,5,Saturday,1,13,Afternoon,21.9,39,2.0,2000,7.3,3.52,0.0,0.0,0.0,Spring,No Holiday,Yes,1865
11016,2018-06-17,6,Sunday,1,18,Evening,25.0,59,3.4,1324,16.4,0.54,0.0,0.0,0.0,Summer,No Holiday,Yes,2474
11336,2018-10-13,10,Saturday,1,20,Evening,13.8,52,1.6,1088,4.0,0.0,0.0,0.0,0.0,Autumn,No Holiday,Yes,1261
17099,2018-11-19,11,Monday,0,2,Dawn,5.4,65,0.7,1230,-0.6,0.0,0.0,0.0,0.0,Autumn,No Holiday,Yes,190
10259,2018-06-23,6,Saturday,1,6,Dawn,21.0,48,0.6,2000,9.5,0.01,0.0,0.0,0.0,Summer,No Holiday,Yes,417
18681,2018-02-23,2,Friday,0,0,Dawn,1.7,86,2.7,54,-0.3,0.0,0.4,0.04,0.44,Winter,No Holiday,Yes,42
17878,2018-06-12,6,Tuesday,0,18,Evening,24.9,53,3.6,2000,14.6,1.28,0.0,0.0,0.0,Summer,No Holiday,Yes,3404
17007,2018-01-21,1,Sunday,1,12,Morning,3.9,30,1.6,1085,-12.1,0.91,0.0,0.0,0.0,Winter,No Holiday,Yes,271
12913,2018-04-18,4,Wednesday,0,7,Early Morning,6.4,51,1.0,1398,-3.0,0.19,0.0,0.0,0.0,Spring,No Holiday,Yes,1083
14034,2018-02-03,2,Saturday,1,17,Afternoon,-5.6,32,4.6,2000,-19.7,0.53,0.0,0.0,0.0,Winter,No Holiday,Yes,211
16630,2018-07-28,7,Saturday,1,10,Morning,32.0,65,0.9,966,24.5,1.19,0.0,0.0,0.0,Summer,No Holiday,Yes,654
15381,2018-01-01,1,Monday,0,13,Afternoon,2.4,22,2.3,1921,-17.2,1.1,0.0,0.0,0.0,Winter,Holiday,Yes,248
11799,2018-09-10,9,Monday,0,21,Evening,22.5,48,1.4,2000,10.9,0.0,0.0,0.0,0.0,Autumn,No Holiday,Yes,2090
15776,2018-10-08,10,Monday,0,22,Night,14.4,49,1.1,2000,3.8,0.0,0.0,0.0,0.0,Autumn,No Holiday,Yes,1636
17537,2018-01-15,1,Monday,0,22,Night,3.0,61,1.6,460,-3.8,0.0,0.0,0.0,0.0,Winter,No Holiday,Yes,333
14246,2018-11-24,11,Saturday,1,18,Evening,2.6,86,1.1,834,0.4,0.0,0.0,0.35,0.35,Autumn,No Holiday,Yes,426
10184,2018-10-31,10,Wednesday,0,21,Evening,7.6,59,3.0,1929,0.0,0.0,0.0,0.0,0.0,Autumn,No Holiday,Yes,1069
18246,2018-09-17,9,Monday,0,9,Early Morning,20.5,66,1.1,1711,13.9,1.12,0.0,0.0,0.0,Autumn,No Holiday,Yes,1185
14683,2017-12-17,12,Sunday,1,9,Early Morning,-10.5,38,1.1,1950,-22.1,0.19,0.0,0.0,0.0,Winter,No Holiday,Yes,122
14442,2018-01-01,1,Monday,0,22,Night,-1.3,48,0.8,1927,-10.9,0.0,0.0,0.0,0.0,Winter,Holiday,Yes,168
17566,2018-11-16,11,Friday,0,20,Evening,7.6,76,3.9,603,3.6,0.0,0.0,0.0,0.0,Autumn,No Holiday,Yes,995
10432,2018-09-02,9,Sunday,1,7,Early Morning,20.2,65,1.4,2000,13.4,0.16,0.0,0.0,0.0,Autumn,No Holiday,Yes,388
16420,2018-02-20,2,Tuesday,0,13,Afternoon,4.2,22,3.9,1812,-15.6,2.21,0.0,0.0,0.0,Winter,No Holiday,Yes,370
16878,2018-08-05,8,Sunday,1,9,Early Morning,29.1,76,2.2,1041,24.4,1.38,0.0,0.0,0.0,Summer,No Holiday,Yes,422
14264,2017-12-02,12,Saturday,1,3,Dawn,-3.5,81,2.2,1221,-6.2,0.0,0.0,0.0,0.0,Winter,No Holiday,Yes,167
15368,2018-01-12,1,Friday,0,23,Night,-6.7,36,1.3,1821,-19.3,0.0,0.0,0.0,0.0,Winter,No Holiday,Yes,144
15336,2018-11-02,11,Friday,0,11,Morning,12.8,44,1.0,1269,0.8,1.84,0.0,0.0,0.0,Autumn,No Holiday,Yes,880
10131,2018-08-03,8,Friday,0,18,Evening,34.4,53,3.3,1650,23.4,0.8,0.0,0.0,0.0,Summer,No Holiday,Yes,1920
16053,2018-01-22,1,Monday,0,21,Evening,-1.8,85,2.9,590,-3.9,0.0,0.0,0.1,0.1,Winter,No Holiday,Yes,187
14096,2018-04-06,4,Friday,0,10,Morning,8.0,73,2.8,1641,3.4,1.44,0.0,0.0,0.0,Spring,No Holiday,Yes,529
17429,2018-09-14,9,Friday,0,11,Morning,24.0,64,1.3,2000,16.7,0.95,0.0,0.0,0.0,Autumn,No Holiday,Yes,982
11804,2018-03-06,3,Tuesday,0,16,Afternoon,10.6,26,1.9,1955,-8.1,1.75,0.0,0.0,0.0,Spring,No Holiday,Yes,680
16253,2018-01-10,1,Wednesday,0,9,Early Morning,-7.7,62,3.6,1637,-13.7,0.13,0.0,0.06999999999999999,0.06999999999999999,Winter,No Holiday,Yes,225
16227,2018-04-13,4,Friday,0,23,Night,15.5,27,3.5,2000,-3.4,0.0,0.0,0.0,0.0,Spring,No Holiday,Yes,849
10808,2018-02-25,2,Sunday,1,0,Dawn,-1.1,44,1.2,1741,-11.8,0.0,0.0,0.0,0.0,Winter,No Holiday,Yes,182
17898,2018-04-30,4,Monday,0,17,Afternoon,24.0,53,3.5,536,13.8,1.39,0.0,0.0,0.0,Spring,No Holiday,Yes,1706
10512,2018-02-08,2,Thursday,0,18,Evening,-0.5,26,1.7,1999,-17.7,0.15,0.0,0.0,0.0,Winter,No Holiday,Yes,564
11831,2018-10-16,10,Tuesday,0,4,Dawn,11.0,69,0.6,1510,5.5,0.0,0.0,0.0,0.0,Autumn,No Holiday,Yes,145
17957,2018-04-08,4,Sunday,1,15,Afternoon,7.3,38,0.8,2000,-6.1,0.38,0.0,0.0,0.0,Spring,No Holiday,Yes,343
14632,2018-07-04,7,Wednesday,0,14,Afternoon,31.3,58,3.0,1479,22.0,2.46,0.0,0.0,0.0,Summer,No Holiday,Yes,1005
10941,2018-11-02,11,Friday,0,13,Afternoon,16.5,37,1.2,1400,1.7,2.12,0.0,0.0,0.0,Autumn,No Holiday,Yes,1130
11820,2018-11-28,11,Wednesday,0,1,Dawn,4.9,26,2.6,992,-13.0,0.0,0.0,0.0,0.0,Autumn,No Holiday,Yes,434
14614,2018-11-10,11,Saturday,1,14,Afternoon,17.1,39,2.0,781,3.0,1.85,0.0,0.0,0.0,Autumn,No Holiday,Yes,1113
12050,2018-11-06,11,Tuesday,0,14,Afternoon,17.4,50,2.4,336,6.8,1.52,0.0,0.0,0.0,Autumn,No Holiday,No,0
10267,2018-01-22,1,Monday,0,4,Dawn,0.0,32,0.4,2000,-14.7,0.0,0.0,0.0,0.0,Winter,No Holiday,Yes,31
12766,2018-07-13,7,Friday,0,13,Afternoon,28.9,68,2.8,1934,22.3,1.55,0.0,0.0,0.0,Summer,No Holiday,Yes,1046
11554,2018-09-15,9,Saturday,1,18,Evening,24.2,76,1.2,2000,19.6,0.12,0.0,0.0,0.0,Autumn,No Holiday,Yes,1566
14193,2018-01-15,1,Monday,0,4,Dawn,4.9,73,1.8,881,0.4,0.0,0.0,0.0,0.0,Winter,No Holiday,Yes,38
12530,2018-05-04,5,Friday,0,17,Afternoon,18.1,30,4.6,1925,0.2,1.86,0.0,0.0,0.0,Spring,No Holiday,Yes,1857
16013,2018-06-01,6,Friday,0,14,Afternoon,29.6,31,3.7,1988,10.6,3.25,0.0,0.0,0.0,Summer,No Holiday,Yes,1071
17175,2018-06-15,6,Friday,0,8,Early Morning,18.7,71,1.1,1992,13.3,0.61,0.0,0.0,0.0,Summer,No Holiday,Yes,2328
10216,2018-07-13,7,Friday,0,3,Dawn,24.9,86,2.0,1079,22.3,0.0,0.0,0.0,0.0,Summer,No Holiday,Yes,377
10620,2018-06-27,6,Wednesday,0,13,Afternoon,24.9,69,2.2,850,18.8,2.14,0.0,0.0,0.0,Summer,No Holiday,Yes,1234
11356,2018-01-30,1,Tuesday,0,8,Early Morning,-11.1,61,0.7,1963,-17.1,0.01,0.0,0.0,0.0,Winter,No Holiday,Yes,491
11284,2018-06-06,6,Wednesday,0,21,Evening,22.1,72,2.5,923,16.8,0.0,0.0,0.0,0.0,Summer,Holiday,Yes,1935
14195,2018-08-14,8,Tuesday,0,19,Evening,32.7,56,2.2,2000,22.7,0.33,0.0,0.0,0.0,Summer,No Holiday,Yes,1972
15476,2018-06-10,6,Sunday,1,12,Morning,23.2,50,2.2,1988,12.1,2.45,0.0,0.0,0.0,Summer,No Holiday,Yes,1442
11291,2018-11-27,11,Tuesday,0,15,Afternoon,12.5,70,2.1,360,7.1,0.68,0.0,0.0,0.0,Autumn,No Holiday,Yes,666
18489,2018-02-19,2,Monday,0,7,Early Morning,-0.9,45,0.9,1820,-11.3,0.0,0.0,0.0,0.0,Winter,No Holiday,Yes,349
11121,2018-09-02,9,Sunday,1,1,Dawn,22.8,59,1.5,2000,14.3,0.0,0.0,0.0,0.0,Autumn,No Holiday,Yes,930
12416,2018-07-11,7,Wednesday,0,21,Evening,27.3,78,1.2,1606,23.1,0.0,0.0,0.0,0.0,Summer,No Holiday,Yes,1936
15271,2018-04-01,4,Sunday,1,10,Morning,14.7,61,2.0,945,7.2,0.64,0.0,0.0,0.0,Spring,No Holiday,Yes,566
17399,2018-01-20,1,Saturday,1,9,Early Morning,0.9,63,0.9,1090,-5.3,0.07,0.0,0.0,0.0,Winter,No Holiday,Yes,234
16654,2018-08-16,8,Thursday,0,22,Night,25.9,45,2.1,2000,13.0,0.0,0.0,0.0,0.0,Summer,No Holiday,Yes,1943
15243,2018-01-19,1,Friday,0,8,Early Morning,-2.5,50,1.0,1281,-11.5,0.0,0.0,0.0,0.0,Winter,No Holiday,Yes,648
10181,2018-08-22,8,Wednesday,0,10,Morning,30.2,52,1.4,1923,19.2,2.13,0.0,0.0,0.0,Summer,No Holiday,Yes,700
17059,2018-02-18,2,Sunday,1,6,Dawn,-4.1,30,1.1,2000,-19.1,0.0,0.0,0.0,0.0,Winter,No Holiday,Yes,38
13548,2018-02-06,2,Tuesday,0,0,Dawn,-10.6,47,3.5,1803,-19.7,0.0,0.0,0.0,0.0,Winter,No Holiday,Yes,126
14565,2018-05-28,5,Monday,0,22,Night,21.1,54,0.6,2000,11.4,0.0,0.0,0.0,0.0,Spring,No Holiday,Yes,1881
10873,2018-07-21,7,Saturday,1,6,Dawn,24.9,76,0.0,1473,20.3,0.02,0.0,0.0,0.0,Summer,No Holiday,Yes,381
17427,2018-03-16,3,Friday,0,2,Dawn,6.7,72,2.1,2000,1.9,0.0,0.0,0.0,0.0,Spring,No Holiday,Yes,178
18545,2018-04-12,4,Thursday,0,2,Dawn,8.1,45,1.0,2000,-3.1,0.0,0.0,0.0,0.0,Spring,No Holiday,Yes,269
18362,2018-05-16,5,Wednesday,0,7,Early Morning,22.0,95,0.7,342,21.1,0.0,0.0,0.0,0.0,Spring,No Holiday,Yes,367
12850,2018-07-27,7,Friday,0,10,Morning,31.2,61,2.3,901,22.7,1.71,0.0,0.0,0.0,Summer,No Holiday,Yes,639
18082,2018-09-28,9,Friday,0,11,Morning,17.9,54,1.4,2000,8.4,0.73,0.0,0.0,0.0,Autumn,No Holiday,No,0
11115,2018-03-07,3,Wednesday,0,23,Night,6.0,79,2.0,918,2.6,0.0,0.0,0.0,0.0,Spring,No Holiday,Yes,48
13816,2018-08-16,8,Thursday,0,1,Dawn,28.2,70,1.0,2000,22.2,0.0,0.0,0.0,0.0,Summer,No Holiday,Yes,535
11427,2018-08-15,8,Wednesday,0,12,Morning,36.5,41,1.1,1807,21.1,2.73,0.0,0.0,0.0,Summer,Holiday,Yes,563
15009,2018-09-03,9,Monday,0,2,Dawn,24.3,68,1.0,2000,18.0,0.0,0.0,0.0,0.0,Autumn,No Holiday,Yes,321
11733,2018-01-15,1,Monday,0,17,Afternoon,6.5,40,0.8,804,-6.1,0.23,0.0,0.0,0.0,Winter,No Holiday,Yes,455
10789,2018-04-07,4,Saturday,1,19,Evening,4.9,47,3.5,2000,-5.4,0.2,0.0,0.0,0.0,Spring,No Holiday,Yes,518
11070,2018-05-07,5,Monday,0,7,Early Morning,14.2,81,0.3,1991,10.9,0.13,0.0,0.0,0.0,Spring,No Holiday,Yes,389
16295,2018-04-14,4,Saturday,1,12,Morning,8.6,94,1.1,389,7.6,0.49,0.0,0.0,0.0,Spring,No Holiday,Yes,75
18205,2018-07-15,7,Sunday,1,23,Night,27.0,78,1.6,1609,22.8,0.0,0.0,0.0,0.0,Summer,No Holiday,Yes,1113
10875,2018-08-07,8,Tuesday,0,20,Evening,31.1,64,2.7,1770,23.4,0.02,0.0,0.0,0.0,Summer,No Holiday,Yes,1836
14405,2018-02-12,2,Monday,0,1,Dawn,-7.9,52,3.7,1961,-16.0,0.0,0.0,0.0,0.0,Winter,No Holiday,Yes,69
10624,2018-04-07,4,Saturday,1,0,Dawn,3.0,67,3.3,945,-2.5,0.0,0.0,0.0,0.0,Spring,No Holiday,Yes,282
14241,2018-05-13,5,Sunday,1,18,Evening,19.0,66,1.3,1111,12.4,0.95,0.0,0.0,0.0,Spring,No Holiday,Yes,2338
16328,2018-06-07,6,Thursday,0,14,Afternoon,28.2,44,1.7,644,14.7,3.11,0.0,0.0,0.0,Summer,No Holiday,Yes,1116
14711,2018-04-07,4,Saturday,1,12,Morning,6.0,23,4.2,1990,-13.6,2.0,0.0,0.0,0.0,Spring,No Holiday,Yes,697
13942,2018-04-16,4,Monday,0,18,Evening,17.0,28,3.1,2000,-1.6,0.88,0.0,0.0,0.0,Spring,No Holiday,Yes,2692
14167,2018-03-18,3,Sunday,1,13,Afternoon,10.6,43,1.3,705,-1.4,1.07,0.0,0.0,0.0,Spring,No Holiday,Yes,881
18135,2018-05-14,5,Monday,0,10,Morning,16.6,67,0.9,479,10.4,1.23,0.0,0.0,0.0,Spring,No Holiday,Yes,779
15101,2018-07-25,7,Wednesday,0,2,Dawn,28.8,68,1.8,2000,22.2,0.0,0.0,0.0,0.0,Summer,No Holiday,Yes,499
16360,2018-04-11,4,Wednesday,0,11,Morning,14.9,44,4.0,1468,2.7,2.75,0.0,0.0,0.0,Spring,No Holiday,No,0
14256,2018-03-05,3,Monday,0,4,Dawn,5.1,90,2.6,1005,3.5,0.0,0.0,0.0,0.0,Spring,No Holiday,Yes,4
14842,2017-12-31,12,Sunday,1,12,Morning,1.4,47,4.5,1388,-8.7,1.1,0.0,0.1,0.1,Winter,Holiday,Yes,209
14262,2018-10-27,10,Saturday,1,21,Evening,7.3,49,3.4,2000,-2.7,0.0,0.0,0.0,0.0,Autumn,No Holiday,Yes,775
10401,2018-06-08,6,Friday,0,19,Evening,24.5,63,3.1,970,16.9,0.46,0.0,0.0,0.0,Summer,No Holiday,Yes,2797
18662,2018-03-26,3,Monday,0,23,Night,9.8,62,0.6,535,2.8,0.0,0.0,0.0,0.0,Spring,No Holiday,Yes,447
17084,2018-01-26,1,Friday,0,19,Evening,-13.2,33,2.4,1863,-26.1,0.0,0.0,0.03,0.03,Winter,No Holiday,Yes,171
12760,2018-09-28,9,Friday,0,22,Night,17.1,70,1.0,2000,11.5,0.0,0.0,0.0,0.0,Autumn,No Holiday,No,0
18659,2018-03-05,3,Monday,0,23,Night,1.9,60,1.3,2000,-5.0,0.0,0.0,0.0,0.0,Spring,No Holiday,Yes,274
17896,2018-05-21,5,Monday,0,17,Afternoon,22.2,45,2.4,2000,9.6,0.83,0.0,0.0,0.0,Spring,No Holiday,Yes,2214
14729,2018-03-03,3,Saturday,1,16,Afternoon,15.8,15,2.6,1867,-10.8,1.7,0.0,0.0,0.0,Spring,No Holiday,Yes,1285
11591,2018-02-03,2,Saturday,1,2,Dawn,-3.4,82,4.2,184,-6.0,0.0,0.0,0.0,0.0,Winter,No Holiday,Yes,123
13378,2018-11-12,11,Monday,0,19,Evening,9.8,46,2.8,1945,-1.2,0.0,0.0,0.0,0.0,Autumn,No Holiday,Yes,1466
18182,2018-08-22,8,Wednesday,0,11,Morning,32.1,49,1.6,1874,20.0,2.63,0.0,0.0,0.0,Summer,No Holiday,Yes,710
18358,2018-06-01,6,Friday,0,12,Morning,28.2,34,2.6,1867,10.8,3.26,0.0,0.0,0.0,Summer,No Holiday,Yes,1076
11868,2018-01-04,1,Thursday,0,17,Afternoon,-2.1,37,1.4,1591,-14.8,0.09,0.0,0.0,0.0,Winter,No Holiday,Yes,397
18367,2018-10-29,10,Monday,0,11,Morning,11.0,46,2.6,1946,-0.1,1.97,0.0,0.0,0.0,Autumn,No Holiday,Yes,796
17482,2018-01-29,1,Monday,0,8,Early Morning,-11.5,38,1.0,1998,-23.0,0.01,0.0,0.0,0.0,Winter,No Holiday,Yes,450
17888,2018-10-16,10,Tuesday,0,16,Afternoon,19.5,32,2.1,1436,2.3,1.1,0.0,0.0,0.0,Autumn,No Holiday,Yes,1407
12263,2018-02-16,2,Friday,0,12,Morning,2.2,19,1.4,1946,-19.1,2.01,0.0,0.0,0.0,Winter,Holiday,Yes,137
11819,2018-09-09,9,Sunday,1,2,Dawn,18.1,57,0.3,2000,9.4,0.0,0.0,0.0,0.0,Autumn,No Holiday,Yes,589
11781,2018-07-10,7,Tuesday,0,2,Dawn,20.5,98,0.5,596,20.1,0.0,6.5,0.0,6.5,Summer,No Holiday,Yes,84
16445,2018-07-22,7,Sunday,1,0,Dawn,28.1,56,0.2,2000,18.4,0.0,0.0,0.0,0.0,Summer,No Holiday,Yes,1088
17720,2018-02-27,2,Tuesday,0,6,Dawn,0.6,50,0.4,985,-8.6,0.0,0.0,0.0,0.0,Winter,No Holiday,Yes,183
11648,2018-11-06,11,Tuesday,0,13,Afternoon,16.1,56,1.7,328,7.3,1.54,0.0,0.0,0.0,Autumn,No Holiday,No,0
11601,2018-06-23,6,Saturday,1,9,Early Morning,24.3,37,1.1,1939,8.6,1.31,0.0,0.0,0.0,Summer,No Holiday,Yes,1072
15414,2018-04-30,4,Monday,0,4,Dawn,14.6,57,1.2,495,6.1,0.0,0.0,0.0,0.0,Spring,No Holiday,Yes,132
13735,2018-07-22,7,Sunday,1,22,Night,31.7,51,1.4,1742,20.3,0.0,0.0,0.0,0.0,Summer,No Holiday,Yes,1346
14866,2018-08-28,8,Tuesday,0,7,Early Morning,22.6,88,0.8,2000,20.5,0.06,0.0,0.0,0.0,Summer,No Holiday,Yes,1182
18225,2018-07-01,7,Sunday,1,6,Dawn,22.3,93,0.6,1262,21.1,0.01,0.4,0.0,0.4,Summer,No Holiday,Yes,60
14263,2018-09-27,9,Thursday,0,11,Morning,21.3,43,1.7,1998,8.2,2.42,0.0,0.0,0.0,Autumn,No Holiday,Yes,1019
14508,2018-10-09,10,Tuesday,0,3,Dawn,11.0,66,0.9,2000,4.8,0.0,0.0,0.0,0.0,Autumn,Holiday,No,0
10230,2018-11-16,11,Friday,0,2,Dawn,7.7,63,1.0,704,1.0,0.0,0.0,0.0,0.0,Autumn,No Holiday,Yes,376
14876,2018-10-18,10,Thursday,0,23,Night,10.9,64,0.2,2000,4.3,0.0,0.0,0.0,0.0,Autumn,No Holiday,Yes,944
13640,2018-05-14,5,Monday,0,17,Afternoon,24.4,51,1.9,466,13.5,1.42,0.0,0.0,0.0,Spring,No Holiday,Yes,1891
13601,2018-02-12,2,Monday,0,19,Evening,-4.9,52,2.0,2000,-13.2,0.0,0.0,0.0,0.0,Winter,No Holiday,Yes,340
17952,2018-06-04,6,Monday,0,14,Afternoon,26.5,43,3.9,1671,12.8,2.36,0.0,0.0,0.0,Summer,No Holiday,Yes,1148
13082,2018-03-25,3,Sunday,1,13,Afternoon,14.6,38,1.9,315,0.4,2.75,0.0,0.0,0.0,Spring,No Holiday,Yes,784
17285,2018-06-30,6,Saturday,1,11,Morning,26.4,71,1.0,430,20.7,1.36,0.0,0.0,0.0,Summer,No Holiday,Yes,871
11342,2018-07-08,7,Sunday,1,4,Dawn,18.4,57,1.1,2000,9.7,0.0,0.0,0.0,0.0,Summer,No Holiday,Yes,277
14550,2018-08-19,8,Sunday,1,23,Night,27.5,60,0.3,2000,19.0,0.0,0.0,0.0,0.0,Summer,No Holiday,Yes,1016
14487,2018-07-16,7,Monday,0,4,Dawn,24.6,84,0.7,1373,21.7,0.0,0.0,0.0,0.0,Summer,No Holiday,Yes,211
10783,2018-03-21,3,Wednesday,0,0,Dawn,1.6,39,2.3,2000,-10.8,0.0,0.0,0.0,0.0,Spring,No Holiday,Yes,240
12932,2018-10-27,10,Saturday,1,7,Early Morning,7.3,65,3.2,2000,1.1,0.0,0.0,0.0,0.0,Autumn,No Holiday,Yes,388
12284,2018-05-13,5,Sunday,1,16,Afternoon,19.5,65,2.9,857,12.7,1.97,0.0,0.0,0.0,Spring,No Holiday,Yes,2379
10061,2018-02-04,2,Sunday,1,14,Afternoon,-7.4,33,4.0,1713,-20.9,2.17,0.0,0.0,0.0,Winter,No Holiday,Yes,177
15800,2018-06-11,6,Monday,0,5,Dawn,18.8,61,1.2,2000,11.1,0.0,0.0,0.0,0.0,Summer,No Holiday,Yes,324
17490,2018-11-28,11,Wednesday,0,9,Early Morning,3.0,30,1.3,1242,-12.9,0.3,0.0,0.0,0.0,Autumn,No Holiday,Yes,798
15018,2018-05-08,5,Tuesday,0,17,Afternoon,21.7,38,2.0,2000,6.7,1.17,0.0,0.0,0.0,Spring,No Holiday,Yes,2020
15587,2018-10-14,10,Sunday,1,19,Evening,15.1,60,2.9,1979,7.3,0.0,0.0,0.0,0.0,Autumn,No Holiday,Yes,1377
12237,2018-08-01,8,Wednesday,0,1,Dawn,29.9,70,1.0,2000,23.8,0.0,0.0,0.0,0.0,Summer,No Holiday,Yes,724
12651,2018-09-10,9,Monday,0,0,Dawn,20.7,57,1.8,2000,11.8,0.0,0.0,0.0,0.0,Autumn,No Holiday,Yes,792
10630,2018-01-20,1,Saturday,1,21,Evening,2.1,48,2.8,346,-7.7,0.0,0.0,0.0,0.0,Winter,No Holiday,Yes,220
11814,2018-03-25,3,Sunday,1,14,Afternoon,16.1,37,2.4,315,1.3,2.62,0.0,0.0,0.0,Spring,No Holiday,Yes,882
10883,2018-03-30,3,Friday,0,2,Dawn,10.8,72,0.4,639,5.9,0.0,0.0,0.0,0.0,Spring,No Holiday,Yes,261
11432,2018-04-15,4,Sunday,1,5,Dawn,5.8,85,1.3,829,3.4,0.0,0.0,0.0,0.0,Spring,No Holiday,Yes,65
13141,2018-10-29,10,Monday,0,20,Evening,6.8,59,3.2,2000,-0.6,0.0,0.0,0.0,0.0,Autumn,No Holiday,Yes,1026
15783,2018-10-11,10,Thursday,0,7,Early Morning,6.3,65,1.0,2000,0.1,0.01,0.0,0.0,0.0,Autumn,No Holiday,Yes,1233
18506,2017-12-11,12,Monday,0,7,Early Morning,-6.0,39,3.1,1996,-17.7,0.0,0.0,0.0,0.0,Winter,No Holiday,Yes,325
17342,2018-06-10,6,Sunday,1,1,Dawn,19.7,71,1.2,1986,14.2,0.0,0.5,0.0,0.5,Summer,No Holiday,Yes,375
10735,2018-05-10,5,Thursday,0,5,Dawn,11.5,80,0.9,974,8.1,0.0,0.0,0.0,0.0,Spring,No Holiday,No,0
10426,2018-09-10,9,Monday,0,1,Dawn,20.5,58,1.7,2000,11.9,0.0,0.0,0.0,0.0,Autumn,No Holiday,Yes,487
17795,2018-08-19,8,Sunday,1,7,Early Morning,23.3,64,1.0,2000,16.0,0.1,0.0,0.0,0.0,Summer,No Holiday,Yes,392
15751,2018-02-04,2,Sunday,1,5,Dawn,-11.5,51,3.3,1996,-19.6,0.0,0.0,0.0,0.0,Winter,No Holiday,Yes,21
14582,2018-06-16,6,Saturday,1,6,Dawn,16.3,66,0.7,2000,9.9,0.05,0.0,0.0,0.0,Summer,No Holiday,Yes,381
13508,2018-03-19,3,Monday,0,9,Early Morning,8.2,81,2.7,1273,5.1,0.2,0.5,0.0,0.5,Spring,No Holiday,Yes,387
17158,2018-04-13,4,Friday,0,14,Afternoon,18.7,14,1.6,2000,-9.3,1.25,0.0,0.0,0.0,Spring,No Holiday,Yes,1063
16658,2018-09-30,9,Sunday,1,20,Evening,16.0,39,2.9,2000,2.0,0.0,0.0,0.0,0.0,Autumn,No Holiday,No,0
10094,2018-05-30,5,Wednesday,0,11,Morning,22.8,66,2.7,1270,16.1,2.76,0.0,0.0,0.0,Spring,No Holiday,Yes,975
13068,2018-07-14,7,Saturday,1,15,Afternoon,31.1,59,2.3,1929,22.1,2.34,0.0,0.0,0.0,Summer,No Holiday,Yes,1058
13770,2018-11-06,11,Tuesday,0,16,Afternoon,16.6,55,1.3,334,7.5,0.66,0.0,0.0,0.0,Autumn,No Holiday,No,0
16429,2018-09-09,9,Sunday,1,20,Evening,22.9,58,2.6,2000,14.1,0.0,0.0,0.0,0.0,Autumn,No Holiday,Yes,1930
10149,2018-10-01,10,Monday,0,6,Dawn,13.3,56,2.3,2000,4.6,0.0,0.0,0.0,0.0,Autumn,No Holiday,Yes,632
15237,2018-08-08,8,Wednesday,0,11,Morning,32.7,55,2.7,1836,22.4,2.44,0.0,0.0,0.0,Summer,No Holiday,Yes,624
18100,2018-11-20,11,Tuesday,0,2,Dawn,2.6,46,1.5,1811,-7.8,0.0,0.0,0.0,0.0,Autumn,No Holiday,Yes,286
15290,2018-01-03,1,Wednesday,0,19,Evening,-3.7,41,2.0,2000,-15.0,0.0,0.0,0.0,0.0,Winter,No Holiday,Yes,431
15707,2018-05-29,5,Tuesday,0,6,Dawn,19.5,64,0.4,1268,12.5,0.02,0.0,0.0,0.0,Spring,No Holiday,Yes,625
17453,2018-05-18,5,Friday,0,13,Afternoon,16.7,93,1.0,1373,15.5,0.72,0.5,0.0,0.5,Spring,No Holiday,Yes,509
11417,2018-01-08,1,Monday,0,11,Morning,1.7,37,0.6,1062,-11.4,0.23,0.0,0.0,0.0,Winter,No Holiday,Yes,278
17943,2018-09-05,9,Wednesday,0,12,Morning,27.1,44,5.0,2000,13.7,2.8,0.0,0.0,0.0,Autumn,No Holiday,Yes,1072
15837,2018-10-31,10,Wednesday,0,17,Afternoon,11.3,41,1.8,2000,-1.4,0.51,0.0,0.0,0.0,Autumn,No Holiday,Yes,1462
11316,2018-07-10,7,Tuesday,0,0,Dawn,20.4,97,0.3,183,19.9,0.0,5.5,0.0,5.5,Summer,No Holiday,Yes,29
13072,2018-08-09,8,Thursday,0,2,Dawn,28.5,79,1.2,1546,24.4,0.0,0.0,0.0,0.0,Summer,No Holiday,Yes,466
11488,2018-07-28,7,Saturday,1,21,Evening,29.1,78,1.1,1362,24.8,0.0,0.0,0.0,0.0,Summer,No Holiday,Yes,1211
12803,2018-10-05,10,Friday,0,0,Dawn,19.0,64,1.9,2000,12.0,0.0,0.0,0.0,0.0,Autumn,No Holiday,Yes,973
13328,2018-03-16,3,Friday,0,0,Dawn,8.4,86,2.2,2000,6.1,0.0,0.0,0.0,0.0,Spring,No Holiday,Yes,287
15033,2018-07-21,7,Saturday,1,12,Morning,34.2,35,1.8,1528,16.5,3.14,0.0,0.0,0.0,Summer,No Holiday,Yes,735
10633,2018-03-14,3,Wednesday,0,13,Afternoon,20.9,44,4.7,1795,8.1,2.66,0.0,0.0,0.0,Spring,No Holiday,Yes,789
13471,2018-06-29,6,Friday,0,17,Afternoon,28.5,60,2.6,1014,19.9,1.33,0.0,0.0,0.0,Summer,No Holiday,Yes,2099
18148,2018-04-16,4,Monday,0,5,Dawn,5.3,73,0.8,1474,0.8,0.0,0.0,0.0,0.0,Spring,No Holiday,Yes,132
16992,2017-12-02,12,Saturday,1,6,Dawn,-4.3,82,2.1,1178,-6.9,0.0,0.0,0.0,0.0,Winter,No Holiday,Yes,70
13188,2018-09-29,9,Saturday,1,12,Morning,23.8,44,1.7,2000,10.8,2.66,0.0,0.0,0.0,Autumn,No Holiday,Yes,1495
11093,2018-05-24,5,Thursday,0,21,Evening,19.3,50,1.7,1381,8.6,0.0,0.0,0.0,0.0,Spring,No Holiday,Yes,1838
11933,2018-03-02,3,Friday,0,19,Evening,2.0,26,2.3,1985,-15.5,0.02,0.0,0.0,0.0,Spring,No Holiday,Yes,568
14714,2018-10-17,10,Wednesday,0,23,Night,9.7,56,0.7,2000,1.3,0.0,0.0,0.0,0.0,Autumn,No Holiday,Yes,896
16438,2018-11-07,11,Wednesday,0,10,Morning,11.9,84,0.9,482,9.2,0.2,0.0,0.0,0.0,Autumn,No Holiday,Yes,555
12266,2017-12-24,12,Sunday,1,23,Night,0.0,63,3.2,884,-6.2,0.0,0.0,0.0,0.0,Winter,Holiday,Yes,128
12855,2018-10-01,10,Monday,0,13,Afternoon,17.6,49,4.7,2000,6.7,1.89,0.0,0.0,0.0,Autumn,No Holiday,Yes,1087
15420,2017-12-17,12,Sunday,1,2,Dawn,-8.7,40,2.8,2000,-19.8,0.0,0.0,0.0,0.0,Winter,No Holiday,Yes,132
17853,2018-03-07,3,Wednesday,0,19,Evening,8.9,44,2.3,2000,-2.7,0.0,0.0,0.0,0.0,Spring,No Holiday,Yes,799
15119,2018-08-09,8,Thursday,0,3,Dawn,28.3,80,1.4,1617,24.5,0.0,0.0,0.0,0.0,Summer,No Holiday,Yes,334
18465,2018-07-05,7,Thursday,0,12,Morning,27.0,68,1.1,1744,20.5,1.2,0.0,0.0,0.0,Summer,No Holiday,Yes,996
16021,2018-09-28,9,Friday,0,16,Afternoon,21.9,46,1.2,1995,9.7,1.67,0.0,0.0,0.0,Autumn,No Holiday,No,0
15932,2018-11-11,11,Sunday,1,3,Dawn,7.1,85,0.7,329,4.7,0.0,0.0,0.0,0.0,Autumn,No Holiday,Yes,314
16340,2017-12-30,12,Saturday,1,22,Night,1.8,92,1.2,94,0.6,0.0,0.0,0.0,0.0,Winter,No Holiday,Yes,30
10138,2018-01-15,1,Monday,0,14,Afternoon,7.1,52,2.1,646,-2.1,0.76,0.0,0.0,0.0,Winter,No Holiday,Yes,306
11394,2017-12-06,12,Wednesday,0,7,Early Morning,-4.2,77,0.0,1741,-7.6,0.0,0.0,0.03,0.03,Winter,No Holiday,Yes,379
13663,2018-05-04,5,Friday,0,15,Afternoon,19.9,26,3.8,1898,-0.1,3.0,0.0,0.0,0.0,Spring,No Holiday,Yes,1323
15847,2018-07-14,7,Saturday,1,16,Afternoon,31.7,55,2.3,1895,21.5,2.16,0.0,0.0,0.0,Summer,No Holiday,Yes,1177
17802,2018-03-08,3,Thursday,0,4,Dawn,3.3,90,1.3,682,1.8,0.0,0.0,0.0,0.0,Spring,No Holiday,Yes,8
12947,2018-05-05,5,Saturday,1,7,Early Morning,12.9,55,2.3,1952,4.0,0.29,0.0,0.0,0.0,Spring,No Holiday,Yes,352
17461,2018-08-23,8,Thursday,0,8,Early Morning,28.1,58,1.3,2000,19.0,0.14,0.0,0.0,0.0,Summer,No Holiday,Yes,1678
13940,2018-07-07,7,Saturday,1,14,Afternoon,28.3,43,1.6,1941,14.5,3.33,0.0,0.0,0.0,Summer,No Holiday,Yes,1430
16215,2018-01-24,1,Wednesday,0,8,Early Morning,-16.2,30,1.6,2000,-29.8,0.0,0.0,0.09,0.09,Winter,No Holiday,Yes,364
13716,2018-02-21,2,Wednesday,0,23,Night,-2.7,58,1.1,2000,-9.8,0.0,0.0,0.0,0.0,Winter,No Holiday,Yes,223
12640,2018-04-07,4,Saturday,1,22,Night,3.5,41,2.8,2000,-8.5,0.0,0.0,0.0,0.0,Spring,No Holiday,Yes,426
14958,2018-06-16,6,Saturday,1,13,Afternoon,26.2,37,1.2,1936,10.3,3.36,0.0,0.0,0.0,Summer,No Holiday,Yes,1704
13057,2018-05-25,5,Friday,0,22,Night,18.3,54,1.7,1394,8.8,0.0,0.0,0.0,0.0,Spring,No Holiday,Yes,1630
16587,2018-02-17,2,Saturday,1,0,Dawn,-2.7,41,3.2,1695,-14.1,0.0,0.0,0.0,0.0,Winter,Holiday,Yes,79
18309,2018-05-19,5,Saturday,1,10,Morning,17.2,45,2.1,2000,5.1,2.61,0.0,0.0,0.0,Spring,No Holiday,Yes,1051
17816,2018-02-26,2,Monday,0,3,Dawn,-1.9,67,1.0,1575,-7.2,0.0,0.0,0.0,0.0,Winter,No Holiday,Yes,46
14936,2018-01-23,1,Tuesday,0,1,Dawn,-6.0,76,3.1,1178,-9.5,0.0,0.0,0.1,0.1,Winter,No Holiday,Yes,120
13214,2018-01-30,1,Tuesday,0,6,Dawn,-11.2,53,0.9,2000,-18.9,0.0,0.0,0.0,0.0,Winter,No Holiday,Yes,94
10442,2018-10-28,10,Sunday,1,14,Afternoon,12.4,72,1.9,1860,7.4,1.06,0.0,0.0,0.0,Autumn,No Holiday,Yes,962
13944,2018-11-18,11,Sunday,1,22,Night,6.8,53,0.4,1498,-2.1,0.0,0.0,0.0,0.0,Autumn,No Holiday,Yes,632
13830,2018-06-02,6,Saturday,1,5,Dawn,17.8,69,1.1,951,12.0,0.0,0.0,0.0,0.0,Summer,No Holiday,Yes,264
10238,2018-04-08,4,Sunday,1,21,Evening,2.8,88,2.1,592,1.0,0.0,0.0,0.0,0.0,Spring,No Holiday,Yes,170
17385,2018-03-20,3,Tuesday,0,20,Evening,2.7,45,3.3,2000,-8.0,0.0,0.0,0.0,0.0,Spring,No Holiday,Yes,543
13714,2018-06-28,6,Thursday,0,18,Evening,20.6,97,0.7,222,20.1,0.14,21.5,0.0,21.5,Summer,No Holiday,Yes,596
14904,2018-06-30,6,Saturday,1,0,Dawn,23.0,84,1.9,375,20.1,0.0,0.0,0.0,0.0,Summer,No Holiday,Yes,1275
13176,2018-10-18,10,Thursday,0,0,Dawn,9.2,64,0.7,2000,2.7,0.0,0.0,0.0,0.0,Autumn,No Holiday,Yes,694
10397,2018-08-26,8,Sunday,1,1,Dawn,22.5,80,0.6,2000,18.8,0.0,0.0,0.0,0.0,Summer,No Holiday,Yes,769
10903,2018-06-14,6,Thursday,0,8,Early Morning,18.9,97,1.2,492,18.4,0.06,11.5,0.0,11.5,Summer,No Holiday,Yes,187
12725,2018-02-09,2,Friday,0,14,Afternoon,4.0,25,0.9,1009,-14.3,1.06,0.0,0.0,0.0,Winter,No Holiday,Yes,283
16693,2018-09-26,9,Wednesday,0,13,Afternoon,23.4,34,2.1,2000,6.6,2.84,0.0,0.0,0.0,Autumn,No Holiday,Yes,1686
14483,2017-12-05,12,Tuesday,0,21,Evening,-3.7,47,0.0,2000,-13.3,0.0,0.0,0.0,0.0,Winter,No Holiday,Yes,415
18554,2018-11-16,11,Friday,0,14,Afternoon,13.3,53,2.6,761,3.9,1.34,0.0,0.0,0.0,Autumn,No Holiday,Yes,915
10609,2018-07-07,7,Saturday,1,1,Dawn,21.1,57,2.0,2000,12.2,0.0,0.0,0.0,0.0,Summer,No Holiday,Yes,1079
17757,2018-08-30,8,Thursday,0,6,Dawn,24.2,96,1.6,1206,23.5,0.0,0.0,0.0,0.0,Summer,No Holiday,Yes,285
11229,2018-07-13,7,Friday,0,4,Dawn,24.8,86,2.1,1103,22.2,0.0,0.0,0.0,0.0,Summer,No Holiday,Yes,241
14055,2018-10-26,10,Friday,0,23,Night,10.2,64,3.9,2000,3.6,0.0,0.0,0.0,0.0,Autumn,No Holiday,Yes,603
10255,2018-09-27,9,Thursday,0,2,Dawn,15.7,53,1.4,2000,6.1,0.0,0.0,0.0,0.0,Autumn,No Holiday,Yes,326
10210,2017-12-08,12,Friday,0,6,Dawn,-6.0,56,3.5,1853,-13.3,0.0,0.0,0.0,0.0,Winter,No Holiday,Yes,158
16207,2018-01-06,1,Saturday,1,21,Evening,-2.5,47,0.8,1495,-12.2,0.0,0.0,0.0,0.0,Winter,No Holiday,Yes,214
16094,2018-04-28,4,Saturday,1,1,Dawn,12.7,74,1.8,392,8.1,0.0,0.0,0.0,0.0,Spring,No Holiday,Yes,672
16211,2018-01-17,1,Wednesday,0,11,Morning,6.0,51,1.0,436,-3.3,0.55,0.0,0.0,0.0,Winter,No Holiday,Yes,270
16620,2018-10-28,10,Sunday,1,16,Afternoon,12.2,65,1.9,2000,5.8,0.52,0.0,0.0,0.0,Autumn,No Holiday,Yes,385
12188,2018-06-21,6,Thursday,0,4,Dawn,19.6,87,1.2,465,17.3,0.0,0.0,0.0,0.0,Summer,No Holiday,Yes,215
11879,2017-12-28,12,Thursday,0,5,Dawn,-5.7,28,1.2,2000,-21.3,0.0,0.0,0.0,0.0,Winter,No Holiday,Yes,61
15376,2018-02-21,2,Wednesday,0,16,Afternoon,3.7,14,3.9,2000,-21.4,1.71,0.0,0.0,0.0,Winter,No Holiday,Yes,409
16537,2018-06-19,6,Tuesday,0,10,Morning,23.7,56,1.6,1074,14.3,1.34,0.0,0.0,0.0,Summer,No Holiday,Yes,937
17899,2018-06-09,6,Saturday,1,11,Morning,27.2,46,1.7,1301,14.5,2.88,0.0,0.0,0.0,Summer,No Holiday,Yes,1200
11608,2018-11-30,11,Friday,0,0,Dawn,1.8,62,1.6,1411,-4.7,0.0,0.0,0.0,0.0,Autumn,No Holiday,Yes,474
15082,2018-04-20,4,Friday,0,5,Dawn,11.4,60,0.4,851,3.8,0.0,0.0,0.0,0.0,Spring,No Holiday,Yes,168
13255,2018-06-06,6,Wednesday,0,9,Early Morning,22.9,56,2.3,763,13.6,1.74,0.0,0.0,0.0,Summer,Holiday,Yes,925
12634,2018-06-11,6,Monday,0,12,Morning,23.2,52,1.2,2000,12.7,0.82,0.0,0.0,0.0,Summer,No Holiday,Yes,1204
10593,2017-12-25,12,Monday,0,4,Dawn,-3.0,51,3.2,2000,-11.7,0.0,0.0,0.0,0.0,Winter,Holiday,Yes,72
10764,2018-07-17,7,Tuesday,0,0,Dawn,26.4,76,1.2,2000,21.8,0.0,0.0,0.0,0.0,Summer,No Holiday,Yes,1003
15709,2018-08-12,8,Sunday,1,19,Evening,32.0,76,2.1,692,27.2,0.1,1.0,0.0,1.0,Summer,No Holiday,Yes,1117
12113,2018-01-30,1,Tuesday,0,2,Dawn,-10.6,40,1.0,2000,-21.6,0.0,0.0,0.0,0.0,Winter,No Holiday,Yes,84
13025,2017-12-13,12,Wednesday,0,19,Evening,-6.6,31,1.6,2000,-20.9,0.0,0.0,0.0,0.0,Winter,No Holiday,Yes,373
11227,2018-06-21,6,Thursday,0,17,Afternoon,28.4,43,3.3,1715,14.6,2.04,0.0,0.0,0.0,Summer,No Holiday,Yes,2176
16392,2018-02-27,2,Tuesday,0,3,Dawn,1.1,44,1.0,1128,-9.8,0.0,0.0,0.0,0.0,Winter,No Holiday,Yes,102
17634,2018-03-12,3,Monday,0,6,Dawn,2.8,57,0.7,920,-4.8,0.0,0.0,0.0,0.0,Spring,No Holiday,Yes,261
17083,2018-08-30,8,Thursday,0,4,Dawn,23.9,96,0.4,1797,23.2,0.0,0.0,0.0,0.0,Summer,No Holiday,Yes,42
18290,2018-08-16,8,Thursday,0,21,Evening,26.8,46,2.0,2000,14.2,0.0,0.0,0.0,0.0,Summer,No Holiday,Yes,2127
10242,2018-04-21,4,Saturday,1,21,Evening,17.8,21,1.2,2000,-4.8,0.0,0.0,0.0,0.0,Spring,No Holiday,Yes,1491
14534,2018-05-17,5,Thursday,0,3,Dawn,21.8,98,0.6,113,21.4,0.0,2.5,0.0,2.5,Spring,No Holiday,Yes,38
17165,2018-01-25,1,Thursday,0,16,Afternoon,-9.6,31,2.6,1973,-23.6,0.66,0.0,0.05,0.05,Winter,No Holiday,Yes,152
14773,2018-10-21,10,Sunday,1,2,Dawn,9.8,63,0.6,1591,3.0,0.0,0.0,0.0,0.0,Autumn,No Holiday,Yes,428
12886,2018-09-17,9,Monday,0,21,Evening,21.3,66,2.3,1989,14.6,0.0,0.0,0.0,0.0,Autumn,No Holiday,Yes,2100
17170,2018-02-11,2,Sunday,1,18,Evening,-4.6,56,3.6,2000,-12.0,0.09,0.0,0.0,0.0,Winter,No Holiday,Yes,150
15743,2018-11-24,11,Saturday,1,5,Dawn,3.2,27,1.6,2000,-14.0,0.0,0.0,0.0,0.0,Autumn,No Holiday,Yes,95
10247,2018-04-18,4,Wednesday,0,9,Early Morning,11.2,31,1.7,1299,-5.3,1.59,0.0,0.0,0.0,Spring,No Holiday,Yes,987
14251,2018-09-24,9,Monday,0,10,Morning,18.5,38,3.3,2000,3.8,2.02,0.0,0.0,0.0,Autumn,Holiday,Yes,426
14888,2018-02-24,2,Saturday,1,22,Night,0.1,32,0.9,1937,-14.6,0.0,0.0,0.0,0.0,Winter,No Holiday,Yes,219
18052,2018-08-30,8,Thursday,0,18,Evening,26.1,72,2.4,1066,20.6,0.19,0.0,0.0,0.0,Summer,No Holiday,Yes,1887
15730,2018-08-31,8,Friday,0,8,Early Morning,23.1,80,0.2,1066,19.4,0.27,0.1,0.0,0.1,Summer,No Holiday,Yes,1686
13033,2018-09-26,9,Wednesday,0,18,Evening,22.1,45,1.5,2000,9.6,0.27,0.0,0.0,0.0,Autumn,No Holiday,Yes,2339
16431,2018-07-31,7,Tuesday,0,20,Evening,33.5,50,2.1,2000,21.6,0.04,0.0,0.0,0.0,Summer,No Holiday,Yes,1772
10819,2018-06-14,6,Thursday,0,6,Dawn,19.5,95,1.4,179,18.6,0.0,1.5,0.0,1.5,Summer,No Holiday,Yes,100
11473,2018-06-03,6,Sunday,1,17,Afternoon,29.5,29,4.1,1944,9.5,1.84,0.0,0.0,0.0,Summer,No Holiday,Yes,2131
11787,2018-08-23,8,Thursday,0,11,Morning,29.9,57,1.7,1992,20.4,0.88,0.1,0.0,0.1,Summer,No Holiday,Yes,711
16665,2018-09-03,9,Monday,0,11,Morning,23.7,86,0.6,1798,21.2,0.31,0.0,0.0,0.0,Autumn,No Holiday,Yes,443
11616,2018-01-24,1,Wednesday,0,16,Afternoon,-11.2,30,4.7,2000,-25.3,0.77,0.0,0.06999999999999999,0.06999999999999999,Winter,No Holiday,Yes,124
14496,2018-08-18,8,Saturday,1,5,Dawn,22.0,58,1.0,2000,13.3,0.0,0.0,0.0,0.0,Summer,No Holiday,Yes,262
16192,2018-03-19,3,Monday,0,3,Dawn,6.5,88,0.9,276,4.6,0.0,0.3,0.0,0.3,Spring,No Holiday,Yes,12
13513,2018-03-21,3,Wednesday,0,8,Early Morning,1.6,42,1.8,2000,-9.9,0.13,0.0,0.0,0.0,Spring,No Holiday,Yes,1097
18085,2018-08-06,8,Monday,0,7,Early Morning,28.5,82,0.8,914,25.1,0.09,0.0,0.0,0.0,Summer,No Holiday,Yes,699
13897,2018-01-14,1,Sunday,1,15,Afternoon,4.6,50,0.9,824,-4.9,0.62,0.0,0.0,0.0,Winter,No Holiday,Yes,353
13053,2018-02-17,2,Saturday,1,1,Dawn,-3.1,36,3.5,2000,-16.0,0.0,0.0,0.0,0.0,Winter,Holiday,Yes,71
14031,2018-11-19,11,Monday,0,18,Evening,7.5,48,2.4,1079,-2.8,0.0,0.0,0.0,0.0,Autumn,No Holiday,Yes,1904
12879,2018-11-10,11,Saturday,1,6,Dawn,9.5,85,0.6,304,7.0,0.0,0.0,0.0,0.0,Autumn,No Holiday,Yes,167
17298,2018-01-08,1,Monday,0,21,Evening,0.7,77,6.7,692,-2.8,0.0,0.9,0.1,1.0,Winter,No Holiday,Yes,146
15533,2018-03-05,3,Monday,0,5,Dawn,4.7,89,2.3,1242,3.0,0.0,0.0,0.0,0.0,Spring,No Holiday,Yes,22
11426,2018-09-11,9,Tuesday,0,0,Dawn,20.1,52,1.5,2000,9.9,0.0,0.0,0.0,0.0,Autumn,No Holiday,Yes,910
13543,2018-06-25,6,Monday,0,8,Early Morning,23.8,66,0.9,960,17.0,0.74,0.0,0.0,0.0,Summer,No Holiday,Yes,2331
12424,2018-04-10,4,Tuesday,0,12,Morning,20.5,37,4.6,1761,5.2,2.94,0.0,0.0,0.0,Spring,No Holiday,Yes,1023
18296,2018-03-24,3,Saturday,1,1,Dawn,4.7,51,1.1,728,-4.5,0.0,0.0,0.0,0.0,Spring,No Holiday,Yes,360
13675,2018-09-27,9,Thursday,0,19,Evening,20.6,44,0.7,2000,7.9,0.01,0.0,0.0,0.0,Autumn,No Holiday,Yes,2422
12863,2018-07-29,7,Sunday,1,14,Afternoon,35.4,43,1.4,2000,20.9,2.48,0.0,0.0,0.0,Summer,No Holiday,Yes,630
18323,2017-12-07,12,Thursday,0,0,Dawn,1.4,92,0.5,240,0.2,0.0,0.0,0.09,0.09,Winter,No Holiday,Yes,198
12996,2018-04-29,4,Sunday,1,8,Early Morning,12.2,50,0.8,1412,2.0,0.84,0.0,0.0,0.0,Spring,No Holiday,Yes,485
12433,2018-06-01,6,Friday,0,18,Evening,28.5,36,3.0,1981,11.9,1.21,0.0,0.0,0.0,Summer,No Holiday,Yes,3088
10644,2018-08-08,8,Wednesday,0,7,Early Morning,28.2,82,1.5,985,24.8,0.19,0.0,0.0,0.0,Summer,No Holiday,Yes,1079
15635,2018-10-05,10,Friday,0,22,Night,16.2,92,2.6,1771,14.8,0.0,1.5,0.0,1.5,Autumn,No Holiday,Yes,23
10784,2018-03-14,3,Wednesday,0,21,Evening,16.8,67,2.0,1775,10.6,0.0,0.0,0.0,0.0,Spring,No Holiday,Yes,1181
10290,2018-02-10,2,Saturday,1,7,Early Morning,1.6,81,1.4,393,-1.3,0.0,0.0,0.0,0.0,Winter,No Holiday,Yes,97
18171,2018-04-08,4,Sunday,1,23,Night,2.9,85,0.9,829,0.6,0.0,0.0,0.0,0.0,Spring,No Holiday,Yes,182
15882,2018-04-07,4,Saturday,1,9,Early Morning,3.4,37,3.6,1668,-9.9,1.07,0.0,0.0,0.0,Spring,No Holiday,Yes,426
14166,2018-10-09,10,Tuesday,0,21,Evening,16.8,52,1.6,2000,6.8,0.0,0.0,0.0,0.0,Autumn,Holiday,No,0
12323,2018-09-06,9,Thursday,0,9,Early Morning,23.5,72,0.5,1485,18.1,0.95,0.0,0.0,0.0,Autumn,No Holiday,Yes,1186
11568,2018-07-03,7,Tuesday,0,15,Afternoon,32.0,54,1.2,1962,21.5,2.99,0.0,0.0,0.0,Summer,No Holiday,Yes,1069
14649,2018-01-01,1,Monday,0,21,Evening,-0.9,44,1.2,1871,-11.6,0.0,0.0,0.0,0.0,Winter,Holiday,Yes,203
12492,2018-03-10,3,Saturday,1,12,Morning,7.1,50,2.2,909,-2.6,2.47,0.0,0.0,0.0,Spring,No Holiday,Yes,650
17241,2018-04-17,4,Tuesday,0,17,Afternoon,18.3,29,4.3,1626,0.0,1.61,0.0,0.0,0.0,Spring,No Holiday,Yes,1632
17410,2018-04-07,4,Saturday,1,6,Dawn,1.7,58,3.8,1189,-5.6,0.0,0.0,0.0,0.0,Spring,No Holiday,Yes,108
18113,2017-12-10,12,Sunday,1,2,Dawn,0.2,52,0.7,1726,-8.5,0.0,0.0,0.0,0.0,Winter,No Holiday,Yes,243
16568,2018-06-21,6,Thursday,0,8,Early Morning,21.4,65,1.9,821,14.5,1.15,0.0,0.0,0.0,Summer,No Holiday,Yes,2370
13815,2018-01-10,1,Wednesday,0,17,Afternoon,-6.5,34,4.0,2000,-19.8,0.31,0.0,0.0,0.0,Winter,No Holiday,Yes,266
17591,2018-08-26,8,Sunday,1,0,Dawn,22.8,78,1.5,2000,18.7,0.0,0.0,0.0,0.0,Summer,No Holiday,Yes,1163
13697,2018-10-07,10,Sunday,1,1,Dawn,16.0,88,1.2,2000,14.0,0.0,0.0,0.0,0.0,Autumn,No Holiday,Yes,768
13998,2018-01-07,1,Sunday,1,23,Night,1.1,39,0.6,1422,-11.3,0.0,0.0,0.0,0.0,Winter,No Holiday,Yes,149
12116,2017-12-07,12,Thursday,0,12,Morning,3.7,65,2.4,833,-2.2,0.98,0.0,0.03,0.03,Winter,No Holiday,Yes,431
10144,2018-01-05,1,Friday,0,6,Dawn,-5.1,54,1.3,1346,-12.9,0.0,0.0,0.0,0.0,Winter,No Holiday,Yes,123
18312,2018-06-15,6,Friday,0,0,Dawn,21.0,70,0.9,2000,15.3,0.0,0.0,0.0,0.0,Summer,No Holiday,Yes,986
11738,2018-09-27,9,Thursday,0,15,Afternoon,23.4,35,1.4,2000,7.0,1.39,0.0,0.0,0.0,Autumn,No Holiday,Yes,1404
16789,2018-11-17,11,Saturday,1,7,Early Morning,0.8,77,0.9,1300,-2.7,0.0,0.0,0.0,0.0,Autumn,No Holiday,Yes,315
12506,2017-12-09,12,Saturday,1,17,Afternoon,3.5,37,1.8,1963,-9.8,0.1,0.0,0.0,0.0,Winter,No Holiday,Yes,481
13150,2018-03-27,3,Tuesday,0,14,Afternoon,19.4,45,2.0,624,7.1,2.05,0.0,0.0,0.0,Spring,No Holiday,Yes,618
11254,2018-01-21,1,Sunday,1,9,Early Morning,-3.2,46,0.8,1091,-13.2,0.15,0.0,0.0,0.0,Winter,No Holiday,Yes,152
10241,2018-06-02,6,Saturday,1,7,Early Morning,18.1,59,0.6,789,9.9,0.47,0.0,0.0,0.0,Summer,No Holiday,Yes,560
10786,2018-05-08,5,Tuesday,0,10,Morning,20.0,48,1.9,2000,8.6,2.46,0.0,0.0,0.0,Spring,No Holiday,Yes,792
16722,2018-11-01,11,Thursday,0,9,Early Morning,4.7,60,0.9,1219,-2.4,0.82,0.0,0.0,0.0,Autumn,No Holiday,Yes,1011
12941,2017-12-19,12,Tuesday,0,18,Evening,-3.8,42,3.3,2000,-14.8,0.0,0.0,0.2,0.2,Winter,No Holiday,Yes,384
17118,2017-12-12,12,Tuesday,0,13,Afternoon,-6.9,37,2.4,1955,-19.1,1.22,0.0,0.0,0.0,Winter,No Holiday,Yes,225
15801,2018-05-07,5,Monday,0,6,Dawn,14.0,87,0.8,1334,11.8,0.01,0.0,0.0,0.0,Spring,No Holiday,Yes,221
12360,2018-01-11,1,Thursday,0,12,Morning,-8.6,40,2.6,1700,-19.8,1.11,0.0,0.0,0.0,Winter,No Holiday,Yes,187
14196,2018-04-23,4,Monday,0,8,Early Morning,8.8,95,2.8,519,8.0,0.03,5.0,0.0,5.0,Spring,No Holiday,Yes,25
13660,2017-12-01,12,Friday,0,7,Early Morning,-7.4,38,0.9,2000,-19.3,0.0,0.0,0.0,0.0,Winter,No Holiday,Yes,460
12204,2017-12-03,12,Sunday,1,1,Dawn,3.9,69,1.7,485,-1.2,0.0,0.0,0.0,0.0,Winter,No Holiday,Yes,227
15843,2018-07-20,7,Friday,0,15,Afternoon,34.1,45,2.4,1110,20.4,2.88,0.0,0.0,0.0,Summer,No Holiday,Yes,794
14613,2018-03-28,3,Wednesday,0,15,Afternoon,18.2,45,4.1,1908,6.0,1.86,0.0,0.0,0.0,Spring,No Holiday,Yes,785
16435,2018-10-01,10,Monday,0,11,Morning,17.0,45,4.5,1966,4.9,2.04,0.0,0.0,0.0,Autumn,No Holiday,Yes,959
13347,2018-07-25,7,Wednesday,0,12,Morning,31.1,60,2.7,1331,22.4,1.02,0.0,0.0,0.0,Summer,No Holiday,Yes,791
16080,2018-11-15,11,Thursday,0,4,Dawn,6.1,72,0.5,1052,1.4,0.0,0.0,0.0,0.0,Autumn,No Holiday,Yes,154
12980,2018-11-19,11,Monday,0,4,Dawn,4.5,67,0.9,1175,-1.1,0.0,0.0,0.0,0.0,Autumn,No Holiday,Yes,88
13505,2017-12-14,12,Thursday,0,17,Afternoon,-2.9,31,0.6,1723,-17.7,0.09,0.0,0.0,0.0,Winter,No Holiday,Yes,382
